"location","source","target"
"","po header","Project-Id-Version: gnome-games trunk
Report-Msgid-Bugs-To: https://gitlab.gnome.org/GNOME/aisleriot/issues
POT-Creation-Date: 2022-05-14 18:45+0000
PO-Revision-Date: 2021-07-02 10:52+0300
Last-Translator: Alexey Rubtsov <rushills@gmail.com>
Language-Team: Русский <gnome-cyr@gnome.org>
Language: ru
MIME-Version: 1.0
Content-Type: text/plain; charset=UTF-8
Content-Transfer-Encoding: 8bit
Plural-Forms: nplurals=3; plural=(n%10==1 && n%100!=11 ? 0 : n%10>=2 && n%10<=4 && (n%100<10 || n%100>=20) ? 1 : 2);
X-Generator: Poedit 3.0
"
"data/sol.desktop.in:3","AisleRiot Solitaire","Пасьянс Айслериот"
"data/sol.desktop.in:4 data/sol.metainfo.xml.in:37","Play many different solitaire games","Позволяет играть во множество различных пасьянсов"
"data/sol.desktop.in:10","solitaire;cards;klondike;spider;freecell;patience;","солитер;карты;клондайк;свободная ячейка;пасьянс;"
"data/sol.metainfo.xml.in:33","sol.desktop","sol.desktop"
"data/sol.metainfo.xml.in:34","GPL-3.0+ or GFDL-1.3-only","GPL-3.0+ или только GFDL-1.3"
"data/sol.metainfo.xml.in:35","GPL-3.0+","GPL-3.0+"
"data/sol.metainfo.xml.in:36","Aisleriot Solitaire","Пасьянс Айслериот"
"data/sol.metainfo.xml.in:39","Aisleriot — also known as sol or solitaire — is a card game application that features over 80 different solitaire-type card games which are designed to play using a mouse, keyboard, or trackpad.","Айслериот (известный также как sol) — это приложение, предлагающее более 80 различных пасьянсов и ориентированное на использование мыши, клавиатуры или трекпада."
"data/sol.metainfo.xml.in:46","https://wiki.gnome.org/Apps/Aisleriot?action=AttachFile&amp;do=get&amp;target=aisleriot-3.10.png","https://wiki.gnome.org/Apps/Aisleriot?action=AttachFile&amp;do=get&amp;target=aisleriot-3.10.png"
"data/sol.metainfo.xml.in:49","AppMenu","AppMenu"
"data/sol.metainfo.xml.in:50","ModernToolkit","ModernToolkit"
"data/sol.metainfo.xml.in:51","UserDocs","UserDocs"
"data/sol.metainfo.xml.in:53","https://wiki.gnome.org/Apps/Aisleriot","https://wiki.gnome.org/Apps/Aisleriot"
"data/sol.metainfo.xml.in:54","GNOME","GNOME"
"data/sol.metainfo.xml.in:55","aisleriot","Айслериот"
"src/ar-game-chooser.c:312 src/window.c:2014","Select Game","Выбор игры"
"src/ar-game-chooser.c:326","_Select","В_ыбрать"
"src/ar-stock.c:190","_Contents","_Содержание"
"src/ar-stock.c:191","_Fullscreen","На _весь экран"
"src/ar-stock.c:192","_Hint","_Подсказка"
"src/ar-stock.c:194","_New","_Новая игра"
"src/ar-stock.c:196","_New Game","_Новая игра"
"src/ar-stock.c:197","_Redo Move","_Возвратить"
"src/ar-stock.c:199","_Reset","_Сброс"
"src/ar-stock.c:201","_Restart","_Начать заново"
"src/ar-stock.c:202","_Undo Move","_Отменить"
"src/ar-stock.c:203","_Deal","С_дать"
"src/ar-stock.c:204","_Leave Fullscreen","П_окинуть полноэкранный режим"
"src/ar-stock.c:205","_Pause","_Пауза"
"src/ar-stock.c:267","%s is free software; you can redistribute it and/or modify it under the terms of the GNU General Public License as published by the Free Software Foundation; either version %d of the License, or (at your option) any later version.","%s ― свободное программное обеспечение. Вы можете распространять или изменять его при условиях соответствия GNU General Public License опубликованной Free Software Foundation; либо версии %d лицензии, либо (на ваше усмотрение) любой более поздней версии."
"src/ar-stock.c:272","%s is distributed in the hope that it will be useful, but WITHOUT ANY WARRANTY; without even the implied warranty of MERCHANTABILITY or FITNESS FOR A PARTICULAR PURPOSE.  See the GNU General Public License for more details.","%s распространяется в надежде на то, что приложение будет полезно, но БЕЗ ВСЯКИХ ГАРАНТИЙ; не гарантируется даже ПРИГОДНОСТЬ или СООТВЕТСТВИЕ КАКИМ-ЛИБО ТРЕБОВАНИЯМ. Для получения дополнительной информации ознакомьтесь с GNU General Public License."
"src/ar-stock.c:277","You should have received a copy of the GNU General Public License along with this program.  If not, see <http://www.gnu.org/licenses/>.","Вы должны получить копию GNU General Public License вместе с этой программой. Если этого не произошло, посмотрите <http://www.gnu.org/licenses/>."
"src/game-names.h:7","Accordion","Аккордеон"
"src/game-names.h:14","Agnes","Агнэс"
"src/game-names.h:21","Athena","Афина"
"src/game-names.h:28","Auld Lang Syne","Олд Лэнг Сайн"
"src/game-names.h:35","Aunt Mary","Тётя Мэри"
"src/game-names.h:42","Backbone","Позвоночник"
"src/game-names.h:49","Bakers Dozen","Пекарева дюжина"
"src/game-names.h:56","Bakers Game","Игра пекаря"
"src/game-names.h:63","Bear River","Медвежья река"
"src/game-names.h:70","Beleaguered Castle","Осаждённый замок"
"src/game-names.h:77","Block Ten","Десятый блок"
"src/game-names.h:84","Bristol","Бристоль"
"src/game-names.h:91","Camelot","Камелот"
"src/game-names.h:98","Canfield","Каталажка"
"src/game-names.h:105","Carpet","Ковёр"
"src/game-names.h:112","Chessboard","Шахматная доска"
"src/game-names.h:119","Clock","Часы"
"src/game-names.h:126","Cover","Конверт"
"src/game-names.h:133","Cruel","Жестокость"
"src/game-names.h:140","Diamond Mine","Алмазная шахта"
"src/game-names.h:147","Doublets","Дуплеты"
"src/game-names.h:154","Eagle Wing","Орлиное крыло"
"src/game-names.h:161","Easthaven","Восточное убежище"
"src/game-names.h:168","Eight Off","Без восьмёрок"
"src/game-names.h:175","Elevator","Лифт"
"src/game-names.h:182","Eliminator","Элиминатор"
"src/game-names.h:189","Escalator","Эскалатор"
"src/game-names.h:196","First Law","Первый закон"
"src/game-names.h:203","Fortress","Крепость"
"src/game-names.h:210","Fortunes","Фортуна"
"src/game-names.h:217","Forty Thieves","Сорок воров"
"src/game-names.h:224","Fourteen","Четырнадцать"
"src/game-names.h:231","Freecell","Свободная ячейка"
"src/game-names.h:238","Gaps","Пролом"
"src/game-names.h:245","Gay Gordons","Весёлые Гордоны"
"src/game-names.h:252","Giant","Гигант"
"src/game-names.h:259","Glenwood","Гленвуд"
"src/game-names.h:266","Gold Mine","Золотая шахта"
"src/game-names.h:273","Golf","Гольф"
"src/game-names.h:280","Gypsy","Цыгане"
"src/game-names.h:287","Hamilton","Гамильтон"
"src/game-names.h:294","Helsinki","Хельсинки"
"src/game-names.h:301","Hopscotch","Классики"
"src/game-names.h:308","Isabel","Изабель"
"src/game-names.h:315","Jamestown","Джеймстаун"
"src/game-names.h:322","Jumbo","Джамбо"
"src/game-names.h:329","Kansas","Канзас"
"src/game-names.h:336","King Albert","Король Альберт"
"src/game-names.h:343","Kings Audience","Аудиенция у короля"
"src/game-names.h:350","Klondike","Косынка"
"src/game-names.h:357","Labyrinth","Лабиринт"
"src/game-names.h:364","Lady Jane","Леди Джейн"
"src/game-names.h:371","Maze","Подземелье"
"src/game-names.h:378","Monte Carlo","Монте-Карло"
"src/game-names.h:385","Napoleons Tomb","Гробница Наполеона"
"src/game-names.h:392","Neighbor","Сосед"
"src/game-names.h:399","Odessa","Одесса"
"src/game-names.h:406","Osmosis","Осмос"
"src/game-names.h:413","Peek","Подглядки"
"src/game-names.h:420","Pileon","Склад"
"src/game-names.h:427","Plait","Косичка"
"src/game-names.h:434","Poker","Покер"
"src/game-names.h:441","Quatorze","Стиль"
"src/game-names.h:448","Royal East","Королевский восток"
"src/game-names.h:455","Saratoga","Дорожный сундук"
"src/game-names.h:462","Scorpion","Скорпион"
"src/game-names.h:469","Scuffle","Скафл"
"src/game-names.h:476","Seahaven","Морское убежище"
"src/game-names.h:483","Sir Tommy","Сэр Томми"
"src/game-names.h:490","Sol","Солитэр"
"src/game-names.h:497","Spider","Паук"
"src/game-names.h:504","Spider Three Decks","Паук с тремя колодами"
"src/game-names.h:511","Spiderette","Паучиха"
"src/game-names.h:518","Straight Up","Прямо вверх"
"src/game-names.h:525","Streets And Alleys","Улицы и аллеи"
"src/game-names.h:532","Template","Шаблон"
"src/game-names.h:539","Ten Across","Десять поперёк"
"src/game-names.h:546 games/terrace.scm:39","Terrace","Терраса"
"src/game-names.h:553","Thieves","Воры"
"src/game-names.h:560","Thirteen","Тринадцать"
"src/game-names.h:567","Thumb And Pouch","Рука и кошелёк"
"src/game-names.h:574","Treize","Трейз"
"src/game-names.h:581","Triple Peaks","Три острия"
"src/game-names.h:588","Union Square","Общая площадь"
"src/game-names.h:595","Valentine","Валентин"
"src/game-names.h:602","Wall","Стена"
"src/game-names.h:609","Westhaven","Западное убежище"
"src/game-names.h:616","Whitehead","Белая голова"
"src/game-names.h:623","Will O The Wisp","Мельница и прутик"
"src/game-names.h:630","Yield","Урожай"
"src/game-names.h:637","Yukon","Юкон"
"src/game-names.h:644","Zebra","Зебра"
"src/game.c:1390","chooser","выбор"
"src/game.c:1394","foundation","основание"
"src/game.c:1398","reserve","резерв"
"src/game.c:1402","stock","колода"
"src/game.c:1406","tableau","игровое поле"
"src/game.c:1410","waste","сброс"
"src/game.c:1442","%s on chooser","%s в выборе"
"src/game.c:1446","%s on foundation","%s в основании"
"src/game.c:1450","%s on reserve","%s в резерве"
"src/game.c:1454","%s on stock","%s в колоде"
"src/game.c:1458","%s on tableau","%s на игровом поле"
"src/game.c:1462","%s on waste","%s в сбросе"
"src/game.c:2129","This game does not have hint support yet.","В этой игре подсказки ещё не реализованы."
"src/game.c:2164 src/game.c:2190","Move %s onto %s.","Положить %s на %s."
"src/game.c:2210","This game is unable to provide a hint.","В этой игре нельзя получить подсказку."
"src/help-overlay.ui:27","General","Основные"
"src/help-overlay.ui:33","Start a new game","Начать новую игру"
"src/help-overlay.ui:40","Deal","Сдать"
"src/help-overlay.ui:47","Undo","Отменить"
"src/help-overlay.ui:54","Redo","Возвратить"
"src/help-overlay.ui:61","Fullscreen","Полноэкранный режим"
"src/help-overlay.ui:68","Close window","Закрыть окно"
"src/help-overlay.ui:75","Help","Справка"
"src/help-overlay.ui:81","Show a hint","Показать подсказку"
"src/help-overlay.ui:88","Show Help","Показать подсказку"
"src/help-overlay.ui:95","Show Help for this game","Показать помощь для этой игры"
"src/help-overlay.ui:102","Show Keyboard Shortcuts","Показать сочетания клавиш"
"src/lib/ar-card.c:237","JOKER","J"
"src/lib/ar-card.c:239 src/lib/ar-card.c:263","A","Т"
"src/lib/ar-card.c:241","2","2"
"src/lib/ar-card.c:243","3","3"
"src/lib/ar-card.c:245","4","4"
"src/lib/ar-card.c:247","5","5"
"src/lib/ar-card.c:249","6","6"
"src/lib/ar-card.c:251","7","7"
"src/lib/ar-card.c:253","8","8"
"src/lib/ar-card.c:255","9","9"
"src/lib/ar-card.c:257","J","В"
"src/lib/ar-card.c:259","Q","Д"
"src/lib/ar-card.c:261","K","К"
"src/lib/ar-card.c:265","1","1"
"src/lib/ar-card.c:299","ace of clubs","туз треф"
"src/lib/ar-card.c:300","two of clubs","двойка треф"
"src/lib/ar-card.c:301","three of clubs","тройка треф"
"src/lib/ar-card.c:302","four of clubs","четвёрка треф"
"src/lib/ar-card.c:303","five of clubs","пятёрка треф"
"src/lib/ar-card.c:304","six of clubs","шестёрка треф"
"src/lib/ar-card.c:305","seven of clubs","семёрка треф"
"src/lib/ar-card.c:306","eight of clubs","восьмёрка треф"
"src/lib/ar-card.c:307","nine of clubs","девятка треф"
"src/lib/ar-card.c:308","ten of clubs","десятка треф"
"src/lib/ar-card.c:309","jack of clubs","валет треф"
"src/lib/ar-card.c:310","queen of clubs","дама треф"
"src/lib/ar-card.c:311","king of clubs","король треф"
"src/lib/ar-card.c:312","ace of diamonds","туз бубен"
"src/lib/ar-card.c:313","two of diamonds","двойка бубен"
"src/lib/ar-card.c:314","three of diamonds","тройка бубен"
"src/lib/ar-card.c:315","four of diamonds","четвёрка бубен"
"src/lib/ar-card.c:316","five of diamonds","пятёрка бубен"
"src/lib/ar-card.c:317","six of diamonds","шестёрка бубен"
"src/lib/ar-card.c:318","seven of diamonds","семёрка бубен"
"src/lib/ar-card.c:319","eight of diamonds","восьмёрка бубен"
"src/lib/ar-card.c:320","nine of diamonds","девятка бубен"
"src/lib/ar-card.c:321","ten of diamonds","десятка бубен"
"src/lib/ar-card.c:322","jack of diamonds","валет бубен"
"src/lib/ar-card.c:323","queen of diamonds","дама бубен"
"src/lib/ar-card.c:324","king of diamonds","король бубен"
"src/lib/ar-card.c:325","ace of hearts","туз червей"
"src/lib/ar-card.c:326","two of hearts","двойка червей"
"src/lib/ar-card.c:327","three of hearts","тройка червей"
"src/lib/ar-card.c:328","four of hearts","четвёрка червей"
"src/lib/ar-card.c:329","five of hearts","пятёрка червей"
"src/lib/ar-card.c:330","six of hearts","шестёрка червей"
"src/lib/ar-card.c:331","seven of hearts","семёрка червей"
"src/lib/ar-card.c:332","eight of hearts","восьмёрка червей"
"src/lib/ar-card.c:333","nine of hearts","девятка червей"
"src/lib/ar-card.c:334","ten of hearts","десятка червей"
"src/lib/ar-card.c:335","jack of hearts","валет червей"
"src/lib/ar-card.c:336","queen of hearts","дама червей"
"src/lib/ar-card.c:337","king of hearts","король червей"
"src/lib/ar-card.c:338","ace of spades","туз пик"
"src/lib/ar-card.c:339","two of spades","двойка пик"
"src/lib/ar-card.c:340","three of spades","тройка пик"
"src/lib/ar-card.c:341","four of spades","четвёрка пик"
"src/lib/ar-card.c:342","five of spades","пятёрка пик"
"src/lib/ar-card.c:343","six of spades","шестёрка пик"
"src/lib/ar-card.c:344","seven of spades","семёрка пик"
"src/lib/ar-card.c:345","eight of spades","восьмёрка пик"
"src/lib/ar-card.c:346","nine of spades","девятка пик"
"src/lib/ar-card.c:347","ten of spades","десятка пик"
"src/lib/ar-card.c:348","jack of spades","валет пик"
"src/lib/ar-card.c:349","queen of spades","дама пик"
"src/lib/ar-card.c:350","king of spades","король пик"
"src/lib/ar-card.c:367","face-down card","перевёрнутая карта"
"src/lib/ar-card.c:378","black joker","чёрный джокер"
"src/lib/ar-card.c:381","red joker","красный джокер"
"src/lib/ar-help.c:108","Help file “%s.%s” not found","Файл справки «%s.%s» не найден"
"src/lib/ar-help.c:146 src/util.c:86 src/util.c:90","Could not show help for “%s”","Не удалось показать справку по «%s»"
"src/lib/org.gnome.Patience.WindowState.gschema.xml:24","Whether the window is maximized","Является ли размер окна максимальным"
"src/lib/org.gnome.Patience.WindowState.gschema.xml:28","Whether the window is fullscreen","Открыто ли окно на весь экран"
"src/lib/org.gnome.Patience.WindowState.gschema.xml:33","Window width","Ширина окна"
"src/lib/org.gnome.Patience.WindowState.gschema.xml:38","Window height","Высота окна"
"src/sol.c:45","Solitaire","Пасьянс"
"src/sol.c:46","GNOME Solitaire","Пасьянс GNOME"
"src/sol.c:47","About Solitaire","О пасьянсе"
"src/sol.c:62","Select the game type to play","Выберите игру"
"src/sol.c:62","NAME","ИМЯ"
"src/sol.c:105","FreeCell Solitaire","Пасьянс Свободная ячейка"
"src/sol.c:105 src/window.c:419","AisleRiot","Айслериот"
"src/stats-dialog.c:145","Wins:","Выиграно:"
"src/stats-dialog.c:147","Total:","Всего:"
"src/stats-dialog.c:149","Percentage:","Процентов:"
"src/stats-dialog.c:153","Wins","Побед"
"src/stats-dialog.c:160","Best:","Лучшая:"
"src/stats-dialog.c:162","Worst:","Худшая:"
"src/stats-dialog.c:166","Time","Время"
"src/stats-dialog.c:203","Statistics","Статистика"
"src/stats-dialog.c:217 src/stats-dialog.c:223","%d","%d"
"src/stats-dialog.c:234","%d%%","%d%%"
"src/stats-dialog.c:240 src/stats-dialog.c:249 src/stats-dialog.c:257","N/A","Н/Д"
"src/stats-dialog.c:244 src/stats-dialog.c:252","%d:%02d","%d:%02d"
"src/window.c:198","Congratulations, you have won!","Поздравляем, вы выиграли!"
"src/window.c:202","There are no more moves","Больше нет вариантов ходов"
"src/window.c:347","Main game:","Основная игра:"
"src/window.c:355","Card games:","Карточные игры:"
"src/window.c:370","Card themes:","Стиль карт:"
"src/window.c:421","About AisleRiot","О программе"
"src/window.c:423","AisleRiot provides a rule-based solitaire card engine that allows many different games to be played.","Айслериот предоставляет карточный движок для пасьянсов, который позволяет играть в различные игры."
"src/window.c:432","translator-credits","Станислав Соловей <whats_up@tut.by>, 2013-2019.
Юрий Мясоедов <ymyasoedov@yandex.ru>, 2014.
Alexey Rubtsov <rushills@gmail.com>, 2021"
"src/window.c:435","AisleRiot web site","Веб-сайт Айслериот"
"src/window.c:1211","Play “%s”","Играть в «%s»"
"src/window.c:1372","Display cards with “%s” card theme","Использовать тему карт «%s»"
"src/window.c:1666","A scheme exception occurred","Возникло исключение scheme"
"src/window.c:1669","Please report this bug to the developers.","Пожалуйста, сообщите об этом разработчикам."
"src/window.c:1675","_Don't report","_Не сообщать"
"src/window.c:1676","_Report","_Сообщить"
"src/window.c:1833","_Game","_Игра"
"src/window.c:1834","_View","_Вид"
"src/window.c:1835","_Control","_Управление"
"src/window.c:1837","_Help","_Справка"
"src/window.c:1842","Start a new game","Начать новую игру"
"src/window.c:1845","Restart the game","Начать игру заново"
"src/window.c:1847","_Select Game…","_Выбрать игру…"
"src/window.c:1849","Play a different game","Начать другой пасьянс"
"src/window.c:1851","_Recently Played","Недавние п_асьянсы"
"src/window.c:1852","S_tatistics","_Статистика"
"src/window.c:1853","Show gameplay statistics","Показать статистику игры"
"src/window.c:1856","Close this window","Закрыть это окно"
"src/window.c:1859","Undo the last move","Отменить последний ход"
"src/window.c:1862","Redo the undone move","Вернуть отменённый ход"
"src/window.c:1865","Deal next card or cards","Раздать ещё карту"
"src/window.c:1868","Get a hint for your next move","Подсказать следующий ход"
"src/window.c:1871","View help for Aisleriot","Показать справку по Aisleriot"
"src/window.c:1875","View help for this game","Показать справку по игре"
"src/window.c:1878","About this game","Об игре"
"src/window.c:1880","_Keyboard Shortcuts","_Горячие клавиши"
"src/window.c:1884","Install card themes…","Установить карточную тему…"
"src/window.c:1885","Install new card themes from the distribution packages repositories","Установить новые карточные темы из репозитория пакетов дистрибутива"
"src/window.c:1891","_Card Style","Стиль _карт"
"src/window.c:1917","_Toolbar","Панель _инструментов"
"src/window.c:1918","Show or hide the toolbar","Показать или скрыть панель инструментов"
"src/window.c:1922","_Statusbar","Панель _состояния"
"src/window.c:1923","Show or hide statusbar","Показывать или скрывать панель состояния"
"src/window.c:1927","_Click to Move","_Переносить карты нажатием"
"src/window.c:1928","Pick up and drop cards by clicking","Брать или класть карты с помощью нажатия"
"src/window.c:1931","_Sound","_Звук"
"src/window.c:1932","Whether or not to play event sounds","Воспроизводить ли звуки событий"
"src/window.c:2033","Score:","Счёт:"
"src/window.c:2045","Time:","Время:"
"src/window.c:2330","Cannot start the game “%s”","Не удалось начать игру «%s»"
"src/window.c:2337","Aisleriot cannot find the last game you played.","Не удалось найти последнюю сыгранную игру."
"src/window.c:2338","This usually occurs when you run an older version of Aisleriot which does not have the game you last played. The default game, Klondike, is being started instead.","Обычно это происходит, если запущена более старая версия программы Айслериот, в которой игра ещё не поддерживалась. Вместо этого будет запущена игра по умолчанию — Косынка."
"games/agnes.scm:72 games/terrace.scm:139","Base Card: ~a","Основная карта: ~a"
"games/agnes.scm:74 games/bear-river.scm:90 games/canfield.scm:81 games/chessboard.scm:94 games/eagle-wing.scm:104 games/glenwood.scm:87 games/kansas.scm:88 games/lady-jane.scm:111 games/plait.scm:242 games/royal-east.scm:85 games/terrace.scm:141","Base Card: Ace","Основная карта: Туз"
"games/agnes.scm:76 games/bear-river.scm:92 games/canfield.scm:83 games/chessboard.scm:96 games/eagle-wing.scm:106 games/glenwood.scm:89 games/kansas.scm:90 games/lady-jane.scm:113 games/plait.scm:244 games/royal-east.scm:87 games/terrace.scm:143","Base Card: Jack","Основная карта: Валет"
"games/agnes.scm:78 games/bear-river.scm:94 games/canfield.scm:85 games/chessboard.scm:98 games/eagle-wing.scm:108 games/glenwood.scm:91 games/kansas.scm:92 games/lady-jane.scm:115 games/plait.scm:246 games/royal-east.scm:89 games/terrace.scm:145","Base Card: Queen","Основная карта: Дама"
"games/agnes.scm:80 games/bear-river.scm:96 games/canfield.scm:87 games/chessboard.scm:100 games/eagle-wing.scm:110 games/glenwood.scm:93 games/kansas.scm:94 games/lady-jane.scm:117 games/plait.scm:248 games/royal-east.scm:91 games/terrace.scm:147","Base Card: King","Основная карта: Король"
"games/agnes.scm:85 games/auld-lang-syne.scm:53 games/backbone.scm:131 games/block-ten.scm:54 games/bristol.scm:78 games/camelot.scm:77 games/canfield.scm:69 games/carpet.scm:103 games/cover.scm:42 games/doublets.scm:67 games/eagle-wing.scm:92 games/easthaven.scm:56 games/elevator.scm:98 games/escalator.scm:123 games/first-law.scm:42 games/fortunes.scm:43 games/forty-thieves.scm:97 games/glenwood.scm:75 games/gypsy.scm:65 games/hamilton.scm:104 games/helsinki.scm:53 games/hopscotch.scm:55 games/jamestown.scm:54 games/jumbo.scm:72 games/kansas.scm:76 games/klondike.scm:87 games/labyrinth.scm:74 games/lady-jane.scm:122 games/monte-carlo.scm:75 games/napoleons-tomb.scm:339 games/neighbor.scm:75 games/plait.scm:234 games/quatorze.scm:75 games/royal-east.scm:77 games/scuffle.scm:59 games/sir-tommy.scm:49 games/straight-up.scm:64 games/terrace.scm:159 games/thieves.scm:48 games/thirteen.scm:105 games/thumb-and-pouch.scm:61 games/treize.scm:102 games/triple-peaks.scm:104 games/union-square.scm:96 games/westhaven.scm:66 games/whitehead.scm:58 games/yield.scm:108 games/zebra.scm:71","Stock left:","Осталось в колоде:"
"games/agnes.scm:87 games/lady-jane.scm:124","Stock left: 0","Осталось в колоде: 0"
"games/agnes.scm:264 games/easthaven.scm:232 games/labyrinth.scm:189 games/monte-carlo.scm:196 games/monte-carlo.scm:201 games/valentine.scm:136","Deal more cards","Ещё раздать карты"
"games/agnes.scm:270 games/backbone.scm:288 games/bakers-dozen.scm:194 games/beleaguered-castle.scm:169 games/canfield.scm:303 games/jumbo.scm:333 games/king-albert.scm:286 games/lady-jane.scm:422 games/streets-and-alleys.scm:180","Try rearranging the cards","Попробуйте перетасовать карты"
"games/api.scm:304","Unknown color","Неизвестный цвет"
"games/api.scm:420","the black joker","чёрный джокер"
"games/api.scm:420","the red joker","красный джокер"
"games/api.scm:429","the ace of clubs","туз треф"
"games/api.scm:430","the two of clubs","двойка треф"
"games/api.scm:431","the three of clubs","тройка треф"
"games/api.scm:432","the four of clubs","четыре треф"
"games/api.scm:433","the five of clubs","пять треф"
"games/api.scm:434","the six of clubs","шесть треф"
"games/api.scm:435","the seven of clubs","семь треф"
"games/api.scm:436","the eight of clubs","восемь треф"
"games/api.scm:437","the nine of clubs","девять треф"
"games/api.scm:438","the ten of clubs","десять треф"
"games/api.scm:439","the jack of clubs","валет треф"
"games/api.scm:440","the queen of clubs","дама треф"
"games/api.scm:441","the king of clubs","король треф"
"games/api.scm:442 games/api.scm:457 games/api.scm:472 games/api.scm:487 games/api.scm:488","the unknown card","неизвестная карта"
"games/api.scm:444","the ace of spades","туз пик"
"games/api.scm:445","the two of spades","двойка пик"
"games/api.scm:446","the three of spades","тройка пик"
"games/api.scm:447","the four of spades","четыре пик"
"games/api.scm:448","the five of spades","пять пик"
"games/api.scm:449","the six of spades","шесть пик"
"games/api.scm:450","the seven of spades","семь пик"
"games/api.scm:451","the eight of spades","восемь пик"
"games/api.scm:452","the nine of spades","девять пик"
"games/api.scm:453","the ten of spades","десять пик"
"games/api.scm:454","the jack of spades","валет пик"
"games/api.scm:455","the queen of spades","дама пик"
"games/api.scm:456","the king of spades","король пик"
"games/api.scm:459","the ace of hearts","туз червей"
"games/api.scm:460","the two of hearts","двойка червей"
"games/api.scm:461","the three of hearts","тройка червей"
"games/api.scm:462","the four of hearts","четыре червей"
"games/api.scm:463","the five of hearts","пять червей"
"games/api.scm:464","the six of hearts","шесть червей"
"games/api.scm:465","the seven of hearts","семь червей"
"games/api.scm:466","the eight of hearts","восемь червей"
"games/api.scm:467","the nine of hearts","девять червей"
"games/api.scm:468","the ten of hearts","десять червей"
"games/api.scm:469","the jack of hearts","валет червей"
"games/api.scm:470","the queen of hearts","дама червей"
"games/api.scm:471","the king of hearts","король червей"
"games/api.scm:474","the ace of diamonds","туз бубен"
"games/api.scm:475","the two of diamonds","двойка бубен"
"games/api.scm:476","the three of diamonds","тройка бубен"
"games/api.scm:477","the four of diamonds","четыре бубен"
"games/api.scm:478","the five of diamonds","пять бубен"
"games/api.scm:479","the six of diamonds","шесть бубен"
"games/api.scm:480","the seven of diamonds","семь бубен"
"games/api.scm:481","the eight of diamonds","восемь бубен"
"games/api.scm:482","the nine of diamonds","девять бубен"
"games/api.scm:483","the ten of diamonds","десять бубен"
"games/api.scm:484","the jack of diamonds","валет бубен"
"games/api.scm:485","the queen of diamonds","дама бубен"
"games/api.scm:486","the king of diamonds","король бубен"
"games/api.scm:492","Move ~a onto the foundation.","Положите ~a в основание."
"games/api.scm:492","Move ~a onto an empty foundation slot.","Положите ~a на пустое поле."
"games/api.scm:493","Move ~a onto the tableau.","Положите ~a на игровое поле."
"games/api.scm:493","Move ~a onto an empty tableau slot.","Положите ~a на пустое игровое поле."
"games/api.scm:494","Move ~a onto the reserve.","Положите ~a в резерв."
"games/api.scm:494","Move ~a onto an empty reserve slot.","Положите ~a на пустое резервное поле."
"games/api.scm:495","Move ~a onto an empty edge slot.","Положить ~a на пустое крайнее поле."
"games/api.scm:496","Move ~a onto an empty corner slot.","Положите ~a на пустое угловое поле."
"games/api.scm:497","Move ~a onto an empty top slot.","Положите ~a на пустое временное поле."
"games/api.scm:498","Move ~a onto an empty bottom slot.","Положите ~a на пустое нижнее поле."
"games/api.scm:499","Move ~a onto an empty left slot.","Положите ~a на пустое левое поле."
"games/api.scm:500","Move ~a onto an empty right slot.","Положите ~a на пустое правое поле."
"games/api.scm:501","Move ~a onto an empty slot.","Положите ~a на пустое поле."
"games/api.scm:504","Move ~a onto the black joker.","Положите ~a на чёрного джокера."
"games/api.scm:504","Move ~a onto the red joker.","Положите ~a на красного джокера."
"games/api.scm:506","Move ~a onto the ace of clubs.","Положите ~a на туза треф."
"games/api.scm:507","Move ~a onto the two of clubs.","Положите ~a на двойку треф."
"games/api.scm:508","Move ~a onto the three of clubs.","Положите ~a на тройку треф."
"games/api.scm:509","Move ~a onto the four of clubs.","Положите ~a на четвёрку треф."
"games/api.scm:510","Move ~a onto the five of clubs.","Положите ~a на пятёрку треф."
"games/api.scm:511","Move ~a onto the six of clubs.","Положите ~a на шестёрку треф."
"games/api.scm:512","Move ~a onto the seven of clubs.","Положите ~a на семёрку треф."
"games/api.scm:513","Move ~a onto the eight of clubs.","Положите ~a на восьмёрку треф."
"games/api.scm:514","Move ~a onto the nine of clubs.","Положите ~a на девятку треф."
"games/api.scm:515","Move ~a onto the ten of clubs.","Положите ~a на десятку треф."
"games/api.scm:516","Move ~a onto the jack of clubs.","Положите ~a на валета треф."
"games/api.scm:517","Move ~a onto the queen of clubs.","Положите ~a на даму треф."
"games/api.scm:518","Move ~a onto the king of clubs.","Положите ~a на короля треф."
"games/api.scm:519 games/api.scm:534 games/api.scm:549 games/api.scm:564 games/api.scm:565","Move ~a onto the unknown card.","Положите ~a на неизвестную карту."
"games/api.scm:521","Move ~a onto the ace of spades.","Положите ~a на туза пик."
"games/api.scm:522","Move ~a onto the two of spades.","Положите ~a на двойку пик."
"games/api.scm:523","Move ~a onto the three of spades.","Положите ~a на тройку пик."
"games/api.scm:524","Move ~a onto the four of spades.","Положите ~a на четвёрку пик."
"games/api.scm:525","Move ~a onto the five of spades.","Положите ~a на пятёрку пик."
"games/api.scm:526","Move ~a onto the six of spades.","Положите ~a на шестёрку пик."
"games/api.scm:527","Move ~a onto the seven of spades.","Положите ~a на семёрку пик."
"games/api.scm:528","Move ~a onto the eight of spades.","Положите ~a на восьмёрку пик."
"games/api.scm:529","Move ~a onto the nine of spades.","Положите ~a на девятку пик."
"games/api.scm:530","Move ~a onto the ten of spades.","Положите ~a на десятку пик."
"games/api.scm:531","Move ~a onto the jack of spades.","Положите ~a на валета пик."
"games/api.scm:532","Move ~a onto the queen of spades.","Положите ~a на даму пик."
"games/api.scm:533","Move ~a onto the king of spades.","Положите ~a на короля пик."
"games/api.scm:536","Move ~a onto the ace of hearts.","Положите ~a на туза червей."
"games/api.scm:537","Move ~a onto the two of hearts.","Положите ~a на двойку червей."
"games/api.scm:538","Move ~a onto the three of hearts.","Положите ~a на тройку червей."
"games/api.scm:539","Move ~a onto the four of hearts.","Положите ~a на четвёрку червей."
"games/api.scm:540","Move ~a onto the five of hearts.","Положите ~a на пятёрку червей."
"games/api.scm:541","Move ~a onto the six of hearts.","Положите ~a на шестёрку червей."
"games/api.scm:542","Move ~a onto the seven of hearts.","Положите ~a на семёрку червей."
"games/api.scm:543","Move ~a onto the eight of hearts.","Положите ~a на восьмёрку червей."
"games/api.scm:544","Move ~a onto the nine of hearts.","Положите ~a на девятку червей."
"games/api.scm:545","Move ~a onto the ten of hearts.","Положите ~a на десятку червей."
"games/api.scm:546","Move ~a onto the jack of hearts.","Положите ~a на валета червей."
"games/api.scm:547","Move ~a onto the queen of hearts.","Положите ~a на даму червей."
"games/api.scm:548","Move ~a onto the king of hearts.","Положите ~a на короля червей."
"games/api.scm:551","Move ~a onto the ace of diamonds.","Положите ~a на туза бубен."
"games/api.scm:552","Move ~a onto the two of diamonds.","Положите ~a на двойку бубен."
"games/api.scm:553","Move ~a onto the three of diamonds.","Положите ~a на тройку бубен."
"games/api.scm:554","Move ~a onto the four of diamonds.","Положите ~a на четвёрку бубен."
"games/api.scm:555","Move ~a onto the five of diamonds.","Положите ~a на пятёрку бубен."
"games/api.scm:556","Move ~a onto the six of diamonds.","Положите ~a на шестёрку бубен."
"games/api.scm:557","Move ~a onto the seven of diamonds.","Положите ~a на семёрку бубен."
"games/api.scm:558","Move ~a onto the eight of diamonds.","Положите ~a на восьмёрку бубен."
"games/api.scm:559","Move ~a onto the nine of diamonds.","Положите ~a на девятку бубен."
"games/api.scm:560","Move ~a onto the ten of diamonds.","Положите ~a на десятку бубен."
"games/api.scm:561","Move ~a onto the jack of diamonds.","Положите ~a на валета бубен."
"games/api.scm:562","Move ~a onto the queen of diamonds.",".Положите ~a на даму бубен."
"games/api.scm:563","Move ~a onto the king of diamonds.","Положите ~a на короля бубен."
"games/api.scm:578","Remove the black joker.","Уберите чёрного джокера."
"games/api.scm:578","Remove the red joker.","Уберите красного джокера."
"games/api.scm:580","Remove the ace of clubs.","Уберите туза треф."
"games/api.scm:581","Remove the two of clubs.","Уберите двойку треф."
"games/api.scm:582","Remove the three of clubs.","Уберите тройку треф."
"games/api.scm:583","Remove the four of clubs.","Уберите четвёрку треф."
"games/api.scm:584","Remove the five of clubs.","Уберите пятёрку треф."
"games/api.scm:585","Remove the six of clubs.","Уберите шестёрку треф."
"games/api.scm:586","Remove the seven of clubs.","Уберите семёрку треф."
"games/api.scm:587","Remove the eight of clubs.","Уберите восьмёрку треф."
"games/api.scm:588","Remove the nine of clubs.","Уберите девятку треф."
"games/api.scm:589 games/camelot.scm:168","Remove the ten of clubs.","Уберите десятку треф."
"games/api.scm:590","Remove the jack of clubs.","Уберите валета треф."
"games/api.scm:591","Remove the queen of clubs.","Уберите даму треф."
"games/api.scm:592 games/helsinki.scm:109 games/neighbor.scm:141 games/thirteen.scm:385 games/treize.scm:279 games/yield.scm:295","Remove the king of clubs.","Уберите короля треф."
"games/api.scm:593 games/api.scm:608 games/api.scm:623 games/api.scm:638 games/api.scm:639","Remove the unknown card.","Уберите неизвестную карту."
"games/api.scm:595","Remove the ace of spades.","Уберите туза пик."
"games/api.scm:596","Remove the two of spades.","Уберите двойку пик."
"games/api.scm:597","Remove the three of spades.","Уберите тройку пик."
"games/api.scm:598","Remove the four of spades.","Уберите четвёрку пик."
"games/api.scm:599","Remove the five of spades.","Уберите пятёрку пик."
"games/api.scm:600","Remove the six of spades.","Уберите шестёрку пик."
"games/api.scm:601","Remove the seven of spades.","Уберите семёрку пик."
"games/api.scm:602","Remove the eight of spades.","Уберите восьмёрку пик."
"games/api.scm:603","Remove the nine of spades.","Уберите девятку пик."
"games/api.scm:604 games/camelot.scm:171","Remove the ten of spades.","Уберите десятку пик."
"games/api.scm:605","Remove the jack of spades.","Уберите валета пик."
"games/api.scm:606","Remove the queen of spades.","Уберите даму пик."
"games/api.scm:607 games/helsinki.scm:112 games/neighbor.scm:144 games/thirteen.scm:388 games/treize.scm:282 games/yield.scm:298","Remove the king of spades.","Уберите короля пик."
"games/api.scm:610","Remove the ace of hearts.","Уберите туза червей."
"games/api.scm:611","Remove the two of hearts.","Уберите двойку червей."
"games/api.scm:612","Remove the three of hearts.","Уберите тройку червей."
"games/api.scm:613","Remove the four of hearts.","Уберите четвёрку червей."
"games/api.scm:614","Remove the five of hearts.","Уберите пятёрку червей."
"games/api.scm:615","Remove the six of hearts.","Уберите шестёрку червей."
"games/api.scm:616","Remove the seven of hearts.","Уберите семёрку червей."
"games/api.scm:617","Remove the eight of hearts.","Уберите восьмёрку червей."
"games/api.scm:618","Remove the nine of hearts.","Уберите девятку червей."
"games/api.scm:619 games/camelot.scm:170","Remove the ten of hearts.","Уберите десятку червей."
"games/api.scm:620","Remove the jack of hearts.","Уберите валета червей."
"games/api.scm:621","Remove the queen of hearts.","Уберите даму червей."
"games/api.scm:622 games/helsinki.scm:111 games/neighbor.scm:143 games/thirteen.scm:387 games/treize.scm:281 games/yield.scm:297","Remove the king of hearts.","Уберите короля червей."
"games/api.scm:625","Remove the ace of diamonds.","Уберите туза бубен."
"games/api.scm:626","Remove the two of diamonds.","Уберите двойку бубен."
"games/api.scm:627","Remove the three of diamonds.","Уберите тройку бубен."
"games/api.scm:628","Remove the four of diamonds.","Уберите четвёрку бубен."
"games/api.scm:629","Remove the five of diamonds.","Уберите пятёрку бубен."
"games/api.scm:630","Remove the six of diamonds.","Уберите шестёрку бубен."
"games/api.scm:631","Remove the seven of diamonds.","Уберите семёрку бубен."
"games/api.scm:632","Remove the eight of diamonds.","Уберите восьмёрку бубен."
"games/api.scm:633","Remove the nine of diamonds.","Уберите девятку бубен."
"games/api.scm:634 games/camelot.scm:169","Remove the ten of diamonds.","Уберите десятку бубен."
"games/api.scm:635","Remove the jack of diamonds.","Уберите валета бубен."
"games/api.scm:636","Remove the queen of diamonds.","Уберите даму бубен."
"games/api.scm:637 games/helsinki.scm:110 games/neighbor.scm:142 games/thirteen.scm:386 games/treize.scm:280 games/yield.scm:296","Remove the king of diamonds.","Уберите короля бубен."
"games/athena.scm:80 games/klondike.scm:293 games/napoleons-tomb.scm:354 games/osmosis.scm:221 games/saratoga.scm:80","Three card deals","Сдавать по три карты"
"games/auld-lang-syne.scm:122 games/bristol.scm:262 games/first-law.scm:127 games/fortunes.scm:157 games/lady-jane.scm:239 games/scuffle.scm:138 games/spider.scm:290 games/thumb-and-pouch.scm:258 games/zebra.scm:212","Deal another round","Сдать карты ещё раз"
"games/backbone.scm:127 games/doublets.scm:71 games/eagle-wing.scm:114 games/gaps.scm:106 games/glenwood.scm:79 games/jumbo.scm:68 games/klondike.scm:83 games/napoleons-tomb.scm:335 games/plait.scm:252 games/scuffle.scm:55 games/straight-up.scm:72 games/terrace.scm:153 games/thumb-and-pouch.scm:65 games/zebra.scm:75","Redeals left:","Осталось пересдач:"
"games/backbone.scm:286 games/camelot.scm:209 games/canfield.scm:228 games/carpet.scm:173 games/glenwood.scm:253 games/klondike.scm:267 games/napoleons-tomb.scm:323 games/osmosis.scm:215 games/plait.scm:103 games/straight-up.scm:240 games/terrace.scm:358","Deal a new card from the deck","Сдать новую карту из колоды"
"games/bear-river.scm:88 games/canfield.scm:79 games/chessboard.scm:92 games/eagle-wing.scm:102 games/glenwood.scm:85 games/kansas.scm:86 games/plait.scm:240","Base Card: ","Основная карта: "
"games/bear-river.scm:207","Move something onto an empty right-hand tableau slot","Положите что-нибудь на пустое поле с правой стороны"
"games/canfield.scm:73 games/eagle-wing.scm:96 games/kansas.scm:80 games/straight-up.scm:68","Reserve left:","Осталось в резерве:"
"games/canfield.scm:229 games/eagle-wing.scm:335 games/glenwood.scm:256 games/plait.scm:106 games/straight-up.scm:243 games/thumb-and-pouch.scm:261 games/zebra.scm:215","Move waste back to stock","Вложить сброс обратно в колоду"
"games/chessboard.scm:198","Move a card to the Foundation","Перенесите карту в основание"
"games/chessboard.scm:260","Move something into the empty Tableau slot","Положите что-нибудь на пустое поле"
"games/clock.scm:173","Just because a crosswalk looks like a hopscotch board doesn't mean it is one","Хотя пешеходный переход и напоминает игру в классики, это ещё не значит, что на нем обязательно надо играть"
"games/clock.scm:175","Look both ways before you cross the street","Прежде чем перейти улицу, посмотрите в обе стороны"
"games/clock.scm:177","Have you read the help file?","А вы читали файл справки?"
"games/clock.scm:179","Odessa is a better game.  Really.","Одесса ― лучшая игра.  Серьёзно."
"games/clock.scm:181","Tourniquets are not recommended unless in the direst emergency","Пользоваться турникетами, за исключением самых крайних случаев, не рекомендуется"
"games/clock.scm:183","I could sure use a backrub right about now...","Вот я бы прямо сейчас спинку почесал…"
"games/clock.scm:185","Monitors won't give you Vitamin D -- but sunlight will...","Мониторы не выдадут вам дневную норму витамина D, в отличие от солнечного света…"
"games/clock.scm:187","If you're ever lost and alone in the woods, hug a tree","Если вы потерялись в лесу, то хотя бы дерево обнимите"
"games/clock.scm:189","Fishing wire makes bad dental floss","Однако, рыболовная леска плохо подходит для чистки зубов!"
"games/clock.scm:191","Consistency is key","Разгадка ― в постоянстве"
"games/clock.scm:193","When without a stapler, a staple and a ruler will work","Если нет степлера, то попробуйте обойтись скрепкой и линейкой"
"games/clock.scm:195","Never blow in a dog's ear","Никогда не дуйте собаке в ухо"
"games/cruel.scm:157","Cards remaining: ~a","Осталось карт: ~a"
"games/cruel.scm:200","Redeal.","Пересдать."
"games/doublets.scm:157","You are searching for an ace.","Вы ищете туза."
"games/doublets.scm:158","You are searching for a two.","Вы ищете двойку."
"games/doublets.scm:159","You are searching for a three.","Вы ищете тройку."
"games/doublets.scm:160","You are searching for a four.","Вы ищете четвёрку."
"games/doublets.scm:161","You are searching for a five.","Вы ищете пятёрку."
"games/doublets.scm:162","You are searching for a six.","Вы ищете шестёрку."
"games/doublets.scm:163","You are searching for a seven.","Вы ищете семёрку."
"games/doublets.scm:164","You are searching for an eight.","Вы ищете восьмёрку."
"games/doublets.scm:165","You are searching for a nine.","Вы ищете девятку."
"games/doublets.scm:166","You are searching for a ten.","Вы ищете десятку."
"games/doublets.scm:167","You are searching for a jack.","Вы ищете валета."
"games/doublets.scm:168","You are searching for a queen.","Вы ищете даму."
"games/doublets.scm:169","You are searching for a king.","Вы ищете короля."
"games/doublets.scm:170 games/hamilton.scm:95","Unknown value","Неизвестное значение"
"games/eagle-wing.scm:332 games/elevator.scm:363 games/escalator.scm:222 games/royal-east.scm:193 games/thirteen.scm:419 games/treize.scm:305 games/triple-peaks.scm:342 games/union-square.scm:464 games/westhaven.scm:196 games/yield.scm:321","Deal a card","Сдать карту"
"games/easthaven.scm:227","Move a king onto an empty tableau slot.","Положите короля на пустое игровое поле."
"games/easthaven.scm:239 games/klondike.scm:271 games/union-square.scm:472","No hint available right now","Сейчас подсказок нет"
"games/eight-off.scm:248 games/seahaven.scm:315","Move something on to an empty reserve","Положите что-нибудь на свободное место"
"games/eliminator.scm:174","Six Foundations","Шесть оснований"
"games/eliminator.scm:175","Five Foundations","Пять оснований"
"games/eliminator.scm:176","Four Foundations","Четыре основания"
"games/eliminator.scm:194","Play a card to foundation.","Отыграть карту в основание."
"games/eliminator.scm:195","No moves.","Нет ходов."
"games/first-law.scm:139","Remove the aces","Убрать тузов"
"games/first-law.scm:141","Remove the twos","Убрать двойки"
"games/first-law.scm:143","Remove the threes","Убрать тройки"
"games/first-law.scm:145","Remove the fours","Убрать четвёрки"
"games/first-law.scm:147","Remove the fives","Убрать пятёрки"
"games/first-law.scm:149","Remove the sixes","Убрать шестёрки"
"games/first-law.scm:151","Remove the sevens","Убрать семёрки"
"games/first-law.scm:153","Remove the eights","Убрать восьмёрки"
"games/first-law.scm:155","Remove the nines","Убрать девятки"
"games/first-law.scm:157","Remove the tens","Убрать десятки"
"games/first-law.scm:159","Remove the jacks","Убрать валетов"
"games/first-law.scm:161","Remove the queens","Убрать дам"
"games/first-law.scm:163","Remove the kings","Убрать королей"
"games/first-law.scm:165","I'm not sure","Я не уверен"
"games/first-law.scm:184","Return cards to stock","Вернуть карты в колоду"
"games/fortress.scm:212","Move something onto an empty tableau slot.","Положите что-нибудь на пустое поле."
"games/fortunes.scm:154 games/klondike.scm:262","Consider moving something into an empty slot","Попробуйте положить что-нибудь на пустое поле"
"games/forty-thieves.scm:357","Deal a card from stock","Сдать карту из колоды"
"games/freecell.scm:625","No moves are possible. Undo or start again.","Нет доступных ходов. Отмените последний ход или начните снова."
"games/freecell.scm:631","The game has no solution. Undo or start again.","Игра не имеет решения. Отмените последний ход или начните снова."
"games/gaps.scm:280","Double click any card to redeal.","Дважды щёлкните по любой карте для пересдачи."
"games/gaps.scm:286","No hint available.","Подсказка недоступна."
"games/gaps.scm:295","Place a two in the leftmost slot of row ~a.","Положите двойку в самое левое поле строки ~a."
"games/gaps.scm:299","Add to the sequence in row ~a.","Добавьте в стопку в строке ~a."
"games/gaps.scm:311","Place the two of clubs next to the ace of clubs.","Положите двойку треф рядом с тузом треф."
"games/gaps.scm:312","Place the three of clubs next to the two of clubs.","Положите тройку треф рядом с двойкой треф."
"games/gaps.scm:313","Place the four of clubs next to the three of clubs.","Положите четвёрку треф рядом с тройкой треф."
"games/gaps.scm:314","Place the five of clubs next to the four of clubs.","Положите пятёрку треф рядом с четвёркой треф."
"games/gaps.scm:315","Place the six of clubs next to the five of clubs.","Положите семёрку треф рядом с шестёркой треф."
"games/gaps.scm:316","Place the seven of clubs next to the six of clubs.","Положите семёрку треф рядом с шестёркой треф."
"games/gaps.scm:317","Place the eight of clubs next to the seven of clubs.","Положите восьмёрку треф рядом с семёркой треф."
"games/gaps.scm:318","Place the nine of clubs next to the eight of clubs.","Положите девятку треф рядом с восьмёркой треф."
"games/gaps.scm:319","Place the ten of clubs next to the nine of clubs.","Положите десятку треф рядом с девяткой треф."
"games/gaps.scm:320","Place the jack of clubs next to the ten of clubs.","Положите валета треф рядом с десяткой треф."
"games/gaps.scm:321","Place the queen of clubs next to the jack of clubs.","Положите даму треф рядом с валетом треф."
"games/gaps.scm:322","Place the king of clubs next to the queen of clubs.","Положите короля треф рядом с дамой треф."
"games/gaps.scm:325","Place the two of spades next to the ace of spades.","Положите двойку пик рядом с тузом пик."
"games/gaps.scm:326","Place the three of spades next to the two of spades.","Положите тройку пик рядом с двойкой пик."
"games/gaps.scm:327","Place the four of spades next to the three of spades.","Положите четвёрку пик рядом с тройкой пик."
"games/gaps.scm:328","Place the five of spades next to the four of spades.","Положите пятёрку пик рядом с четвёркой пик."
"games/gaps.scm:329","Place the six of spades next to the five of spades.","Положите шестёрку пик рядом с пятёркой пик."
"games/gaps.scm:330","Place the seven of spades next to the six of spades.","Положите семёрку пик рядом с шестёркой пик."
"games/gaps.scm:331","Place the eight of spades next to the seven of spades.","Положите восьмёрку пик рядом с семёркой пик."
"games/gaps.scm:332","Place the nine of spades next to the eight of spades.","Положите девятку пик рядом с восьмёркой пик."
"games/gaps.scm:333","Place the ten of spades next to the nine of spades.","Положите десятку пик рядом с девяткой пик."
"games/gaps.scm:334","Place the jack of spades next to the ten of spades.","Положите валета пик рядом с десяткой пик."
"games/gaps.scm:335","Place the queen of spades next to the jack of spades.","Положите даму пик рядом с валетом пик."
"games/gaps.scm:336","Place the king of spades next to the queen of spades.","Положите короля пик рядом с дамой пик."
"games/gaps.scm:339","Place the two of hearts next to the ace of hearts.","Положите двойку червей рядом с тузом червей."
"games/gaps.scm:340","Place the three of hearts next to the two of hearts.","Положите тройку червей рядом с двойкой червей."
"games/gaps.scm:341","Place the four of hearts next to the three of hearts.","Положите четвёрку червей рядом с тройкой червей."
"games/gaps.scm:342","Place the five of hearts next to the four of hearts.","Положите пятёрку червей рядом с четвёркой червей."
"games/gaps.scm:343","Place the six of hearts next to the five of hearts.","Положите шестёрку червей рядом с пятёркой червей."
"games/gaps.scm:344","Place the seven of hearts next to the six of hearts.","Положите семёрку червей рядом с шестёркой червей."
"games/gaps.scm:345","Place the eight of hearts next to the seven of hearts.","Положите восьмёрку червей рядом с семёркой червей."
"games/gaps.scm:346","Place the nine of hearts next to the eight of hearts.","Положите девятку червей рядом с восьмёркой червей."
"games/gaps.scm:347","Place the ten of hearts next to the nine of hearts.","Положите десятку червей рядом с девяткой червей."
"games/gaps.scm:348","Place the jack of hearts next to the ten of hearts.","Положите валета червей рядом с десяткой червей."
"games/gaps.scm:349","Place the queen of hearts next to the jack of hearts.","Положите даму червей рядом с валетом червей."
"games/gaps.scm:350","Place the king of hearts next to the queen of hearts.","Положите короля червей рядом с дамой червей."
"games/gaps.scm:353","Place the two of diamonds next to the ace of diamonds.","Положите двойку червей рядом с тузом червей."
"games/gaps.scm:354","Place the three of diamonds next to the two of diamonds.","Положите тройку бубен рядом с двойкой бубен."
"games/gaps.scm:355","Place the four of diamonds next to the three of diamonds.","Положите четвёрку бубен рядом с тройкой бубен."
"games/gaps.scm:356","Place the five of diamonds next to the four of diamonds.","Положите пятёрку бубен рядом с четвёркой бубен."
"games/gaps.scm:357","Place the six of diamonds next to the five of diamonds.","Положите шестёрку бубен рядом с пятёркой бубен."
"games/gaps.scm:358","Place the seven of diamonds next to the six of diamonds.","Положите семёрку бубен рядом с шестёркой бубен."
"games/gaps.scm:359","Place the eight of diamonds next to the seven of diamonds.","Положите восьмёрку бубен рядом с семёркой бубен."
"games/gaps.scm:360","Place the nine of diamonds next to the eight of diamonds.","Положите девятку бубен рядом с восьмёркой бубен."
"games/gaps.scm:361","Place the ten of diamonds next to the nine of diamonds.","Положите десятку бубен рядом с девяткой бубен."
"games/gaps.scm:362","Place the jack of diamonds next to the ten of diamonds.","Положите валета бубен рядом с десяткой бубен."
"games/gaps.scm:363","Place the queen of diamonds next to the jack of diamonds.","Положите даму бубен рядом с валетом бубен."
"games/gaps.scm:364","Place the king of diamonds next to the queen of diamonds.","Положите короля бубен рядом с дамой бубен."
"games/gaps.scm:383","Randomly Placed Gaps on Redeal","Случайные промежутки при пересдаче"
"games/giant.scm:76","Deals left: ~a","Осталось пересдач: ~a"
"games/giant.scm:252","Deal a row","Сдать карту"
"games/giant.scm:276","Try moving a card to the reserve","Попробуйте переложить стопки карт"
"games/giant.scm:277","Try dealing a row of cards","Попробуйте перетасовать карты"
"games/giant.scm:279 games/spider.scm:309","Try moving card piles around","Попробуйте переложить стопки карт"
"games/giant.scm:284","Same suit","Тот же набор"
"games/giant.scm:285","Alternating colors","Изменённые цвета"
"games/glenwood.scm:261","Select a card from the reserve for first foundation pile","Выберите карту из резерва в качестве основы для первого столбца"
"games/glenwood.scm:355","Move a card from the reserve onto the empty tableau slot","Переложите карты из резерва на пустое поле"
"games/golf.scm:67 games/osmosis.scm:68 games/spider.scm:88","Stock left: ~a","Осталось в колоде: ~a"
"games/golf.scm:138 games/hopscotch.scm:130 games/jumbo.scm:298 games/kansas.scm:219 games/sir-tommy.scm:134 games/whitehead.scm:252","Deal another card","Сдать другую карту"
"games/gypsy.scm:216","Move a card or build of cards on to the empty slot","Переложите карту или связку карт на пустое поле"
"games/gypsy.scm:339","Deal another hand","Сдать ещё раз"
"games/hamilton.scm:82","ace","туз"
"games/hamilton.scm:83","two","два"
"games/hamilton.scm:84","three","три"
"games/hamilton.scm:85","four","четыре"
"games/hamilton.scm:86","five","пять"
"games/hamilton.scm:87","six","шесть"
"games/hamilton.scm:88","seven","семь"
"games/hamilton.scm:89","eight","восемь"
"games/hamilton.scm:90","nine","девять"
"games/hamilton.scm:91","ten","десять"
"games/hamilton.scm:92","jack","валет"
"games/hamilton.scm:93","queen","дама"
"games/hamilton.scm:94","king","король"
"games/hamilton.scm:100","Start card:","Начальная карта:"
"games/hamilton.scm:101","Choices left:","Осталось выбора:"
"games/hamilton.scm:277","Turn over the top card of the stock.","Поверните верхнюю карту в колоде."
"games/hamilton.scm:324","Fill an empty slot.","Заполните пустой слот."
"games/hamilton.scm:330","Deal a new round.","Сдать новый раунд."
"games/hamilton.scm:332","Try moving cards down from the foundations.","Попробуйте переместить карты из основания."
"games/hopscotch.scm:126","Move card from waste","Переложите карту из сброса"
"games/jumbo.scm:301","Move waste to stock","Переложите сброс в колоду"
"games/kings-audience.scm:88","Stock remaining: ~a","Осталось в колоде: ~a"
"games/kings-audience.scm:227","Deal a new card","Сдать новую карту"
"games/klondike.scm:270","Try moving cards down from the foundation","Попробуйте переместить карты из основания"
"games/klondike.scm:294 games/napoleons-tomb.scm:355","Single card deals","Сдавать по одной карте"
"games/klondike.scm:295","No redeals","Без пересдач"
"games/klondike.scm:296","Unlimited redeals","Пересдачи без ограничений"
"games/lady-jane.scm:109 games/royal-east.scm:83","Base Card:","Основная карта:"
"games/maze.scm:147","Aim to place the suits in the order which fits the current layout most naturally.","Целью является расположение мастей в порядке, наиболее подходящем для текущего расклада."
"games/napoleons-tomb.scm:357","Autoplay","Автоматическая игра"
"games/osmosis.scm:74","Redeals left: ~a","Осталось пересдач: ~a"
"games/osmosis.scm:214","Deal new cards from the deck","Сдать новые карты из колоды"
"games/pileon.scm:158 games/pileon.scm:160 games/terrace.scm:286","something","что-то"
"games/pileon.scm:158 games/pileon.scm:160","an empty slot","пустое поле"
"games/poker.scm:297","Place cards on to the Tableau to form poker hands","Положите карты на поле так, чтобы получились покерные ряды"
"games/poker.scm:300","Shuffle mode","Перемешивать"
"games/scorpion.scm:142","Deal the cards","Сдать карты"
"games/scuffle.scm:140","Reshuffle cards","Перемешать карты"
"games/sir-tommy.scm:130","Move waste on to a reserve slot","Положить сброс в резерв"
"games/spider.scm:184 games/spider.scm:300","Undo until there are enough cards to fill all tableau piles","Отменять пока не будет достаточно карт, чтобы закрыть весь стол"
"games/spider.scm:185","Please fill in empty pile first.","Заполните сначала пустой столбец."
"games/spider.scm:285","Place something on empty slot","Положите что-нибудь на пустое поле"
"games/spider.scm:313","Four Suits","Четыре колоды"
"games/spider.scm:314","Two Suits","Две колоды"
"games/spider.scm:315","One Suit","Одна колода"
"games/ten-across.scm:214","Move a card to an empty temporary slot","Положите карту на пустое временное поле"
"games/ten-across.scm:215","No hint available","Подсказка недоступна"
"games/ten-across.scm:251","Allow temporary spots use","Разрешить использование временных полей"
"games/terrace.scm:41","General's Patience","Генеральский пасьянс"
"games/terrace.scm:43","Falling Stars","Падающие звёзды"
"games/terrace.scm:45","Signora","Синьора"
"games/terrace.scm:47","Redheads","Красноголовые"
"games/terrace.scm:49","Blondes and Brunettes","Блондинки и брюнетки"
"games/terrace.scm:51","Wood","Дерево"
"games/terrace.scm:286","the foundation","основание"
"games/thieves.scm:148","Deal a card from the deck","Сдать карту из колоды"
"games/thirteen.scm:381","Match the top two cards of the waste.","Убрать две подходящие верхние карты в сбросе."
"games/triple-peaks.scm:349","Progressive Rounds","Прогрессивные игры"
"games/triple-peaks.scm:350","Multiplier Scoring","Увеличивающиеся очки"
"games/wall.scm:138","Deals left: ","Осталось пересдач: "
"games/wall.scm:437","Deal cards.","Сдать карты."
"games/wall.scm:447","Attack a face-down pile.","Атакуйте колоду неизвестных карт."
"games/whitehead.scm:243","Move a build of cards on to the empty Tableau slot","Переложите группу карт на пустое поле"
