"location","source","target"
"","po header","Project-Id-Version: atk trunk
Report-Msgid-Bugs-To: https://gitlab.gnome.org/GNOME/at-spi2-core/issues
POT-Creation-Date: 2022-05-31 17:18+0000
PO-Revision-Date: 2014-09-09 17:12+0300
Last-Translator: Yuri Myasoedov <omerta13@yandex.ru>
Language-Team: Russian <gnome-cyr@gnome.org>
Language: ru
MIME-Version: 1.0
Content-Type: text/plain; charset=UTF-8
Content-Transfer-Encoding: 8bit
#-#-#-#-#  ru.po (at-spi2-core master)  #-#-#-#-#
Plural-Forms: nplurals=3; plural=(n%10==1 && n%100!=11 ? 0 : n%10>=2 && n%10<=4 && (n%100<10 || n%100>=20) ? 1 : 2);
X-Generator: Poedit 1.5.4
#-#-#-#-#  ru.po (atk trunk)  #-#-#-#-#
Plural-Forms: nplurals=3; plural=(n%10==1 && n%100!=11 ? 0 : n%10>=2 && n%10<=4 && (n%100<10 || n%100>=20) ? 1 : 2);
X-Generator: Poedit 1.5.4
"
"atk/atkhyperlink.c:126","Selected Link","Выбранная ссылка"
"atk/atkhyperlink.c:127","Specifies whether the AtkHyperlink object is selected","Определяет, выделен ли объект AtkHyperlink"
"atk/atkhyperlink.c:133","Number of Anchors","Число якорей"
"atk/atkhyperlink.c:134","The number of anchors associated with the AtkHyperlink object","Число якорей, связанных с текущим объектом AtkHypertext"
"atk/atkhyperlink.c:142","End index","Конец индекса"
"atk/atkhyperlink.c:143","The end index of the AtkHyperlink object","Конец индекса объекта AtkHyperlink"
"atk/atkhyperlink.c:151","Start index","Начало индекса"
"atk/atkhyperlink.c:152","The start index of the AtkHyperlink object","Начало индекса объекта AtkHyperlink"
"atk/atkobject.c:98","invalid","недопустима"
"atk/atkobject.c:99","accelerator label","метка ускорителя"
"atk/atkobject.c:100","alert","тревога"
"atk/atkobject.c:101","animation","анимация"
"atk/atkobject.c:102","arrow","стрелка"
"atk/atkobject.c:103","calendar","календарь"
"atk/atkobject.c:104","canvas","канва"
"atk/atkobject.c:105","check box","кнопка-флажок"
"atk/atkobject.c:106","check menu item","элемент-флажок меню"
"atk/atkobject.c:107","color chooser","выбор цвета"
"atk/atkobject.c:108","column header","заголовок столбца"
"atk/atkobject.c:109","combo box","выпадающий список с возможностью ввода"
"atk/atkobject.c:110","dateeditor","редактор даты"
"atk/atkobject.c:111","desktop icon","значок рабочего стола"
"atk/atkobject.c:112","desktop frame","рамка рабочего стола"
"atk/atkobject.c:113","dial","набор номера"
"atk/atkobject.c:114","dialog","диалог"
"atk/atkobject.c:115","directory pane","панель каталога"
"atk/atkobject.c:116","drawing area","область рисования"
"atk/atkobject.c:117","file chooser","выбор файлов"
"atk/atkobject.c:118","filler","заполнитель"
"atk/atkobject.c:120","fontchooser","выбор шрифта"
"atk/atkobject.c:121","frame","рамка"
"atk/atkobject.c:122","glass pane","прозрачная панель"
"atk/atkobject.c:123","html container","содержимое с языком html"
"atk/atkobject.c:124","icon","значок"
"atk/atkobject.c:125","image","изображение"
"atk/atkobject.c:126","internal frame","внутренняя рамка"
"atk/atkobject.c:127","label","метка"
"atk/atkobject.c:128","layered pane","панель с уровнями"
"atk/atkobject.c:129","list","список"
"atk/atkobject.c:130","list item","элемент списка"
"atk/atkobject.c:131","menu","меню"
"atk/atkobject.c:132","menu bar","строка меню"
"atk/atkobject.c:133","menu item","элемент меню"
"atk/atkobject.c:134","option pane","панель опций"
"atk/atkobject.c:135","page tab","вкладка страницы"
"atk/atkobject.c:136","page tab list","список вкладок страницы"
"atk/atkobject.c:137","panel","панель"
"atk/atkobject.c:138","password text","пароль"
"atk/atkobject.c:139","popup menu","всплывающее меню"
"atk/atkobject.c:140","progress bar","индикатор выполнения"
"atk/atkobject.c:141","push button","нажимаемая кнопка"
"atk/atkobject.c:142","radio button","радио-кнопка"
"atk/atkobject.c:143","radio menu item","радио-элемент меню"
"atk/atkobject.c:144","root pane","корневая панель"
"atk/atkobject.c:145","row header","заголовок строки"
"atk/atkobject.c:146","scroll bar","полоса прокрутки"
"atk/atkobject.c:147","scroll pane","панель прокрутки"
"atk/atkobject.c:148","separator","разделитель"
"atk/atkobject.c:149","slider","бегунок"
"atk/atkobject.c:150","split pane","двойная панель"
"atk/atkobject.c:151","spin button","кнопка вращения"
"atk/atkobject.c:152","statusbar","строка состояния"
"atk/atkobject.c:153","table","таблица"
"atk/atkobject.c:154","table cell","ячейка таблицы"
"atk/atkobject.c:155","table column header","заголовок столбца таблицы"
"atk/atkobject.c:156","table row header","заголовок строки таблицы"
"atk/atkobject.c:157","tear off menu item","неразрывный элемент меню"
"atk/atkobject.c:158","terminal","терминал"
"atk/atkobject.c:159","text","текст"
"atk/atkobject.c:160","toggle button","кнопка-переключатель"
"atk/atkobject.c:161","tool bar","панель инструментов"
"atk/atkobject.c:162","tool tip","подсказка"
"atk/atkobject.c:163","tree","дерево"
"atk/atkobject.c:164","tree table","таблица в виде дерева"
"atk/atkobject.c:165","unknown","неизвестна"
"atk/atkobject.c:166","viewport","область просмотра"
"atk/atkobject.c:167","window","окно"
"atk/atkobject.c:168","header","заголовок"
"atk/atkobject.c:169","footer","подвал"
"atk/atkobject.c:170","paragraph","абзац"
"atk/atkobject.c:171","ruler","линейка"
"atk/atkobject.c:172","application","приложение"
"atk/atkobject.c:173","autocomplete","автодополнение"
"atk/atkobject.c:174","edit bar","строка редактирования"
"atk/atkobject.c:175","embedded component","внедрённый компонент"
"atk/atkobject.c:176","entry","запись"
"atk/atkobject.c:177","chart","диаграмма"
"atk/atkobject.c:178","caption","заголовок"
"atk/atkobject.c:179","document frame","рамка документа"
"atk/atkobject.c:180","heading","заголовок"
"atk/atkobject.c:181","page","страница"
"atk/atkobject.c:182","section","раздел"
"atk/atkobject.c:183","redundant object","избыточный объект"
"atk/atkobject.c:184","form","форма"
"atk/atkobject.c:185","link","ссылка"
"atk/atkobject.c:186","input method window","окно метода ввода"
"atk/atkobject.c:187","table row","строка таблицы"
"atk/atkobject.c:188","tree item","элемент дерева"
"atk/atkobject.c:189","document spreadsheet","документ электронной таблицы"
"atk/atkobject.c:190","document presentation","документ презентации"
"atk/atkobject.c:191","document text","текстовый документ"
"atk/atkobject.c:192","document web","веб-документ"
"atk/atkobject.c:193","document email","документ электронного сообщения"
"atk/atkobject.c:194","comment","комментарий"
"atk/atkobject.c:195","list box","списочный блок"
"atk/atkobject.c:196","grouping","группировка"
"atk/atkobject.c:197","image map","карта изображения"
"atk/atkobject.c:198","notification","уведомление"
"atk/atkobject.c:199","info bar","информационная полоса"
"atk/atkobject.c:200","level bar","индикатор выполнения"
"atk/atkobject.c:201","title bar","панель заголовка"
"atk/atkobject.c:202","block quote","блок цитирования"
"atk/atkobject.c:203","audio","звук"
"atk/atkobject.c:204","video","видео"
"atk/atkobject.c:205","definition","определение"
"atk/atkobject.c:206","article","статья"
"atk/atkobject.c:207","landmark","ориентир"
"atk/atkobject.c:208","log","журнал"
"atk/atkobject.c:209","marquee","бегущая строка"
"atk/atkobject.c:210","math","математическое выражение"
"atk/atkobject.c:211","rating","оценка"
"atk/atkobject.c:212","timer","таймер"
"atk/atkobject.c:213","description list","список описаний"
"atk/atkobject.c:214","description term","терм описания"
"atk/atkobject.c:215","description value","значение описания"
"atk/atkobject.c:391","Accessible Name","Облегчённое имя"
"atk/atkobject.c:392","Object instance’s name formatted for assistive technology access","Имя экземпляра объекта для доступа с использованием облегчающих технологий"
"atk/atkobject.c:398","Accessible Description","Облегчённое описание"
"atk/atkobject.c:399","Description of an object, formatted for assistive technology access","Описание объекта для доступа с использованием облегчающих технологий"
"atk/atkobject.c:405","Accessible Parent","Облегчённый предок"
"atk/atkobject.c:406","Parent of the current accessible as returned by atk_object_get_parent()","Родитель текущего облегчённого объекта, возвращаемый atk_object_get_parent()"
"atk/atkobject.c:422","Accessible Value","Облегчённое значение"
"atk/atkobject.c:423","Is used to notify that the value has changed","Используется для уведомления, что значение изменилось"
"atk/atkobject.c:431","Accessible Role","Облегчённая роль"
"atk/atkobject.c:432","The accessible role of this object","Роль этого объекта в облегчающих технологиях"
"atk/atkobject.c:439","Accessible Layer","Облегчённый уровень"
"atk/atkobject.c:440","The accessible layer of this object","Уровень этого объекта в облегчающих технологиях"
"atk/atkobject.c:448","Accessible MDI Value","Облегчённое значение MDI"
"atk/atkobject.c:449","The accessible MDI value of this object","Значение MDI этого объекта в облегчающих технологиях"
"atk/atkobject.c:465","Accessible Table Caption","Облегчённый заголовок таблицы"
"atk/atkobject.c:466","Is used to notify that the table caption has changed; this property should not be used. accessible-table-caption-object should be used instead","Используется для уведомления о том, что заголовок таблицы изменился. Это свойство не должно использоваться. Вместо него должно использоваться свойство accessible-table-caption-object."
"atk/atkobject.c:480","Accessible Table Column Header","Облегчённый заголовок столбца таблицы"
"atk/atkobject.c:481","Is used to notify that the table column header has changed","Используется для уведомления о том, что заголовок столбца таблицы изменился"
"atk/atkobject.c:496","Accessible Table Column Description","Облегчённое описание столбца таблицы"
"atk/atkobject.c:497","Is used to notify that the table column description has changed","Используется для уведомления о том, что описание столбца таблицы изменилось"
"atk/atkobject.c:512","Accessible Table Row Header","Облегчённый заголовок строки таблицы"
"atk/atkobject.c:513","Is used to notify that the table row header has changed","Используется для уведомления о том, что заголовок строки таблицы изменился"
"atk/atkobject.c:527","Accessible Table Row Description","Облегчённое описание строки таблицы"
"atk/atkobject.c:528","Is used to notify that the table row description has changed","Используется для уведомления о том, что описание строки таблицы изменилось"
"atk/atkobject.c:534","Accessible Table Summary","Облегчённая сводка таблицы"
"atk/atkobject.c:535","Is used to notify that the table summary has changed","Используется для уведомления о том, что сводка таблицы изменилась"
"atk/atkobject.c:541","Accessible Table Caption Object","Облегчённый объект заголовка таблицы"
"atk/atkobject.c:542","Is used to notify that the table caption has changed","Используется для уведомления о том, что заголовок таблицы изменился"
"atk/atkobject.c:548","Number of Accessible Hypertext Links","Число облегчённых гипертекстовых ссылок"
"atk/atkobject.c:549","The number of links which the current AtkHypertext has","Число ссылок, которые имеет текущий объект AtkHypertext"
"atk/atkvalue.c:194","very weak","очень слабо"
"atk/atkvalue.c:201","weak","слабо"
"atk/atkvalue.c:208","acceptable","приемлемо"
"atk/atkvalue.c:215","strong","надёжно"
"atk/atkvalue.c:222","very strong","очень надёжно"
"atk/atkvalue.c:230","very low","очень низко"
"atk/atkvalue.c:238","medium","средне"
"atk/atkvalue.c:246","high","высоко"
"atk/atkvalue.c:254","very high","очень высоко"
"atk/atkvalue.c:262","very bad","очень плохо"
"atk/atkvalue.c:270","bad","плохо"
"atk/atkvalue.c:278","good","хорошо"
"atk/atkvalue.c:286","very good","очень хорошо"
"atk/atkvalue.c:294","best","лучше не бывает"
"atspi/atspi-component.c:332 atspi/atspi-misc.c:1068 atspi/atspi-value.c:111","The application no longer exists","Приложение больше не существует"
"atspi/atspi-misc.c:1891","Attempted synchronous call where prohibited","Попытка сделать синхронный вызов там, где это запрещено"
