"location","source","target"
"","po header","Project-Id-Version: gnome-utils trunk
Report-Msgid-Bugs-To: https://gitlab.gnome.org/GNOME/baobab/issues
POT-Creation-Date: 2022-05-24 08:29+0000
PO-Revision-Date: 2022-01-10 23:14+0300
Last-Translator: Aleksandr Melman <Alexmelman88@gmail.com>
Language-Team: Русский <gnome-cyr@gnome.org>
Language: ru
MIME-Version: 1.0
Content-Type: text/plain; charset=UTF-8
Content-Transfer-Encoding: 8bit
Plural-Forms: nplurals=3; plural=(n%10==1 && n%100!=11 ? 0 : n%10>=2 && n%10<=4 && (n%100<10 || n%100>=20) ? 1 : 2);
10<=4 && (n%100<10 || n%100>=20) ? 1: 2);
X-Generator: Poedit 3.0
"
"data/org.gnome.baobab.appdata.xml.in:6 data/org.gnome.baobab.desktop.in:3 data/ui/baobab-main-window.ui:35 src/baobab-window.vala:287","Disk Usage Analyzer","Анализатор использования дисков"
"data/org.gnome.baobab.appdata.xml.in:7 data/org.gnome.baobab.desktop.in:4","Check folder sizes and available disk space","Изучение размера папок и свободного места на дисках"
"data/org.gnome.baobab.appdata.xml.in:9","A simple application to keep your disk usage and available space under control.","Простое приложение для контроля использования диска и доступного пространства."
"data/org.gnome.baobab.appdata.xml.in:12","Disk Usage Analyzer can scan specific folders, storage devices and online accounts. It provides both a tree and a graphical representation showing the size of each folder, making it easy to identify where disk space is wasted.","Анализатор использования дисков может сканировать отдельные папки, устройства хранения и сетевые учётные записи. Обеспечивает графическое представление и представление в виде дерева, показывающее размер каждой папки, что позволяет легко определить, где теряется дисковое пространство."
"data/org.gnome.baobab.appdata.xml.in:23","Devices and Locations","Устройства и расположения"
"data/org.gnome.baobab.appdata.xml.in:38","The GNOME Project","Проект GNOME"
"data/org.gnome.baobab.desktop.in:6","storage;space;cleanup;","накопитель;пространство;очистка;"
"data/org.gnome.baobab.gschema.xml:9","Excluded locations URIs","URI исключенных расположений"
"data/org.gnome.baobab.gschema.xml:10","A list of URIs for locations to be excluded from scanning.","Список URI для мест, которые должны быть исключены из сканирования."
"data/org.gnome.baobab.gschema.xml:20","Active Chart","Текущая диаграмма"
"data/org.gnome.baobab.gschema.xml:21","Which type of chart should be displayed.","Какой тип диаграммы показывать."
"data/org.gnome.baobab.gschema.xml:25","Window size","Размер окна"
"data/org.gnome.baobab.gschema.xml:26","The initial size of the window","Исходный размер окна"
"data/org.gnome.baobab.gschema.xml:30","Window Maximized","Окно развернуто"
"data/org.gnome.baobab.gschema.xml:31","Whether or not the window is maximized","Является ли окно развернутым или нет"
"data/gtk/help-overlay.ui:13","General","Общие"
"data/gtk/help-overlay.ui:18","Show help","Показать справку"
"data/gtk/help-overlay.ui:25","Show / Hide primary menu","Показать / Скрыть основное меню"
"data/gtk/help-overlay.ui:31","Quit","Завершить"
"data/gtk/help-overlay.ui:38","Show Keyboard Shortcuts","Показать комбинации клавиш"
"data/gtk/help-overlay.ui:46","Go back to location list","Вернуться к списку путей"
"data/gtk/help-overlay.ui:54","Scanning","Сканирование"
"data/gtk/help-overlay.ui:59","Scan folder","Сканировать папку"
"data/gtk/help-overlay.ui:66","Rescan current location","Пересканировать текущий путь"
"data/gtk/menus.ui:7 data/ui/baobab-treeview-menu.ui:6","_Open Folder","Откр_ыть папку"
"data/gtk/menus.ui:11 data/ui/baobab-treeview-menu.ui:10","_Copy Path to Clipboard","Скопировать путь в _буфер обмена"
"data/gtk/menus.ui:15 data/ui/baobab-treeview-menu.ui:14","Mo_ve to Trash","У_далить в корзину"
"data/gtk/menus.ui:21","Go to _parent folder","Перейти к _родительской папке"
"data/gtk/menus.ui:27","Zoom _in","У_величить"
"data/gtk/menus.ui:31","Zoom _out","У_меньшить"
"data/ui/baobab-folder-display.ui:14 data/ui/baobab-main-window.ui:171","Folder","Папка"
"data/ui/baobab-folder-display.ui:37 data/ui/baobab-main-window.ui:198","Size","Размер"
"data/ui/baobab-folder-display.ui:53 data/ui/baobab-main-window.ui:214","Contents","Содержимое"
"data/ui/baobab-folder-display.ui:69 data/ui/baobab-main-window.ui:230","Modified","Последнее изменение"
"data/ui/baobab-location-list.ui:18","This Computer","Этот компьютер"
"data/ui/baobab-location-list.ui:42","Remote Locations","Удалённые расположения"
"data/ui/baobab-main-window.ui:7","Scan Folder…","Сканировать папку…"
"data/ui/baobab-main-window.ui:11","Clear Recent List","Очистить список недавних"
"data/ui/baobab-main-window.ui:17 data/ui/baobab-preferences-dialog.ui:6","Preferences","Параметры"
"data/ui/baobab-main-window.ui:21","Keyboard _Shortcuts","_Комбинации клавиш"
"data/ui/baobab-main-window.ui:25","_Help","_Справка"
"data/ui/baobab-main-window.ui:29","_About Disk Usage Analyzer","_О приложении"
"data/ui/baobab-main-window.ui:47","Go back to location list","Вернуться к списку расположений"
"data/ui/baobab-main-window.ui:63","Rescan current location","Повторное сканирование текущего расположения"
"data/ui/baobab-main-window.ui:111","Close","Закрыть"
"data/ui/baobab-main-window.ui:299","Rings Chart","Круговая диаграмма"
"data/ui/baobab-main-window.ui:312","Treemap Chart","Древовидная диаграмма"
"data/ui/baobab-preferences-dialog.ui:12","Locations to Ignore","Игнорировать"
"src/baobab-application.vala:33","Do not skip directories on different file systems. Ignored if DIRECTORY is not specified.","Не пропускать каталоги на разных файловых системах. Игнорируется, если не указано DIRECTORY."
"src/baobab-application.vala:34","Print version information and exit","Показать информацию о версии и выйти"
"src/baobab-cellrenderers.vala:34","%d item
msgid_plural: %d items","msgstr[0]: %d объект
msgstr[1]: %d объекта
msgstr[2]: %d объектов"
"src/baobab-cellrenderers.vala:40 src/baobab-location-list.vala:80","Unknown","Неизвестно"
"src/baobab-cellrenderers.vala:48","Today","Сегодня"
"src/baobab-cellrenderers.vala:53","%lu day
msgid_plural: %lu days","msgstr[0]: %lu день
msgstr[1]: %lu дня
msgstr[2]: %lu дней"
"src/baobab-cellrenderers.vala:58","%lu month
msgid_plural: %lu months","msgstr[0]: %lu месяц
msgstr[1]: %lu месяца
msgstr[2]: %lu месяцев"
"src/baobab-cellrenderers.vala:62","%lu year
msgid_plural: %lu years","msgstr[0]: %lu год
msgstr[1]: %lu года
msgstr[2]: %lu лет"
"src/baobab-location-list.vala:67","%s Total","%s всего"
"src/baobab-location-list.vala:71","%s Available","%s доступно"
"src/baobab-location-list.vala:85","%s Used","%s использовано"
"src/baobab-location-list.vala:87","Unmounted","Отмонтированный"
"src/baobab-location.vala:72","Home Folder","Домашняя папка"
"src/baobab-location.vala:107","Computer","Компьютер"
"src/baobab-preferences-dialog.vala:53","Select Location to Ignore","Выберите расположение для игнорирования"
"src/baobab-preferences-dialog.vala:90","Add Location…","Добавить расположение…"
"src/baobab-window.vala:205","Select Folder","Выберите папку"
"src/baobab-window.vala:212","Recursively analyze mount points","Рекурсивно анализировать точки монтирования"
"src/baobab-window.vala:235","Could not analyze volume.","Не удалось проанализировать том."
"src/baobab-window.vala:290","A graphical tool to analyze disk usage.","Графическое средство для анализа использования дисков."
"src/baobab-window.vala:296","translator-credits","Станислав Соловей <whats_up@tut.by>, 2013-2019.
Юрий Мясоедов <ymyasoedov@yandex.ru>, 2014.
Alexey Rubtsov <rushills@gmail.com>, 2021"
"src/baobab-window.vala:358","Failed to open file","Не удалось открыть файл"
"src/baobab-window.vala:374","Failed to move file to the trash","Не удалось переместить файл в корзину"
"src/baobab-window.vala:567","Devices & Locations","Устройства и расположения"
"src/baobab-window.vala:619","Could not scan folder “%s”","Не удалось просканировать папку «%s»"
"src/baobab-window.vala:634","Could not always detect occupied disk sizes.","Не всегда удается определить размер занятого диска."
"src/baobab-window.vala:634","Apparent sizes may be shown instead.","Вместо этого могут быть показаны видимые размеры."
"src/baobab-window.vala:638","Scan completed","Сканирование завершено"
"src/baobab-window.vala:639","Completed scan of “%s”","Завершено сканирование «%s»"
"src/baobab-window.vala:679","“%s” is not a valid folder","«%s» — недопустимая папка"
"src/baobab-window.vala:680","Could not analyze disk usage.","Не удалось проанализировать использование дисков."
