"location","source","target"
"","po header","Project-Id-Version: cheese gnome-2-22
Report-Msgid-Bugs-To: https://gitlab.gnome.org/GNOME/cheese/issues
POT-Creation-Date: 2022-05-27 13:57+0000
PO-Revision-Date: 2021-06-26 14:01+0300
Last-Translator: Alexey Rubtsov <rushills@gmail.com>
Language-Team: Русский <gnome-cyr@gnome.org>
Language: ru
MIME-Version: 1.0
Content-Type: text/plain; charset=UTF-8
Content-Transfer-Encoding: 8bit
Plural-Forms: nplurals=3; plural=(n%10==1 && n%100!=11 ? 0 : n%10>=2 && n%10<=4 && (n%100<10 || n%100>=20) ? 1 : 2);
X-Generator: Poedit 3.0
"
"data/cheese-main-window.ui:52","Photo mode","Режим фотосъёмки"
"data/cheese-main-window.ui:53","Photo","Фото"
"data/cheese-main-window.ui:65","Video mode","Режим видеосъёмки"
"data/cheese-main-window.ui:66","Video","Видео"
"data/cheese-main-window.ui:77","Photo burst mode","Режим серийной фотосъёмки"
"data/cheese-main-window.ui:78","Burst","Серия"
"data/cheese-main-window.ui:107 src/cheese-window.vala:1409","Take a photo using a webcam","Сделать снимок с помощью веб-камеры"
"data/cheese-main-window.ui:133","Navigate to the previous page of effects","Перейти на предыдущую страницу эффектов"
"data/cheese-main-window.ui:148","Effects","Эффекты"
"data/cheese-main-window.ui:157","_Effects","_Эффекты"
"data/cheese-main-window.ui:170","Navigate to the next page of effects","Перейти на следующую страницу эффектов"
"data/cheese-main-window.ui:192","Leave fullscreen mode and go back to windowed mode","Переключиться из полноэкранного режима в оконный"
"data/cheese-prefs.ui:7","Preferences","Параметры"
"data/cheese-prefs.ui:13 data/headerbar.ui:21","_Help","_Справка"
"data/cheese-prefs.ui:22","_Close","_Закрыть"
"data/cheese-prefs.ui:51","Device","Устройство"
"data/cheese-prefs.ui:66","Photo resolution","Разрешение фотоснимков"
"data/cheese-prefs.ui:81","Video resolution","Разрешение видео"
"data/cheese-prefs.ui:140 libcheese/cheese-fileutil.c:283 libcheese/cheese-fileutil.c:303","Webcam","Веб-камера"
"data/cheese-prefs.ui:159","Brightness","Яркость"
"data/cheese-prefs.ui:174","Saturation","Насыщенность"
"data/cheese-prefs.ui:189","Hue","Оттенок"
"data/cheese-prefs.ui:280","Contrast","Контраст"
"data/cheese-prefs.ui:298","Image","Изображение"
"data/cheese-prefs.ui:324","Shutter","Затвор"
"data/cheese-prefs.ui:338","_Countdown","_Обратный отсчёт"
"data/cheese-prefs.ui:358","Fire _flash","_Вспышка"
"data/cheese-prefs.ui:394","Burst mode","Режим серийной съёмки"
"data/cheese-prefs.ui:412","Number of photos","Количество фотографий"
"data/cheese-prefs.ui:427","Delay between photos (seconds)","Задержка между снимками (сек)"
"data/cheese-prefs.ui:486","Capture","Съёмка"
"data/headerbar.ui:6","_Fullscreen","_На полный экран"
"data/headerbar.ui:10","P_references","_Параметры"
"data/headerbar.ui:16","_Keyboard Shortcuts","_Горячие клавиши"
"data/headerbar.ui:25","_About Cheese","_О приложении"
"data/headerbar.ui:32 libcheese/cheese-avatar-chooser.c:85 src/cheese-window.vala:1438","Take a Photo","Сделать снимок"
"data/menus.ui:6","Open","Открыть"
"data/menus.ui:11","Save _As…","Сохранить _как…"
"data/menus.ui:16","Move to _Trash","Пере_местить в корзину"
"data/menus.ui:21","Delete","Удалить"
"data/org.gnome.Cheese.appdata.xml.in:9 data/org.gnome.Cheese.desktop.in:3 src/cheese-application.vala:116 src/cheese-application.vala:582","Cheese","Cheese"
"data/org.gnome.Cheese.appdata.xml.in:10 data/org.gnome.Cheese.desktop.in:5 src/cheese-application.vala:577","Take photos and videos with your webcam, with fun graphical effects","Создание фотографий и видео с помощью веб-камеры, c применением занятных эффектов"
"data/org.gnome.Cheese.appdata.xml.in:12","Cheese uses your webcam to take photos and videos, applies fancy special effects and lets you share the fun with others.","Cheese использует веб-камеру для съёмки фото и видео, применяет забавные эффекты и позволяет публиковать снимки."
"data/org.gnome.Cheese.appdata.xml.in:16","Take multiple photos in quick succession with burst mode. Use the countdown to give yourself time to strike a pose, and wait for the flash!","Сделайте несколько снимков в режиме серийной съёмки. Используйте счётчик, чтобы подготовиться к съёмке и ожидайте вспышки!"
"data/org.gnome.Cheese.appdata.xml.in:21","Under the hood, Cheese uses GStreamer to apply fancy effects to photos and videos. With Cheese it is easy to take photos of you, your friends, pets or whatever you want and share them with others.","Для применения различных эффектов к фото и видео Cheese использует GStreamer. С помощью Cheese вы можете сделать собственные снимки, снимки с вашими друзьями, домашними питомцами и т. д., вы также можете опубликовать сделанные фотографии."
"data/org.gnome.Cheese.desktop.in:4","Webcam Booth","Фотовидеобудка"
"data/org.gnome.Cheese.desktop.in:7","photo;video;webcam;camera;selfie;","фото;видео;веб-камера;камера; селфи;"
"data/org.gnome.Cheese.gschema.xml:5","Use a countdown","Использовать обратный отсчёт"
"data/org.gnome.Cheese.gschema.xml:6","Set to true to show a countdown before taking a photo","Если выбрано, то перед началом съёмки будет показан обратный отсчёт"
"data/org.gnome.Cheese.gschema.xml:11","Countdown length","Длительность обратного отсчёта"
"data/org.gnome.Cheese.gschema.xml:12","The duration of the countdown before taking a photo, in seconds","Длительность обратного отсчёта перед началом съёмки (в секундах)"
"data/org.gnome.Cheese.gschema.xml:18","Fire flash before taking a photo","Использовать вспышку"
"data/org.gnome.Cheese.gschema.xml:19","Set to true to fire a flash before taking a photo","Если выбрано, во время съёмки будет использоваться вспышка"
"data/org.gnome.Cheese.gschema.xml:24","Camera device string indicator","Индикатор подключения веб-камеры"
"data/org.gnome.Cheese.gschema.xml:25","The path to the device node which points to the camera, for example /dev/video0","Путь к узлу устройства, который используется камерой, например, /dev/video0"
"data/org.gnome.Cheese.gschema.xml:30","Last selected effect","Последний использованный эффект"
"data/org.gnome.Cheese.gschema.xml:31","Name of the installed effect that was selected last","Название последнего выбранного установленного эффекта"
"data/org.gnome.Cheese.gschema.xml:36","Photo width","Ширина фотоснимка"
"data/org.gnome.Cheese.gschema.xml:37","The width of the image captured from the camera, in pixels","Ширина изображения, получаемого с камеры (в пикселах)"
"data/org.gnome.Cheese.gschema.xml:43","Photo height","Высота фотоснимка"
"data/org.gnome.Cheese.gschema.xml:44","The height of the image captured from the camera, in pixels","Высота изображения, полученного с камеры (в пикселах)"
"data/org.gnome.Cheese.gschema.xml:50","Video width","Ширина видео"
"data/org.gnome.Cheese.gschema.xml:51","The width of the video captured from the camera, in pixels","Высота изображения, получаемого с камеры (в пикселах)"
"data/org.gnome.Cheese.gschema.xml:57","Video height","Высота видео"
"data/org.gnome.Cheese.gschema.xml:58","The height of the video captured from the camera, in pixels","Высота видео, полученного с камеры (в пикселах)"
"data/org.gnome.Cheese.gschema.xml:64","Image brightness","Яркость изображения"
"data/org.gnome.Cheese.gschema.xml:65","Adjusts the brightness of the image coming from the camera","Регулирует яркость изображения, получаемого с камеры"
"data/org.gnome.Cheese.gschema.xml:71","Image contrast","Контрастность изображения"
"data/org.gnome.Cheese.gschema.xml:72","Adjusts the contrast of the image coming from the camera","Регулирует контрастность изображения, получаемого с камеры"
"data/org.gnome.Cheese.gschema.xml:78","Image saturation","Насыщенность изображения"
"data/org.gnome.Cheese.gschema.xml:79","Adjusts the saturation of the image coming from the camera","Регулирует насыщенность изображения, получаемого с камеры"
"data/org.gnome.Cheese.gschema.xml:85","Image hue","Оттенок изображения"
"data/org.gnome.Cheese.gschema.xml:86","Adjusts the hue (color tint) of the image coming from the camera","Регулирует цветовой оттенок изображения, получаемого с камеры"
"data/org.gnome.Cheese.gschema.xml:92","Video path","Путь к видео"
"data/org.gnome.Cheese.gschema.xml:93","Defines the path where the videos are stored. If empty, “XDG_VIDEOS_DIR/Webcam” will be used.","Указывает путь для сохранения видео. Если не указано, то используется «XDG_VIDEOS_DIR/Webcam»."
"data/org.gnome.Cheese.gschema.xml:98","Photo path","Путь к фотографиям"
"data/org.gnome.Cheese.gschema.xml:99","Defines the path where the photos are stored. If empty, “XDG_PICTURES_DIR/Webcam” will be used.","Указывает путь для сохранения фотоснимков. Если не указано, то используется «XDG_PICTURES_DIR/Webcam»."
"data/org.gnome.Cheese.gschema.xml:104","Time between photos in burst mode","Задержка между снимками в режиме серийной съёмки"
"data/org.gnome.Cheese.gschema.xml:105","The length of time, in milliseconds, to delay between taking each photo in a burst sequence of photos. If the burst delay is less than the countdown duration, the countdown duration will be used instead.","Задержка между снимками в режиме серийной съёмки (в милисекундах). Если эта задержка меньше, чем длительность обратного отсчёта, то будет использоваться длительность обратного отсчёта."
"data/org.gnome.Cheese.gschema.xml:111","Number of photos in burst mode","Количество фотографий в режиме серийной съёмки"
"data/org.gnome.Cheese.gschema.xml:112","The number of photos to take in a single burst.","Количество снимков в одной серии."
"data/shortcuts.ui:12","Overview","Обзор"
"data/shortcuts.ui:16","Fullscreen on / off","Включение/выключение полноэкранного режима"
"data/shortcuts.ui:22","Quit the application","Выйти из приложения"
"data/shortcuts.ui:30","Thumbnails","Миниатюры"
"data/shortcuts.ui:34","Open","Открыть"
"data/shortcuts.ui:40","Save As","Сохранить как"
"data/shortcuts.ui:46","Move to Trash","Переместить в корзину"
"data/shortcuts.ui:52","Delete","Удалить"
"libcheese/cheese-avatar-chooser.c:80 src/cheese-window.vala:257 src/cheese-window.vala:286 src/cheese-window.vala:361","_Cancel","_Отмена"
"libcheese/cheese-avatar-chooser.c:82","_Select","_Выбрать"
"libcheese/cheese-avatar-widget.c:128 src/cheese-window.vala:685","Shutter sound","Звук затвора"
"libcheese/cheese-avatar-widget.c:270","_Take Another Picture","_Сделать другой снимок"
"libcheese/cheese-camera.c:445 libcheese/cheese-camera.c:1639","One or more needed GStreamer elements are missing: ","Один или более компонентов GStreamer отсутствуют: "
"libcheese/cheese-camera.c:1581","No device found","Устройства не найдены"
"libcheese/cheese-camera.c:1874","%02i:%02i:%02i","%02i:%02i:%02i"
"libcheese/cheese-camera-device.c:577","Device capabilities not supported","Возможности устройства не поддерживаются"
"libcheese/cheese-camera-device.c:735","Unknown device","Неизвестное устройство"
"libcheese/cheese-camera-device.c:754","Cancellable initialization not supported","Отмена инициализации невозможна"
"src/cheese-application.vala:56","Start in wide mode","Запустить в широкоформатном режиме"
"src/cheese-application.vala:59","Device to use as a camera","Устройство, используемое в качестве камеры"
"src/cheese-application.vala:59","DEVICE","УСТРОЙСТВО"
"src/cheese-application.vala:61","Output version information and exit","Вывести версию и выйти"
"src/cheese-application.vala:63","Start in fullscreen mode","Запустить в полноэкранном режиме"
"src/cheese-application.vala:321","Webcam in use","Веб-камера включена"
"src/cheese-application.vala:583","translator-credits","Станислав Соловей <whats_up@tut.by>, 2013-2019.
Юрий Мясоедов <ymyasoedov@yandex.ru>, 2014.
Alexey Rubtsov <rushills@gmail.com>, 2021"
"src/cheese-application.vala:585","Cheese Website","Веб-сайт Cheese"
"src/cheese-effects-manager.vala:51","No Effect","Без эффектов"
"src/cheese-window.vala:229","Could not open %s","Не удалось открыть %s"
"src/cheese-window.vala:254","Are you sure you want to permanently delete the file?
msgid_plural: Are you sure you want to permanently delete %d files?","msgstr[0]: Действительно хотите безвозвратно удалить %d файл?
msgstr[1]: Действительно хотите безвозвратно удалить %d файла?
msgstr[2]: Действительно хотите безвозвратно удалить %d файлов?"
"src/cheese-window.vala:258","_Delete","_Удалить"
"src/cheese-window.vala:260","If you delete an item, it will be permanently lost
msgid_plural: If you delete the items, they will be permanently lost","msgstr[0]: Если вы удалите элемент, он будет безвозвратно утерян
msgstr[1]: Если вы удалите элементы, они будут безвозвратно утеряны
msgstr[2]: Если вы удалите элементы, они будут безвозвратно утеряны"
"src/cheese-window.vala:284","Could not delete %s","Не удалось удалить %s"
"src/cheese-window.vala:287","Skip","Пропустить"
"src/cheese-window.vala:288","Skip all","Пропустить все"
"src/cheese-window.vala:333","Could not move %s to trash","Не удалось переместить %s в корзину"
"src/cheese-window.vala:358","Save File","Сохранить файл"
"src/cheese-window.vala:362","Save","Сохранить"
"src/cheese-window.vala:392","Could not save %s","Не удалось сохранить %s"
"src/cheese-window.vala:813","Stop recording","Остановить запись"
"src/cheese-window.vala:828","Record a video","Записать видео"
"src/cheese-window.vala:863","Stop taking pictures","Остановить фотосъёмку"
"src/cheese-window.vala:886","Take multiple photos","Сделать несколько снимков"
"src/cheese-window.vala:1080","No effects found","Эффекты не найдены"
"src/cheese-window.vala:1204","There was an error playing video from the webcam","При воспроизведении видео с веб-камеры произошла ошибка"
"src/cheese-window.vala:1413","Record a video using a webcam","Записать видео с помощью веб-камеры"
"src/cheese-window.vala:1419","Take multiple photos using a webcam","Сделать несколько снимков с помощью веб-камеры"
"src/cheese-window.vala:1431","Choose an Effect","Выбрать эффект"
"src/cheese-window.vala:1442","Record a Video","Записать видео"
"src/cheese-window.vala:1446","Take Multiple Photos","Сделать несколько снимков"
