"location","source","target"
"","po header","Project-Id-Version: gnome-connections master
Report-Msgid-Bugs-To: https://gitlab.gnome.org/GNOME/connections/issues
POT-Creation-Date: 2022-05-09 09:55+0000
PO-Revision-Date: 2021-11-14 22:13+0300
Last-Translator: Alexey Rubtsov <rushills@gmail.com>
Language-Team: Russian <gnome-cyr@gnome.org>
Language: ru
MIME-Version: 1.0
Content-Type: text/plain; charset=UTF-8
Content-Transfer-Encoding: 8bit
Plural-Forms: nplurals=3; plural=(n%10==1 && n%100!=11 ? 0 : n%10>=2 && n%10<=4 && (n%100<10 || n%100>=20) ? 1 : 2);
X-Generator: Poedit 3.0
"
"data/org.gnome.Connections.appdata.xml.in:7 data/org.gnome.Connections.desktop.in:3 src/application.vala:92 src/ui/topbar.ui:9 src/ui/window.ui:5 src/window.vala:106","Connections","Подключения"
"data/org.gnome.Connections.appdata.xml.in:8","View and use other desktops","Просмотр и использование других рабочих столов"
"data/org.gnome.Connections.appdata.xml.in:10","Connections allows you to connect to and use other desktops. This can be a great way to access content or software on a different desktop operating system. It can also be used as a way to provide support to users who might need help.","Подключения позволяют подключаться к другим рабочим столам и использовать их. Это может быть отличным способом доступа к содержимому или программному обеспечению на другой операционной системе рабочего стола. Это также может быть использовано как способ оказания поддержки пользователям, которым может понадобиться помощь."
"data/org.gnome.Connections.appdata.xml.in:13","A range of different operating systems can be connected to, including Linux and Windows desktops. You can also connect to virtual machines.","Можно подключаться к различным операционным системам, включая настольные компьютеры Linux и Windows. Можно также подключаться к виртуальным машинам."
"data/org.gnome.Connections.appdata.xml.in:16","Connections uses the widely supported VNC and RDP protocols, and one of these must be enabled on the desktop that you want to connect to.","Подключения использует широко поддерживаемые протоколы VNC и RDP, и один из них должен быть включен на рабочем столе, к которому вы хотите подключиться."
"data/org.gnome.Connections.appdata.xml.in:43","The GNOME Project","Проект GNOME"
"data/org.gnome.Connections.desktop.in:8","vnc;rdp;remote;desktop;windows;support;access;view","vnc;rdp;удалённая работа;десктоп;окна;поддержка;доступ;просмотр"
"data/org.gnome.Connections.xml:5","Remote Desktop (VNC) file","Файл удаленного рабочего стола (VNC)"
"src/actions-popover.vala:44","Delete","Удалить"
"src/actions-popover.vala:48 src/topbar.vala:66 src/ui/topbar.ui:220","Properties","Свойства"
"src/application.vala:88","translator-credits","Станислав Соловей <whats_up@tut.by>, 2013-2019.
Юрий Мясоедов <ymyasoedov@yandex.ru>, 2014.
Alexey Rubtsov <rushills@gmail.com>, 2021
Aleksandr Melman <Alexmelman88@gmail.com>, 2021"
"src/application.vala:89 src/application.vala:242","A remote desktop client for the GNOME desktop environment","Клиент удаленного рабочего стола для среды рабочего стола GNOME"
"src/application.vala:151","Couldn’t open file of unknown mime type %s","Не удалось открыть файл неизвестного mime-типа %s"
"src/application.vala:182","Connection to “%s” has been deleted","Соединение с «%s» было удалено"
"src/application.vala:185","Undo","Отменить"
"src/application.vala:232","URL to connect","URL для подключения"
"src/application.vala:233","Open .vnc or .rdp file at the given PATH","Открыть файл .vnc или .rdp в указанном Пути"
"src/application.vala:234","Open in full screen","Полноэкранный режим"
"src/application.vala:257","Too many command-line arguments specified.
","Указано слишком много аргументов командной строки.
"
"src/connection.vala:70","Screenshot from %s","Снимок экрана от %s"
"src/connection.vala:85","Screenshot taken","Сделан скриншот"
"src/connection.vala:88","Open","Открыть"
"src/connection.vala:161","“%s” requires authentication","«%s» требует аутентификации"
"src/connection.vala:200","Authentication failed: %s","Аутентификация не прошла: %s"
"src/display-view.vala:141","%d×%d","%d×%d"
"src/onboarding-dialog.vala:86 src/ui/onboarding-dialog.ui:147","No Thanks","Нет, спасибо"
"src/onboarding-dialog.vala:86","Close","Закрыть"
"src/topbar.vala:58 src/ui/topbar.ui:212","Take Screenshot","Сделать скриншот"
"src/topbar.vala:62 src/ui/topbar.ui:216","Fullscreen","Полноэкранный режим"
"src/ui/assistant.ui:26","Enter the network identifier of the remote desktop to connect to:","Введите сетевой идентификатор удалённого рабочего стола для подключения:"
"src/ui/assistant.ui:53","Connection Type","Тип подключения"
"src/ui/assistant.ui:63","RDP (standard for connecting to Windows)","RDP (стандарт для подключения к Windows)"
"src/ui/assistant.ui:72","VNC (standard for connecting to Linux)","VNC (стандарт для подключения к Linux)"
"src/ui/assistant.ui:90 src/ui/topbar.ui:201","Help","Справка"
"src/ui/assistant.ui:100","Connect","Подключиться"
"src/ui/auth-notification.ui:39","_Username","_Имя пользователя"
"src/ui/auth-notification.ui:71","_Password","_Пароль"
"src/ui/auth-notification.ui:108","Sign In","Войти"
"src/ui/onboarding-dialog.ui:41 src/ui/window.ui:52","Welcome to Connections","Добро пожаловать в Подключения"
"src/ui/onboarding-dialog.ui:42","Learn about how Connections works.","Узнайте как работают Подключения."
"src/ui/onboarding-dialog.ui:49","Use other desktops, remotely","Используйте другие рабочие столы, удалённо"
"src/ui/onboarding-dialog.ui:50","Use Connections to view the screen of other desktops. You can control them using the pointer and keyboard, too!","Используйте Подключения чтобы увидеть экраны других компьютеров. Вы также можете управлять ими используя мышь и клавиатуру!"
"src/ui/onboarding-dialog.ui:57","Connect to different operating systems","Подключайтесь к другим операционным системам"
"src/ui/onboarding-dialog.ui:58","Access Linux, Mac, and Windows desktops using Connections.","Получите доступ к компьютерам с Linux, Mac и Windows, используя Подключения."
"src/ui/onboarding-dialog.ui:65","Enable remote desktop before connecting","Разрешите удалённый рабочий стол перед подключением"
"src/ui/onboarding-dialog.ui:66","Computers need to be set up for remote desktop before you can connect to them.","Компьютеры должны быть настроены для использования удалённых рабочих столов прежде, чем вы сможете подключиться к ним."
"src/ui/onboarding-dialog.ui:73","We hope that you enjoy Connections!","Мы надеемся, что Подключения вам понравятся!"
"src/ui/onboarding-dialog.ui:74","More information can be found in the help.","Вы сможете найти подробную информацию в Справке"
"src/ui/rdp-preferences.ui:9 src/ui/vnc-preferences.ui:9","Connection preferences","Настройки подключения"
"src/ui/rdp-preferences.ui:22 src/ui/vnc-preferences.ui:22","Address","Адрес"
"src/ui/rdp-preferences.ui:37 src/ui/vnc-preferences.ui:37","Name","Имя"
"src/ui/rdp-preferences.ui:51 src/ui/vnc-preferences.ui:59","Scaling","Масштабирование"
"src/ui/topbar.ui:21","New","Новый"
"src/ui/topbar.ui:42","Application Menu","Меню приложения"
"src/ui/topbar.ui:70","Search","Поиск"
"src/ui/topbar.ui:104","Go Back","Назад"
"src/ui/topbar.ui:125","Display Menu","Отображение меню"
"src/ui/topbar.ui:149","Disconnect","Отключиться"
"src/ui/topbar.ui:174","Keyboard shortcuts","Комбинации клавиш"
"src/ui/topbar.ui:197","Keyboard Shortcuts","Комбинации клавиш"
"src/ui/topbar.ui:205","About Connections","О Программе"
"src/ui/topbar.ui:234","Ctrl + Alt + Backspace","Ctrl + Alt + Backspace"
"src/ui/topbar.ui:241","Ctrl + Alt + Del","Ctrl + Alt + Del"
"src/ui/topbar.ui:248","Ctrl + Alt + F1","Ctrl + Alt + F1"
"src/ui/topbar.ui:255","Ctrl + Alt + F2","Ctrl + Alt + F2"
"src/ui/topbar.ui:262","Ctrl + Alt + F3","Ctrl + Alt + F3"
"src/ui/topbar.ui:269","Ctrl + Alt + F7","Ctrl + Alt + F7"
"src/ui/vnc-preferences.ui:54","Display","Дисплей"
"src/ui/vnc-preferences.ui:66","View only","Только просмотр"
"src/ui/vnc-preferences.ui:73","Show local pointer","Показать локальный указатель"
"src/ui/vnc-preferences.ui:80","Enable audio","Включить звук"
"src/ui/vnc-preferences.ui:88","Bandwidth","Полоса пропускания"
"src/ui/vnc-preferences.ui:95","High quality","Высокое качество"
"src/ui/vnc-preferences.ui:96","Fast refresh","Быстрое обновление"
"src/ui/vnc-preferences.ui:107","Scale mode","Режим масштабирования"
"src/ui/vnc-preferences.ui:114","Fit window","Подходящее окно"
"src/ui/vnc-preferences.ui:115","Original size","Исходный размер"
"src/ui/window.ui:53","Just hit the <b>+</b> button to make your first connection.","Просто нажмите кнопку <b>+</b>, чтобы установить первое соединение."
"src/vnc-connection.vala:148","Couldn’t parse the file","Не удалось проанализировать файл"
"src/vnc-connection.vala:156 src/vnc-connection.vala:161 src/vnc-connection.vala:166 src/vnc-connection.vala:171","VNC File is missing key “%s”","В файле VNC отсутствует ключ «%s»"
