"location","source","target"
"","po header","Project-Id-Version: console main
Report-Msgid-Bugs-To: https://gitlab.gnome.org/GNOME/console/issues
POT-Creation-Date: 2022-06-25 18:25+0000
PO-Revision-Date: 2022-06-20 17:12+0300
Last-Translator: Aleksandr Melman <Alexmelman88@gmail.com>
Language-Team: Russian <gnome-cyr@gnome.org>
Language: ru
MIME-Version: 1.0
Content-Type: text/plain; charset=UTF-8
Content-Transfer-Encoding: 8bit
Plural-Forms: nplurals=3; plural=(n%10==1 && n%100!=11 ? 0 : n%10>=2 && n%10<=4 && (n%100<10 || n%100>=20) ? 1 : 2);
X-Generator: Poedit 3.0.1
"
"data/org.gnome.Console.desktop.in.in:3 data/org.gnome.Console.metainfo.xml.in.in:8 src/kgx-application.h:46","Console","Консоль"
"data/org.gnome.Console.desktop.in.in:8","command;prompt;cmd;commandline;run;shell;terminal;kgx;kings cross;","command;prompt;cmd;commandline;run;shell;terminal;kgx;kings cross;"
"data/org.gnome.Console.desktop.in.in:21","New Window","Новое Окно"
"data/org.gnome.Console.desktop.in.in:27 src/kgx-window.ui:168","New Tab","Новая Вкладка"
"data/org.gnome.Console.metainfo.xml.in.in:9 src/kgx-application.c:640","Terminal Emulator","Эмулятор Терминала"
"data/org.gnome.Console.metainfo.xml.in.in:11","A simple user-friendly terminal emulator for the GNOME desktop.","Простой и удобный эмулятор терминала для рабочего стола GNOME."
"data/org.gnome.Console.metainfo.xml.in.in:30","Terminal window","Окно терминала"
"data/org.gnome.Console.metainfo.xml.in.in:104","Zander Brown","Zander Brown"
"src/help-overlay.ui:13","Application","Приложение"
"src/help-overlay.ui:19","New Window","Новое Окно"
"src/help-overlay.ui:26","Terminal","Терминал"
"src/help-overlay.ui:32","Find","Найти"
"src/help-overlay.ui:39","Copy","Копировать"
"src/help-overlay.ui:46","Paste","Вставить"
"src/help-overlay.ui:53","Tabs","Вкладки"
"src/help-overlay.ui:59","New Tab","Новая Вкладка"
"src/help-overlay.ui:66","Close Tab","Закрыть Вкладку"
"src/help-overlay.ui:73","Next Tab","Следующая Вкладка"
"src/help-overlay.ui:80","Previous Tab","Предыдущая Вкладка"
"src/help-overlay.ui:87","Switch to Tab","Переключиться на Вкладку"
"src/kgx-application.c:515","Cannot use both --command and positional parameters","Невозможно использовать как --команда, так и позиционные параметры"
"src/kgx-application.c:612","# KGX %s using VTE %u.%u.%u %s
","# KGX %s с использованием VTE %u.%u.%u %s
"
"src/kgx-application.c:624 src/kgx-window.c:525","© %s Zander Brown","© %s Zander Brown"
"src/kgx-application.c:638 src/kgx-window.ui:115","King’s Cross","Кингс-Кросс"
"src/kgx-application.c:642","GPL 3.0 or later","GPL 3.0 или более поздняя"
"src/kgx-application.c:774","Execute the argument to this option inside the terminal","Выполнить аргумент этой опции в терминале"
"src/kgx-application.c:775","COMMAND","КОМАНДА"
"src/kgx-application.c:783","Set the working directory","Установить рабочую папку"
"src/kgx-application.c:785","DIRNAME","ИМЯ ПАПКИ"
"src/kgx-application.c:793","Wait until the child exits (TODO)","Подождите, пока дочерний процесс завершится (ЗАДАЧА)"
"src/kgx-application.c:802","Set the initial window title","Установить начальный заголовок окна"
"src/kgx-application.c:803","TITLE","ЗАГОЛОВОК"
"src/kgx-application.c:811","ADVANCED: Set the shell to launch","ДОПОЛНИТЕЛЬНО: Установить оболочку для запуска"
"src/kgx-application.c:812","SHELL","ОБОЛОЧКА"
"src/kgx-application.c:820","ADVANCED: Set the scrollback length","ДОПОЛНИТЕЛЬНО: Установить длину прокрутки"
"src/kgx-application.c:821","LINES","СТРОКИ"
"src/kgx-application.c:830","[-e|-- COMMAND [ARGUMENT...]]","[-e|-- КОМАНДА [АРГУМЕНТ...]]"
"src/kgx-application.h:44","Console (Development)","Консоль (Разработка)"
"src/kgx-close-dialog.c:50","Close Window?","Закрыть Окно?"
"src/kgx-close-dialog.c:51","Some commands are still running, closing this window will kill them and may lead to unexpected outcomes","Некоторые команды все еще выполняются, закрытие этого окна приведет к их завершению и может привести к неожиданным последствиям"
"src/kgx-close-dialog.c:56","Close Tab?","Закрыть Вкладку?"
"src/kgx-close-dialog.c:57","Some commands are still running, closing this tab will kill them and may lead to unexpected outcomes","Некоторые команды все еще выполняются, закрытие этой вкладки приведет к их завершению и может привести к неожиданным последствиям"
"src/kgx-close-dialog.ui:24 src/kgx-terminal.c:804","_Cancel","_Отменить"
"src/kgx-close-dialog.ui:32","C_lose","З_акрыть"
"src/kgx-pages.ui:47","_Detach Tab","_Отсоединить Вкладку"
"src/kgx-pages.ui:53","_Close","_Закрыть"
"src/kgx-simple-tab.c:168","<b>Read Only</b> — Command exited with code %i","<b>Только для Чтения</b> — Команда завершилась с кодом %i"
"src/kgx-simple-tab.c:177","<b>Read Only</b> — Command exited","<b>Только для Чтения</b> — Команда завершена"
"src/kgx-simple-tab.c:210","<b>Failed to start</b> — %s","<b>Не удалось начать</b> — %s"
"src/kgx-tab.c:1162","Command completed","Команда выполнена"
"src/kgx-tab-button.ui:5","View Open Tabs","Просмотреть Открытые Вкладки"
"src/kgx-terminal.c:793","You are pasting a command that runs as an administrator","Вы вставляете команду, которая выполняется от имени администратора"
"src/kgx-terminal.c:796","Make sure you know what the command does:
%s","Убедитесь, что вы знаете, что делает команда:
%s"
"src/kgx-terminal.c:807 src/menus.ui:24","_Paste","_Вставить"
"src/kgx-theme-switcher.ui:18","Use System Colors","Использовать Системные Цвета"
"src/kgx-theme-switcher.ui:47","Use Light Colors","Использовать Светлые Цвета"
"src/kgx-theme-switcher.ui:76","Use Dark Colors","Использовать Темные Цвета"
"src/kgx-window.c:531","translator-credits","Aleksandr Melman <alexmelman88@gmail.com>, 2022"
"src/kgx-window.ui:26","Shrink Text","Уменьшить Текст"
"src/kgx-window.ui:39","Reset Size","Сброс Размера"
"src/kgx-window.ui:52","Enlarge Text","Увеличить Текст"
"src/kgx-window.ui:74","_New Window","_Новое Окно"
"src/kgx-window.ui:86","_Keyboard Shortcuts","_Комбинации Клавиш"
"src/kgx-window.ui:93","_About Console","_О Программе"
"src/kgx-window.ui:94","About this Program","Об этой Программе"
"src/kgx-window.ui:123","Find in Terminal","Найти в Терминале"
"src/kgx-window.ui:141","Menu","Меню"
"src/menus.ui:7","_Open Link","_Открыть Ссылку"
"src/menus.ui:12","Copy _Link","Копировать _Ссылку"
"src/menus.ui:19","_Copy","_Копировать"
"src/menus.ui:29","_Select All","_Выбрать Все"
"src/menus.ui:36","Show in _Files","Показать в _Файлах"
"nautilus/kgx-nautilus-menu-item.c:120","Open in Co_nsole (Devel)","Открыть в Ко_нсоле (Разработка)"
"nautilus/kgx-nautilus-menu-item.c:122","Open in Co_nsole","Открыть в Ко_нсоле"
"nautilus/kgx-nautilus-menu-item.c:124","Start a terminal session for this location","Запустить сеанс терминала для этого расположения"
