"location","source","target"
"","po header","Project-Id-Version: dconf master
Report-Msgid-Bugs-To: https://gitlab.gnome.org/GNOME/dconf-editor/issues
POT-Creation-Date: 2022-06-16 08:44+0000
PO-Revision-Date: 2022-03-10 14:59+0300
Last-Translator: Aleksandr Melman <Alexmelman88@gmail.com>
Language-Team: русский <gnome-cyr@gnome.org>
Language: ru
MIME-Version: 1.0
Content-Type: text/plain; charset=UTF-8
Content-Transfer-Encoding: 8bit
Plural-Forms: nplurals=3; plural=(n%10==1 && n%100!=11 ? 0 : n%10>=2 && n%10<=4 && (n%100<10 || n%100>=20) ? 1 : 2);
X-Generator: Poedit 3.0.1
"
"editor/about-list.vala:44 editor/base-headerbar.vala:310","About","О программе"
"editor/about-list.vala:46","Credits","Благодарности"
"editor/about-list.vala:135","GNU General Public License
version 3 or later","GNU General Public License
версии 3 или позднее"
"editor/about-list.vala:154","Creators","Авторы"
"editor/about-list.vala:166","Translators","Переводчики"
"editor/adaptative-pathbar.vala:251","Copy current path","Копировать текущий путь"
"editor/adaptative-pathbar.vala:264 editor/key-list-box-row.vala:475","Show properties","Показать свойства"
"editor/adaptative-window.vala:149","Pause night mode","Приостановить ночной режим"
"editor/adaptative-window.vala:153","Reuse night mode","Снова использовать ночной режим"
"editor/adaptative-window.vala:157","Use night mode","Использовать ночной режим"
"editor/base-headerbar.ui:113","Actions","Действия"
"editor/base-headerbar.ui:115","Current view actions","Текущий просмотр действий"
"editor/base-headerbar.vala:116","Keyboard Shortcuts","Горячие клавиши"
"editor/bookmarks-headerbar.vala:159 editor/bookmarks.ui:131 editor/registry-search.vala:552","Bookmarks","Закладки"
"editor/bookmarks-headerbar.vala:254","Hide bookmarks","Скрыть закладки"
"editor/bookmarks-headerbar.vala:259","Unbookmark","Убрать из закладок"
"editor/bookmarks-headerbar.vala:262","Bookmark","Добавить в закладки"
"editor/bookmarks-headerbar.vala:265","Show bookmarks","Показать закладки"
"editor/bookmarks-list.vala:32","Bookmarks will
be added here","Закладки будут
добавлены здесь"
"editor/bookmarks-list.vala:36","Use","Использовать"
"editor/bookmarks-list.vala:38","Edit","Редактировать"
"editor/bookmarks.ui:69","Location bookmarked","Расположение закладок"
"editor/bookmarks.ui:71","Toggle to bookmark this location","Переключить, чтобы добавить в закладки это расположение"
"editor/bookmarks.ui:96","The bookmarks list is not editable.","Список закладок недоступен для редактирования."
"editor/bookmarks.ui:133","Manage your bookmarks","Управление закладками"
"editor/bookmarks.vala:404","Bookmark this Search","Добавить в закладки этот Поисковый запрос"
"editor/bookmarks.vala:407","Bookmark this Location","Добавить в закладки это Расположение"
"editor/browser-headerbar.vala:165","Properties","Свойства"
"editor/browser-view.vala:81","Sort preferences have changed. Do you want to refresh the view?","Настройки сортировки изменились. Вы хотите обновить представление?"
"editor/browser-view.vala:84 editor/pathentry.ui:90","Refresh","Обновить"
"editor/browser-view.vala:87","This folder content has changed. Do you want to reload the view?","Содержимое этой папки изменилось. Вы хотите перезагрузить представление?"
"editor/browser-view.vala:90 editor/browser-view.vala:96","Reload","Перезагрузить"
"editor/browser-view.vala:93","This key’s properties have changed. Do you want to reload the view?","Свойства этого ключа изменились. Вы хотите перезагрузить представление?"
"editor/browser-window.vala:906","The same mouse button is set for going backward and forward. Doing nothing.","Для перехода назад и вперед установлена одна и та же кнопка мыши. Ничего не делать."
"editor/ca.desrt.dconf-editor.appdata.xml.in:9","Dconf Editor","Редактор Dconf"
"editor/ca.desrt.dconf-editor.appdata.xml.in:10","A graphical tool for editing the dconf database","Графический инструмент для редактирования базы данных dconf"
"editor/ca.desrt.dconf-editor.appdata.xml.in:13","Dconf Editor is a tool to allow direct editing of the dconf configuration database. This is useful when developing applications that use these settings.","Редактор Dconf - это инструмент, позволяющий напрямую редактировать базу данных конфигурации dconf. Это полезно при разработке приложений, использующих эти параметры."
"editor/ca.desrt.dconf-editor.appdata.xml.in:17","Editing your configuration directly is an advanced feature and may cause applications to not work correctly.","Прямое редактирование конфигурации является расширенной функцией и может привести к неправильной работе приложений."
"editor/ca.desrt.dconf-editor.appdata.xml.in:31","Browse the keys used by installed applications","Просматривайте ключи, используемые установленными приложениями"
"editor/ca.desrt.dconf-editor.appdata.xml.in:35","Read keys descriptions and edit their values","Читайте описания ключей и редактируйте их значения"
"editor/ca.desrt.dconf-editor.appdata.xml.in:50","The GNOME Project","Проект GNOME"
"editor/ca.desrt.dconf-editor.desktop.in:3 editor/dconf-editor.vala:21","dconf Editor","Редактор dconf"
"editor/ca.desrt.dconf-editor.desktop.in:5","Configuration editor for dconf","Редактор конфигурации для dconf"
"editor/ca.desrt.dconf-editor.desktop.in:7","Directly edit your entire configuration database","Прямое редактирование базы данных настроек среды"
"editor/ca.desrt.dconf-editor.desktop.in:9","settings;configuration;","настройка;параметры;конфигурация;"
"editor/ca.desrt.dconf-editor.gschema.xml:89","A flag to follow system night light","Флаг отслеживания системной ночной подсветки"
"editor/ca.desrt.dconf-editor.gschema.xml:91","Use GNOME night light setting to activate night-mode.","Использовать настройки ночной подсветки GNOME для активации ночного режима."
"editor/ca.desrt.dconf-editor.gschema.xml:98","The width of the window","Ширина окна"
"editor/ca.desrt.dconf-editor.gschema.xml:100","The width of the main window in pixels.","Ширина главного окна в пикселах."
"editor/ca.desrt.dconf-editor.gschema.xml:107","The height of the window","Высота окна"
"editor/ca.desrt.dconf-editor.gschema.xml:109","The height of the main window in pixels.","Высота главного окна в пикселах."
"editor/ca.desrt.dconf-editor.gschema.xml:114","A flag to enable maximized mode","Флаг включения режима развернутого размера окна"
"editor/ca.desrt.dconf-editor.gschema.xml:116","If “true”, the main window starts in maximized mode.","Если “true”, главное окно запускается в развернутом режиме."
"editor/ca.desrt.dconf-editor.gschema.xml:138","A flag to restore the last view","Флаг восстановления последнего просмотра"
"editor/ca.desrt.dconf-editor.gschema.xml:140","If “true”, Dconf Editor tries at launch to navigate to the path described in the “saved-view” key.","Если “true”, редактор Dconf пытается при запуске перейти по пути, описанному в ключе “saved-view”."
"editor/ca.desrt.dconf-editor.gschema.xml:145","A path to restore the pathbar state","Путь для восстановления состояния панели путей"
"editor/ca.desrt.dconf-editor.gschema.xml:147","If the “restore-view” key is set to “true”, and if the path requested at startup is a parent path of this one, Dconf Editor tries to restore the pathbar state at this path.","Если для ключа “restore-view” установлено значение “true”, и если путь, запрошенный при запуске, является родительским путем этого пути, редактор Dconf попытается восстановить состояние панели путей по этому пути."
"editor/ca.desrt.dconf-editor.gschema.xml:152","A path to restore the last view","Путь для восстановления последнего просмотра"
"editor/ca.desrt.dconf-editor.gschema.xml:154","If the “restore-view” key is set to “true”, Dconf Editor tries at launch to navigate to this path.","Если для ключа “restore-view” установлено значение “true”, редактор Dconf при запуске попытается перейти по этому пути."
"editor/ca.desrt.dconf-editor.gschema.xml:159","Show initial warning","Показывать начальное предупреждение"
"editor/ca.desrt.dconf-editor.gschema.xml:161","If “true”, Dconf Editor opens a popup when launched reminding the user to be careful.","Если “true”, редактор Dconf при запуске открывает всплывающее окно, напоминающее пользователю о необходимости соблюдать осторожность."
"editor/ca.desrt.dconf-editor.gschema.xml:166","A flag to enable small rows for keys list","Флаг включения небольших строк для списка ключей"
"editor/ca.desrt.dconf-editor.gschema.xml:168","If “true”, the keys list use smaller rows.","Если “true”, в списке ключей используются строки меньшего размера."
"editor/ca.desrt.dconf-editor.gschema.xml:173","Change the behaviour of a key value change request","Изменение поведения запроса на изменение значения ключа"
"editor/ca.desrt.dconf-editor.gschema.xml:175","The “unsafe” value is discouraged: for keys that have a non-special-cased type, it updates the key value each time something changes in the entry, so including intermediate states. The “safe” value asks for confirmation in these cases, but allows instant changes for booleans and nullable booleans, enums and flags. The “always-confirm-implicit” and “always-confirm-explicit” values always asks for confirmation, but the first applies the change if you change path whereas the second dismiss it. The “always-delay” value adds each change in delay mode, allowing to apply multiple keys at once.","Значение ""unsafe"" не рекомендуется: для ключей, имеющих тип без специального регистра, оно обновляет значение ключа каждый раз, когда что-то меняется в записи, таким образом, включая промежуточные состояния. Значение ""safe"" запрашивает подтверждение в этих случаях, но допускает мгновенные изменения для булевых и нулевых булевых, перечислений и флагов. Значения ""always-confirm-implicit"" и ""always-confirm-explicit"" всегда запрашивают подтверждение, но первое применяет изменение при изменении пути, тогда как второе его отклоняет. Значение ""always-delay"" добавляет каждое изменение в режиме задержки, что позволяет применять несколько ключей одновременно."
"editor/ca.desrt.dconf-editor.gschema.xml:180","A flag to sort keys list case-sensitively","Флаг сортировки списка ключей с учетом регистра"
"editor/ca.desrt.dconf-editor.gschema.xml:182","GSettings doesn’t allow keys to use upper-case in their names, but installation paths of schemas can. If “true”, the keys list is sorted case-sensitively, with in usual order upper-case folders first.","GSettings не позволяет ключам использовать верхний регистр в своих именах, но пути установки схем могут. Если “true”, список ключей сортируется с учетом регистра, сначала в обычном порядке в папках верхнего регистра."
"editor/ca.desrt.dconf-editor.gschema.xml:187","Use “Back” and “Forward” mouse button events","Использовать кнопки мыши ""Назад"" и ""Вперед"" для событий"
"editor/ca.desrt.dconf-editor.gschema.xml:189","For users with mice that have buttons for “Forward” and “Back”, this key will determine if any action is taken inside of a browser window when either is pressed.","Для пользователей мышей с кнопками ""Вперед"" и ""Назад"" этот ключ определяет, будет ли выполняться какое-либо действие внутри просматриваемого окна при нажатии любой из них."
"editor/ca.desrt.dconf-editor.gschema.xml:195","Mouse button to activate the “Back” command in browser window","Кнопка мыши для запуска команды «Назад» в просматриваемом окне"
"editor/ca.desrt.dconf-editor.gschema.xml:197","For users with mice that have buttons for “Forward” and “Back”, this key will set which button activates the “Back” command in a browser window. Possible values range between 6 and 14.","Для пользователей мышей с кнопками «Вперед» и «Назад» этот ключ определяет, по какой из кнопок в просматриваемом окне нужно выполнить команду «Назад». Возможные значения имеют диапазон от 6 до 14."
"editor/ca.desrt.dconf-editor.gschema.xml:203","Mouse button to activate the “Forward” command in browser window","Кнопка мыши для запуска команды «Вперед» в просматриваемом окне"
"editor/ca.desrt.dconf-editor.gschema.xml:205","For users with mice that have buttons for “Forward” and “Back”, this key will set which button activates the “Forward” command in a browser window. Possible values range between 6 and 14.","Для пользователей мышей с кнопками «Вперед» и «Назад» этот ключ определяет, по какой из кнопок в просматриваемом окне нужно выполнить команду «Вперед». Возможные значения имеют диапазон от 6 до 14."
"editor/ca.desrt.dconf-editor.gschema.xml:210","A flag to check for added or removed schemas","Флаг проверки добавленных или удаленных схем"
"editor/ca.desrt.dconf-editor.gschema.xml:212","Dconf Editor can monitor if schemas are added or removed from the multiple possible locations. That’s done by checking every three seconds if the schemas list has changed. As this way to do is suboptimal, this function can be disabled by setting this flag to “false”. Note that this option will be removed when a better way to do things is found.","Редактор Dconf может отслеживать, добавляются или удаляются схемы из нескольких возможных расположений. Это делается путем проверки каждые три секунды, изменился ли список схем. Поскольку этот способ является неоптимальным, эту функцию можно отключить, установив для этого флага значение “false”. Обратите внимание, что эта опция будет удалена, когда будет найден лучший способ сделать что-то."
"editor/ca.desrt.dconf-editor.gschema.xml:217","Enabled relocatable schema mapping facilities","Включены средства отображения перемещаемых схем"
"editor/ca.desrt.dconf-editor.gschema.xml:219","Flags for the relocatable schemas mapping facilities. “User” enables mappings defined by the “relocatable-schemas-user-paths” key; “Built-in” enables well-known mappings hardcoded into Dconf Editor; “Internal” is reserved for Dconf Editor own mappings; “Startup” is for mapping a relocatable schema from the command-line.","Флаги средств отображения перемещаемых схем. ""User"" включает отображения, определенные ключом ""relocatable-schemas-user-paths""; ""Built-in"" включает известные отображения, жестко закодированные в Редакторе Dconf; ""Internal"" зарезервирован для собственных отображений Редактора Dconf; ""Startup"" предназначен для отображения перемещаемой схемы из командной строки."
"editor/ca.desrt.dconf-editor.gschema.xml:224","Mapping of paths to manually associated schemas","Отображение путей к схемам, связанным вручную"
"editor/ca.desrt.dconf-editor.gschema.xml:226","A dictionary that maps schema IDs with path specifications. It is used to allow the user to associate a relocatable schema to certain paths. Path specifications may contain wildcards in the form of empty segments (e.g. /ca/desrt/dconf-editor//), defining possibly multiple paths. The same schema ID may be associated with multiple path specifications.","Словарь, который сопоставляет идентификаторы схем со спецификациями путей. Он используется для того, чтобы пользователь мог связать перемещаемую схему с определенными путями. Спецификации путей могут содержать подстановочные знаки в виде пустых сегментов (например, /ca/desrt/dconf-editor//), определяя, возможно, несколько путей. Один и тот же идентификатор схемы может быть связан с несколькими спецификациями путей."
"editor/ca.desrt.dconf-editor.gschema.xml:231","A flag for skipping unnecessary subfolders","Флаг пропуска ненужных вложенных папок"
"editor/ca.desrt.dconf-editor.gschema.xml:233","When a folder only contains one subfolder and no keys, Dconf Editor can jump to that subfolder directly. This flag enables that behaviour.","Если папка содержит только одну вложенную папку и нет ключей, Редактор Dconf может перейти непосредственно к этой вложенной папке. Этот флаг позволяет такое поведение."
"editor/ca.desrt.dconf-editor.gschema.xml:240","A list of bookmarked paths","Список путей с закладками"
"editor/ca.desrt.dconf-editor.gschema.xml:242","Contains all paths bookmarked by the user as an array of strings.","Содержит все пути, помеченные пользователем в виде массива строк."
"editor/ca.desrt.dconf-editor.gschema.xml:247","A flag to enable small rows for bookmarks list","Флаг включения небольших строк для списка закладок"
"editor/ca.desrt.dconf-editor.gschema.xml:249","If “true”, the bookmarks list use smaller rows.","Если “true”, в списке закладок используются строки меньшего размера."
"editor/ca.desrt.dconf-editor.gschema.xml:275 editor/ca.desrt.dconf-editor.gschema.xml:487","A boolean, type ‘b’","Логическое значение, тип ‘b’"
"editor/ca.desrt.dconf-editor.gschema.xml:277","Booleans can only take two values, “true” or “false”.","Логические значения могут принимать только два значения: “true” или “false”."
"editor/ca.desrt.dconf-editor.gschema.xml:282","A nullable boolean, type ‘mb’","Логическое значение, допускающее значение null, тип ‘mb’"
"editor/ca.desrt.dconf-editor.gschema.xml:284","GSettings allows nullable types, that are similar to other types but could take a “nothing” value. A nullable boolean can only take three values, “true”, “false” and “nothing”.","GSettings допускает типы с возможностью обнуления, которые похожи на другие типы, но могут принимать значение “nothing”. Логическое значение, допускающее значение null, может принимать только три значения: “true”, “false” и “nothing”."
"editor/ca.desrt.dconf-editor.gschema.xml:289","A byte (unsigned), type ‘y’","Байт (без знака), тип 'y'"
"editor/ca.desrt.dconf-editor.gschema.xml:291","A byte value is an integer between 0 and 255. It may be used to pass around characters.","Значение байта - это целое число от 0 до 255. Оно может использоваться для передачи символов."
"editor/ca.desrt.dconf-editor.gschema.xml:296","A bytestring, type ‘ay’","Байтовая строка, тип 'ay'"
"editor/ca.desrt.dconf-editor.gschema.xml:298","The bytestring type is commonly used to pass around strings that may not be valid utf8. In that case, the convention is that the nul terminator character should be included as the last character in the array.","Тип байтовая строка обычно используется для передачи строк, которые могут быть недопустимыми в формате utf 8. В этом случае соглашение заключается в том, что символ окончания nul должен быть включен в качестве последнего символа в массиве."
"editor/ca.desrt.dconf-editor.gschema.xml:303","A bytestring array, type ‘aay’","Массив байтовых строк, тип 'aay'"
"editor/ca.desrt.dconf-editor.gschema.xml:305","This is the type of an array of bytestrings. The bytestring type is commonly used to pass around strings that may not be valid utf8.","Это тип массива байтовых строк. Тип байтовая строка обычно используется для передачи строк, которые могут быть недопустимыми в формате utf 8."
"editor/ca.desrt.dconf-editor.gschema.xml:310","A D-Bus handle type, type ‘h’","Тип дескриптора D-Bus, тип ‘h’"
"editor/ca.desrt.dconf-editor.gschema.xml:312","The handle type is a 32-bit signed integer value that is, by convention, used as an index into an array of file descriptors that are sent alongside a D-Bus message. If you are not interacting with D-Bus, then there is no reason to make use of this type.","Тип дескриптора представляет собой 32-разрядное целое число со знаком, которое по соглашению используется в качестве индекса в массиве файловых дескрипторов, отправляемых вместе с сообщением D-Bus. Если вы не взаимодействуете с D-Bus, то нет причин использовать этот тип."
"editor/ca.desrt.dconf-editor.gschema.xml:317","A D-Bus object path, type ‘o’","Путь объекта D-Bus, тип 'o'"
"editor/ca.desrt.dconf-editor.gschema.xml:319","An object path is used to identify D-Bus objects at a given destination on the bus. If you are not interacting with D-Bus, then there is no reason to make use of this type.","Путь к объекту используется для идентификации объектов D-Bus в заданном пункте назначения на шине. Если вы не взаимодействуете с D-Bus, то нет причин использовать этот тип."
"editor/ca.desrt.dconf-editor.gschema.xml:324","A D-Bus object path array, type ‘ao’","Массив путей объектов D-Bus, тип 'ao'"
"editor/ca.desrt.dconf-editor.gschema.xml:326","An object path array could contain any number of object paths (including none: “[]”). If you are not interacting with D-Bus, then there is no reason to make use of this type.","Массив путей к объектам может содержать любое количество путей к объектам (включая ни одного: “[]”). Если вы не взаимодействуете с D-Bus, то нет причин использовать этот тип."
"editor/ca.desrt.dconf-editor.gschema.xml:331","A D-Bus signature, type ‘g’","Подпись D-Bus, тип 'g'"
"editor/ca.desrt.dconf-editor.gschema.xml:333","A D-Bus signature is a string used as type signature for a D-Bus method or message. If you are not interacting with D-Bus, then there is no reason to make use of this type.","Подпись D-Bus - это строка, используемая в качестве подписи типа для метода или сообщения D-Bus. Если вы не взаимодействуете с D-Bus, то нет смысла использовать этот тип."
"editor/ca.desrt.dconf-editor.gschema.xml:338","A dictionary entry of type ‘{ss}’","Словарная статья типа ‘{ss}’"
"editor/ca.desrt.dconf-editor.gschema.xml:340","A dictionary maps values of a basic type to another value (of any type). A dictionary entry is one such mapping.","Словарь сопоставляет значения базового типа с другим значением (любого типа). Словарная статья является одним из таких отображений."
"editor/ca.desrt.dconf-editor.gschema.xml:345","A “vardict”, type ‘a{sv}’","""Вардикт"", тип 'a{sv}'"
"editor/ca.desrt.dconf-editor.gschema.xml:347","A dictionary maps values of a basic type to another value (of any type). One simple use case is to map strings to variants.","Словарь сопоставляет значения базового типа с другим значением (любого типа). Одним из простых вариантов использования является сопоставление строк с вариантами."
"editor/ca.desrt.dconf-editor.gschema.xml:352","A double, type ‘d’","Двойной, тип ‘d’"
"editor/ca.desrt.dconf-editor.gschema.xml:354","A double value could represent any real number.","Двойное значение может представлять любое действительное число."
"editor/ca.desrt.dconf-editor.gschema.xml:359","A 5-choices enumeration","Перечисление из 5 вариантов"
"editor/ca.desrt.dconf-editor.gschema.xml:361","Enumerations could be done either with the “enum” attribute, or with a “choices” tag.","Перечисления могут выполняться либо с помощью атрибута “enum”, либо с помощью тега “choices”."
"editor/ca.desrt.dconf-editor.gschema.xml:366 editor/ca.desrt.dconf-editor.gschema.xml:501","Flags: choose-colors-you-love","Флаги: выберите-цвета-которые вы-любите"
"editor/ca.desrt.dconf-editor.gschema.xml:368 editor/ca.desrt.dconf-editor.gschema.xml:503","Flags could be set by the “enum” attribute.","Флаги могут быть установлены атрибутом “enum”."
"editor/ca.desrt.dconf-editor.gschema.xml:373","A short integer, type ‘n’","Короткое целое число, тип 'n'"
"editor/ca.desrt.dconf-editor.gschema.xml:375","A 16-bit signed integer. See also the “integer-16-unsigned” key.","16-разрядное целое число со знаком. Смотрите также ключ “целое число-16-без знака”."
"editor/ca.desrt.dconf-editor.gschema.xml:380","An unsigned short integer, type ‘q’","Короткое целое число без знака, тип ‘q’"
"editor/ca.desrt.dconf-editor.gschema.xml:382","A 16-bit unsigned integer. See also the “integer-16-signed” key.","16-разрядное целое число без знака. Смотрите также ключ “целое число с 16 знаками”."
"editor/ca.desrt.dconf-editor.gschema.xml:387 editor/ca.desrt.dconf-editor.gschema.xml:494","An usual integer, type ‘i’","Обычное целое число, тип 'i'"
"editor/ca.desrt.dconf-editor.gschema.xml:389","A 32-bit signed integer. See also the “integer-32-unsigned” key.","32-разрядное целое число со знаком. Смотрите также ключ “целое число-32-без знака”."
"editor/ca.desrt.dconf-editor.gschema.xml:394","An unsigned usual integer, type ‘u’","Обычное целое число без знака, тип ‘u’"
"editor/ca.desrt.dconf-editor.gschema.xml:396","A 32-bit unsigned integer. See also the “integer-32-signed” key.","32-разрядное целое число без знака. Смотрите также ключ “целое число с 32 знаками ”."
"editor/ca.desrt.dconf-editor.gschema.xml:401","A long integer, type ‘x’","Длинное целое число, тип 'x'"
"editor/ca.desrt.dconf-editor.gschema.xml:403","A 64-bit signed integer. See also the “integer-64-unsigned” key.","64-разрядное целое число со знаком. Смотрите также ключ “целое число-64-без знака”."
"editor/ca.desrt.dconf-editor.gschema.xml:408","An unsigned long integer, type ‘t’","Беззнаковое длинное целое число, тип 't'"
"editor/ca.desrt.dconf-editor.gschema.xml:410","A 64-bit unsigned integer. See also the “integer-64-signed” key.","64-разрядное целое число без знака. Смотрите также ключ “целое число с 64 знаками”."
"editor/ca.desrt.dconf-editor.gschema.xml:417","A number with range","Число с диапазоном"
"editor/ca.desrt.dconf-editor.gschema.xml:419","Every numeral setting (integers and unsigned integers of every type, plus doubles) could be limited to a custom range of values. For example, this integer could only take a value between -2 and 10.","Каждое числовое значение (целые и беззнаковые числа всех типов, а также двойные числа) может быть ограничено пользовательским диапазоном значений. Например, это целое число может принимать значение только между -2 и 10."
"editor/ca.desrt.dconf-editor.gschema.xml:424","A custom type, here ‘(ii)’","Пользовательский тип, здесь ‘(ii)’"
"editor/ca.desrt.dconf-editor.gschema.xml:426","Dconf Editor lets you edit any settings type supported by GSettings, falling back on a string entry when it doesn’t have a better way to do. Here is a tuple of two 32-bit signed integers.","Редактор Dconf позволяет редактировать любой тип настроек, поддерживаемый GSettings, возвращаясь к строковой записи, когда для этого нет лучшего способа. Это запись из двух 32-разрядных целых чисел со знаком."
"editor/ca.desrt.dconf-editor.gschema.xml:431","A string, type ‘s’","Строка, тип ‘s’"
"editor/ca.desrt.dconf-editor.gschema.xml:433","The string type could accept any utf8 string. Note that an empty string “''” is not the same as NULL (nothing); see also the “string-nullable” key.","Тип string может принимать любую строку utf8. Обратите внимание, что пустая строка ""''"" не то же самое, что NULL (ничего); см. также ключ ""string-nullable""."
"editor/ca.desrt.dconf-editor.gschema.xml:438","A string array, type ‘as’","Массив строк, тип 'as'"
"editor/ca.desrt.dconf-editor.gschema.xml:440","A string array contains any number of strings of whatever length. It may be an empty array, “[]”.","Массив строк содержит любое количество строк любой длины. Это может быть пустой массив “[]”."
"editor/ca.desrt.dconf-editor.gschema.xml:445","A nullable string, type ‘ms’","Нулевая строка, тип 'ms'"
"editor/ca.desrt.dconf-editor.gschema.xml:447","GSettings allows nullable types, that are similar to other types but could take a “nothing” value. A nullable string can take any string as value, including the empty string “''”, or can be NULL (nothing).","GSettings допускает нулевые типы, которые похожи на другие типы, но могут принимать значение ""ничего"". Нулевая строка может принимать в качестве значения любую строку, включая пустую строку ""''"", или может быть NULL (ничего)."
"editor/ca.desrt.dconf-editor.gschema.xml:452","A variant, type ‘v’","Вариант, тип 'v'"
"editor/ca.desrt.dconf-editor.gschema.xml:454","Variants could be stored inside variants, and consequently as a GSettings type. Their representation use the XML brackets (‘<’ and ‘>’ characters, in a gschema file “&#60;” and “&#62;” respectively), with a parsable representation of their content inside. If unclear, the type can be given in the value with a prefix annotation like “@x” (where “x” is the type string) or “int64”. See https://developer.gnome.org/glib/stable/gvariant-text.html for complete documentation.","Варианты могут храниться внутри вариантов, и, следовательно, как тип GSettings. Для их представления используются XML скобки (символы '<' и '>', в gschema-файле ""&#60;"" и ""&#62;"" соответственно), внутри которых находится разбираемое представление их содержимого. Если тип неясен, он может быть указан в значении с префиксной аннотацией типа ""@x"" (где ""x"" - строка типа) или ""int64"". Полную документацию см. на сайте https://developer.gnome.org/glib/stable/gvariant-text.html."
"editor/ca.desrt.dconf-editor.gschema.xml:459","A 1-choice enumeration","Перечисление с 1 выбором"
"editor/ca.desrt.dconf-editor.gschema.xml:461","An enumeration could contain only one item, but that’s probably an error. Dconf Editor warns you in that case.","Перечисление может содержать только один элемент, но это, вероятно, ошибка. Редактор Dconf предупреждает вас в этом случае."
"editor/ca.desrt.dconf-editor.gschema.xml:467","A 1-choice integer value","Целочисленное значение с 1 выбором"
"editor/ca.desrt.dconf-editor.gschema.xml:469","A range could limit an integer key to only allow one value, but that’s probably an error. Dconf Editor warns you in that case.","Диапазон может ограничивать целочисленный ключ только одним значением, но это, вероятно, ошибка. Редактор Dconf предупреждает вас в этом случае."
"editor/ca.desrt.dconf-editor.gschema.xml:474","The empty tuple, type and value “()”","Пустая запись, тип и значение “()”"
"editor/ca.desrt.dconf-editor.gschema.xml:476","There’s an empty tuple type (called sometimes “triv”) that is a tuple with no content, and can only take “()” as value.","Существует пустой тип записи (иногда называемый “triv”), который представляет собой запись без содержимого и может принимать только “()” в качестве значения."
"editor/ca.desrt.dconf-editor.gschema.xml:489","An usual boolean value, defined by a relocatable schema.","Обычное логическое значение, определяемое перемещаемой схемой."
"editor/ca.desrt.dconf-editor.gschema.xml:496","A 32-bit signed integer, defined by a relocatable schema.","32-разрядное целое число со знаком, определяемое перемещаемой схемой."
"editor/ca.desrt.dconf-editor.gschema.xml:510","A normal non-conflicting key from Conflict1","Обычный неконфликтный ключ из Conflict1"
"editor/ca.desrt.dconf-editor.gschema.xml:512 editor/ca.desrt.dconf-editor.gschema.xml:549","This key is a test for multiple schemas in the same path with conflicting keys. Non-conflicting keys should have no issues.","Этот ключ является тестом на наличие нескольких схем в одном пути с конфликтующими ключами. У неконфликтующих ключей проблем быть не должно."
"editor/ca.desrt.dconf-editor.gschema.xml:517","Conflicting key defaulting to “1” that should give an error","Конфликтующий ключ по умолчанию ""1"", который должен выдавать ошибку"
"editor/ca.desrt.dconf-editor.gschema.xml:519 editor/ca.desrt.dconf-editor.gschema.xml:556","This key is a test for multiple schemas in the same path with conflicting keys. It shouldn’t be editable as a key mapped to the same path has a different default value.","Этот ключ - тест на наличие нескольких схем в одном пути с конфликтующими ключами. Он не должен быть редактируемым, так как ключ, сопоставленный с тем же путем, имеет другое значение по умолчанию."
"editor/ca.desrt.dconf-editor.gschema.xml:524","Conflicting key with no range that should give an error","Конфликтующий ключ без диапазона, который должен выдать ошибку"
"editor/ca.desrt.dconf-editor.gschema.xml:526 editor/ca.desrt.dconf-editor.gschema.xml:564","This key is a test for multiple schemas in the same path with conflicting keys. It shouldn’t be editable as a key mapped to the same path has a different range.","Этот ключ - тест на наличие нескольких схем в одном пути с конфликтующими ключами. Он не должен быть редактируемым, так как ключ, сопоставленный с тем же путем, имеет другой диапазон."
"editor/ca.desrt.dconf-editor.gschema.xml:531","A (simple) string conflicting key that should give a error","(простой) ключ, конфликтующий со строкой, который должен выдать ошибку"
"editor/ca.desrt.dconf-editor.gschema.xml:533 editor/ca.desrt.dconf-editor.gschema.xml:571","This key is a test for multiple schemas in the same path with conflicting keys. It shouldn’t be editable as a key mapped to the same path has a different type.","Этот ключ - тест на наличие нескольких схем в одном пути с конфликтующими ключами. Он не должен быть редактируемым, так как ключ, сопоставленный с тем же путем, имеет другой тип."
"editor/ca.desrt.dconf-editor.gschema.xml:538","Conflicting key from Conflict1 that should give a warning","Противоречащий ключ из Conflict1, который должен выдать предупреждение"
"editor/ca.desrt.dconf-editor.gschema.xml:540 editor/ca.desrt.dconf-editor.gschema.xml:578","This key is a test for multiple schemas in the same path with conflicting keys. It can be edited, since the types are compatible, but it is still an issue.","Этот ключ является проверкой на наличие нескольких схем в одном пути с конфликтующими ключами. Его можно отредактировать, поскольку типы совместимы, но это все равно проблема."
"editor/ca.desrt.dconf-editor.gschema.xml:547","A normal non-conflicting key from Conflict2","Обычный неконфликтный ключ из Conflict2"
"editor/ca.desrt.dconf-editor.gschema.xml:554","Conflicting key defaulting to “2” that should give an error","Конфликтующий ключ по умолчанию ""2"", который должен выдать ошибку"
"editor/ca.desrt.dconf-editor.gschema.xml:562","Conflicting key with range 0~5 that should give an error","Конфликтующий ключ с диапазоном 0~5, который должен выдавать ошибку"
"editor/ca.desrt.dconf-editor.gschema.xml:569","A nullable-string conflicting key that should give an error","Конфликтующий ключ с нулевой строкой, который должен выдать ошибку"
"editor/ca.desrt.dconf-editor.gschema.xml:576","Conflicting key from Conflict2 that should give a warning","Конфликтующий ключ из Conflict2, который должен выдать предупреждение"
"editor/dconf-editor.vala:159","Print release version and exit","Показать версию программы и выйти"
"editor/dconf-editor.vala:162","Print relocatable schemas and exit","Показать перемещаемые схемы и выйти"
"editor/dconf-editor.vala:165","Do not show initial warning","Не показывать начальное предупреждение"
"editor/dconf-editor.vala:203","Graphical interface for editing other applications settings.","Графический интерфейс для редактирования настроек других приложений."
"editor/dconf-editor.vala:206","Uses the gsettings API of the glib library, among others.","Использует API gsettings библиотеки glib, среди прочих."
"editor/dconf-editor.vala:209","Arguments description:","Описание аргументов:"
"editor/dconf-editor.vala:213","a folder path or a key path","путь к папке или путь к ключу"
"editor/dconf-editor.vala:215","example: “/org/gnome/” or “/ca/desrt/dconf-editor/Demo/boolean”","пример: ""/org/gnome/"" или ""/ca/desrt/dconf-editor/Demo/boolean"""
"editor/dconf-editor.vala:219","the name of a schema with fixed path","имя схемы с фиксированным путем"
"editor/dconf-editor.vala:221","example: “ca.desrt.dconf-editor.Settings”","пример: ""ca.desrt.dconf-editor.Settings"""
"editor/dconf-editor.vala:225","the name of a “relocatable” schema, without fixed path","имя ""перемещаемой"" схемы, без фиксированного пути"
"editor/dconf-editor.vala:227","see list with the “--list-relocatable-schemas” option","см. список с опцией ""--list-relocatable-schemas"""
"editor/dconf-editor.vala:231","the path where to map the relocatable schema","путь, по которому следует сопоставить перемещаемую схему"
"editor/dconf-editor.vala:233","example: “ca.desrt.dconf-editor.Bookmarks:/ca/desrt/dconf-editor/”","пример: ""ca.desrt.dconf-editor.Bookmarks:/ca/desrt/dconf-editor/"""
"editor/dconf-editor.vala:237","the name of a key from the schema","имя ключа из схемы"
"editor/dconf-editor.vala:239","example: “bookmarks”","пример: ""закладки"""
"editor/dconf-editor.vala:295","Known schemas installed:","Известные установленные схемы:"
"editor/dconf-editor.vala:301","No known schemas installed.","Не установлено ни одной известной схемы."
"editor/dconf-editor.vala:306","Known schemas skipped:","Пропущенные известные схемы:"
"editor/dconf-editor.vala:312","No known schemas skipped.","Ни одна из известных схем не пропущена."
"editor/dconf-editor.vala:317","Unknown schemas:","Неизвестные схемы:"
"editor/dconf-editor.vala:323","No unknown schemas.","Нет неизвестных схем."
"editor/dconf-editor.vala:457","Only one window can be opened for now.
","Пока можно открыть только одно окно.
"
"editor/dconf-editor.vala:477","Cannot understand: too many arguments.
","Невозможно понять: слишком много аргументов.
"
"editor/dconf-editor.vala:491","Cannot understand second argument in this context.
","Невозможно понять второй аргумент в данном контексте.
"
"editor/dconf-editor.vala:512","Cannot understand: slash character in second argument.
","Невозможно понять: символ косой черты во втором аргументе.
"
"editor/dconf-editor.vala:527","Schema path should start and end with a “/”.
","Путь к схеме должен начинаться и заканчиваться символом ""/"".
"
"editor/dconf-editor.vala:543","Cannot understand: given path contains “//”.
","Невозможно понять: заданный путь содержит ""//"".
"
"editor/dconf-editor.vala:551","Cannot understand: space character in argument.
","Невозможно понять: символ пробела в аргументе.
"
"editor/dconf-editor.vala:579","Copied to clipboard","Скопировано в буфер обмена"
"editor/dconf-editor.vala:656","A graphical viewer and editor of applications’ internal settings.","Графический просмотрщик и редактор внутренних настроек приложений."
"editor/dconf-editor.vala:661","Robert Ancell","Robert Ancell"
"editor/dconf-editor.vala:665","Arnaud Bonatti","Arnaud Bonatti"
"editor/dconf-editor.vala:669","Copyright © 2010-2014 – Canonical Ltd","Авторское право © 2010-2014 – Canonical Ltd"
"editor/dconf-editor.vala:673","Copyright © 2017-2018 – Davi da Silva Böger","Авторское право © 2017-2018 – Davi da Silva Böger"
"editor/dconf-editor.vala:677","Copyright © %u-%u – Arnaud Bonatti","Авторское право © %u-%u – Arnaud Bonatti"
"editor/dconf-editor.vala:684","translator-credits","Alexsey Nadtochey <irbis4lan@yandex.com>, 2012
Aleksandr Melman <alexmelman88@gmail.com>, 2022"
"editor/dconf-editor.vala:690","Page on GNOME wiki","Страница в GNOME wiki"
"editor/dconf-headerbar.vala:53","About Dconf Editor","О Редакторе Dconf"
"editor/dconf-headerbar.vala:114 editor/modifications-revealer.ui:87","Apply","Применить"
"editor/dconf-headerbar.vala:117","Dismiss","Отклонить"
"editor/dconf-headerbar.vala:141","Apply all","Применить все"
"editor/dconf-headerbar.vala:144","Dismiss all","Отклонить все"
"editor/dconf-headerbar.vala:152","Quit mode","Выход из режима"
"editor/dconf-headerbar.vala:201","Enter delay mode","Войти в режим задержки"
"editor/dconf-headerbar.vala:205","Reset visible keys","Сброс видимых ключей"
"editor/dconf-headerbar.vala:208","Reset view recursively","Сброс видимых ключей, включая подпапки"
"editor/dconf-headerbar.vala:246","Pending","Ожидание"
"editor/dconf-model.vala:945","%s (key erased)","%s (ключ стерт)"
"editor/dconf-window.vala:124","Schema is relocatable, a path is needed.","Схема является перемещаемой, необходим путь."
"editor/dconf-window.vala:137","Startup mappings are disabled.","Сопоставления при запуске отключены."
"editor/dconf-window.vala:152","Schema is not installed on given path.","Схема не установлена по указанному пути."
"editor/dconf-window.vala:168","Unknown schema “%s”.","Неизвестная схема ""%s""."
"editor/dconf-window.vala:274","Thanks for using Dconf Editor for editing your settings!","Спасибо за использование Редактора Dconf для редактирования настроек!"
"editor/dconf-window.vala:277","Don’t forget that some options may break applications, so be careful.","Не забывайте, что некоторые опции могут нарушить работу приложений, поэтому будьте осторожны."
"editor/dconf-window.vala:280","I’ll be careful.","Я буду осторожнее."
"editor/dconf-window.vala:284","Show this dialog next time.","Показывать этот диалог в следующий раз."
"editor/dconf-window.vala:305","There are pending changes. Use Shift+Ctrl+Q to apply changes and quit, or Alt+F4 to dismiss changes and quit.","Существуют ожидающие изменения. Используйте Shift+Ctrl+Q, чтобы применить изменения и выйти, или Alt+F4, чтобы отклонить изменения и выйти."
"editor/dconf-window.vala:777","Folder “%s” is now empty.","Папка ""%s"" теперь пуста."
"editor/dconf-window.vala:788","Key “%s” has been deleted.","Ключ ""%s"" был удален."
"editor/dconf-window.vala:794","Cannot find key “%s”.","Невозможно найти ключ ""%s""."
"editor/dconf-window.vala:800","There’s nothing in requested folder “%s”.","В запрошенной папке ""%s"" ничего нет."
"editor/delayed-setting-view.vala:136","Key erased","Ключ стерт"
"editor/delayed-setting-view.vala:151 editor/key-list-box-row.vala:649 editor/registry-info.vala:469","Default value","Значение по умолчанию"
"editor/help-overlay.ui:29","Actions","Действия"
"editor/help-overlay.ui:34","Bookmarks menu","Меню закладок"
"editor/help-overlay.ui:42","Bookmark this path","Добавить в закладки этот путь"
"editor/help-overlay.ui:50","Unbookmark this path","Убрать из закладок этот путь"
"editor/help-overlay.ui:58","Actions menu","Меню действий"
"editor/help-overlay.ui:66","Path bar menu","Меню панели пути"
"editor/help-overlay.ui:76","Path bar navigation","Навигация по панели пути"
"editor/help-overlay.ui:81","Open root folder","Открыть корневую папку"
"editor/help-overlay.ui:89","Open parent folder","Открыть родительскую папку"
"editor/help-overlay.ui:97","Open active direct child","Открыть дочерний элемент текущего пути"
"editor/help-overlay.ui:105","Open active last child","Открыть дочерний элемент полного пути"
"editor/help-overlay.ui:115","Search options","Параметры поиска"
"editor/help-overlay.ui:120","Toggle search","Переключение поиска"
"editor/help-overlay.ui:128","Search again","Искать снова"
"editor/help-overlay.ui:136","Toggle local search","Переключить локальный поиск"
"editor/help-overlay.ui:144","Search again, locally","Искать снова локально"
"editor/help-overlay.ui:152","Paste as search","Вставить как поиск"
"editor/help-overlay.ui:160","Paste as search (force)","Вставить как поиск (принудительно)"
"editor/help-overlay.ui:168","Edit path","Редактировать путь"
"editor/help-overlay.ui:176","Edit parent path","Редактировать родительский путь"
"editor/help-overlay.ui:184","Edit root path","Редактировать корневой путь"
"editor/help-overlay.ui:192","Browse keys tree","Обзор дерева ключей"
"editor/help-overlay.ui:202","Keys list actions","Действия со списком ключей"
"editor/help-overlay.ui:207","Contextual menu","Контекстное меню"
"editor/help-overlay.ui:215","Previous line","Предыдущая строка"
"editor/help-overlay.ui:223","Next line","Следующая строка"
"editor/help-overlay.ui:231","Toggle folder properties","Переключение свойств папки"
"editor/help-overlay.ui:239","Set to default","Установить по умолчанию"
"editor/help-overlay.ui:247","Toggle boolean value","Переключить логическое значение"
"editor/help-overlay.ui:257","Modifications list actions","Действия со списком изменений"
"editor/help-overlay.ui:262","Toggle modifications list","Переключить список изменений"
"editor/help-overlay.ui:270","Open selected row key","Открыть выбранный ключ строки"
"editor/help-overlay.ui:278","Dismiss modification","Отклонить изменение"
"editor/help-overlay.ui:288","Generic","Общее"
"editor/help-overlay.ui:293","Show this help","Показать эту справку"
"editor/help-overlay.ui:301","About","О программе"
"editor/help-overlay.ui:311","Clipboard","Буфер обмена"
"editor/help-overlay.ui:316","Copy descriptor","Копировать дескриптор"
"editor/help-overlay.ui:324","Copy path","Копировать путь"
"editor/help-overlay.ui:334","Quit","Выйти"
"editor/help-overlay.ui:340","Quit if there’s no pending changes","Выйти, если нет ожидающих изменений"
"editor/help-overlay.ui:348","Apply pending changes and quit","Применить текущие изменения и выйти"
"editor/help-overlay.ui:356","Dismiss pending changes and quit","Отклонить текущие изменения и выйти"
"editor/key-editor-child.vala:30","Given value is out of range.","Заданное значение находится вне диапазона."
"editor/key-editor-child.vala:33","This value is invalid for the key type.","Это значение недействительно для данного типа ключа."
"editor/key-editor-child.vala:380","Failed to parse as double.","Не удалось разобрать как двойной ключ."
"editor/key-editor-child.vala:449","Failed to parse as 64-bit integer.","Не удалось разобрать как 64-битное целое число."
"editor/key-editor-child.vala:518","Failed to parse as unsigned 64-bit integer.","Не удалось разобрать как 64-битное целое число без знака."
"editor/key-list-box-row.vala:118","Go to “%s”","Перейти к “%s”"
"editor/key-list-box-row.vala:149","Search in “%s” folder","Поиск в папке ""%s"""
"editor/key-list-box-row.vala:153","Open path entry","Открыть начальный путь"
"editor/key-list-box-row.vala:157","Search everywhere","Искать везде"
"editor/key-list-box-row.vala:449","Copy","Копировать"
"editor/key-list-box-row.vala:452","Customize…","Настроить…"
"editor/key-list-box-row.vala:455","Set to default","Установить по умолчанию"
"editor/key-list-box-row.vala:460","Show details…","Показать подробности…"
"editor/key-list-box-row.vala:463","Dismiss change","Отклонить изменение"
"editor/key-list-box-row.vala:466 editor/key-list-box-row.vala:582 editor/registry-info.ui:132","Erase key","Стереть ключ"
"editor/key-list-box-row.vala:469","Go to this path","Перейти к этому пути"
"editor/key-list-box-row.vala:472","Open","Открыть"
"editor/key-list-box-row.vala:478 editor/pathwidget.ui:83 editor/pathwidget.ui:109","Search","Поиск"
"editor/key-list-box-row.vala:481","Open parent folder","Открыть родительскую папку"
"editor/key-list-box-row.vala:484","Reset recursively","Рекурсивный сброс"
"editor/key-list-box-row.vala:487","Do not erase","Не стирать"
"editor/key-list-box-row.vala:576","No change","Без изменений"
"editor/model-utils.vala:301","D-Bus handle type","Тип дескриптора D-Bus"
"editor/model-utils.vala:305","D-Bus object path","Путь объекта D-Bus"
"editor/model-utils.vala:309","D-Bus object path array","Массив путей объектов D-Bus"
"editor/model-utils.vala:313","D-Bus signature","Подпись D-Bus"
"editor/model-utils.vala:342","D-Bus handle type","Тип дескриптора D-Bus"
"editor/model-utils.vala:346","D-Bus object path","Путь объекта D-Bus"
"editor/model-utils.vala:350","D-Bus object path array","Массив путей объектов D-Bus"
"editor/model-utils.vala:354","D-Bus signature","Подпись D-Bus"
"editor/model-utils.vala:373","Signed 16-bit integer","16-разрядное целое число со знаком"
"editor/model-utils.vala:376","Unsigned 16-bit integer","16-разрядное целое число без знака"
"editor/model-utils.vala:379","Signed 32-bit integer","32-разрядное целое число со знаком"
"editor/model-utils.vala:382","Unsigned 32-bit integer","32-разрядное целое число без знака"
"editor/model-utils.vala:385","Signed 64-bit integer","64-разрядное целое число со знаком"
"editor/model-utils.vala:388","Unsigned 64-bit integer","64-разрядное целое число без знака"
"editor/model-utils.vala:391","Boolean","Логическое"
"editor/model-utils.vala:394","boolean","логическое"
"editor/model-utils.vala:397","String","Строка"
"editor/model-utils.vala:400","string","строка"
"editor/model-utils.vala:403","String array","Массив строк"
"editor/model-utils.vala:406","string array","массив строк"
"editor/model-utils.vala:409","Enumeration","Перечисление"
"editor/model-utils.vala:412","enumeration","перечисление"
"editor/model-utils.vala:415","Flags","Флаги"
"editor/model-utils.vala:418","flags","флаги"
"editor/model-utils.vala:421","Double","Двойное значение"
"editor/model-utils.vala:424","double","двойное значение"
"editor/model-utils.vala:451","Integer","Целое число"
"editor/model-utils.vala:454","integer","целое число"
"editor/model-utils.vala:457","Variant","Вариант"
"editor/model-utils.vala:460","variant","вариант"
"editor/model-utils.vala:463","Empty tuple","Пустая запись"
"editor/model-utils.vala:466","empty tuple","пустая запись"
"editor/modifications-list.vala:28","Delayed mode is on
but
no pending changes","Режим задержки включен
но
нет ожидающих изменений"
"editor/modifications-list.vala:32","Rule all","Править все"
"editor/modifications-list.vala:34","Select","Выбрать"
"editor/modifications-revealer.vala:136 editor/modifications-revealer.vala:323","Nothing to reset.","Нечего сбрасывать."
"editor/modifications-revealer.vala:299","The value is invalid.","Значение недопустимо."
"editor/modifications-revealer.vala:307","The change will be dismissed if you quit this view without applying.","Изменение будет отменено, если вы покинете этот просмотр без применения изменения."
"editor/modifications-revealer.vala:313","The change will be applied on such request or if you quit this view.","Изменения будут применены по такому запросу или если вы выйдете из этого просмотра."
"editor/modifications-revealer.vala:337","Changes will be delayed until you request it.","Изменения будут отложены до тех пор, пока вы не запросите их."
"editor/modifications-revealer.vala:340","One gsettings operation delayed.
msgid_plural: %u gsettings operations delayed.","msgstr[0]: %u операция gsettings отложена.
msgstr[1]: %u операции gsettings отложены.
msgstr[2]: %u операций gsettings отложено."
"editor/modifications-revealer.vala:344","One dconf operation delayed.
msgid_plural: %u dconf operations delayed.","msgstr[0]: %u операция dconf отложена.
msgstr[1]: %u операции dconf отложены.
msgstr[2]: %u операций dconf отложено."
"editor/modifications-revealer.vala:347","%s%s","%s%s"
"editor/modifications-revealer.vala:351","One gsettings operation
msgid_plural: %u gsettings operations","msgstr[0]: %u операция gsettings
msgstr[1]: %u gsettings операции
msgstr[2]: %u gsettings операций"
"editor/modifications-revealer.vala:357"," and one dconf operation delayed.
msgid_plural:  and %u dconf operations delayed.","msgstr[0]:  и %u dconf операция отложена.
msgstr[1]:  и %u dconf операции отложены.
msgstr[2]:  и %u dconf операций отложено."
"editor/pathentry.ui:66","Close search","Закрыть поиск"
"editor/pathentry.ui:68","Close search results","Закрыть результаты поиска"
"editor/pathentry.ui:92","Refresh search results","Обновить результаты поиска"
"editor/pathwidget.ui:85 editor/pathwidget.ui:111","Search keys","Кнопки поиска"
"editor/registry-info.ui:49","This key is defined and used by more than one schema. This could lead to problems. Edit value at your own risk.","Этот ключ определен и используется более чем одной схемой. Это может привести к проблемам. Редактируйте значение на свой страх и риск."
"editor/registry-info.ui:87","This key is incompatibly defined and used by more than one schema. It is impossible to work with its value in a meaningful way.","Этот ключ несовместимо определен и используется более чем одной схемой. Невозможно работать с его значением осмысленным образом."
"editor/registry-info.ui:125","No schema available. A schema is what describes the use of a key, and Dconf Editor can’t find one associated with this key. If the application that was using this key has been uninstalled, or if this key is obsolete, you may want to erase it.","Нет доступной схемы. Схема - это то, что описывает использование ключа, и Редактор Dconf не может найти схему, связанную с этим ключом. Если приложение, использовавшее этот ключ, было деинсталлировано, или если этот ключ устарел, вы можете удалить его."
"editor/registry-info.ui:172","This enumeration offers only one choice. That’s probably an error of the application that installed this schema. If possible, please open a bug about it.","Это перечисление предлагает только один вариант. Возможно, это ошибка приложения, которое установило эту схему. Если возможно, пожалуйста, откройте ошибку об этом."
"editor/registry-info.ui:183","This integer key can only take one value. That’s probably an error of the application that installed this schema. If possible, please open a bug about it.","Этот целочисленный ключ может принимать только одно значение. Возможно, это ошибка приложения, которое установило эту схему. Если возможно, пожалуйста, откройте ошибку об этом."
"editor/registry-info.ui:194","This key has a special “empty tuple” type. That’s probably an error of the application that installed this schema. If possible, please open a bug about it.","Этот ключ имеет специальный тип ""пустая запись"". Возможно, это ошибка приложения, которое установило эту схему. Если возможно, пожалуйста, откройте ошибку об этом."
"editor/registry-info.vala:70","Name","Имя"
"editor/registry-info.vala:73","Defined by","Определено"
"editor/registry-info.vala:76","Schema","Схема"
"editor/registry-info.vala:79","Summary","Сводка"
"editor/registry-info.vala:82","Description","Описание"
"editor/registry-info.vala:85","Type","Тип"
"editor/registry-info.vala:89","Type name","Название типа"
"editor/registry-info.vala:93","Type code","Код типа"
"editor/registry-info.vala:96","Forced range","Принудительный диапазон"
"editor/registry-info.vala:99","Minimum","Минимально"
"editor/registry-info.vala:102","Maximum","Максимально"
"editor/registry-info.vala:105","Default","По умолчанию"
"editor/registry-info.vala:108","Current value","Текущее значение"
"editor/registry-info.vala:111","Use default value","Использовать значение по умолчанию"
"editor/registry-info.vala:114","Custom value","Пользовательское значение"
"editor/registry-info.vala:202 editor/registry-list.vala:491","No summary provided","Сводка не предоставлена"
"editor/registry-info.vala:212","No description provided","Описание не предоставлено"
"editor/registry-info.vala:249","Yes","Да"
"editor/registry-info.vala:252","No","Нет"
"editor/registry-info.vala:280","There are conflicting definitions of this key, getting value would be either problematic or meaningless.","Существуют противоречивые определения этого ключа, и получение значения будет либо проблематичным, либо бессмысленным."
"editor/registry-info.vala:615","Use a dot as decimal mark and no thousands separator. You can use the X.Ye+Z notation.","Используйте точку в качестве десятичного знака и не используйте разделитель тысяч. Вы можете использовать нотацию X.Ye+Z."
"editor/registry-info.vala:620","Variants content should be surrounded by XML brackets (‘<’ and ‘>’). See https://developer.gnome.org/glib/stable/gvariant-text.html for complete documentation.","Содержимое вариантов должно быть окружено скобками XML ('<' и '>'). Смотрите https://developer.gnome.org/glib/stable/gvariant-text.html для получения полной документации."
"editor/registry-info.vala:627","Use the keyword “nothing” to set a maybe type (beginning with “m”) to its empty value. Strings, signatures and object paths should be surrounded by quotation marks.","Используйте ключевое слово “nothing”, чтобы установить для типа maybe (начинающегося с “m”) пустое значение. Строки, подписи и пути к объектам должны быть заключены в кавычки."
"editor/registry-info.vala:630","Strings, signatures and object paths should be surrounded by quotation marks.","Строки, подписи и пути к объектам должны быть заключены в кавычки."
"editor/registry-info.vala:635","Use the keyword “nothing” to set a maybe type (beginning with “m”) to its empty value.","Используйте ключевое слово “nothing”, чтобы установить для типа maybe (начинающегося с “m”) пустое значение."
"editor/registry-info.vala:674","Key erased.","Ключ стерт."
"editor/registry-list.vala:518","conflicting keys","конфликтующие ключи"
"editor/registry-list.vala:521","conflict","конфликт"
"editor/registry-list.vala:537","No schema found","Схема не найдена"
"editor/registry-list.vala:638","key erased","ключ стерт"
"editor/registry-list.vala:641","erased","стерто"
"editor/registry-list.vala:679","type “%s”","тип “%s”"
"editor/registry-list.vala:1176","%s (local keys)","%s (локальные ключи)"
"editor/registry-list.vala:1182","Local keys not defined by a schema","Локальные ключи, не определенные схемой"
"editor/registry-list.vala:1186","Keys not defined by a schema","Ключи, не определенные схемой"
"editor/registry-list.vala:1196","Subfolders","Подпапки"
"editor/registry-list.vala:1201","Other actions","Другие действия"
"editor/registry-search.vala:26","No matches","Нет совпадений"
"editor/registry-search.vala:556","Folders","Папки"
"editor/registry-view.vala:23","No keys in this path","Нет ключей в этом пути"
"editor/setting-object.vala:173","True","Истина"
"editor/setting-object.vala:177","False","Ложь"
"editor/setting-object.vala:180","Nothing","Пустой объект"
"editor/setting-object.vala:186","true","истина"
"editor/setting-object.vala:190","false","ложь"
"editor/setting-object.vala:194","nothing (%s)","пустой объект (%s)"
"editor/setting-object.vala:199","nothing","пустой объект"
"editor/setting-object.vala:410","Schema with path","Схема с указанием пути"
"editor/setting-object.vala:414","Relocatable schema","Перемещаемая схема"
"editor/setting-object.vala:417","DConf backend","Внутренний интерфейс DConf"
