"location","source","target"
"","po header","Project-Id-Version: ru
Report-Msgid-Bugs-To: https://gitlab.gnome.org/GNOME/devhelp/issues
POT-Creation-Date: 2022-05-31 13:32+0000
PO-Revision-Date: 2021-10-19 14:28+0300
Last-Translator: Alexey Rubtsov <rushills@gmail.com>
Language-Team: русский <gnome-cyr@gnome.org>
Language: ru
MIME-Version: 1.0
Content-Type: text/plain; charset=UTF-8
Content-Transfer-Encoding: 8bit
Plural-Forms: nplurals=3; plural=(n%10==1 && n%100!=11 ? 0 : n%10>=2 && n%10<=4 && (n%100<10 || n%100>=20) ? 1 : 2);
X-Generator: Poedit 3.0
"
"data/org.gnome.Devhelp.appdata.xml.in.in:6 data/org.gnome.Devhelp.desktop.in.in:3 src/dh-app.c:141 src/dh-app.c:471","Devhelp","Devhelp"
"data/org.gnome.Devhelp.appdata.xml.in.in:7 data/org.gnome.Devhelp.desktop.in.in:4 src/dh-app.c:143","A developer tool for browsing and searching API documentation","Инструмент разработчика для поиска и просмотра документации к API."
"data/org.gnome.Devhelp.appdata.xml.in.in:9","Devhelp is a developer tool for browsing and searching API documentation. It provides an easy way to navigate through libraries and to search by function, struct, or macro.","Devhelp — это браузер документации по API. Devhelp предоставляет простую навигацию по библиотекам, позволяет выполнять поиск по функциям, структурам и макросам."
"data/org.gnome.Devhelp.appdata.xml.in.in:14","The documentation must be installed locally, so an internet connection is not needed to use Devhelp.","Документация должна быть установлена локально, так что соединение с интернет не понадобится."
"data/org.gnome.Devhelp.appdata.xml.in.in:18","Devhelp works natively with GTK-Doc, so the GTK and GNOME libraries are well supported. But other development platforms can be supported as well, as long as the API documentation is available in HTML and a *.devhelp2 index file is generated.","Devhelp работает с GTK-Doc, так что все библиотеки GTK или GNOME хорошо поддерживаются. Однако другие платформы разработки тоже могут поддерживаться, если они доступны в формате HTML и индексный файл *.devhelp2 сгенерирован."
"data/org.gnome.Devhelp.appdata.xml.in.in:24","Devhelp integrates with other applications such as Glade, Builder or Anjuta, and plugins are available for different text editors (gedit, Vim, Emacs, Geany, …).","Devhelp интегрируется с другими приложениями, например с Glade, Builder или Anjuta. Также доступны модули для различных текстовых редакторов (gedit, Vim, Emacs, Geany, …)."
"data/org.gnome.Devhelp.appdata.xml.in.in:36","Devhelp's main window","Главное окно Devhelp"
"data/org.gnome.Devhelp.appdata.xml.in.in:40","Devhelp's main window with an open book","Главное окно Devhelp с открытой книгой"
"data/org.gnome.Devhelp.appdata.xml.in.in:44","Devhelp supports opening multiple books","Devhelp поддерживает открытие нескольких книг"
"data/org.gnome.Devhelp.appdata.xml.in.in:48","Devhelp supports HTML documentation formats","Devhelp поддерживает форматы документации HTML"
"data/org.gnome.Devhelp.desktop.in.in:5","API Documentation Browser","Просмотр документации API"
"data/org.gnome.Devhelp.desktop.in.in:7","documentation;information;manual;developer;api;","документация;информация;руководство;разработчик;api;"
"data/org.gnome.devhelp.gschema.xml:16","Main window maximized state","Главное окно в развёрнутом состоянии"
"data/org.gnome.devhelp.gschema.xml:17","Whether the main window should start maximized.","Разворачивать ли главное окно при запуске."
"data/org.gnome.devhelp.gschema.xml:21","Width of the main window","Ширина главного окна"
"data/org.gnome.devhelp.gschema.xml:22","The width of the main window.","Ширина главного окна."
"data/org.gnome.devhelp.gschema.xml:26","Height of main window","Высота главного окна"
"data/org.gnome.devhelp.gschema.xml:27","The height of the main window.","Высота главного окна."
"data/org.gnome.devhelp.gschema.xml:33","Width of the index and search pane","Ширина панели содержания и поиска"
"data/org.gnome.devhelp.gschema.xml:34","The width of the index and search pane.","Ширина панели содержания и поиска."
"data/org.gnome.devhelp.gschema.xml:43","Width of the assistant window","Ширина окна помощника"
"data/org.gnome.devhelp.gschema.xml:44","The width of the assistant window.","Ширина главного окна."
"data/org.gnome.devhelp.gschema.xml:48","Height of assistant window","Высота окна помощника"
"data/org.gnome.devhelp.gschema.xml:49","The height of the assistant window.","Высота окна помощника."
"data/org.gnome.libdevhelp.gschema.xml.in:9","Books disabled","Выключенные книги"
"data/org.gnome.libdevhelp.gschema.xml.in:10","List of books disabled by the user.","Список книг, выключенных пользователем."
"data/org.gnome.libdevhelp.gschema.xml.in:14","Group books by language","Группировать по языкам"
"data/org.gnome.libdevhelp.gschema.xml.in:15","Whether books should be grouped by programming language in the user interface.","Должны ли книги быть сгруппированы в интерфейсе по языкам программирования."
"data/org.gnome.libdevhelp.gschema.xml.in:21","Use system fonts","Использовать системные шрифты"
"data/org.gnome.libdevhelp.gschema.xml.in:22","Use the system default fonts.","Использовать системные шрифты по умолчанию."
"data/org.gnome.libdevhelp.gschema.xml.in:26","Font for text","Шрифт для текста"
"data/org.gnome.libdevhelp.gschema.xml.in:27","Font for text with variable width.","Шрифт для текста с переменной шириной."
"data/org.gnome.libdevhelp.gschema.xml.in:31","Font for fixed width text","Шрифт для текста фиксированной ширины"
"data/org.gnome.libdevhelp.gschema.xml.in:32","Font for text with fixed width, such as code examples.","Шрифт для текста с фиксированной шириной, например, фрагментов кода."
"devhelp/dh-assistant-view.c:385","Book:","Книга:"
"devhelp/dh-book.c:298","Language: %s","Язык: %s"
"devhelp/dh-book.c:299","Language: Undefined","Язык: не определён"
"devhelp/dh-book-tree.c:749","_Collapse All","Свернуть вс_ё"
"devhelp/dh-link.c:536","Book","Книга"
"devhelp/dh-link.c:540","Page","Страница"
"devhelp/dh-link.c:545","Keyword","Ключевое слово"
"devhelp/dh-link.c:551","Function","Функция"
"devhelp/dh-link.c:557","Struct","Структура"
"devhelp/dh-link.c:563","Macro","Макрос"
"devhelp/dh-link.c:569","Enum","Перечисление"
"devhelp/dh-link.c:575","Type","Тип"
"devhelp/dh-link.c:581","Property","Свойство"
"devhelp/dh-link.c:587","Signal","Сигнал"
"devhelp/dh-web-view.c:674","Empty Page","Пустая страница"
"plugins/gedit-plugin/devhelp.plugin.desktop.in:6","Devhelp support","Поддержка Devhelp"
"plugins/gedit-plugin/devhelp.py:42","Show API Documentation","Показать документацию по API"
"src/dh-app.c:140","Devhelp (development build)","Devhelp (сборка для разработчиков)"
"src/dh-app.c:145","translator-credits","Валек Филиппов <frob@df.ru>
Сергей Сафонов <spoof@spoofa.info>
Юрий Мясоедов <ymyasoedov@yandex.ru>, 2014.
Alexey Rubtsov <rushills@gmail.com>, 2021"
"src/dh-app.c:147","Devhelp Website","Веб-сайт Devhelp"
"src/dh-app.c:375","Opens a new Devhelp window","Открывает новое окно Devhelp"
"src/dh-app.c:380","Search for a keyword","Поиск по ключевому слову"
"src/dh-app.c:381 src/dh-app.c:386","KEYWORD","КЛЮЧЕВОЕ СЛОВО"
"src/dh-app.c:385","Search and display any hit in the assistant window","Поиск и отображение любого совпадения в окне помощника"
"src/dh-app.c:390","Display the version and exit","Показать версию и выйти"
"src/dh-app.c:395","Quit any running Devhelp","Выйти из Devhelp"
"src/dh-assistant.ui:13","Devhelp — Assistant","Devhelp — Помощник"
"src/dh-preferences.c:536","Enabled","Включено"
"src/dh-preferences.c:550","Title","Заголовок"
"src/dh-preferences.ui:12","Preferences","Параметры"
"src/dh-preferences.ui:48","_Group by language","_Группировать по языкам"
"src/dh-preferences.ui:90","Book Shelf","Книжная полка"
"src/dh-preferences.ui:111","_Use system fonts","_Использовать системные шрифты"
"src/dh-preferences.ui:135","_Variable width: ","_Переменная ширина:"
"src/dh-preferences.ui:148","_Fixed width:","_Постоянная ширина:"
"src/dh-preferences.ui:209","Fonts","Шрифты"
"src/dh-window.ui:7","New _Window","_Создать окно"
"src/dh-window.ui:13","_Print","_Печать"
"src/dh-window.ui:17","_Find","_Найти"
"src/dh-window.ui:23","_Larger Text","У_величить текст"
"src/dh-window.ui:27","S_maller Text","У_меньшить текст"
"src/dh-window.ui:31","_Normal Size","О_бычный размер"
"src/dh-window.ui:37","_Preferences","_Параметры"
"src/dh-window.ui:41","_Keyboard Shortcuts","Комбинации клавиш"
"src/dh-window.ui:45","_Help","Под_сказка"
"src/dh-window.ui:49","_About Devhelp","_О приложении"
"src/dh-window.ui:77","Back","Назад"
"src/dh-window.ui:96","Forward","Вперёд"
"src/dh-window.ui:121","Toggle Side Panel","Переключить боковую панель"
"src/dh-window.ui:162","New Tab","Новая вкладка"
"src/help-overlay.ui:14","General","Основные"
"src/help-overlay.ui:19","Focus global search","Перейти к общему поиску"
"src/help-overlay.ui:26","Find in current page","Найти на текущей странице"
"src/help-overlay.ui:33","Find the next match","Найти следующее совпадение"
"src/help-overlay.ui:40","Find the previous match","Найти предыдущее совпадение"
"src/help-overlay.ui:48","Open a new window","Открыть новое окно"
"src/help-overlay.ui:55","Open a new tab","Открыть новую вкладку"
"src/help-overlay.ui:62","Toggle side panel visibility","Переключить показ боковой панели"
"src/help-overlay.ui:69","Go back","Назад"
"src/help-overlay.ui:76","Go forward","Вперёд"
"src/help-overlay.ui:83","Print","Печать"
"src/help-overlay.ui:90","Close the current window","Закрыть текущее окно"
"src/help-overlay.ui:97","Close all windows","Закрыть все окна"
"src/help-overlay.ui:105","Zoom","Масштаб"
"src/help-overlay.ui:110","Zoom in","Увеличить"
"src/help-overlay.ui:117","Zoom out","Уменьшить"
"src/help-overlay.ui:124","Reset Zoom","Сбросить масштаб"
