"location","source","target"
"","po header","Project-Id-Version: ru
Report-Msgid-Bugs-To: https://gitlab.gnome.org/GNOME/eog/issues
POT-Creation-Date: 2022-05-07 13:46+0000
PO-Revision-Date: 2022-02-12 23:00+0300
Last-Translator: Aleksandr Melman <Alexmelman88@gmail.com>
Language-Team: Русский <gnome-cyr@gnome.org>
Language: ru
MIME-Version: 1.0
Content-Type: text/plain; charset=UTF-8
Content-Transfer-Encoding: 8bit
Plural-Forms: nplurals=3; plural=(n%10==1 && n%100!=11 ? 0 : n%10>=2 && n%10<=4 && (n%100<10 || n%100>=20) ? 1 : 2);
X-Generator: Poedit 3.0.1
"
"data/eog.appdata.xml.in:6 data/org.gnome.eog.desktop.in.in:3 src/eog-application.c:337 src/eog-window.c:5573","Image Viewer","Просмотр изображений"
"data/eog.appdata.xml.in:7 data/org.gnome.eog.desktop.in.in:4","Browse and rotate images","Просмотр и вращение изображений"
"data/eog.appdata.xml.in:9","Image Viewer is the official image viewer for the GNOME desktop. It integrates with the GTK look and feel of GNOME, and supports many image formats for viewing single images or images in a collection.","Просмотр изображений - это официальный просмотрщик изображений для рабочего стола GNOME. Он интегрируется с GTK и поддерживает множество форматов изображений для просмотра отдельных изображений или изображений в коллекции."
"data/eog.appdata.xml.in:14","Image Viewer also allows to view the images in a fullscreen slideshow mode or set an image as the desktop wallpaper. It reads the camera tags to automatically rotate your images in the correct portrait or landscape orientation.","Просмотр изображений также позволяет просматривать изображения в полноэкранном режиме слайд-шоу или установить изображение в качестве обоев рабочего стола. Программа считывает теги камеры для автоматического поворота изображений в правильную портретную или альбомную ориентацию."
"data/eog-gear-menu.ui:6","_Open…","_Открыть…"
"data/eog-gear-menu.ui:10","Op_en With…","Открыть _с помощью…"
"data/eog-gear-menu.ui:16 data/popup-menus.ui:12 src/eog-close-confirmation-dialog.c:178 src/eog-file-chooser.c:476","_Save","Со_хранить"
"data/eog-gear-menu.ui:20 data/popup-menus.ui:16 src/eog-error-message-area.c:133","Save _As…","Сохранить _как…"
"data/eog-gear-menu.ui:26 data/popup-menus.ui:22","_Print…","_Печать…"
"data/eog-gear-menu.ui:30 data/popup-menus.ui:44","Set as Wa_llpaper","Сделать _фоном рабочего стола"
"data/eog-gear-menu.ui:36","Image Prope_rties","Свойства _изображения"
"data/eog-gear-menu.ui:42","Sli_deshow","С_лайд-шоу"
"data/eog-gear-menu.ui:46","Show Presen_ter","Показать Презен_тер"
"data/eog-gear-menu.ui:53","Sho_w","_Показать"
"data/eog-gear-menu.ui:55","S_ide Pane","Б_оковая панель"
"data/eog-gear-menu.ui:59","Image _Gallery","_Галерея изображений"
"data/eog-gear-menu.ui:63","S_tatus Bar","_Строка состояния"
"data/eog-gear-menu.ui:71","Prefere_nces","П_араметры"
"data/eog-gear-menu.ui:75","_Keyboard Shortcuts","_Комбинации клавиш"
"data/eog-gear-menu.ui:79 data/eog-preferences-dialog.ui:21","_Help","_Справка"
"data/eog-gear-menu.ui:83","_About Image Viewer","_О приложении"
"data/eog-details-dialog.ui:9","Details","Подробности"
"data/eog-details-dialog.ui:46","Not Available","Недоступно"
"data/eog-multiple-save-as-dialog.ui:16","Save As","Сохранить как"
"data/eog-multiple-save-as-dialog.ui:32 src/eog-close-confirmation-dialog.c:172 src/eog-error-message-area.c:123 src/eog-file-chooser.c:467 src/eog-file-chooser.c:475 src/eog-file-chooser.c:483 src/eog-window.c:3315 src/eog-window.c:3318 src/eog-window.c:3550","_Cancel","О_тмена"
"data/eog-multiple-save-as-dialog.ui:46 src/eog-close-confirmation-dialog.c:184","Save _As","Сохранить _как"
"data/eog-multiple-save-as-dialog.ui:102","<b>%f:</b> original filename","<b>%f:</b> исходное имя файла"
"data/eog-multiple-save-as-dialog.ui:120","<b>%n:</b> counter","<b>%n:</b> счётчик"
"data/eog-multiple-save-as-dialog.ui:146","_Filename format:","_Формат имени файла:"
"data/eog-multiple-save-as-dialog.ui:162","_Destination folder:","_Папка назначения:"
"data/eog-multiple-save-as-dialog.ui:179","Choose a folder","Выбрать каталог"
"data/eog-multiple-save-as-dialog.ui:226","File Path Specifications","Спецификации пути файла"
"data/eog-multiple-save-as-dialog.ui:268","_Start counter at:","_Начальное значение счётчика:"
"data/eog-multiple-save-as-dialog.ui:301","_Replace spaces with underscores","_Заменять пробелы на подчёркивания"
"data/eog-multiple-save-as-dialog.ui:324","Options","Параметры"
"data/eog-multiple-save-as-dialog.ui:361","Rename from:","Переименовать из:"
"data/eog-multiple-save-as-dialog.ui:375","To:","В:"
"data/eog-multiple-save-as-dialog.ui:424","File Name Preview","Просмотр имени файла"
"data/eog-preferences-dialog.ui:15","Preferences","Настройки"
"data/eog-preferences-dialog.ui:59","Image Enhancements","Улучшения изображений"
"data/eog-preferences-dialog.ui:82","Smooth images when zoomed _out","Сглаживать изображения при у_меньшении"
"data/eog-preferences-dialog.ui:97","Smooth images when zoomed _in","Сглаживать изображения при у_величении"
"data/eog-preferences-dialog.ui:112","_Automatic orientation","_Автоматическая ориентация"
"data/eog-preferences-dialog.ui:152","Background","Фон"
"data/eog-preferences-dialog.ui:175","As custom color:","Выбранным цветом:"
"data/eog-preferences-dialog.ui:192 data/eog-preferences-dialog.ui:196 data/org.gnome.eog.gschema.xml.in:16","Background Color","Цвет фона"
"data/eog-preferences-dialog.ui:233","Transparent Parts","Прозрачные области"
"data/eog-preferences-dialog.ui:257","As check _pattern","В виде клетчатого _поля"
"data/eog-preferences-dialog.ui:278","As custom c_olor:","Выбранным _цветом:"
"data/eog-preferences-dialog.ui:298 data/eog-preferences-dialog.ui:302","Color for Transparent Areas","Цвет для прозрачных областей"
"data/eog-preferences-dialog.ui:321","As _background","Как _фон"
"data/eog-preferences-dialog.ui:357","Image View","Просмотр изображения"
"data/eog-preferences-dialog.ui:381","Image Zoom","Масштабирование изображения"
"data/eog-preferences-dialog.ui:399","E_xpand images to fit screen","Увеличивать изображения до размера _экрана"
"data/eog-preferences-dialog.ui:419","Sequence","Последовательность"
"data/eog-preferences-dialog.ui:451","_Time between images:","_Пауза между изображениями:"
"data/eog-preferences-dialog.ui:493","_Loop sequence","За_циклить последовательность"
"data/eog-preferences-dialog.ui:531","Slideshow","Слайд-шоу"
"data/eog-preferences-dialog.ui:565","Plugins","Модули"
"data/eog-remote-presenter.ui:107 data/metadata-sidebar.ui:54","Type","Тип"
"data/eog-remote-presenter.ui:124","Name","Имя"
"data/eog-remote-presenter.ui:141 data/metadata-sidebar.ui:36 src/eog-print-image-setup.c:1232","Size","Размер"
"data/eog-remote-presenter.ui:158","Bytes","Байты"
"data/eog-remote-presenter.ui:175 data/metadata-sidebar.ui:92","Folder","Папка"
"data/eog-remote-presenter.ui:194","Show the folder which contains this file in the file manager","Показать папку, в которой содержится этот файл, в менеджере файлов"
"data/eog-remote-presenter.ui:217","Presenter","Презентер"
"data/eog-zoom-entry.ui:23 data/fullscreen-toolbar.ui:98","Shrink the image","Уменьшить изображение"
"data/eog-zoom-entry.ui:63 data/fullscreen-toolbar.ui:83","Enlarge the image","Увеличить изображение"
"data/fullscreen-toolbar.ui:13","Go to the first image of the gallery","Перейти к первому изображению в галерее"
"data/fullscreen-toolbar.ui:15","_First Image","П_ервое изображение"
"data/fullscreen-toolbar.ui:28 src/eog-scroll-view.c:2111","Go to the previous image of the gallery","Перейти к предыдущему изображению в галерее"
"data/fullscreen-toolbar.ui:30","_Previous Image","_Предыдущее изображение"
"data/fullscreen-toolbar.ui:43 src/eog-scroll-view.c:2099","Go to the next image of the gallery","Перейти к следующему изображению в галерее"
"data/fullscreen-toolbar.ui:45","_Next Image","_Следующее изображение"
"data/fullscreen-toolbar.ui:58","Go to the last image of the gallery","Перейти к последнему изображению в галерее"
"data/fullscreen-toolbar.ui:60","_Last Image","П_оследнее изображение"
"data/fullscreen-toolbar.ui:85","_Zoom In","У_величить"
"data/fullscreen-toolbar.ui:100","Zoom _Out","У_меньшить"
"data/fullscreen-toolbar.ui:113","Show the image at its normal size","Масштабировать изображение в натуральный размер"
"data/fullscreen-toolbar.ui:115","_Normal Size","_Нормальный размер"
"data/fullscreen-toolbar.ui:128","Fit the image to the window","Подогнать размер изображения под размер окна"
"data/fullscreen-toolbar.ui:130 data/fullscreen-toolbar.ui:220","_Best Fit","Наилучшая подгонка"
"data/fullscreen-toolbar.ui:153 src/eog-scroll-view.c:2126","Rotate the image 90 degrees to the left","Повернуть изображение на 90 градусов против часовой стрелки"
"data/fullscreen-toolbar.ui:155","Rotate Counter_clockwise","Повернуть против часовой _стрелки"
"data/fullscreen-toolbar.ui:168 src/eog-scroll-view.c:2137","Rotate the image 90 degrees to the right","Повернуть изображение на 90 градусов по часовой стрелке"
"data/fullscreen-toolbar.ui:170","_Rotate Clockwise","Повернуть по _часовой стрелке"
"data/fullscreen-toolbar.ui:193","Changes the visibility of the image gallery pane in the current window","Изменяет видимость панели галереи изображений в текущем окне"
"data/fullscreen-toolbar.ui:195","_Image Gallery","_Галерея изображений"
"data/fullscreen-toolbar.ui:218","Pause or resume the slideshow","Приостановить или возобновить слайд-шоу"
"data/fullscreen-toolbar.ui:233","_Leave Fullscreen","_Покинуть полноэкранный режим"
"data/fullscreen-toolbar.ui:235","Leave fullscreen mode","Покинуть полноэкранный режим"
"data/help-overlay.ui:14","General","Основное"
"data/help-overlay.ui:19","Open an image file","Открыть файл изображения"
"data/help-overlay.ui:26","Save the image","Сохранить изображение"
"data/help-overlay.ui:33","Save the image with a new file name","Сохранить изображение под новым именем файла"
"data/help-overlay.ui:40","Print the current image","Напечатать текущее изображение"
"data/help-overlay.ui:47","Close the current window","Закрыть текущее окно"
"data/help-overlay.ui:54","Close all windows","Закрыть все окна"
"data/help-overlay.ui:61","Set the image as desktop background","Установить изображение как фон рабочего стола"
"data/help-overlay.ui:68","Show image properties in sidebar","Показать свойства изображения в боковой панели"
"data/help-overlay.ui:75","Show/Hide the sidebar","Показать/скрыть боковую панель"
"data/help-overlay.ui:82","Open the application manual","Открыть справку приложения"
"data/help-overlay.ui:89","Show/Hide the application menu","Показать/скрыть меню приложения"
"data/help-overlay.ui:96","Keyboard shortcuts","Комбинации клавиш"
"data/help-overlay.ui:104","Zoom","Масштаб"
"data/help-overlay.ui:108 data/help-overlay.ui:123","Zoom in","Увеличить"
"data/help-overlay.ui:115 data/help-overlay.ui:130","Zoom out","Уменьшить"
"data/help-overlay.ui:137","Actual size","Реальный размер"
"data/help-overlay.ui:144","Best fit","Наиболее подходящий размер"
"data/help-overlay.ui:152","Browsing Images","Просмотр изображений"
"data/help-overlay.ui:157 data/help-overlay.ui:165 data/help-overlay.ui:206 data/help-overlay.ui:214","Go to the next image in the folder","Перейти к следующему изображению в папке"
"data/help-overlay.ui:173 data/help-overlay.ui:181 data/help-overlay.ui:190 data/help-overlay.ui:198","Go to the previous image in the folder","Перейти к предыдущему изображению в папке"
"data/help-overlay.ui:221","Go to the first image in the folder","Перейти к первому изображению в папке"
"data/help-overlay.ui:228","Go to the last image in the folder","Перейти к последнему изображению в папке"
"data/help-overlay.ui:235","Go to a random image in the folder","Перейти к случайному изображению в папке"
"data/help-overlay.ui:242","Show presenter with separate controls","Показать презентер с отдельными элементами управления"
"data/help-overlay.ui:249","Show/Hide the image gallery","Показать/скрыть галерею изображений"
"data/help-overlay.ui:257","Rotation","Вращение"
"data/help-overlay.ui:261 data/help-overlay.ui:276","Rotate clockwise","Повернуть по часовой стрелке"
"data/help-overlay.ui:268 data/help-overlay.ui:283","Rotate counterclockwise","Повернуть против часовой стрелки"
"data/help-overlay.ui:291","Fullscreen","Полноэкранный режим"
"data/help-overlay.ui:296","Enter/Leave fullscreen","Войти/Покинуть полноэкранный режим"
"data/help-overlay.ui:303","Start/Stop slideshow","Запустить/Остановить слайд-шоу"
"data/help-overlay.ui:310","Pause slideshow","Приостановить слайд-шоу"
"data/help-overlay.ui:318","Common","Общие"
"data/help-overlay.ui:323","Copy to clipboard","Копировать в буфер"
"data/help-overlay.ui:330","Undo","Отменить"
"data/help-overlay.ui:337","Move to Trash","Переместить в корзину"
"data/help-overlay.ui:344","Delete image permanently","Удалить изображение навсегда"
"data/help-overlay.ui:352","Scrolling","Прокрутка"
"data/help-overlay.ui:357","Scroll left in a large image","Прокрутка влево в большом изображении"
"data/help-overlay.ui:364","Scroll right in a large image","Прокрутка вправо в большом изображении"
"data/help-overlay.ui:371","Scroll up in a large image","Прокрутка вверх на большом изображении"
"data/help-overlay.ui:378","Scroll down in a large image","Прокрутите вниз в большом изображении"
"data/metadata-sidebar.ui:72","File Size","Размер файла"
"data/metadata-sidebar.ui:110","Aperture","Апертура"
"data/metadata-sidebar.ui:128","Exposure","Экспозиция"
"data/metadata-sidebar.ui:146","ISO","ISO"
"data/metadata-sidebar.ui:165","Metering","Замер экспозиции"
"data/metadata-sidebar.ui:184 src/eog-metadata-details.c:65","Camera","Камера"
"data/metadata-sidebar.ui:203","Date","Дата"
"data/metadata-sidebar.ui:221","Time","Время"
"data/metadata-sidebar.ui:398","Focal Length","Фокусное расстояние"
"data/metadata-sidebar.ui:435","Show Details","Показать подробности"
"data/org.gnome.eog.desktop.in.in:24","Picture;Slideshow;Graphics;","Изображение;Слайд-шоу;Графика;"
"data/org.gnome.eog.gschema.xml.in:11","Automatic orientation","Автоматическая ориентация"
"data/org.gnome.eog.gschema.xml.in:12","Whether the image should be rotated automatically based on EXIF orientation.","Должно ли изображение быть автоматически повёрнуто в соответствии с данными EXIF."
"data/org.gnome.eog.gschema.xml.in:17","The color that is used to fill the area behind the image. If the use-background-color key is not set, the color is determined by the active GTK+ theme instead.","Цвет, использующийся для заливки области вне изображения. Если ключ use-background-color не установлен, цвет будет определён из используемой темы GTK+."
"data/org.gnome.eog.gschema.xml.in:21","Interpolate Image","Интерполировать изображение"
"data/org.gnome.eog.gschema.xml.in:22","Whether the image should be interpolated on zoom-out. This leads to better quality but is somewhat slower than non-interpolated images.","Должно ли интерполироваться изображение при уменьшении (масштабировании). Это позволяет улучшить качество, но уменьшает скорость обработки изображения."
"data/org.gnome.eog.gschema.xml.in:26","Extrapolate Image","Экстраполировать изображение"
"data/org.gnome.eog.gschema.xml.in:27","Whether the image should be extrapolated on zoom-in. This leads to blurry quality and is somewhat slower than non-extrapolated images.","Должно ли изображение быть экстраполировано при увеличении (масштабировании). Это приводит к размытости и уменьшает скорость обработки изображения."
"data/org.gnome.eog.gschema.xml.in:31","Transparency indicator","Индикатор прозрачности"
"data/org.gnome.eog.gschema.xml.in:32","Determines how transparency should be indicated. Valid values are CHECK_PATTERN, COLOR and NONE. If COLOR is chosen, then the trans-color key determines the color value used.","Определяет, как отрисовывать (обозначать в пользовательском интерфейсе) прозрачность. Допустимые значения: CHECK_PATTERN, COLOR и NONE. Если выбрано значение COLOR, ключ trans_color устанавливает используемый цвет."
"data/org.gnome.eog.gschema.xml.in:36","Scroll wheel zoom","Масштабирование вращением колёсика мыши"
"data/org.gnome.eog.gschema.xml.in:37","Whether the scroll wheel should be used for zooming.","Должно ли колёсико мыши использоваться для масштабирования."
"data/org.gnome.eog.gschema.xml.in:41","Zoom multiplier","Коэффициент масштабирования"
"data/org.gnome.eog.gschema.xml.in:42","The multiplier to be applied when using the mouse scroll wheel for zooming. This value defines the zooming step used for each scroll event. For example, 0.05 results in a 5% zoom increment for each scroll event and 1.00 result in a 100% zoom increment.","Множитель при использовании колёсика мыши для масштабирования. Это значение задаёт шаг масштаба, используемый при каждом событии вращения колёсика. Например, значение 0,05 даёт увеличение масштаба на 5% при каждом событии вращения, а 1,00 — на 100%."
"data/org.gnome.eog.gschema.xml.in:46","Transparency color","Цвет прозрачности"
"data/org.gnome.eog.gschema.xml.in:47","If the transparency key has the value COLOR, then this key determines the color which is used for indicating transparency.","Если ключ «transparency» имеет значение COLOR, тогда данный ключ определяет цвет, который будет обозначать прозрачность."
"data/org.gnome.eog.gschema.xml.in:51","Use a custom background color","Использовать другой цвет фона"
"data/org.gnome.eog.gschema.xml.in:52","If this is active, the color set by the background-color key will be used to fill the area behind the image. If it is not set, the current GTK+ theme will determine the fill color.","Если включено, для заливки области вне изображения будет использоваться цвет, установленный ключом background-color. В противном случае, цвет заливки будет определён текущей темой GTK+."
"data/org.gnome.eog.gschema.xml.in:58","Loop through the image sequence","Зацикливать последовательность показа изображений"
"data/org.gnome.eog.gschema.xml.in:59","Whether the sequence of images should be shown in an endless loop.","Следует ли показывать последовательность изображений в бесконечном цикле."
"data/org.gnome.eog.gschema.xml.in:63","Allow zoom greater than 100% initially","Разрешить изначальный масштаб более 100%"
"data/org.gnome.eog.gschema.xml.in:64","If this is set to FALSE small images will not be stretched to fit into the screen initially.","Если этот ключ имеет значение FALSE, небольшие изображения при их открытии не будут растягиваться до размера окна."
"data/org.gnome.eog.gschema.xml.in:68","Delay in seconds until showing the next image","Задержка в секундах перед показом следующего изображения"
"data/org.gnome.eog.gschema.xml.in:69","A value greater than 0 determines the seconds an image stays on screen until the next one is shown automatically. Zero disables the automatic browsing.","Значение больше 0 определяет количество секунд, в течение которого изображение остаётся на экране до автоматического показа следующего. Ноль запрещает автоматическую смену изображений."
"data/org.gnome.eog.gschema.xml.in:75","Show/Hide the window statusbar.","Показать/скрыть строку состояния."
"data/org.gnome.eog.gschema.xml.in:79","Show/Hide the image gallery pane.","Показать/скрыть панель галереи изображений."
"data/org.gnome.eog.gschema.xml.in:83","Image gallery pane position. Set to 0 for bottom; 1 for left; 2 for top; 3 for right.","Положение панели галереи изображений. «0» — снизу; «1» — слева; «2» — сверху; «3» — справа."
"data/org.gnome.eog.gschema.xml.in:87","Whether the image gallery pane should be resizable.","Можно ли изменять размер панели галереи."
"data/org.gnome.eog.gschema.xml.in:91","Show/Hide the window side pane.","Показать/скрыть боковую панель."
"data/org.gnome.eog.gschema.xml.in:95","Show/Hide the image gallery pane scroll buttons.","Показать/скрыть кнопки прокрутки панели галереи изображений."
"data/org.gnome.eog.gschema.xml.in:99","Close main window without asking to save changes.","Закрыть главное окно без подтверждения сохранения изменений."
"data/org.gnome.eog.gschema.xml.in:103","Trash images without asking","Перемещать изображения в корзину без запроса"
"data/org.gnome.eog.gschema.xml.in:104","If activated, Eye of GNOME won’t ask for confirmation when moving images to the trash. It will still ask if any of the files cannot be moved to the trash and would be deleted instead.","Если функция активирована, приложение «Eye of GNOME» не будет запрашивать подтверждение перед отправкой изображений в корзину; но запросит перед удалением, если какой-либо файл невозможно поместить в корзину."
"data/org.gnome.eog.gschema.xml.in:108","Whether the file chooser should show the user’s pictures folder if no images are loaded.","Отображать ли в окне выбора файлов папку изображений пользователя, если ни одно изображение не загружено."
"data/org.gnome.eog.gschema.xml.in:109","If activated and no image is loaded in the active window, the file chooser will display the user’s pictures folder using the XDG special user directories. If deactivated or the pictures folder has not been set up, it will show the current working directory.","Если функция активирована и в активном окне нет загруженных изображений, будет показана папка с изображениями, заданная средствами XDG. Если функция неактивна, или папка пользователя не задана, будет показан текущий рабочий каталог."
"data/org.gnome.eog.gschema.xml.in:115","Active plugins","Активные модули"
"data/org.gnome.eog.gschema.xml.in:116","List of active plugins. It doesn’t contain the “Location” of the active plugins. See the .eog-plugin file for obtaining the “Location” of a given plugin.","Список активных модулей. Не указывает расположения активных модулей. О расположении можно узнать из файла .eog-plugin."
"data/popup-menus.ui:6","Open _With…","Открыть _с помощью…"
"data/popup-menus.ui:28","_Copy","_Копировать"
"data/popup-menus.ui:34 src/eog-window.c:3553","Move to _Trash","Переместить в _корзину"
"data/popup-menus.ui:40","Prope_rties","С_войства"
"data/popup-menus.ui:48","Show Containing _Folder","Показать содержащую папку"
"data/popup-menus.ui:56","_Best fit","_Наиболее подходящий размер"
"plugins/fullscreen/fullscreen.plugin.desktop.in:5","Fullscreen with double-click","Полноэкранный режим по двойному щелчку"
"plugins/fullscreen/fullscreen.plugin.desktop.in:9","Activate fullscreen mode with double-click","Войти в полноэкранный режим по двойному щелчку мыши"
"plugins/reload/eog-reload-plugin.c:185 plugins/reload/reload.plugin.desktop.in:5","Reload Image","Перезагрузить изображение"
"plugins/reload/reload.plugin.desktop.in:9","Reload current image","Перезагрузить текущее изображение"
"plugins/statusbar-date/eog-statusbar-date-plugin.c:69 src/eog-exif-util.c:193 src/eog-exif-util.c:195","%a, %d %B %Y  %X","%A, %d %b. %Y  %X"
"plugins/statusbar-date/statusbar-date.plugin.desktop.in:5","Date in statusbar","Дата в строке состояния"
"plugins/statusbar-date/statusbar-date.plugin.desktop.in:6","Shows the image date in the window statusbar","Показывать дату изображения в строке состояния"
"src/eog-close-confirmation-dialog.c:166","Close _without Saving","Закрыть _без сохранения"
"src/eog-close-confirmation-dialog.c:383","If you don’t save, your changes will be lost.","Если вы не сохраните, изменения будут безвозвратно утеряны."
"src/eog-close-confirmation-dialog.c:404","Save changes to image “%s” before closing?","Сохранить изменения изображения «%s» перед закрытием?"
"src/eog-close-confirmation-dialog.c:564","There is %d image with unsaved changes. Save changes before closing?
msgid_plural: There are %d images with unsaved changes. Save changes before closing?","msgstr[0]: Есть %d изображение с несохранёнными изменениями. Сохранить изменения перед закрытием?
msgstr[1]: Есть %d изображения с несохранёнными изменениями. Сохранить изменения перед закрытием?
msgstr[2]: Есть %d изображений с несохранёнными изменениями. Сохранить изменения перед закрытием?"
"src/eog-close-confirmation-dialog.c:584","S_elect the images you want to save:","Выберите изображения для сохранения:"
"src/eog-close-confirmation-dialog.c:603","If you don’t save, all your changes will be lost.","Если вы не сохраните, все изменения будут безвозвратно утеряны."
"src/eog-error-message-area.c:128 src/eog-window.c:935","_Reload","_Перезагрузить"
"src/eog-error-message-area.c:137","Open with _Document Viewer","Открыть с помощью просмотрщика _документов"
"src/eog-error-message-area.c:219","Could not load image “%s”.","Невозможно загрузить изображение «%s»."
"src/eog-error-message-area.c:261","Could not save image “%s”.","Невозможно сохранить изображение «%s»."
"src/eog-error-message-area.c:304","No images found in “%s”.","В «%s» не найдены изображения."
"src/eog-error-message-area.c:311","The given locations contain no images.","Указанные места не содержат изображений."
"src/eog-error-message-area.c:350","This image contains multiple pages. Image Viewer displays only the first page.
Do you want to open the image with the Document Viewer to see all pages?","Данное изображение содержит несколько страниц. Программа Просмотр изображений отображает только первую страницу.
Открыть изображение в программе Просмотр документов, чтобы просмотреть все страницы?"
"src/eog-error-message-area.c:355","This image contains multiple pages. Image Viewer displays only the first page.
You may want to install the Document Viewer to see all pages.","Данное изображение содержит несколько страниц. Программа Просмотр изображений отображает только первую страницу.
Для просмотра всех страниц нужно установить программу Просмотр документов."
"src/eog-exif-util.c:284","%.1f (lens)","%.1f (объектив)"
"src/eog-exif-util.c:295","%.1f (35mm film)","%.1f (эквивалент в 35 мм)"
"src/eog-file-chooser.c:120","File format is unknown or unsupported","Формат файла неизвестен или не поддерживается"
"src/eog-file-chooser.c:125","Image Viewer could not determine a supported writable file format based on the filename.","Программе просмотра изображений не удалось определить записываемый формат файла, основываясь на имени файла."
"src/eog-file-chooser.c:126","Please try a different file extension like .png or .jpg.","Попробуйте использовать другое расширение, вроде .png или .jpg."
"src/eog-file-chooser.c:161","%s (*.%s)","%s (*.%s)"
"src/eog-file-chooser.c:213","All files","Все файлы"
"src/eog-file-chooser.c:218","Supported image files","Поддерживаемые форматы изображений"
"src/eog-file-chooser.c:468 src/eog-file-chooser.c:484","_Open","_Открыть"
"src/eog-file-chooser.c:470","Open Image","Открыть изображение"
"src/eog-file-chooser.c:478","Save Image","Сохранить изображение"
"src/eog-file-chooser.c:486","Open Folder","Открыть папку"
"src/eog-image.c:570","Transformation on unloaded image.","Преобразование незагруженного изображения."
"src/eog-image.c:598","Transformation failed.","Не удалось выполнить преобразование."
"src/eog-image.c:1139","EXIF not supported for this file format.","EXIF не поддерживается для этого формата файлов."
"src/eog-image.c:1281","Image loading failed.","Не удалось загрузить изображение."
"src/eog-image.c:1870 src/eog-image.c:1990","No image loaded.","Изображение не загружено."
"src/eog-image.c:1878 src/eog-image.c:1999","You do not have the permissions necessary to save the file.","Недостаточно прав для сохранения файла."
"src/eog-image.c:1888 src/eog-image.c:2010","Temporary file creation failed.","Не удалось создать временный файл."
"src/eog-image-jpeg.c:374","Couldn’t create temporary file for saving: %s","Не удалось создать временный файл для сохранения: %s"
"src/eog-image-jpeg.c:393","Couldn’t allocate memory for loading JPEG file","Не удалось выделить память для загрузки файла JPEG"
"src/eog-metadata-details.c:66","Image Data","Данные изображения"
"src/eog-metadata-details.c:67","Image Taking Conditions","Условия съёмки изображения"
"src/eog-metadata-details.c:68","GPS Data","Данные GPS"
"src/eog-metadata-details.c:69","Maker Note","Примечания автора"
"src/eog-metadata-details.c:70","Other","Другие"
"src/eog-metadata-details.c:72","XMP Exif","XMP Exif"
"src/eog-metadata-details.c:73","XMP IPTC","XMP IPTC"
"src/eog-metadata-details.c:74","XMP Rights Management","Управление правами доступа в XMP"
"src/eog-metadata-details.c:75","XMP Other","Другие поля XMP"
"src/eog-metadata-details.c:251","Tag","Тег"
"src/eog-metadata-details.c:258","Value","Значение"
"src/eog-metadata-details.c:434","North","Север"
"src/eog-metadata-details.c:437","East","Восток"
"src/eog-metadata-details.c:440","West","Запад"
"src/eog-metadata-details.c:443","South","Юг"
"src/eog-metadata-sidebar.c:158 src/eog-remote-presenter.c:357","Unknown","Неизвестно"
"src/eog-metadata-sidebar.c:225","%a, %d %B %Y","%A, %d %b. %Y"
"src/eog-metadata-sidebar.c:229","%X","%X"
"src/eog-preferences-dialog.c:125","%lu second
msgid_plural: %lu seconds","msgstr[0]: %lu секунда
msgstr[1]: %lu секунды
msgstr[2]: %lu секунд"
"src/eog-print.c:371","Image Settings","Параметры изображения"
"src/eog-print-image-setup.c:1160","Image","Изображение"
"src/eog-print-image-setup.c:1161","The image whose printing properties will be set up","Изображение, для которого будут настроены свойства печати"
"src/eog-print-image-setup.c:1167","Page Setup","Параметры страницы"
"src/eog-print-image-setup.c:1168","The information for the page where the image will be printed","Информация о странице, на которой будет напечатано изображение"
"src/eog-print-image-setup.c:1194","Position","Положение"
"src/eog-print-image-setup.c:1198","_Left:","С_лева:"
"src/eog-print-image-setup.c:1200","_Right:","С_права:"
"src/eog-print-image-setup.c:1201","_Top:","С_верху:"
"src/eog-print-image-setup.c:1202","_Bottom:","С_низу:"
"src/eog-print-image-setup.c:1205","C_enter:","_Центрировать:"
"src/eog-print-image-setup.c:1210","None","Нет"
"src/eog-print-image-setup.c:1212","Horizontal","Горизонтально"
"src/eog-print-image-setup.c:1214","Vertical","Вертикально"
"src/eog-print-image-setup.c:1216","Both","Горизонтально и вертикально"
"src/eog-print-image-setup.c:1235","_Width:","_Ширина:"
"src/eog-print-image-setup.c:1237","_Height:","_Высота:"
"src/eog-print-image-setup.c:1240","_Scaling:","_Масштаб:"
"src/eog-print-image-setup.c:1251","_Unit:","_Единица:"
"src/eog-print-image-setup.c:1256","Millimeters","Миллиметры"
"src/eog-print-image-setup.c:1258","Inches","Дюймы"
"src/eog-print-image-setup.c:1287","Preview","Просмотр печати"
"src/eog-save-as-dialog-helper.c:162","as is","как есть"
"src/eog-sidebar.c:438","Hide sidebar","Скрыть боковую панель"
"src/eog-statusbar.c:118","%d / %d","%d / %d"
"src/eog-thumb-view.c:553","Taken on","Снято"
"src/eog-uri-converter.c:989","At least two file names are equal.","Как минимум два имени файла совпадают."
"src/eog-util.c:72","Could not display help for Image Viewer","Не удалось открыть справку для приложения просмотра изображений"
"src/eog-util.c:120"," (invalid Unicode)"," (некорректные символы Юникод)"
"src/eog-util.c:515","%i × %i pixel
msgid_plural: %i × %i pixels","msgstr[0]: %i × %i пиксел
msgstr[1]: %i × %i пиксела
msgstr[2]: %i × %i пикселов"
"src/eog-window.c:546","%i × %i pixel  %s    %i%%
msgid_plural: %i × %i pixels  %s    %i%%","msgstr[0]: %i × %i пиксел  %s    %i%%
msgstr[1]: %i × %i пиксела  %s    %i%%
msgstr[2]: %i × %i пикселов  %s    %i%%"
"src/eog-window.c:937 src/eog-window.c:2715","Hi_de","С_крыть"
"src/eog-window.c:945","The image “%s” has been modified by an external application. Would you like to reload it?","Изображение «%s» было изменено внешним приложением. Не хотите ли вы перезагрузить его?"
"src/eog-window.c:1198","Saving image “%s” (%u/%u)","Сохранение изображения «%s» (%u/%u)"
"src/eog-window.c:1622","Opening image “%s”","Открытие изображения «%s»"
"src/eog-window.c:2022","Viewing a slideshow","Просмотр слайд-шоу"
"src/eog-window.c:2243","Error printing file:
%s","Ошибка при печати файла:
%s"
"src/eog-window.c:2663 src/eog-window.c:2678","Error launching System Settings: ","Ошибка запуска параметров системы: "
"src/eog-window.c:2713","_Open Background Preferences","О_ткрыть параметры фона"
"src/eog-window.c:2727","The image “%s” has been set as Desktop Background. Would you like to modify its appearance?","Изображение «%s» было установлено в качестве фона рабочего стола. Вы хотите изменить его внешний вид?"
"src/eog-window.c:3210","Saving image locally…","Сохранение изображения на диск…"
"src/eog-window.c:3291","Are you sure you want to remove
“%s” permanently?","Действительно безвозвратно удалить
«%s»?"
"src/eog-window.c:3294","Are you sure you want to remove
the selected image permanently?
msgid_plural: Are you sure you want to remove
the %d selected images permanently?","msgstr[0]: Действительно безвозвратно удалить
%d выбранное изображение?
msgstr[1]: Действительно безвозвратно удалить
%d выбранных изображения?
msgstr[2]: Действительно безвозвратно удалить
%d выбранных изображений?"
"src/eog-window.c:3316 src/eog-window.c:3561","_Delete","_Удалить"
"src/eog-window.c:3319 src/eog-window.c:3563","_Yes","_Да"
"src/eog-window.c:3323 src/eog-window.c:3555","Do _not ask again during this session","_Не спрашивать больше во время этого сеанса"
"src/eog-window.c:3367","Couldn’t retrieve image file","Не удалось получить файл изображения"
"src/eog-window.c:3383","Couldn’t retrieve image file information","Не удалось получить информацию о файле изображения"
"src/eog-window.c:3399 src/eog-window.c:3622","Couldn’t delete file","Не удалось удалить файл"
"src/eog-window.c:3444 src/eog-window.c:3718","Error on deleting image %s","Ошибка при удалении изображения %s"
"src/eog-window.c:3523","Are you sure you want to move
“%s” to the trash?","Действительно хотите переместить
«%s» в корзину?"
"src/eog-window.c:3526","A trash for “%s” couldn’t be found. Do you want to remove this image permanently?","Не удалось найти корзину для «%s». Удалить изображение навсегда?"
"src/eog-window.c:3531","Are you sure you want to move
the selected image to the trash?
msgid_plural: Are you sure you want to move
the %d selected images to the trash?","msgstr[0]: Действительно хотите переместить
%d выбранное изображение в корзину?
msgstr[1]: Действительно хотите переместить
%d выбранных изображения в корзину?
msgstr[2]: Действительно хотите переместить
%d выбранных изображений в корзину?"
"src/eog-window.c:3536","Some of the selected images can’t be moved to the trash and will be removed permanently. Are you sure you want to proceed?","Не удалось переместить некоторые выделенные изображения в корзину, они будут удалены навсегда. Продолжить?"
"src/eog-window.c:3600 src/eog-window.c:3614","Couldn’t access trash.","Нет доступа к корзине."
"src/eog-window.c:4311","Shrink or enlarge the current image","Уменьшить или увеличить текущее изображение"
"src/eog-window.c:4370","Show the current image in fullscreen mode","Показать текущее изображение в полноэкранном режиме"
"src/eog-window.c:4443","Properties","Свойства"
"src/eog-window.c:5576","The GNOME image viewer.","Программа для просмотра изображений в GNOME."
"src/eog-window.c:5579","translator-credits","Yuri Myasoedov <ymyasoedov@yandex.ru>, 2012-2017.
Stas Solovey <whats_up@tut.by>, 2011-2019.
Alexey Rubtsov <rushills@gmail.com>, 2022"
"src/eog-zoom-entry.c:81","%d%%","%d%%"
"src/main.c:56","GNOME Image Viewer","Приложение для просмотра изображений для GNOME"
"src/main.c:63","Open in fullscreen mode","Открыть в полноэкранном режиме"
"src/main.c:64","Disable image gallery","Отключить галерею изображений"
"src/main.c:65","Open in slideshow mode","Открыть в режиме слайд-шоу"
"src/main.c:66","Start a new instance instead of reusing an existing one","Запустить новую копию программы вместо использования текущей"
"src/main.c:67","Open in a single window, if multiple windows are open the first one is used","Открыть в отдельном окне, если открыто несколько окон и используется первое окно"
"src/main.c:69","Show the application’s version","Показать номер версии приложения"
"src/main.c:99","[FILE…]","[ФАЙЛ…]"
"src/main.c:112","Run “%s --help” to see a full list of available command line options.","Запустите «%s --help», чтобы вывести список всех доступных параметров командной строки."
