"location","source","target"
"","po header","Project-Id-Version: evince trunk
Report-Msgid-Bugs-To: https://gitlab.gnome.org/GNOME/evince/issues
POT-Creation-Date: 2022-05-20 04:14+0000
PO-Revision-Date: 2022-01-10 23:30+0300
Last-Translator: Aleksandr Melman <Alexmelman88@gmail.com>
Language-Team: Russian <kde-i18n-doc@kde.org>
Language: ru
MIME-Version: 1.0
Content-Type: text/plain; charset=UTF-8
Content-Transfer-Encoding: 8bit
Plural-Forms: nplurals=3; plural=(n%10==1 && n%100!=11 ? 0 : n%10>=2 && n%10<=4 && (n%100<10 || n%100>=20) ? 1 : 2);
X-Generator: Poedit 3.0
"
"backend/comics/comics-document.c:190 backend/comics/comics-document.c:214","File is corrupted","Файл повреждён"
"backend/comics/comics-document.c:255","Archive is encrypted","Архив зашифрован"
"backend/comics/comics-document.c:260","No supported images in archive","В архиве нет поддерживаемых изображений"
"backend/comics/comics-document.c:265","No files in archive","В архиве нет файлов"
"backend/comics/comics-document.c:315","Not a comic book MIME type: %s","Тип MIME документа не относится к книгам комиксов: %s"
"backend/comics/comics-document.c:322","libarchive lacks support for this comic book’s compression, please contact your distributor","libarchive не поддерживает формат сжатия этой книги комикса, обратитесь к дистрибьютору"
"backend/comics/comics-document.c:362","Can not get local path for archive","Не удается получить локальный путь для архива"
"backend/comics/comicsdocument.evince-backend.desktop.in.in:4 backend/comics/evince-comicsdocument.metainfo.xml.in.in:5","Comic Books","Книги комиксов"
"backend/comics/evince-comicsdocument.metainfo.xml.in.in:6","Adds support for reading comic books","Добавляет поддержку для чтения документов в формате Comic Book Archive"
"backend/djvu/djvu-document.c:179","DjVu document has incorrect format","Документ DjVu имеет некорректный формат"
"backend/djvu/djvu-document.c:266","The document is composed of several files. One or more of these files cannot be accessed.","Документ состоит из нескольких файлов. Один или несколько этих файлов недоступны."
"backend/djvu/djvudocument.evince-backend.desktop.in.in:4 backend/djvu/evince-djvudocument.metainfo.xml.in.in:5","DjVu Documents","Документы формата DjVu"
"backend/djvu/evince-djvudocument.metainfo.xml.in.in:6","Adds support for reading DjVu documents","Добавляет поддержку для чтения документов в формате DjVu"
"backend/dvi/dvi-document.c:110","DVI document has incorrect format","Документ DVI имеет некорректный формат"
"backend/dvi/dvidocument.evince-backend.desktop.in.in:4 backend/dvi/evince-dvidocument.metainfo.xml.in.in:5","DVI Documents","Документы формата DVI"
"backend/dvi/evince-dvidocument.metainfo.xml.in.in:6","Adds support for reading DVI documents","Добавляет поддержку для чтения документов в формате DVI"
"backend/pdf/evince-pdfdocument.metainfo.xml.in.in:5 backend/pdf/pdfdocument.evince-backend.desktop.in.in:5","PDF Documents","Документы формата PDF"
"backend/pdf/evince-pdfdocument.metainfo.xml.in.in:6","Adds support for reading PDF Documents","Добавляет поддержку для чтения документов в формате PDF"
"backend/pdf/ev-poppler.c:731 backend/pdf/ev-poppler.c:737 properties/ev-properties-view.c:433","Yes","Да"
"backend/pdf/ev-poppler.c:734 backend/pdf/ev-poppler.c:737 properties/ev-properties-view.c:435","No","Нет"
"backend/pdf/ev-poppler.c:879","Type 1","Type 1"
"backend/pdf/ev-poppler.c:881","Type 1C","Type 1C"
"backend/pdf/ev-poppler.c:883","Type 3","Type 3"
"backend/pdf/ev-poppler.c:885","TrueType","TrueType"
"backend/pdf/ev-poppler.c:887","Type 1 (CID)","Type 1 (CID)"
"backend/pdf/ev-poppler.c:889","Type 1C (CID)","Type 1C (CID)"
"backend/pdf/ev-poppler.c:891","TrueType (CID)","TrueType (CID)"
"backend/pdf/ev-poppler.c:893","Unknown font type","Неизвестный тип шрифтов"
"backend/pdf/ev-poppler.c:937","This document contains non-embedded fonts that are not from the PDF Standard 14 fonts. If the substitute fonts selected by fontconfig are not the same as the fonts used to create the PDF, the rendering may not be correct.","Этот документ содержит невстроенные шрифты, которые не входят в набор PDF Standard 14. Если замещающие шрифты, выбранные fontconfig, отличаются от шрифтов, использованных при создании PDF, отрисовка документа может быть выполнена некорректно."
"backend/pdf/ev-poppler.c:942","All fonts are either standard or embedded.","Все шрифты являются стандартными или встроенными."
"backend/pdf/ev-poppler.c:972","No name","Без названия"
"backend/pdf/ev-poppler.c:981 libview/ev-print-operation.c:2722 properties/ev-properties-view.c:233","None","Отсутствует"
"backend/pdf/ev-poppler.c:989","Embedded subset","Встроенное подмножество"
"backend/pdf/ev-poppler.c:991","Embedded","Встроенный"
"backend/pdf/ev-poppler.c:993","Not embedded","Внешний"
"backend/pdf/ev-poppler.c:1000"," (One of the Standard 14 Fonts)"," (один из шрифтов Standard 14)"
"backend/pdf/ev-poppler.c:1007"," (Not one of the Standard 14 Fonts)"," (не из шрифтов Standard 14)"
"backend/pdf/ev-poppler.c:1026","%s%s
Encoding: %s
%s
Substituting with <b>%s</b>
(%s)","%s%s
Кодировка: %s
%s
Подставляя с <b>%s</b>
(%s)"
"backend/pdf/ev-poppler.c:1044","%s%s
Encoding: %s
%s","%s%s
Кодировка: %s
%s"
"backend/ps/evince-psdocument.metainfo.xml.in.in:5 backend/ps/psdocument.evince-backend.desktop.in.in:5","PostScript Documents","Документы формата PostScript"
"backend/ps/evince-psdocument.metainfo.xml.in.in:6","Adds support for reading PostScript documents","Добавляет поддержку для чтения документов в формате PostScript"
"backend/ps/ev-spectre.c:98","Failed to load document “%s”","Не удалось открыть документ «%s»"
"backend/ps/ev-spectre.c:131","Failed to save document “%s”","Не удалось сохранить документ «%s»"
"backend/tiff/evince-tiffdocument.metainfo.xml.in.in:5 backend/tiff/tiffdocument.evince-backend.desktop.in.in:4","TIFF Documents","Документы формата TIFF"
"backend/tiff/evince-tiffdocument.metainfo.xml.in.in:6","Adds support for reading TIFF documents","Добавляет поддержку для чтения документов в формате TIFF"
"backend/tiff/tiff-document.c:124","Invalid document","Некорректный документ"
"backend/xps/evince-xpsdocument.metainfo.xml.in.in:5 backend/xps/xpsdocument.evince-backend.desktop.in.in:5","XPS Documents","Документы формата XPS"
"backend/xps/evince-xpsdocument.metainfo.xml.in.in:6","Adds support for reading XPS documents","Добавляет поддержку для чтения документов в формате XPS"
"data/org.gnome.Evince.desktop.in.in:3 org.gnome.Evince.appdata.xml.in:23 shell/ev-window-title.c:134 shell/main.c:300","Document Viewer","Просмотр документов"
"data/org.gnome.Evince.desktop.in.in:4","View multi-page documents","Просмотр многостраничных документов"
"data/org.gnome.Evince.desktop.in.in:6","pdf;ps;postscript;dvi;xps;djvu;tiff;document;presentation;viewer;evince;","pdf;ps;postscript;dvi;xps;djvu;tiff;документ;презентация;просмотр;evince;"
"data/org.gnome.Evince.desktop.in.in:19","New Window","Создать окно"
"data/org.gnome.Evince.gschema.xml:14","Override document restrictions","Игнорировать ограничения"
"data/org.gnome.Evince.gschema.xml:15","Override document restrictions, like restriction to copy or to print.","Игнорировать ограничения документа, например, ограничение на копирование и печать."
"data/org.gnome.Evince.gschema.xml:19","Automatically reload the document","Автоматически перезагружать документ"
"data/org.gnome.Evince.gschema.xml:20","The document is automatically reloaded on file change.","Файл автоматически перезагружается при изменении файла."
"data/org.gnome.Evince.gschema.xml:24","The URI of the directory last used to open or save a document","URI последнего каталога, использовавшегося для открытия или сохранения документа"
"data/org.gnome.Evince.gschema.xml:28","The URI of the directory last used to save a picture","URI последнего каталога, использовавшегося для сохранения изображения"
"data/org.gnome.Evince.gschema.xml:32","Page cache size in MiB","Размер кэша страницы в МиБ"
"data/org.gnome.Evince.gschema.xml:33","The maximum size that will be used to cache rendered pages, limits maximum zoom level.","Максимальный размер, используемый для кэширования отрисованных страниц, ограничивает максимальный уровень увеличения."
"data/org.gnome.Evince.gschema.xml:37","Show a dialog to confirm that the user wants to activate the caret navigation.","Показать диалог подтверждения включения навигации с помощью курсорных стрелок."
"data/org.gnome.Evince.gschema.xml:41","Allow links to change the zoom level.","Ссылки могут изменять масштаб."
"data/org.gnome.Evince-previewer.desktop.in.in:3","Print Preview","Предварительный просмотр печати"
"data/org.gnome.Evince-previewer.desktop.in.in:4","Preview before printing","Предварительный просмотр перед печатью"
"libdocument/ev-attachment.c:330 libdocument/ev-attachment.c:351","Couldn’t save attachment “%s”: %s","Не удалось сохранить вложение «%s»: %s"
"libdocument/ev-attachment.c:398","Couldn’t open attachment “%s”: %s","Не удалось открыть вложение  «%s»: %s"
"libdocument/ev-attachment.c:437","Couldn’t open attachment “%s”","Не удалось открыть вложение  «%s»"
"libdocument/ev-document-factory.c:105","File type %s (%s) is not supported","Тип файлов %s (%s) не поддерживается"
"libdocument/ev-document-factory.c:378 libdocument/ev-file-helpers.c:418 libdocument/ev-file-helpers.c:464 libdocument/ev-file-helpers.c:483 libdocument/ev-file-helpers.c:564 libdocument/ev-file-helpers.c:573","Unknown MIME Type","Неизвестный MIME тип документа"
"libdocument/ev-document-factory.c:647","All Documents","Все документы"
"libdocument/ev-document-factory.c:674 shell/ev-utils.c:272","All Files","Все файлы"
"libdocument/ev-file-helpers.c:158","Failed to create a temporary file: %s","Не удалось создать временный файл: %s"
"libdocument/ev-file-helpers.c:235","Failed to create a temporary directory: %s","Не удалось создать временный каталог: %s"
"libdocument/ev-xmp.c:350","This work is in the Public Domain","Эта работа находится в общественном достоянии"
"libmisc/ev-page-action-widget.c:86 libmisc/ev-page-action-widget.c:125","(%d of %d)","(%d из %d)"
"libmisc/ev-page-action-widget.c:88 libmisc/ev-page-action-widget.c:129","of %d","из %d"
"libmisc/ev-page-action-widget.c:187 shell/ev-history.c:455 shell/ev-sidebar-bookmarks.c:343 shell/ev-window.c:966 shell/ev-window.c:5164","Page %s","Страница %s"
"libmisc/ev-search-box.c:113","Not found, click to change search options","Не найдено, нажмите для изменения параметров поиска"
"libmisc/ev-search-box.c:187 libmisc/ev-search-box.c:243","Search options","Параметры поиска"
"libmisc/ev-search-box.c:319","_Whole Words Only","Только _целые слова"
"libmisc/ev-search-box.c:332","C_ase Sensitive","Учитывать _регистр"
"libmisc/ev-search-box.c:601","Find previous occurrence of the search string","Найти предыдущее вхождение строки"
"libmisc/ev-search-box.c:607","Find next occurrence of the search string","Найти следующее вхождение слова"
"libview/ev-jobs.c:658","Failed to render page %d: %s","Не удалось отобразить страницу %d: %s"
"libview/ev-jobs.c:665","Failed to render page %d","Не удалось обработать страницу %d"
"libview/ev-jobs.c:918","Failed to create thumbnail for page %d","Не удалось создать эскиз для страницы %d"
"libview/ev-jobs.c:2343","Failed to print page %d: %s","Не удалось напечатать страницу %d: %s"
"libview/ev-print-operation.c:353","Preparing preview…","Подготовка предварительного просмотра…"
"libview/ev-print-operation.c:355 libview/ev-print-operation.c:365","Finishing…","Завершение…"
"libview/ev-print-operation.c:357","Generating preview: page %d of %d","Создание предпросмотра: страница %d из %d"
"libview/ev-print-operation.c:363","Preparing to print…","Подготовка к печати…"
"libview/ev-print-operation.c:367","Printing page %d of %d…","Печать страницы %d из %d…"
"libview/ev-print-operation.c:1589 libview/ev-print-operation.c:2056","Your print range selection does not include any pages","Выбранный вами диапазон страниц не содержит страниц"
"libview/ev-print-operation.c:1730 libview/ev-print-operation.c:1828 libview/ev-print-operation.c:2107","Print","Напечатать"
"libview/ev-print-operation.c:2030","Requested format is not supported by this printer.","Этот принтер не поддерживает запрошенный формат."
"libview/ev-print-operation.c:2053","Invalid page selection","Выбрана неправильная страница"
"libview/ev-print-operation.c:2054","Warning","Предупреждение"
"libview/ev-print-operation.c:2716","Page Scaling:","Масштабирование страницы:"
"libview/ev-print-operation.c:2723","Shrink to Printable Area","Урезать до области печати"
"libview/ev-print-operation.c:2724","Fit to Printable Area","Уместить в область печати"
"libview/ev-print-operation.c:2727","Scale document pages to fit the selected printer page. Select from one of the following:

• “None”: No page scaling is performed.

• “Shrink to Printable Area”: Document pages larger than the printable area are reduced to fit the printable area of the printer page.

• “Fit to Printable Area”: Document pages are enlarged or reduced as required to fit the printable area of the printer page.
","Подгонка страниц документа к области печати выбранного принтера. Выберите:

• «Нет»: Не выполнять подгонку.

• «Урезать до области печати»: Страницы документа, большие чем область печати, будут урезаны до области печати страницы принтера.

• «Уместить в область печати»: Страницы документа будут увеличены или уменьшены в соответствии с областью печати страницы принтера.
"
"libview/ev-print-operation.c:2739","Auto Rotate and Center","Автоматическое вращение и центрирование"
"libview/ev-print-operation.c:2742","Rotate printer page orientation of each page to match orientation of each document page. Document pages will be centered within the printer page.","Изменять ориентацию страницы принтера в соответствии с каждой страницей документа. Страницы документа будут центрированы на странице принтера."
"libview/ev-print-operation.c:2747","Select page size using document page size","Выбор размера страницы на основе размера страницы документа"
"libview/ev-print-operation.c:2749","When enabled, each page will be printed on the same size paper as the document page.","Если включено, то каждая страница будет напечатана с одним размером бумаги, как у страницы документа."
"libview/ev-print-operation.c:2754","Draw border around pages","Рисовать границы страницы"
"libview/ev-print-operation.c:2756","When enabled, a border will be drawn around each page.","Если включено, то будут отображаться границы каждой страницы."
"libview/ev-print-operation.c:2858","Page Handling","Обработка страницы"
"libview/ev-view-accessible.c:43","Scroll Up","Прокрутка вверх"
"libview/ev-view-accessible.c:44","Scroll Down","Прокрутка вниз"
"libview/ev-view-accessible.c:50","Scroll View Up","Прокрутка документа вверх"
"libview/ev-view-accessible.c:51","Scroll View Down","Прокрутка документа вниз"
"libview/ev-view-accessible.c:132","Document View","Отображение документа"
"libview/ev-view.c:2117","Go to first page","Перейти к первой странице"
"libview/ev-view.c:2119","Go to previous page","Перейти к предыдущей странице"
"libview/ev-view.c:2121","Go to next page","Перейти к следующей странице"
"libview/ev-view.c:2123","Go to last page","Перейти к последней странице"
"libview/ev-view.c:2125","Go to page","Перейти к странице"
"libview/ev-view.c:2127","Find","Найти"
"libview/ev-view.c:2155","Go to page %s","Перейти к странице %s"
"libview/ev-view.c:2161","Go to %s on file “%s”","Перейти к %s в файле «%s»"
"libview/ev-view.c:2164","Go to file “%s”","Перейти к файлу «%s»"
"libview/ev-view.c:2172","Launch %s","Запустить %s"
"libview/ev-view.c:2179","Reset form","Очистить форму"
"libview/ev-view-presentation.c:739","Jump to page:","Перейти к странице:"
"libview/ev-view-presentation.c:1033","End of presentation. Press Esc or click to exit.","Конец презентации. Нажмите мышкой или клавишу Esc для выхода."
"org.gnome.Evince.appdata.xml.in:24","Document viewer for popular document formats","Приложение для просмотра документов в распространённых форматах"
"org.gnome.Evince.appdata.xml.in:26","A document viewer for the GNOME desktop. You can view, search or annotate documents in many different formats.","Приложение просмотра документов для рабочего стола GNOME. Вы можете просматривать, искать или комментировать документы в множестве разных форматов."
"org.gnome.Evince.appdata.xml.in:27","Evince supports documents in: PDF, PS, EPS, XPS, DjVu, TIFF, DVI (with SyncTeX), and Comic Books archives (CBR, CBT, CBZ, CB7).","Evince поддерживает документы в следующих форматах: PDF, PS, EPS, XPS, DjVu, TIFF, DVI (с SyncTeX) и Comic Book Archive (CBR, CBT, CBZ, CB7)."
"org.gnome.Evince.appdata.xml.in:35","A clear, simple UI","Простой и понятный интерфейс"
"org.gnome.Evince.appdata.xml.in:39","Advanced highlighting and annotation","Расширенное выделение и аннотация"
"previewer/ev-previewer.c:57","Delete the temporary file","Удалить временный файл"
"previewer/ev-previewer.c:59","File specifying print settings","Файл, определяющий параметры печати"
"previewer/ev-previewer.c:59","FILE","ФАЙЛ"
"previewer/ev-previewer.c:61","File descriptor of input file","Дескриптор входного файла"
"previewer/ev-previewer.c:61 previewer/ev-previewer.c:65","FD","ДЕСКРИПТОР"
"previewer/ev-previewer.c:63","MIME type of input file","MIME-тип входного файла"
"previewer/ev-previewer.c:63","TYPE","ТИП"
"previewer/ev-previewer.c:65","File descriptor of print settings file","Дескриптор файла настроек печати"
"previewer/ev-previewer.c:297 previewer/ev-previewer.c:317","GNOME Document Previewer","Предварительный просмотр документов"
"previewer/ev-previewer-toolbar.c:112 shell/ev-toolbar.c:218","Select page or search in the index","Выберите страницу или найдите в индексе"
"previewer/ev-previewer-toolbar.c:114 shell/ev-toolbar.c:219","Select page","Выберите страницу"
"previewer/ev-previewer-window.c:78 shell/ev-window.c:3675","Failed to print document","Не удалось напечатать документ"
"previewer/ev-previewer-window.c:193 previewer/ev-previewer-window.c:590","Evince Document Viewer","Просмотрщик документов Evince"
"previewer/ev-previewer-window.c:229","The selected printer “%s” could not be found","Выбранный принтер «%s» не найден"
"previewer/ev-previewer-window.c:568 shell/ev-window.c:4220","Evince","Evince"
"previewer/previewer.ui:7","_Print","_Напечатать"
"previewer/previewer.ui:10","Print this document","Напечатать документ"
"previewer/previewer.ui:20 shell/evince-menus.ui:254","Previous Page","Предыдущая страница"
"previewer/previewer.ui:27 shell/evince-menus.ui:258","Next Page","Следующая страница"
"previewer/previewer.ui:34","Enlarge the document","Увеличить размер страницы"
"previewer/previewer.ui:42","Shrink the document","Уменьшить размер страницы"
"previewer/previewer.ui:49","Reset zoom and make the page fit in the window","Сбросить масштаб и подогнать страницу под размер окна"
"properties/ev-properties-main.c:116","Document","Документ"
"properties/ev-properties-view.c:62","Title:","Заголовок:"
"properties/ev-properties-view.c:63","Location:","Местонахождение:"
"properties/ev-properties-view.c:64","Subject:","Тема:"
"properties/ev-properties-view.c:65 shell/ev-annotation-properties-dialog.c:172","Author:","Автор:"
"properties/ev-properties-view.c:66","Keywords:","Ключевые слова:"
"properties/ev-properties-view.c:67","Producer:","Программа:"
"properties/ev-properties-view.c:68","Creator:","Создатель:"
"properties/ev-properties-view.c:69","Created:","Создан:"
"properties/ev-properties-view.c:70","Modified:","Изменён:"
"properties/ev-properties-view.c:71","Number of Pages:","Число страниц:"
"properties/ev-properties-view.c:72","Optimized:","Оптимизация:"
"properties/ev-properties-view.c:73","Format:","Формат:"
"properties/ev-properties-view.c:74","Security:","Безопасность:"
"properties/ev-properties-view.c:75","Contains Javascript:","Содержит Javascript:"
"properties/ev-properties-view.c:76","Paper Size:","Размер страницы:"
"properties/ev-properties-view.c:77","Size:","Размер:"
"properties/ev-properties-view.c:270","default:mm","default:mm"
"properties/ev-properties-view.c:314","%.0f × %.0f mm","%.0f × %.0f мм"
"properties/ev-properties-view.c:318","%.2f × %.2f inch","%.2f × %.2f дюймов"
"properties/ev-properties-view.c:342","%s, Portrait (%s)","%s, прямая (%s)"
"properties/ev-properties-view.c:349","%s, Landscape (%s)","%s, повёрнутая (%s)"
"properties/ev-properties-view.c:437 shell/ev-annotation-properties-dialog.c:112","Unknown","Неизвестно"
"shell/ev-annotation-properties-dialog.c:97","Icon:","Значок:"
"shell/ev-annotation-properties-dialog.c:103","Note","Примечание"
"shell/ev-annotation-properties-dialog.c:104","Comment","Комментарий"
"shell/ev-annotation-properties-dialog.c:105","Key","Ключ"
"shell/ev-annotation-properties-dialog.c:106","Help","Справка"
"shell/ev-annotation-properties-dialog.c:107","New Paragraph","Новый абзац"
"shell/ev-annotation-properties-dialog.c:108","Paragraph","Абзац"
"shell/ev-annotation-properties-dialog.c:109","Insert","Вставить"
"shell/ev-annotation-properties-dialog.c:110","Cross","Крест"
"shell/ev-annotation-properties-dialog.c:111","Circle","Круг"
"shell/ev-annotation-properties-dialog.c:123","Markup type:","Режим разметки:"
"shell/ev-annotation-properties-dialog.c:129","Highlight","Выделить"
"shell/ev-annotation-properties-dialog.c:130","Strike out","Зачеркнуть"
"shell/ev-annotation-properties-dialog.c:131","Underline","Подчеркнуть"
"shell/ev-annotation-properties-dialog.c:132","Squiggly","Исказить"
"shell/ev-annotation-properties-dialog.c:153","Annotation Properties","Свойства примечания"
"shell/ev-annotation-properties-dialog.c:157","_Close","_Закрыть"
"shell/ev-annotation-properties-dialog.c:158","_Apply","_Применить"
"shell/ev-annotation-properties-dialog.c:183","Color:","Цвет:"
"shell/ev-annotation-properties-dialog.c:193","Opacity:","Непрозрачность:"
"shell/ev-annotation-properties-dialog.c:205","Initial window state:","Исходное состояние окна:"
"shell/ev-annotation-properties-dialog.c:211","Open","Открыть"
"shell/ev-annotation-properties-dialog.c:212","Close","Закрыть"
"shell/ev-annotations-toolbar.c:133","Note text","Сделать заметку тексту"
"shell/ev-annotations-toolbar.c:135","Add text annotation","Добавить текстовое примечание"
"shell/ev-annotations-toolbar.c:140","Highlight text","Подсветить текст"
"shell/ev-annotations-toolbar.c:142","Add highlight annotation","Добавить выделенное примечание"
"shell/evince-menus.ui:25 shell/ev-sidebar-links.c:351","Print…","Печать…"
"shell/evince-menus.ui:30","Fullscreen","Полноэкранный режим"
"shell/evince-menus.ui:35","Send To…","О_тправить…"
"shell/evince-menus.ui:42","New _Window","_Создать окно"
"shell/evince-menus.ui:48","Open a C_opy","Открыть _копию"
"shell/evince-menus.ui:52 shell/evince-menus.ui:240","Open Containing _Folder","Открыть _папку с документом"
"shell/evince-menus.ui:58","_Save As…","Сохранить _как…"
"shell/evince-menus.ui:64","Present as _Slideshow","Показать как _слайд-шоу"
"shell/evince-menus.ui:70","_Continuous","_Непрерывно"
"shell/evince-menus.ui:74","_Dual","_Две страницы"
"shell/evince-menus.ui:78","_Odd Pages Left","_Нечётные страницы слева"
"shell/evince-menus.ui:82","Right to Left Document","Документ справа на лево"
"shell/evince-menus.ui:88","Ro_tate ⤵","Поверн_уть ⤵"
"shell/evince-menus.ui:94","Ni_ght Mode","_Ночной режим"
"shell/evince-menus.ui:100","Prop_erties","_Свойства"
"shell/evince-menus.ui:106","Save Current Settings as Defa_ult","Сохранить текущие параметры как параметры по _умолчанию"
"shell/evince-menus.ui:110","_Keyboard Shortcuts","_Комбинации клавиш"
"shell/evince-menus.ui:114","_Help","_Справка"
"shell/evince-menus.ui:118","_About Document Viewer","_О приложении"
"shell/evince-menus.ui:127","Fit Pa_ge","По размеру _страницы"
"shell/evince-menus.ui:132","Fit _Width","По _ширине страницы"
"shell/evince-menus.ui:137","_Automatic","_Автоматически"
"shell/evince-menus.ui:149","_Open Link","_Открыть ссылку"
"shell/evince-menus.ui:154","_Copy Link Address","_Скопировать адрес ссылки"
"shell/evince-menus.ui:159","_Go To","_Перейти"
"shell/evince-menus.ui:164","Open in New _Window","Открыть в _новом окне"
"shell/evince-menus.ui:171","_Previous Page","_Назад"
"shell/evince-menus.ui:175","_Next Page","_Вперёд"
"shell/evince-menus.ui:179 shell/ev-window.c:3974","_Reload","_Обновить"
"shell/evince-menus.ui:183","Auto_scroll","Про_кручивать автоматически"
"shell/evince-menus.ui:189","_Copy","_Копировать"
"shell/evince-menus.ui:193","Select _All","Выделить _всё"
"shell/evince-menus.ui:199","_Save Image As…","Сохранить изображение _как…"
"shell/evince-menus.ui:204","Copy _Image","Скопировать _изображение"
"shell/evince-menus.ui:211 shell/evince-menus.ui:282 shell/evince-menus.ui:305","_Open Attachment","_Открыть вложение"
"shell/evince-menus.ui:216 shell/evince-menus.ui:286 shell/evince-menus.ui:310","_Save Attachment As…","_Сохранить вложение как…"
"shell/evince-menus.ui:223","Annotation _Properties…","Свойства п_римечания…"
"shell/evince-menus.ui:228","R_emove Annotation","_Удалить примечание"
"shell/evince-menus.ui:235","_Highlight Selected Text","_Подсветить выделенный текст"
"shell/evince-menus.ui:248","Navigation","Навигация"
"shell/evince-menus.ui:250","First Page","Первая страница"
"shell/evince-menus.ui:262","Last Page","Последняя страница"
"shell/evince-menus.ui:267","History","История"
"shell/evince-menus.ui:269","Back","Назад"
"shell/evince-menus.ui:273","Forward","Вперёд"
"shell/evince-menus.ui:295","Annotation Properties…","Свойства примечания…"
"shell/evince-menus.ui:300","Remove Annotation","Удалить примечание"
"shell/evince-menus.ui:320","_Open Bookmark","_Открыть закладку"
"shell/evince-menus.ui:326","_Rename Bookmark","Пе_реименовать закладку"
"shell/evince-menus.ui:330","_Delete Bookmark","_Удалить закладку"
"shell/evince-password-view.ui:22","This document is locked and can only be read by entering the correct password.","Этот документ заблокирован и может быть прочитан только после ввода пароля."
"shell/evince-password-view.ui:37","_Unlock Document","_Разблокировать документ"
"shell/evince-properties-fonts.ui:40","Font","Шрифт"
"shell/evince-sidebar-bookmarks.ui:55","Add bookmark","Добавить закладку"
"shell/evince-sidebar-bookmarks.ui:64","Remove bookmark","Удалить закладку"
"shell/evince-zoom-action.ui:5","Select or set the zoom level of the document","Выберите или установите масштаб документа"
"shell/ev-keyring.c:86","Password for document %s","Пароль к документу %s"
"shell/ev-loading-message.c:50 shell/ev-sidebar-annotations.c:148 shell/ev-sidebar-layers.c:123 shell/ev-sidebar-links.c:276","Loading…","Загрузка…"
"shell/ev-password-view.c:228","The document “%s” is locked and requires a password before it can be opened.","Документ «%s» заблокирован и требует пароль для чтения."
"shell/ev-password-view.c:235","Password required","Требуется пароль"
"shell/ev-password-view.c:242 shell/ev-sidebar-attachments.c:493 shell/ev-window.c:2915 shell/ev-window.c:3213 shell/ev-window.c:4098 shell/ev-window.c:7092 shell/ev-window.c:7318","_Cancel","_Отменить"
"shell/ev-password-view.c:243","_Unlock","_Разблокировать"
"shell/ev-password-view.c:255","_Password:","_Пароль:"
"shell/ev-password-view.c:289","Forget password _immediately","_Немедленно забыть пароль"
"shell/ev-password-view.c:300","Remember password until you _log out","Запомнить пароль для этого _сеанса"
"shell/ev-password-view.c:311","Remember _forever","Запомнить _навсегда"
"shell/ev-properties-dialog.c:63","Properties","Свойства"
"shell/ev-properties-dialog.c:85","General","Общие"
"shell/ev-properties-dialog.c:95","Fonts","Шрифты"
"shell/ev-properties-dialog.c:108","Document License","Лицензия документа"
"shell/ev-properties-fonts.c:137","Gathering font information… %3d%%","Сбор информации о шрифтах… %3d%%"
"shell/ev-properties-license.c:146","Usage terms","Условия использования"
"shell/ev-properties-license.c:158","Text License","Текст лицензии"
"shell/ev-properties-license.c:169","Further Information","Дополнительная информация"
"shell/ev-sidebar-annotations.c:373","Document contains no annotations","Документ не содержит примечаний"
"shell/ev-sidebar-annotations.c:410","Page %d","Страница %d"
"shell/ev-sidebar-annotations.c:622 shell/ev-window.c:7718","Annotations","Примечания"
"shell/ev-sidebar-attachments.c:485","A file named “%s” already exists. Do you want to replace it?","Файл с именем «%s» уже существует. Заменить его?"
"shell/ev-sidebar-attachments.c:489","The file “%s” already exists. Replacing it will overwrite its contents.","Файл уже существует в «%s». Замена файла приведёт к перезаписи его содержимого."
"shell/ev-sidebar-attachments.c:494","_Replace","_Заменить"
"shell/ev-sidebar-attachments.c:899 shell/ev-window.c:7742","Attachments","Вложения"
"shell/ev-sidebar-bookmarks.c:571 shell/ev-window.c:7726","Bookmarks","Закладки"
"shell/ev-sidebar-layers.c:444 shell/ev-window.c:7754","Layers","Слои"
"shell/ev-sidebar-links.c:357","Collapse all tree","Свернуть всё дерево"
"shell/ev-sidebar-links.c:364","Expand all tree","Развернуть всё дерево"
"shell/ev-sidebar-links.c:371","Expand all under this element","Развернуть всё под этим элементом"
"shell/ev-sidebar-links.c:1431 shell/ev-window.c:7706","Outline","Схема"
"shell/ev-sidebar-thumbnails.c:1045 shell/ev-window.c:7689","Thumbnails","Эскизы"
"shell/ev-toolbar.c:173","Find a word or phrase in the document","Найти слово или фразу в документе"
"shell/ev-toolbar.c:179","Search not available for this document","Поиск недоступен для этого документа"
"shell/ev-toolbar.c:203","Open…","Открыть…"
"shell/ev-toolbar.c:204","Open an existing document","Открыть документ"
"shell/ev-toolbar.c:211","Side pane","Боковая панель"
"shell/ev-toolbar.c:227","Annotate the document","Добавить примечание к документу"
"shell/ev-toolbar.c:228","Annotate document","Добавить примечание к документу"
"shell/ev-toolbar.c:236 shell/ev-toolbar.c:237","File options","Параметры файла"
"shell/ev-toolbar.c:256","Set zoom level","Установите масштаб"
"shell/ev-utils.c:268","Supported Image Files","Поддерживаемые файлы изображений"
"shell/ev-window.c:1765","The document contains no pages","Документ не содержит страниц"
"shell/ev-window.c:1768","The document contains only empty pages","Документ содержит только пустые страницы"
"shell/ev-window.c:2013 shell/ev-window.c:2195","Unable to open document “%s”.","Не удалось открыть документ «%s»."
"shell/ev-window.c:2160","Loading document from “%s”","Загрузка документа из «%s»"
"shell/ev-window.c:2165 shell/ev-window.c:2637 shell/ev-window.c:3003 shell/ev-window.c:3739 shell/ev-window.c:3987","C_ancel","О_тменить"
"shell/ev-window.c:2319 shell/ev-window.c:2688","Downloading document (%d%%)","Загрузка документа (%d%%)"
"shell/ev-window.c:2352","Failed to load remote file.","Не удалось загрузить файл извне."
"shell/ev-window.c:2633","Reloading document from %s","Обновление документа из %s"
"shell/ev-window.c:2663","Failed to reload document.","Не удалось обновить документ."
"shell/ev-window.c:2911","Open Document","Открыть документ"
"shell/ev-window.c:2914","_Open","_Открыть"
"shell/ev-window.c:2989","Saving document to %s","Сохранение документа в %s"
"shell/ev-window.c:2992","Saving attachment to %s","Сохранение вложения в %s"
"shell/ev-window.c:2995","Saving image to %s","Сохранение изображения в %s"
"shell/ev-window.c:3037 shell/ev-window.c:3152","The file could not be saved as “%s”.","Документ не может быть сохранён в файле «%s»."
"shell/ev-window.c:3069","Uploading document (%d%%)","Сохранение удалённого документа (%d%%)"
"shell/ev-window.c:3073","Uploading attachment (%d%%)","Сохранение удалённого приложения (%d%%)"
"shell/ev-window.c:3077","Uploading image (%d%%)","Сохранение удалённого изображения (%d%%)"
"shell/ev-window.c:3210","Save As…","Сохранить как…"
"shell/ev-window.c:3212 shell/ev-window.c:7091 shell/ev-window.c:7317","_Save","_Сохранить"
"shell/ev-window.c:3299","Could not send current document","Не удалось отправить текущий документ"
"shell/ev-window.c:3626","%d pending job in queue
msgid_plural: %d pending jobs in queue","msgstr[0]: %d задание ожидает в очереди
msgstr[1]: %d задания ожидают в очереди
msgstr[2]: %d заданий ожидает в очереди"
"shell/ev-window.c:3735","Printing job “%s”","Печать задания «%s»"
"shell/ev-window.c:3953","Document contains form fields that have been filled out.","Документ содержит поля форм, которые были заполнены."
"shell/ev-window.c:3956","Document contains new or modified annotations.","Документ содержит новые или изменённые примечания."
"shell/ev-window.c:3968","Reload document “%s”?","Перезагрузить документ «%s»?"
"shell/ev-window.c:3970","If you reload the document, changes will be permanently lost.","Если вы перезагрузите документ, изменения будут потеряны."
"shell/ev-window.c:3972","_No","_Нет"
"shell/ev-window.c:3981","Save a copy of document “%s” before closing?","Сохранить копию документа «%s» перед закрытием?"
"shell/ev-window.c:3983","If you don’t save a copy, changes will be permanently lost.","Если вы не сохраните копию, изменения будут потеряны."
"shell/ev-window.c:3985","Close _without Saving","Закрыть _без сохранения"
"shell/ev-window.c:3989","Save a _Copy","Сохранить _копию"
"shell/ev-window.c:4071","Wait until print job “%s” finishes before closing?","Ожидать завершения задания на печать «%s» перед закрытием?"
"shell/ev-window.c:4077","There is %d print job active. Wait until print finishes before closing?
msgid_plural: There are %d print jobs active. Wait until print finishes before closing?","msgstr[0]: Имеется %d активное задание для печати. Подождать их завершения перед закрытием?
msgstr[1]: Имеется %d активных задания для печати. Подождать их завершения перед закрытием?
msgstr[2]: Имеется %d активных заданий для печати. Подождать их завершения перед закрытием?"
"shell/ev-window.c:4092","If you close the window, pending print jobs will not be printed.","Если вы закроете окно, задания на печать, поставленные в очередь, не будут выполнены."
"shell/ev-window.c:4096","Cancel _print and Close","Отменить _печать и закрыть"
"shell/ev-window.c:4100","Close _after Printing","Закрыть п_осле печати"
"shell/ev-window.c:4222","© 1996–2022 The Evince document viewer authors","© 1996-2022 Авторы просмотрщика документов Evince"
"shell/ev-window.c:4225","Evince is a simple document viewer for GNOME","Приложение для просмотра документов для GNOME"
"shell/ev-window.c:4228","translator-credits","Станислав Соловей <whats_up@tut.by>, 2013-2019.
Юрий Мясоедов <ymyasoedov@yandex.ru>, 2014.
Alexey Rubtsov <rushills@gmail.com>, 2021"
"shell/ev-window.c:4658","Running in presentation mode","Запущен режим презентации"
"shell/ev-window.c:5709","The attachment could not be saved.","Не удалось сохранить вложение."
"shell/ev-window.c:6031","Enable caret navigation?","Включить курсорную навигацию?"
"shell/ev-window.c:6032","_Enable","_Включить"
"shell/ev-window.c:6035","Pressing F7 turns the caret navigation on or off. This feature places a moveable cursor in text pages, allowing you to move around and select text with your keyboard. Do you want to enable the caret navigation?","Нажатие клавиши F7 управляет включением курсорной навигации. Эта функция позволяет перемещать курсор на текстовых страницах и выделять текст с помощью клавиатуры. Включить курсорную навигацию?"
"shell/ev-window.c:6040","Don’t show this message again","Не показывать больше это сообщение"
"shell/ev-window.c:6718","Security alert: this document has been prevented from opening the file “%s”","Оповещение безопасности: остановлено открытие документом файла “%s”"
"shell/ev-window.c:6783","Unable to open external link","Не удалось открыть внешнюю ссылку"
"shell/ev-window.c:7020","Couldn’t find appropriate format to save image","Не удалось найти подходящий формат для сохранения изображения"
"shell/ev-window.c:7052","The image could not be saved.","Не удалось сохранить изображение."
"shell/ev-window.c:7088","Save Image","Сохранить изображение"
"shell/ev-window.c:7246","Unable to open attachment","Не удалось открыть вложение"
"shell/ev-window.c:7314","Save Attachment","Сохранить вложение"
"shell/ev-window-title.c:108","Recent Documents","Недавние документы"
"shell/ev-window-title.c:154 shell/ev-window-title.c:156 shell/ev-window-title.c:161","Password Required","Требуется пароль"
"shell/ev-zoom-action.c:49","50%","50%"
"shell/ev-zoom-action.c:50","70%","70%"
"shell/ev-zoom-action.c:51","85%","85%"
"shell/ev-zoom-action.c:52","100%","100%"
"shell/ev-zoom-action.c:53","125%","125%"
"shell/ev-zoom-action.c:54","150%","150%"
"shell/ev-zoom-action.c:55","175%","175%"
"shell/ev-zoom-action.c:56","200%","200%"
"shell/ev-zoom-action.c:57","300%","300%"
"shell/ev-zoom-action.c:58","400%","400%"
"shell/ev-zoom-action.c:59","800%","800%"
"shell/ev-zoom-action.c:60","1600%","1600%"
"shell/ev-zoom-action.c:61","3200%","3200%"
"shell/ev-zoom-action.c:62","6400%","6400%"
"shell/help-overlay.ui:13","Opening, closing, saving and printing","Открытие, закрытие, сохранение и печать"
"shell/help-overlay.ui:17","Open a document","Открыть документ"
"shell/help-overlay.ui:24","Open a copy of the current document","Открыть копию текущего документа"
"shell/help-overlay.ui:31","Save a copy of the current document","Сохранить копию текущего документа"
"shell/help-overlay.ui:38","Print the current document","Напечатать текущий документ"
"shell/help-overlay.ui:45","Close the current document window","Закрыть окно текущего документа"
"shell/help-overlay.ui:52","Reload the document","Обновить документ"
"shell/help-overlay.ui:61","Window","Окно"
"shell/help-overlay.ui:65","Toggle fullscreen","Переключить полноэкранный режим"
"shell/help-overlay.ui:72","Enter presentation mode","Войти в режим презентации"
"shell/help-overlay.ui:79","Toggle sidebar","Переключить боковую панель"
"shell/help-overlay.ui:86","Toggle caret navigation","Переключить курсорную навигацию"
"shell/help-overlay.ui:95","Selecting and copying text","Выделение и копирование текста"
"shell/help-overlay.ui:99","Copy highlighted text","Копировать выделенный текст"
"shell/help-overlay.ui:106","Select all the text in a document","Выбрать весь текст в документе"
"shell/help-overlay.ui:115","Rotating and zooming","Поворот и масштабирование"
"shell/help-overlay.ui:119","Rotate the page 90 degrees counter-clockwise","Повернуть страницу на 90 градусов против часовой стрелки"
"shell/help-overlay.ui:126","Rotate the page 90 degrees clockwise","Повернуть страницу на 90 градусов по часовой стрелке"
"shell/help-overlay.ui:133 shell/help-overlay.ui:442","Zoom in","Увеличить"
"shell/help-overlay.ui:140 shell/help-overlay.ui:449","Zoom out","Уменьшить"
"shell/help-overlay.ui:147","Zoom 1∶1","Масштаб 1:1"
"shell/help-overlay.ui:154","Zoom in (alternative)","Увеличить (альтернативно)"
"shell/help-overlay.ui:161","Fit page","По размеру страницы"
"shell/help-overlay.ui:168","Fit width","По ширине страницы"
"shell/help-overlay.ui:175","Automatic zoom","Автомасштаб"
"shell/help-overlay.ui:184","Moving around the document","Перемещение по документу"
"shell/help-overlay.ui:188 shell/help-overlay.ui:195","Move around a page","Перемещение по странице"
"shell/help-overlay.ui:202","Move up/down a page several lines at a time","Перемещение по странице вверх/вниз на несколько строк за раз"
"shell/help-overlay.ui:209 shell/help-overlay.ui:463","Go to previous page","Перейти к предыдущей странице"
"shell/help-overlay.ui:216 shell/help-overlay.ui:456","Go to next page","Перейти к следующей странице"
"shell/help-overlay.ui:223","Go to page number","Перейти к определённой странице"
"shell/help-overlay.ui:230","Go to previous page (fast)","Перейти к предыдущей странице (быстро)"
"shell/help-overlay.ui:237","Go to next page (fast)","Перейти к следующей странице (быстро)"
"shell/help-overlay.ui:244","Go to previous page visited","Перейти к предыдущей посещённой странице"
"shell/help-overlay.ui:251","Go to next page visited","Перейти к следующей посещённой странице"
"shell/help-overlay.ui:258","Go to the beginning/end of a page","Перейти к началу/концу страницы"
"shell/help-overlay.ui:265","Go to the beginning of the document","Перейти к началу документа"
"shell/help-overlay.ui:272","Go to the end of the document","Перейти к концу документа"
"shell/help-overlay.ui:281","Document view and handling","Просмотр и обработка документов"
"shell/help-overlay.ui:285","Add bookmark","Добавить закладку"
"shell/help-overlay.ui:292","Remove bookmark","Удалить закладку"
"shell/help-overlay.ui:299","Toggle night mode","Переключить ночной режим"
"shell/help-overlay.ui:306","Toggle continuous scrolling","Переключить непрерывную прокрутку"
"shell/help-overlay.ui:313","Toggle dual page","Переключить двойную страницу"
"shell/help-overlay.ui:320","Toggle odd pages left","Переключить нечетные страницы влево"
"shell/help-overlay.ui:327","Document properties","Свойства документа"
"shell/help-overlay.ui:334","Add a post-it like note","Добавить примечание в виде заметки на стикере"
"shell/help-overlay.ui:341","Highlight text","Подсветить текст"
"shell/help-overlay.ui:350","Finding text","Поиск текста"
"shell/help-overlay.ui:354","Show the search bar","Показывать панель поиска"
"shell/help-overlay.ui:361","Go to the next search result","Перейти к следующему результату поиска"
"shell/help-overlay.ui:368","Go to the previous search result","Перейти к предыдущему результату поиска"
"shell/help-overlay.ui:377","General","Общие"
"shell/help-overlay.ui:381","Show help","Показать справку"
"shell/help-overlay.ui:388","Toggle primary menu","Переключить основное меню"
"shell/help-overlay.ui:395","Keyboard shortcuts","Комбинации клавиш"
"shell/help-overlay.ui:402","Close window","Закрыть окно"
"shell/help-overlay.ui:409","Save current settings as default","Сохранить текущие параметры как параметры по умолчанию"
"shell/help-overlay.ui:418","Presentation mode","Режим презентации"
"shell/help-overlay.ui:422","Toggle black screen","Переключить чёрный экран"
"shell/help-overlay.ui:429","Toggle white screen","Переключить белый экран"
"shell/help-overlay.ui:438","Touchpad gestures","Жесты сенсорной панели"
"shell/main.c:64 shell/main.c:271","GNOME Document Viewer","Просмотр документов"
"shell/main.c:72","Open a new window.","Открыть новое окно."
"shell/main.c:73","The page label of the document to display.","Открыть документ на указанном ярлыке."
"shell/main.c:73","PAGE","СТРАНИЦА"
"shell/main.c:74","The page number of the document to display.","Открыть документ на указанной странице."
"shell/main.c:74","NUMBER","НОМЕР"
"shell/main.c:75","Named destination to display.","Открыть именованное назначение."
"shell/main.c:75","DEST","НАЗНАЧЕНИЕ"
"shell/main.c:76","Run evince in fullscreen mode","Запустить Evince в полноэкранном режиме"
"shell/main.c:77","Run evince in presentation mode","Запустить Evince в режиме презентации"
"shell/main.c:78","Run evince as a previewer","Запустить Evince в режиме предварительного просмотра"
"shell/main.c:79","The word or phrase to find in the document","Слово или фраза, которые надо найти в документе"
"shell/main.c:79","STRING","СТРОКА"
"shell/main.c:83","[FILE…]","[ФАЙЛ…]"
