"location","source","target"
"","po header","Project-Id-Version: evolution-data-server trunk
Report-Msgid-Bugs-To: https://gitlab.gnome.org/GNOME/evolution-data-server/issues
POT-Creation-Date: 2022-06-29 15:04+0000
PO-Revision-Date: 2022-01-24 21:17+0300
Last-Translator: Aleksandr Melman <Alexmelman88@gmail.com>
Language-Team: Русский <gnome-cyr@gnome.org>
Language: ru
MIME-Version: 1.0
Content-Type: text/plain; charset=UTF-8
Content-Transfer-Encoding: 8bit
Plural-Forms: nplurals=3; plural=(n%10==1 && n%100!=11 ? 0 : n%10>=2 && n%10<=4 && (n%100<10 || n%100>=20) ? 1 : 2);
X-Generator: Poedit 3.0
"
"src/camel/camel-folder.c:456","Learning new spam message in “%s : %s”
msgid_plural: Learning new spam messages in “%s : %s”","msgstr[0]: Изучение нового спам-сообщения в «%s : %s»
msgstr[1]: Изучение нового спам-сообщений в «%s : %s»
msgstr[2]: Изучение нового спам-сообщений в «%s : %s»"
"src/camel/camel-folder.c:499","Learning new ham message in “%s : %s”
msgid_plural: Learning new ham messages in “%s : %s”","msgstr[0]: Изучение нового спам-сообщения в «%s : %s»
msgstr[1]: Изучение новых спам-сообщений в «%s : %s»
msgstr[2]: Изучение новых сообщений в «%s : %s»"
"src/camel/camel-folder.c:547","Filtering new message in “%s : %s”
msgid_plural: Filtering new messages in “%s : %s”","msgstr[0]: Фильтрация нового сообщения в «%s : %s»
msgstr[1]: Фильтрация новых сообщений в «%s : %s»
msgstr[2]: Фильтрация новых сообщений в «%s : %s»"
"data/org.gnome.evolution-data-server.addressbook.gschema.xml.in:5","Contact UID of a user","Идентификатор контакта уже существует"
"data/org.gnome.evolution-data-server.calendar.gschema.xml.in:13","Birthday and anniversary reminder",""
"data/org.gnome.evolution-data-server.calendar.gschema.xml.in:14","Whether to set a reminder for birthdays and anniversaries",""
"data/org.gnome.evolution-data-server.calendar.gschema.xml.in:18","Birthday and anniversary reminder value",""
"data/org.gnome.evolution-data-server.calendar.gschema.xml.in:19","Number of units for determining a birthday or anniversary reminder",""
"data/org.gnome.evolution-data-server.calendar.gschema.xml.in:23","Birthday and anniversary reminder units",""
"data/org.gnome.evolution-data-server.calendar.gschema.xml.in:24","Units for a birthday or anniversary reminder, “minutes”, “hours” or “days”",""
"data/org.gnome.evolution-data-server.calendar.gschema.xml.in:29","Past reminders for EReminderWatcher",""
"data/org.gnome.evolution-data-server.calendar.gschema.xml.in:33","Snoozed reminders for EReminderWatcher",""
"data/org.gnome.evolution-data-server.calendar.gschema.xml.in:37","How many days the reminders-past can hold back. Reminders older than these days are automatically removed from the list of the past reminders. Use '0' to not remove old reminders.",""
"data/org.gnome.evolution-data-server.calendar.gschema.xml.in:42","Reminder programs","Напоминания"
"data/org.gnome.evolution-data-server.calendar.gschema.xml.in:43","Programs that are allowed to be run by reminders",""
"data/org.gnome.evolution-data-server.calendar.gschema.xml.in:47","Enable desktop notifications","Включить _звуковые уведомления"
"data/org.gnome.evolution-data-server.calendar.gschema.xml.in:48","When set to true, the desktop/system notifications are shown",""
"data/org.gnome.evolution-data-server.calendar.gschema.xml.in:52","Enable audio notifications","Включить _звуковые уведомления"
"data/org.gnome.evolution-data-server.calendar.gschema.xml.in:53","When set to true, the audio reminders will be played, otherwise audio reminders will be silently ignored",""
"data/org.gnome.evolution-data-server.calendar.gschema.xml.in:57","Show reminders in notification tray only","Закрепить _окно напоминаний всегда сверху"
"data/org.gnome.evolution-data-server.calendar.gschema.xml.in:58","When set to true, the reminders are shown only in the notification tray, otherwise the reminders dialog is shown immediately",""
"data/org.gnome.evolution-data-server.calendar.gschema.xml.in:62","Show reminder notification dialog always on top","Закрепить _окно напоминаний всегда сверху"
"data/org.gnome.evolution-data-server.calendar.gschema.xml.in:63","Whether or not to show reminder notification dialog always on top. Note this works only as a hint for the window manager, which may or may not obey it.",""
"data/org.gnome.evolution-data-server.calendar.gschema.xml.in:67","X position of the reminder notification dialog",""
"data/org.gnome.evolution-data-server.calendar.gschema.xml.in:71","Y position of the reminder notification dialog",""
"data/org.gnome.evolution-data-server.calendar.gschema.xml.in:75","Width of the reminder notification dialog","Закрепить _окно напоминаний всегда сверху"
"data/org.gnome.evolution-data-server.calendar.gschema.xml.in:79","Height of the reminder notification dialog","Закрепить _окно напоминаний всегда сверху"
"data/org.gnome.evolution-data-server.calendar.gschema.xml.in:83","Size in pixels of the event list in the reminder notification dialog",""
"data/org.gnome.evolution-data-server.calendar.gschema.xml.in:87","Show reminder notification for completed tasks","Показать напоминания для завершённых _задач"
"data/org.gnome.evolution-data-server.calendar.gschema.xml.in:91","Show reminder notification for past events","Закрепить _окно напоминаний всегда сверху"
"data/org.gnome.evolution-data-server.calendar.gschema.xml.in:95","The last used snooze time, in minutes",""
"data/org.gnome.evolution-data-server.calendar.gschema.xml.in:99","User-defined snooze times, in minutes",""
"data/org.gnome.evolution-data-server.gschema.xml.in:5","Whether the migration of old setting was already done",""
"data/org.gnome.evolution-data-server.gschema.xml.in:9","An absolute path where the gpg (or gpg2) binary is",""
"data/org.gnome.evolution-data-server.gschema.xml.in:10","An example is “/usr/bin/gpg”; when it is left empty, or an incorrect value is set, then it will be searched for. Change requires restart of the application.",""
"data/org.gnome.evolution-data-server.gschema.xml.in:14","Whether to load photos of signers/encrypters",""
"data/org.gnome.evolution-data-server.gschema.xml.in:15","When set to “true”, tries to load also photo of the signers/encrypters, if available in the key/certificate.",""
"data/org.gnome.evolution-data-server.gschema.xml.in:19","Override SMTP HELO/EHLO argument",""
"data/org.gnome.evolution-data-server.gschema.xml.in:20","When not empty, it's used as the SMTP HELO/EHLO argument, instead of the local host name/IP.",""
"data/org.gnome.evolution-data-server.gschema.xml.in:24","Array of user header names",""
"data/org.gnome.evolution-data-server.gschema.xml.in:25","These headers can be stored in the folder summary, possibly being visible in the GUI. The value can contain a pipe character ('|'), which delimits the display name from the header name. Example: 'Spam Score|X-Spam-Score'",""
"data/org.gnome.evolution-data-server.gschema.xml.in:29","GIO name of the GNetworkMonitor to use for an ENetworkMonitor instance",""
"data/org.gnome.evolution-data-server.gschema.xml.in:30","When set to an unknown value, then the default GNetworkMonitor is used in the background. A special value “always-online” is used for no network monitoring.",""
"data/org.gnome.evolution-data-server.gschema.xml.in:34","A full path to a directory where .source files with preconfigured options can be stored",""
"data/org.gnome.evolution-data-server.gschema.xml.in:35","This directory, if filled with an existing path, is checked additionally to XDG configure directories.",""
"data/org.gnome.evolution-data-server.gschema.xml.in:39","A list of variables which can be part of the autoconfig .source files",""
"data/org.gnome.evolution-data-server.gschema.xml.in:40","Each item of the array is expected to be of the form: name=value. These variables are checked before environment variables, but after the predefined USER, REALNAME and HOST variables.",""
"data/org.gnome.evolution-data-server.gschema.xml.in:44","A list of hints for OAuth2 services",""
"data/org.gnome.evolution-data-server.gschema.xml.in:45","Users can extend the list of supported protocols and hostnames for defined OAuth2 services, in addition to those hard-coded. Each line can be of the form: servicename[-protocol]:hostname1,hostname2,... where “servicename” is the actual service name; the “-protocol” is optional, and if written, then the service can be used only if both “protocol” and “hostnameX” match; the “hostnameX” is the actual host name to compare with, case insensitively. Each line can contain multiple values, separated by comma. There can be provided multiple lines for one OAuth2 service. Note that the actual URL where the token is requested and refreshed cannot be changed here, the hostname is to allow other servers, where the OAuth2 service can be used. Examples: Company:mail.company.com — enables “Company” OAuth2 authentication for “mail.company.com” host Company-CalDAV:caldav.company.com — enables “Company” OAuth2 authentication for any “CalDAV” source, which reads data from “caldav.company.com” host",""
"data/org.gnome.evolution-data-server.gschema.xml.in:61","An OAuth2 client ID to use to connect to Google servers, instead of the one provided during build time",""
"data/org.gnome.evolution-data-server.gschema.xml.in:62","User-specified OAuth2 client ID for Google servers. Empty string means to use the one provided during build time. Change of this requires restart.",""
"data/org.gnome.evolution-data-server.gschema.xml.in:66","An OAuth2 client secret to use to connect to Google servers, instead of the one provided during build time",""
"data/org.gnome.evolution-data-server.gschema.xml.in:67","User-specified OAuth2 client secret for Google servers. Empty string means to use the one provided during build time. Change of this requires restart.",""
"data/org.gnome.evolution-data-server.gschema.xml.in:71","An OAuth2 client ID to use to connect to Outlook servers, instead of the one provided during build time",""
"data/org.gnome.evolution-data-server.gschema.xml.in:72","User-specified OAuth2 client ID for Outlook servers. Empty string means to use the one provided during build time. Change of this requires restart.",""
"data/org.gnome.evolution-data-server.gschema.xml.in:76","An OAuth2 client secret to use to connect to Outlook servers, instead of the one provided during build time",""
"data/org.gnome.evolution-data-server.gschema.xml.in:77","User-specified OAuth2 client secret for Outlook servers. Empty string means to use the one provided during build time. Change of this requires restart.",""
"data/org.gnome.evolution-data-server.gschema.xml.in:81","An OAuth2 client ID to use to connect to Yahoo! servers, instead of the one provided during build time",""
"data/org.gnome.evolution-data-server.gschema.xml.in:82","User-specified OAuth2 client ID for Yahoo! servers. Empty string means to use the one provided during build time. Change of this requires restart.",""
"data/org.gnome.evolution-data-server.gschema.xml.in:86","An OAuth2 client secret to use to connect to Yahoo! servers, instead of the one provided during build time",""
"data/org.gnome.evolution-data-server.gschema.xml.in:87","User-specified OAuth2 client secret for Yahoo! servers. Empty string means to use the one provided during build time. Change of this requires restart.",""
"data/org.gnome.evolution-data-server.gschema.xml.in:91","Whether to limit operations in Power Saver mode",""
"data/org.gnome.evolution-data-server.gschema.xml.in:92","When set to “true”, possibly expensive operations required to refresh books/calendars/mail accounts/... are skipped when the machine is in the Power Saver mode.",""
"data/org.gnome.evolution.shell.network-config.gschema.xml.in:11","(Deprecated) Proxy type to use",""
"data/org.gnome.evolution.shell.network-config.gschema.xml.in:12 data/org.gnome.evolution.shell.network-config.gschema.xml.in:17 data/org.gnome.evolution.shell.network-config.gschema.xml.in:22 data/org.gnome.evolution.shell.network-config.gschema.xml.in:27 data/org.gnome.evolution.shell.network-config.gschema.xml.in:32 data/org.gnome.evolution.shell.network-config.gschema.xml.in:37 data/org.gnome.evolution.shell.network-config.gschema.xml.in:42 data/org.gnome.evolution.shell.network-config.gschema.xml.in:47 data/org.gnome.evolution.shell.network-config.gschema.xml.in:52 data/org.gnome.evolution.shell.network-config.gschema.xml.in:57 data/org.gnome.evolution.shell.network-config.gschema.xml.in:62 data/org.gnome.evolution.shell.network-config.gschema.xml.in:67 data/org.gnome.evolution.shell.network-config.gschema.xml.in:72","This key was deprecated in version 3.12 and should no longer be used. Proxy settings are now integrated into Evolution-Data-Server’s account system. See the ESourceProxy API documentation for details.",""
"data/org.gnome.evolution.shell.network-config.gschema.xml.in:16","(Deprecated) Whether to use http-proxy",""
"data/org.gnome.evolution.shell.network-config.gschema.xml.in:21","(Deprecated) Whether proxy server requires authentication",""
"data/org.gnome.evolution.shell.network-config.gschema.xml.in:26","(Deprecated) Host name for HTTP requests",""
"data/org.gnome.evolution.shell.network-config.gschema.xml.in:31","(Deprecated) Port number for HTTP requests",""
"data/org.gnome.evolution.shell.network-config.gschema.xml.in:36","(Deprecated) Proxy authentication user name","Временный сбой аутентификации"
"data/org.gnome.evolution.shell.network-config.gschema.xml.in:41","(Deprecated) Proxy authentication password","Временный сбой аутентификации"
"data/org.gnome.evolution.shell.network-config.gschema.xml.in:46","(Deprecated) List of hosts to connect to without proxy",""
"data/org.gnome.evolution.shell.network-config.gschema.xml.in:51","(Deprecated) Host name for HTTPS requests",""
"data/org.gnome.evolution.shell.network-config.gschema.xml.in:56","(Deprecated) Port number for HTTPS requests",""
"data/org.gnome.evolution.shell.network-config.gschema.xml.in:61","(Deprecated) Host name for SOCKS requests",""
"data/org.gnome.evolution.shell.network-config.gschema.xml.in:66","(Deprecated) Port number for SOCKS requests",""
"data/org.gnome.evolution.shell.network-config.gschema.xml.in:71","(Deprecated) Automatic proxy configuration URL",""
"data/org.gnome.Evolution-alarm-notify.desktop.in.in:4","Evolution Alarm Notify",""
"data/org.gnome.Evolution-alarm-notify.desktop.in.in:5","Calendar event notifications","Запрос аутентификации от календаря"
