"location","source","target"
"","po header","Project-Id-Version: file-roller.master.ru.reducted.po
Report-Msgid-Bugs-To: https://gitlab.gnome.org/GNOME/file-roller/issues
POT-Creation-Date: 2022-07-04 19:22+0000
PO-Revision-Date: 2022-06-21 13:36+0300
Last-Translator: Aleksandr Melman <Alexmelman88@gmail.com>
Language-Team: Русский <gnome-cyr@gnome.org>
Language: ru
MIME-Version: 1.0
Content-Type: text/plain; charset=UTF-8
Content-Transfer-Encoding: 8bit
Plural-Forms: nplurals=3; plural=(n%10==1 && n%100!=11 ? 0 : n%10>=2 && n%10<=4 && (n%100<12 || n%100>14) ? 1 : 2);
%10<=4 && (n%100<10 || n%100>=20) ? 1: 2);
X-Generator: Poedit 3.0.1
X-Poedit-SourceCharset: UTF-8
"
"data/org.gnome.FileRoller.appdata.xml.in:9","File Roller","File Roller"
"data/org.gnome.FileRoller.appdata.xml.in:10","Open, modify and create compressed archive files","Открытие, изменение и создание архивов"
"data/org.gnome.FileRoller.appdata.xml.in:12","Archive Manager (also known as File Roller) is the default GNOME application for opening, creating, and modifying archive and compressed archive files.","Менеджер архивов (также известный как File Roller) — стандартное приложение среды GNOME для открытия, создания и изменения архивов."
"data/org.gnome.FileRoller.appdata.xml.in:16","Archive Manager supports a wide range of different archive files, including:","Менеджер архивов поддерживает множество форматов архивов, включая:"
"data/org.gnome.FileRoller.appdata.xml.in:20","gzip archives (.tar.gz, .tgz)","архивы gzip (.tar.gz, .tgz)"
"data/org.gnome.FileRoller.appdata.xml.in:21","bzip archives (.tar.bz, .tbz)","архивы bzip (.tar.bz, .tbz)"
"data/org.gnome.FileRoller.appdata.xml.in:22","zip archives (.zip)","архивы zip (.zip)"
"data/org.gnome.FileRoller.appdata.xml.in:23","xz archives (.tar.xz)","архивы xz (.tar.xz)"
"data/org.gnome.FileRoller.desktop.in.in:3 src/fr-application.c:476 src/fr-window.c:1968 src/fr-window.c:5468","Archive Manager","Менеджер архивов"
"data/org.gnome.FileRoller.desktop.in.in:4","Create and modify an archive","Создать или изменить архив"
"data/org.gnome.FileRoller.desktop.in.in:6","zip;tar;extract;unpack;","zip;tar;извлечь;распаковать;"
"data/org.gnome.FileRoller.gschema.xml:58","How to sort files","Как сортировать файлы"
"data/org.gnome.FileRoller.gschema.xml:59","What criteria must be used to arrange files. Possible values: name, size, type, time, path.","Используемый критерий сортировки файлов. Возможные значения: name, size, type, time, path."
"data/org.gnome.FileRoller.gschema.xml:63","Sort type","Тип сортировки"
"data/org.gnome.FileRoller.gschema.xml:64","Whether to sort in ascending or descending direction. Possible values: ascending, descending.","Сортировать в прямом или обратном направлении. Возможные значения: ascending, descending."
"data/org.gnome.FileRoller.gschema.xml:68","List Mode","Режим списка"
"data/org.gnome.FileRoller.gschema.xml:69","Use “all-files” to view all the files in the archive in a single list, use “as-folder” to navigate the archive as a folder.","Используйте «all-files», чтобы показать все файлы архива в виде одного списка; используйте «as-folder», чтобы просмотреть архив, как папку."
"data/org.gnome.FileRoller.gschema.xml:73","Display type","Показывать тип"
"data/org.gnome.FileRoller.gschema.xml:74","Display the type column in the main window.","Показывать столбец типа в главном окне."
"data/org.gnome.FileRoller.gschema.xml:78","Display size","Показывать размер"
"data/org.gnome.FileRoller.gschema.xml:79","Display the size column in the main window.","Показывать столбец размера в главном окне."
"data/org.gnome.FileRoller.gschema.xml:83","Display time","Показывать время"
"data/org.gnome.FileRoller.gschema.xml:84","Display the time column in the main window.","Показывать столбец времени в главном окне."
"data/org.gnome.FileRoller.gschema.xml:88","Display path","Показывать путь"
"data/org.gnome.FileRoller.gschema.xml:89","Display the path column in the main window.","Показывать столбец пути в главном окне."
"data/org.gnome.FileRoller.gschema.xml:93","Name column width","Ширина столбца имени"
"data/org.gnome.FileRoller.gschema.xml:94","The default width of the name column in the file list.","Ширина по умолчанию для столбца имени в списке файлов."
"data/org.gnome.FileRoller.gschema.xml:110","View the sidebar","Показывать боковую панель"
"data/org.gnome.FileRoller.gschema.xml:111","Whether to display the sidebar.","Показывать ли боковую панель."
"data/org.gnome.FileRoller.gschema.xml:130","Editors","Редакторы"
"data/org.gnome.FileRoller.gschema.xml:131","List of applications entered in the “Open File” dialog and not associated with the file type.","Список приложений, введённых в диалоговом окне «Открыть файл» и не связанных с типом файла."
"data/org.gnome.FileRoller.gschema.xml:135","Compression level","Степень сжатия"
"data/org.gnome.FileRoller.gschema.xml:136","Compression level used when adding files to an archive. Possible values: very-fast, fast, normal, maximum.","Степень сжатия, используемая при добавлении файлов в архив. Возможные значения: very-fast, fast, normal, maximum."
"data/org.gnome.FileRoller.gschema.xml:140 data/org.gnome.FileRoller.gschema.xml:172","Encrypt the archive header","Шифровать заголовок архива"
"data/org.gnome.FileRoller.gschema.xml:141 data/org.gnome.FileRoller.gschema.xml:173","Whether to encrypt the archive header. If the header is encrypted the password will be required to list the archive content as well.","Шифровать ли заголовок архива. Если заголовок зашифрован, для просмотра содержимого архива потребуется ввод пароля."
"data/org.gnome.FileRoller.gschema.xml:155","Do not overwrite newer files","Не перезаписывать более новые файлы"
"data/org.gnome.FileRoller.gschema.xml:159","Recreate the folders stored in the archive","Повторно создать папки, хранящиеся в архиве"
"data/org.gnome.FileRoller.gschema.xml:177","Show/hide the extra options","Показ дополнительных опций"
"data/org.gnome.FileRoller.gschema.xml:178","Whether to show other options. If set the extra options will be shown.","Показывать ли другие опции? Если установлено, дополнительные опции будут показаны."
"data/org.gnome.FileRoller.gschema.xml:182","Default volume size","Размер тома по умолчанию"
"data/org.gnome.FileRoller.gschema.xml:183","The default size for volumes.","Размер томов по умолчанию."
"nautilus/nautilus-fileroller.c:262","Extract Here","Распаковать сюда"
"nautilus/nautilus-fileroller.c:264","Extract the selected archive to the current position","Распаковать выделенный архив в текущую папку"
"nautilus/nautilus-fileroller.c:281","Extract To…","Распаковать в…"
"nautilus/nautilus-fileroller.c:282","Extract the selected archive","Распаковать выделенный архив"
"src/dlg-add.c:100","Could not add the files to the archive","Не удалось добавить файлы в архив"
"src/dlg-add.c:101","You don’t have the right permissions to read files from folder “%s”","Недостаточно прав для чтения файлов из папки «%s»"
"src/dlg-add.c:175","Add Files","Добавить файлы"
"src/dlg-add.c:186","_Options","_Параметры"
"src/dlg-add.c:739","Load Options","Загрузить параметры"
"src/dlg-add.c:748","_Apply","П_рименить"
"src/dlg-add.c:749 src/dlg-delete.c:132","_Delete","_Удалить"
"src/dlg-add.c:833","Save Options","Сохранить параметры"
"src/dlg-add.c:834","_Options Name:","Имя _параметров:"
"src/dlg-ask-password.c:121","_OK","_ОК"
"src/dlg-ask-password.c:144","Password required for “%s”","Для файла «%s» требуется пароль"
"src/dlg-ask-password.c:153","Wrong password.","Неверный пароль."
"src/dlg-batch-add.c:88 src/fr-application.c:246 src/fr-application.c:282 src/fr-application.c:607","Compress","Сжать"
"src/dlg-extract.c:91 src/fr-window.c:6795","Destination folder “%s” does not exist.

Do you want to create it?","Целевая папка «%s» не существует.

Создать её?"
"src/dlg-extract.c:98 src/fr-window.c:6803","Create _Folder","Создать п_апку"
"src/dlg-extract.c:138 src/dlg-extract.c:170 src/dlg-extract.c:199 src/fr-window.c:4359 src/fr-window.c:6719 src/fr-window.c:6724 src/fr-window.c:6824 src/fr-window.c:6843 src/fr-window.c:6848","Extraction not performed","Распаковка не состоялась"
"src/dlg-extract.c:139 src/fr-window.c:6820","Could not create the destination folder: %s.","Не удалось создать целевую папку: %s."
"src/dlg-extract.c:200 src/fr-window.c:4586 src/fr-window.c:4688","You don’t have the right permissions to extract archives in the folder “%s”","Недостаточно прав для распаковки архивов в папку «%s»"
"src/dlg-extract.c:319","Extract","Распаковать"
"src/dlg-open-with.c:57 src/fr-window.c:4153 src/fr-window.c:8881 src/fr-window.c:8915 src/fr-window.c:9157 src/fr-window.c:9230","Could not perform the operation","Не удалось выполнить операцию"
"src/dlg-package-installer.c:111 src/dlg-package-installer.c:223","There was an internal error trying to search for applications:","Произошла внутренняя ошибка при попытке поиска приложений:"
"src/dlg-package-installer.c:292 src/dlg-package-installer.c:301 src/dlg-package-installer.c:328 src/fr-archive.c:750 src/fr-window.c:4028 src/fr-window.c:7526 src/fr-window.c:7883 src/fr-window.c:9443","Archive type not supported.","Тип архива не поддерживается."
"src/dlg-package-installer.c:311","There is no command installed for %s files.
Do you want to search for a command to open this file?","Для файлов %s не установлено подходящей программы.
Найти программу для открытия этого файла?"
"src/dlg-package-installer.c:315","Could not open this file type","Не удалось открыть файл данного типа"
"src/dlg-package-installer.c:318","_Search Command","Команда _поиска"
"src/dlg-password.c:105","Enter a password for “%s”","Введите пароль для «%s»"
"src/dlg-prop.c:103","%s Properties","Свойства %s"
"src/dlg-update.c:162","Update the file “%s” in the archive “%s”?","Обновить файл «%s» в архиве «%s»?"
"src/dlg-update.c:174 src/dlg-update.c:200","The file has been modified with an external application. If you don’t update the file in the archive, all of your changes will be lost.
msgid_plural: %d files have been modified with an external application. If you don’t update the files in the archive, all of your changes will be lost.","msgstr[0]: %d файл изменён внешним приложением. Если не обновить файл в архиве, все изменения будут потеряны.
msgstr[1]: %d файла изменены внешним приложением. Если не обновить файлы в архиве, все изменения будут потеряны.
msgstr[2]: %d файлов изменены внешним приложением. Если не обновить файлы в архиве, все изменения будут потеряны."
"src/dlg-update.c:190","Update the files in the archive “%s”?","Обновить файлы в архиве «%s»?"
"src/dlg-update.c:315 src/dlg-update.c:328","_Update","Обнов_ить"
"src/dlg-update.c:319","Update Files","Обновить файлы"
"src/fr-application-menu.c:130","Copyright © 2001–2014 Free Software Foundation, Inc.","Авторское право © 2001-2014 Free Software Foundation, Inc."
"src/fr-application-menu.c:131","An archive manager for GNOME.","Менеджер архивов среды GNOME."
"src/fr-application-menu.c:134","translator-credits","Yuri Myasoedov <omerta13@yandex.ru>, 2011-2012.
Stas Solovey <whats_up@tut.by>, 2013-2019.
Alexey Rubtsov <rushills@gmail.com>, 2021
Aleksandr Melman <alexmelman88@gmail.com>, 2022"
"src/fr-application.c:59","Add files to the specified archive and quit the program","Добавить файлы в архив и выйти"
"src/fr-application.c:60","ARCHIVE","АРХИВ"
"src/fr-application.c:63","Add files asking the name of the archive and quit the program","Добавить файлы в архив с запросом имени архива и выйти"
"src/fr-application.c:67","Extract archives to the specified folder and quit the program","Распаковать архивы в указанную папку и завершить приложение"
"src/fr-application.c:68 src/fr-application.c:80","FOLDER","ПАПКА"
"src/fr-application.c:71","Extract archives asking the destination folder and quit the program","Распаковать архивы с запросом имени целевой папки и завершить приложение"
"src/fr-application.c:75","Extract the contents of the archives in the archive folder and quit the program","Распаковать содержание архивов в архивную папку и завершить приложение"
"src/fr-application.c:79","Default folder to use for the “--add” and “--extract” commands","Папка по умолчанию для команд «--add» и «--extract»"
"src/fr-application.c:83","Create destination folder without asking confirmation","Создавать целевую папку, не требуя подтверждения"
"src/fr-application.c:87","Use the notification system to notify the operation completion","Использовать уведомления об окончании действий"
"src/fr-application.c:90","Start as a service","Запустить как службу"
"src/fr-application.c:93","Show version","Показать версию"
"src/fr-application.c:318 src/fr-application.c:344 src/fr-application.c:630","Extract archive","Распаковать архив"
"src/fr-application.c:510","— Create and modify an archive","— создать или изменить архив"
"src/fr-archive.c:1851","You don’t have the right permissions.","Недостаточно прав."
"src/fr-archive.c:1851","This archive type cannot be modified","Тип архива не может быть изменён"
"src/fr-archive.c:1865 src/fr-new-archive-dialog.c:478","You can’t add an archive to itself.","Невозможно поместить архив внутрь самого себя."
"src/fr-command-7z.c:288 src/fr-command-rar.c:495 src/fr-command-tar.c:325","Adding “%s”","Добавление «%s»"
"src/fr-command-7z.c:441 src/fr-command-rar.c:627 src/fr-command-tar.c:446","Extracting “%s”","Извлечение «%s»"
"src/fr-command-rar.c:576 src/fr-command-tar.c:391","Removing “%s”","Удаление «%s»"
"src/fr-command-rar.c:758","Could not find the volume: %s","Не удалось найти том: %s"
"src/fr-command-tar.c:401","Deleting files from archive","Удаляются файлы из архива"
"src/fr-command-tar.c:506","Recompressing archive","Перепаковка архива"
"src/fr-command-tar.c:825","Decompressing archive","Распаковка архива"
"src/fr-command.c:597","Archive not found","Архив не найден"
"src/fr-file-selector-dialog.c:802 src/fr-file-selector-dialog.c:847","Could not load the location","Не удалось загрузить местоположение"
"src/fr-new-archive-dialog.c:352 src/fr-new-archive-dialog.c:371 src/fr-new-archive-dialog.c:387 src/fr-new-archive-dialog.c:436 src/fr-new-archive-dialog.c:454 src/fr-new-archive-dialog.c:476 src/fr-window.c:2979","Could not create the archive","Не удалось создать архив"
"src/fr-new-archive-dialog.c:354 src/fr-new-archive-dialog.c:373","You have to specify an archive name.","Необходимо указать имя архива."
"src/fr-new-archive-dialog.c:438","You don’t have permission to create an archive in this folder","Недостаточно прав для создания архива в этой папке"
"src/fr-new-archive-dialog.c:456 src/fr-window.c:8197","New name is the same as old one, please type other name.","Новое имя совпадает со старым, введите другое имя."
"src/fr-new-archive-dialog.c:499","A file named “%s” already exists.  Do you want to replace it?","Файл с именем «%s» уже существует. Перезаписать его?"
"src/fr-new-archive-dialog.c:500","The file already exists in “%s”.  Replacing it will overwrite its contents.","Файл уже существует в «%s». Замена файла приведёт к перезаписи его содержимого."
"src/fr-new-archive-dialog.c:506 src/fr-window.c:6639","_Replace","_Заменить"
"src/fr-new-archive-dialog.c:521","Could not delete the old archive.","Не удалось удалить старый архив."
"src/fr-window-actions-callbacks.c:289","Open","Открыть"
"src/fr-window-actions-callbacks.c:302","All archives","Все архивы"
"src/fr-window-actions-callbacks.c:309","All files","Все файлы"
"src/fr-window.c:1172","Operation completed","Действие выполнено"
"src/fr-window.c:1585","Folder","Папка"
"src/fr-window.c:1975","[read only]","[только для чтения]"
"src/fr-window.c:2114","Could not display the folder “%s”","Не удалось показать папку «%s»"
"src/fr-window.c:2287 src/fr-window.c:2325","Creating “%s”","Создание «%s»"
"src/fr-window.c:2291","Loading “%s”","Загрузка «%s»"
"src/fr-window.c:2295","Reading “%s”","Чтение «%s»"
"src/fr-window.c:2299","Deleting the files from “%s”","Удаление файлов из «%s»"
"src/fr-window.c:2303","Testing “%s”","Проверка «%s»"
"src/fr-window.c:2306","Getting the file list","Получение списка файлов"
"src/fr-window.c:2310","Copying the files to add to “%s”","Копирование файлов для добавления в «%s»"
"src/fr-window.c:2314","Adding the files to “%s”","Добавление файлов в «%s»"
"src/fr-window.c:2318","Extracting the files from “%s”","Извлечение файлов из «%s»"
"src/fr-window.c:2321","Copying the extracted files to the destination","Копирование извлечённых файлов в каталог назначения"
"src/fr-window.c:2330","Saving “%s”","Сохранение «%s»"
"src/fr-window.c:2337","Renaming the files in “%s”","Переименование файлов в «%s»"
"src/fr-window.c:2341","Updating the files in “%s”","Обновление файлов в «%s»"
"src/fr-window.c:2630","%d file remaining
msgid_plural: %'d files remaining","msgstr[0]: Остался %d файл
msgstr[1]: Осталось %d файла
msgstr[2]: Осталось %d файлов"
"src/fr-window.c:2634 src/fr-window.c:3256","Please wait…","Подождите…"
"src/fr-window.c:2750","Extraction completed successfully","Распаковка успешно завершена"
"src/fr-window.c:2753","_Show the Files","_Показать файлы"
"src/fr-window.c:2770 src/fr-window.c:6149","“%s” created successfully","Архив «%s» успешно создан"
"src/fr-window.c:2777","_Open the Archive","О_ткрыть архив"
"src/fr-window.c:2865 src/fr-window.c:3035","Command exited abnormally.","Работа программы завершилась некорректно."
"src/fr-window.c:2984","An error occurred while extracting files.","Во время распаковки файлов произошла ошибка."
"src/fr-window.c:2990","Could not open “%s”","Не удалось открыть «%s»"
"src/fr-window.c:2995","An error occurred while loading the archive.","Во время чтения архива произошла ошибка."
"src/fr-window.c:2999","An error occurred while deleting files from the archive.","Во время удаления файлов из архива произошла ошибка."
"src/fr-window.c:3005","An error occurred while adding files to the archive.","Во время добавления файлов в архив произошла ошибка."
"src/fr-window.c:3009","An error occurred while testing archive.","Во время проверки архива произошла ошибка."
"src/fr-window.c:3014","An error occurred while saving the archive.","Во время сохранения архива произошла ошибка."
"src/fr-window.c:3018","An error occurred while renaming the files.","Во время переименования файлов произошла ошибка."
"src/fr-window.c:3022","An error occurred while updating the files.","Во время обновления файлов произошла ошибка."
"src/fr-window.c:3026","An error occurred.","Произошла ошибка."
"src/fr-window.c:3032","Command not found.","Требуемая программа не найдена."
"src/fr-window.c:3188","Test Result","Результаты проверки"
"src/fr-window.c:4178","Do you want to add this file to the current archive or open it as a new archive?","Добавить этот файл в текущий архив или открыть его как новый?"
"src/fr-window.c:4207","Do you want to create a new archive with these files?","Создать новый архив и добавить в него выбранные файлы?"
"src/fr-window.c:4210","Create _Archive","Создать _архив"
"src/fr-window.c:4239 src/fr-window.c:7334","New Archive","Новый архив"
"src/fr-window.c:4948","Folders","Папки"
"src/fr-window.c:4986 src/ui/file-selector.ui:206","Size","Размер"
"src/fr-window.c:4987","Type","Тип"
"src/fr-window.c:4988 src/ui/file-selector.ui:222","Modified","Изменён"
"src/fr-window.c:4989","Location","Местоположение"
"src/fr-window.c:4998 src/ui/file-selector.ui:175","Name","Имя"
"src/fr-window.c:5744","_Extract","_Распаковать"
"src/fr-window.c:5748","Add Files","Добавить файлы"
"src/fr-window.c:5772","Find files by name","Выполнить поиск файлов по имени"
"src/fr-window.c:5788","Go to the previous visited location","Перейти к посещённому ранее расположению"
"src/fr-window.c:5793","Go to the next visited location","Перейти к следующему посещённому расположению"
"src/fr-window.c:5803","Go to the home location","Перейти в домашнюю папку"
"src/fr-window.c:5812 src/ui/file-selector.ui:83 src/ui/new-archive-dialog.ui:93","_Location:","_Расположение:"
"src/fr-window.c:6154 src/ui/menus.ui:7 src/ui/menus.ui:47 src/ui/menus.ui:83","Open","Открыть"
"src/fr-window.c:6627","Replace file “%s”?","Заменить файл «%s»?"
"src/fr-window.c:6630","Another file with the same name already exists in “%s”.","Файл с таким именем уже существует в «%s»."
"src/fr-window.c:6636","Replace _All","Заменить _все"
"src/fr-window.c:6637","Replace _Nothing","_Не заменять ничего"
"src/fr-window.c:6638","_Skip","_Пропустить"
"src/fr-window.c:7518 src/fr-window.c:7875","Could not save the archive “%s”","Не удалось сохранить архив «%s»"
"src/fr-window.c:7645","Save","Сохранить"
"src/fr-window.c:7969","Last Output","Журнал сообщений"
"src/fr-window.c:8192","New name is void, please type a name.","Не указано новое имя, введите имя."
"src/fr-window.c:8202","Name “%s” is not valid because it contains at least one of the following characters: %s, please type other name.","Имя «%s» является недопустимым, так как содержит по крайней мере один из следующих символов: %s. Введите другое имя."
"src/fr-window.c:8238","A folder named “%s” already exists.

%s","Папка с именем «%s» уже существует.

%s"
"src/fr-window.c:8238 src/fr-window.c:8240","Please use a different name.","Выберите другое имя."
"src/fr-window.c:8240","A file named “%s” already exists.

%s","Файл с именем «%s» уже существует.

%s"
"src/fr-window.c:8310","Rename","Переименовать"
"src/fr-window.c:8311","_New folder name:","Имя новой _папки:"
"src/fr-window.c:8311","_New file name:","Имя нового _файла:"
"src/fr-window.c:8315","_Rename","Пере_именовать"
"src/fr-window.c:8332 src/fr-window.c:8350","Could not rename the folder","Не удалось переименовать папку"
"src/fr-window.c:8332 src/fr-window.c:8350","Could not rename the file","Не удалось переименовать файл"
"src/fr-window.c:8788","Moving the files from “%s” to “%s”","Перемещение файлов из «%s» в «%s»"
"src/fr-window.c:8791","Copying the files from “%s” to “%s”","Копирование файлов из «%s» в «%s»"
"src/fr-window.c:8842","Paste Selection","Вставить выделенные элементы"
"src/fr-window.c:8843","_Destination folder:","_Целевая папка:"
"src/fr-window.c:8847 src/ui/app-menubar.ui:61","_Paste","_Вставить"
"src/glib-utils.c:787","%d %B %Y, %H:%M","%-d %B %Y, %H∶%M"
"src/gtk-utils.c:234","C_ommand Line Output:","Вывод ко_мандной строки:"
"src/gtk-utils.c:509","Could not display help","Не удалось показать справку"
"src/gtk-utils.c:591","Change password visibility","Изменить видимость пароля"
"src/gtk-utils.h:29","_Add","Д_обавить"
"src/gtk-utils.h:30","_Cancel","_Отмена"
"src/gtk-utils.h:31 src/ui/app-menubar.ui:41","_Close","_Закрыть"
"src/gtk-utils.h:32","C_reate","С_оздать"
"src/gtk-utils.h:33","_Extract","_Распаковать"
"src/gtk-utils.h:34","_Open","_Открыть"
"src/gtk-utils.h:35","_Save","_Сохранить"
"src/ui/add-dialog-options.ui:7","Load Options","Загрузить параметры"
"src/ui/add-dialog-options.ui:11","Save Options","Сохранить параметры"
"src/ui/add-dialog-options.ui:15","Reset Options","Сбросить параметры"
"src/ui/add-dialog-options.ui:35","Add","Добавить"
"src/ui/add-dialog-options.ui:58","Include _files:","Вкл_ючать файлы:"
"src/ui/add-dialog-options.ui:74","E_xclude files:","Исклю_чать файлы:"
"src/ui/add-dialog-options.ui:90","_Exclude folders:","_Исключать папки:"
"src/ui/add-dialog-options.ui:105 src/ui/add-dialog-options.ui:120 src/ui/add-dialog-options.ui:134 src/ui/extract-dialog-options.ui:104","example: *.o; *.bak","например: *.o; *.bak"
"src/ui/add-dialog-options.ui:169 src/ui/extract-dialog-options.ui:144","Actions","Команды"
"src/ui/add-dialog-options.ui:189","Add only if _newer","Добавлять только об_новлённые файлы"
"src/ui/add-dialog-options.ui:206","_Follow symbolic links","_Использовать символические ссылки"
"src/ui/app-menubar.ui:4","_File","_Файл"
"src/ui/app-menubar.ui:8 src/ui/gears-menu.ui:8","_New Archive…","_Создать архив…"
"src/ui/app-menubar.ui:13 src/ui/gears-menu.ui:13","_Open…","_Открыть…"
"src/ui/app-menubar.ui:18","_Extract Files…","_Распаковать файлы…"
"src/ui/app-menubar.ui:25","Save _As…","Сохранить _как…"
"src/ui/app-menubar.ui:30 src/ui/gears-menu.ui:27","_Test Integrity","_Проверить целостность"
"src/ui/app-menubar.ui:34","Properties","Свойства"
"src/ui/app-menubar.ui:47","_Edit","_Правка"
"src/ui/app-menubar.ui:51","Cu_t","В_ырезать"
"src/ui/app-menubar.ui:56","_Copy","_Копировать"
"src/ui/app-menubar.ui:68","_Add Files…","Добавить _файлы…"
"src/ui/app-menubar.ui:72 src/ui/menus.ui:35 src/ui/menus.ui:71 src/ui/menus.ui:107","_Rename…","Пере_именовать…"
"src/ui/app-menubar.ui:77","_Delete Files…","_Удалить файлы…"
"src/ui/app-menubar.ui:84 src/ui/file-selector.ui:7","_Select All","_Выделить всё"
"src/ui/app-menubar.ui:89","D_eselect All","Снять в_ыделение"
"src/ui/app-menubar.ui:94","_Find","_Найти"
"src/ui/app-menubar.ui:101","Set Pass_word…","Установить _пароль…"
"src/ui/app-menubar.ui:106","_View","_Вид"
"src/ui/app-menubar.ui:110","Sidebar","Боковая панель"
"src/ui/app-menubar.ui:116 src/ui/gears-menu.ui:38","View All _Files","Показывать _всё содержимое"
"src/ui/app-menubar.ui:122 src/ui/gears-menu.ui:43","View as a F_older","Показывать тек_ущую папку"
"src/ui/app-menubar.ui:130 src/ui/gears-menu.ui:59","_Help","_Справка"
"src/ui/app-menubar.ui:133","Contents","Содержание"
"src/ui/app-menubar.ui:138","Keyboard Shortcuts","Горячие клавиши"
"src/ui/app-menubar.ui:143","_About","_О приложении"
"src/ui/ask-password.ui:53 src/ui/new-archive-dialog.ui:156","_Password:","_Пароль:"
"src/ui/delete.ui:13 src/ui/extract-dialog-options.ui:41","_All files","_Все файлы"
"src/ui/delete.ui:31 src/ui/extract-dialog-options.ui:59","_Selected files","в_ыделенные"
"src/ui/delete.ui:54 src/ui/extract-dialog-options.ui:83","_Files:","_Файлы:"
"src/ui/delete.ui:74","example: *.txt; *.doc","например: *.txt; *.doc"
"src/ui/extract-dialog-options.ui:20","Extract","Распаковать"
"src/ui/extract-dialog-options.ui:165","_Keep directory structure","_Сохранять структуру каталогов"
"src/ui/extract-dialog-options.ui:182","Do not _overwrite newer files","Не _перезаписывать более новые файлы"
"src/ui/file-selector.ui:11","Dese_lect All","Снять вы_деление"
"src/ui/file-selector.ui:17","Show Hidden Files","Показывать скрытые файлы"
"src/ui/file-selector.ui:112 src/ui/file-selector.ui:113","Go up one level","Перейти на один уровень вверх"
"src/ui/gears-menu.ui:19","_Save As…","Сохранить _как…"
"src/ui/gears-menu.ui:23","Pass_word…","Па_роль…"
"src/ui/gears-menu.ui:31","_Properties","С_войства"
"src/ui/gears-menu.ui:49","Side_bar","_Боковая панель"
"src/ui/gears-menu.ui:55","_Keyboard Shortcuts","_Горячие клавиши"
"src/ui/gears-menu.ui:64","_About Archive Manager","_О приложении"
"src/ui/help-overlay.ui:13","General","Общие"
"src/ui/help-overlay.ui:18","Show help","_Показать помощь"
"src/ui/help-overlay.ui:24","Keyboard shortcuts","Горячие клавиши"
"src/ui/help-overlay.ui:31","Close window","Закрыть окно"
"src/ui/help-overlay.ui:38","Quit","Выйти"
"src/ui/help-overlay.ui:47","Archive","Архивировать"
"src/ui/help-overlay.ui:52","Create new archive","Создать архив"
"src/ui/help-overlay.ui:59","Open an archive","Открыть архив"
"src/ui/help-overlay.ui:66","Extract an archive","Распаковать архив"
"src/ui/help-overlay.ui:73","Save with another name","Сохранить с другим именем"
"src/ui/help-overlay.ui:80","View archive properties","Показать свойства архива"
"src/ui/help-overlay.ui:87","Rename file or folder in an archive","Переименовать файл или папку в архиве"
"src/ui/help-overlay.ui:95","View","Вид"
"src/ui/help-overlay.ui:100","Display the tree view of the folders in the side pane","Показывать дерево папок в боковой панели"
"src/ui/help-overlay.ui:107","View the content of an archive as a list of files","Показывать содержание архива как список файлов"
"src/ui/help-overlay.ui:114","View the content of an archive as a folder structure","Показывать содержание архива как структуру папок"
"src/ui/help-overlay.ui:121","Refresh","Обновить"
"src/ui/help-overlay.ui:129","Common","Общие"
"src/ui/help-overlay.ui:134","Find","Найти"
"src/ui/help-overlay.ui:141","Select all","Выделить всё"
"src/ui/help-overlay.ui:148","Deselect all","Снять выделение"
"src/ui/help-overlay.ui:155","Delete files or folders from an archive","Удалить файлы или папки из архива"
"src/ui/help-overlay.ui:162","Stop the operation","Остановить операцию"
"src/ui/menus.ui:11","_Open With…","Открыть с _помощью…"
"src/ui/menus.ui:17 src/ui/menus.ui:53 src/ui/menus.ui:89","_Extract…","_Распаковать…"
"src/ui/menus.ui:23 src/ui/menus.ui:59 src/ui/menus.ui:95","Cut","Вырезать"
"src/ui/menus.ui:27 src/ui/menus.ui:63 src/ui/menus.ui:99","Copy","Копировать"
"src/ui/menus.ui:31 src/ui/menus.ui:67 src/ui/menus.ui:103","Paste","Вставить"
"src/ui/menus.ui:39 src/ui/menus.ui:75 src/ui/menus.ui:111","Delete","Удалить"
"src/ui/new-archive-dialog.ui:27","_Filename:","_Имя файла:"
"src/ui/new-archive-dialog.ui:110","Location","Расположение"
"src/ui/new-archive-dialog.ui:190","_Encrypt the file list too","Также за_шифровать список файлов"
"src/ui/new-archive-dialog.ui:212","Split into _volumes of","Разделить на _тома размером"
"src/ui/new-archive-dialog.ui:233","10,0","10,0"
"src/ui/new-archive-dialog.ui:250","MB","МБ"
"src/ui/new-archive-dialog.ui:271","_Other Options","_Другие параметры"
"src/ui/password.ui:51","_Encrypt the file list","_Шифровать список файлов"
"src/ui/properties.ui:15","Name:","Имя:"
"src/ui/properties.ui:45","Location:","Расположение:"
"src/ui/properties.ui:74","Type:","Тип:"
"src/ui/properties.ui:103","Last modified:","Дата изменения:"
"src/ui/properties.ui:131","Archive size:","Размер архива:"
"src/ui/properties.ui:159","Content size:","Размер содержимого:"
"src/ui/properties.ui:186","Compression ratio:","Степень сжатия:"
"src/ui/properties.ui:213","Number of files:","Количество файлов:"
"src/ui/update.ui:48","S_elect the files you want to update:","В_ыберите файлы для обновления:"
