"location","source","target"
"","po header","Project-Id-Version: gnome-games trunk
Report-Msgid-Bugs-To: https://gitlab.gnome.org/GNOME/five-or-more/issues
POT-Creation-Date: 2022-04-04 10:55+0000
PO-Revision-Date: 2022-03-31 11:05+0300
Last-Translator: Aleksandr Melman <Alexmelman88@gmail.com>
Language-Team: Русский <gnome-cyr@gnome.org>
Language: ru
MIME-Version: 1.0
Content-Type: text/plain; charset=UTF-8
Content-Transfer-Encoding: 8bit
Plural-Forms: nplurals=3; plural=(n%10==1 && n%100!=11 ? 0 : n%10>=2 && n%10<=4 && (n%100<10 || n%100>=20) ? 1 : 2);
X-Generator: Poedit 3.0.1
"
"data/org.gnome.five-or-more.appdata.xml.in:7 data/org.gnome.five-or-more.desktop.in:3 data/ui/five-or-more.ui:123 src/main.vala:27","Five or More","Пять или более"
"data/org.gnome.five-or-more.appdata.xml.in:8 data/org.gnome.five-or-more.desktop.in:4","Remove colored balls from the board by forming lines","Убирайте разноцветные шарики с поля, выстраивая прямые линии одного цвета"
"data/org.gnome.five-or-more.appdata.xml.in:10","Five or More is the GNOME port of a once-popular computer game. Align five or more objects of the same color into a line to cause them to disappear and score points. Earn many more points by lining up as many objects as possible before clearing them.","«Пять или более» — это порт для GNOME некогда популярной компьютерной игры. Выстраивайте в линию пять или более объектов одного цвета, чтобы они исчезли и вам были начислены очки. Получайте как можно больше очков, выстраивая в линию максимально возможное количество объектов."
"data/org.gnome.five-or-more.appdata.xml.in:16","More objects appear after every turn. Play for as long as possible, until the board is completely full!","После каждого хода появляются новые объекты. Игра продолжается до тех пор, пока игровая доска не заполнится объектами!"
"data/org.gnome.five-or-more.appdata.xml.in:40","The GNOME Project","Проект GNOME"
"data/org.gnome.five-or-more.desktop.in:6","game;strategy;logic;","игра;стратегия;логическая;"
"data/org.gnome.five-or-more.gschema.xml:6","Playing field size","Размер игрового поля"
"data/org.gnome.five-or-more.gschema.xml:7","Playing field size. 1=Small, 2=Medium, 3=Large. Any other value is invalid.","Размер игрового поля. 1 - маленькое, 2 - среднее, 3 - большое. Другие значения некорректны."
"data/org.gnome.five-or-more.gschema.xml:11","Ball style","Стиль шариков"
"data/org.gnome.five-or-more.gschema.xml:12","Ball style. The filename of the images to use for the balls.","Стиль шариков. Имя файла изображений для стилизации шариков."
"data/org.gnome.five-or-more.gschema.xml:16 src/window.vala:222","Background color","Цвет фона"
"data/org.gnome.five-or-more.gschema.xml:17","Background color. The hex specification of the background color.","Цвет фона. Это шестнадцатеричное число, определяющее цвет фона."
"data/org.gnome.five-or-more.gschema.xml:21","Time between moves","Время между прыжками шариков"
"data/org.gnome.five-or-more.gschema.xml:22","Time between moves in milliseconds.","Время между прыжками шарика в миллисекундах."
"data/org.gnome.five-or-more.gschema.xml:26","Game score","Результаты игры"
"data/org.gnome.five-or-more.gschema.xml:27","Game score from last saved session.","Таблица результатов из последнего сохраненного сеанса игры."
"data/org.gnome.five-or-more.gschema.xml:31","Game field","Игровое поле"
"data/org.gnome.five-or-more.gschema.xml:32","Game field from last saved session.","Игровое поле из последнего сохраненного сеанса игры."
"data/org.gnome.five-or-more.gschema.xml:36","Game preview","Просмотр игры"
"data/org.gnome.five-or-more.gschema.xml:37","Game preview from last saved session.","Просмотр игры из последнего сохраненного сеанса игры."
"data/org.gnome.five-or-more.gschema.xml:41","Width of the window in pixels","Ширина окна в пикселах"
"data/org.gnome.five-or-more.gschema.xml:45","Height of the window in pixels","Высота окна в пикселах"
"data/org.gnome.five-or-more.gschema.xml:49","true if the window is maximized","истинно, если окно имеет максимальный размер"
"data/ui/five-or-more.ui:8 data/ui/five-or-more.ui:37","_New Game","_Новая игра"
"data/ui/five-or-more.ui:13","Si_ze","Ра_змер"
"data/ui/five-or-more.ui:17","_Small","_Маленький"
"data/ui/five-or-more.ui:23","_Medium","_Средний"
"data/ui/five-or-more.ui:29","_Large","_Большой"
"data/ui/five-or-more.ui:46","S_cores","_Результаты"
"data/ui/five-or-more.ui:51","A_ppearance","_Вид"
"data/ui/five-or-more.ui:55","balls","шары"
"data/ui/five-or-more.ui:61","shapes","формы"
"data/ui/five-or-more.ui:67","tango","танго"
"data/ui/five-or-more.ui:74","Background","Фон"
"data/ui/five-or-more.ui:77","_Select color","_Выберите цвет"
"data/ui/five-or-more.ui:82","_Default color","Цвет по _умолчанию"
"data/ui/five-or-more.ui:91","_Keyboard Shortcuts","Со_четания клавиш"
"data/ui/five-or-more.ui:96","_Help","_Справка"
"data/ui/five-or-more.ui:102","_About Five or More","Об игре Пять или более"
"data/ui/five-or-more.ui:136","Next:","Следующие:"
"data/ui/help-overlay.ui:29","New game","Новая игра"
"data/ui/help-overlay.ui:34","Start a new game","Начать новую игру"
"data/ui/help-overlay.ui:44","Play with keyboard","Играть с клавиатуры"
"data/ui/help-overlay.ui:49","Move keyboard cursor","Перемещение курсора клавиатуры"
"data/ui/help-overlay.ui:57","Select or drop tile","Выберите или опустите плитку"
"data/ui/help-overlay.ui:67","Generic","Общие"
"data/ui/help-overlay.ui:72","Toggle main menu","Переключить главное меню"
"data/ui/help-overlay.ui:80","Keyboard shortcuts","Комбинации клавиш"
"data/ui/help-overlay.ui:88","Help","Справка"
"data/ui/help-overlay.ui:96","About","О приложении"
"data/ui/help-overlay.ui:104","Quit","Выход"
"src/game.vala:93","Small","Маленькая"
"src/game.vala:96","Medium","Средняя"
"src/game.vala:99","Large","Большая"
"src/main.vala:95","Robert Szokovacs <szo@szo.hu>","Robert Szokovacs <szo@szo.hu>"
"src/main.vala:98","Szabolcs Bán <shooby@gnome.hu>","Szabolcs Bán <shooby@gnome.hu>"
"src/main.vala:103","Callum McKenzie","Каллум МакКензи (Callum McKenzie)"
"src/main.vala:106","kenney.nl","kenney.nl"
"src/main.vala:109","Robert Roth","Роберт Рот (Robert Roth)"
"src/main.vala:114","Tiffany Antopolski","Тифани Антопольски (Tiffany Antopolski)"
"src/main.vala:117","Lanka Rathnayaka","Ланка Ратнаяка (Lanka Rathnayaka)"
"src/main.vala:121","Copyright © 1997–2008 Free Software Foundation, Inc.","Авторское право © 1997-2008 Free Software Foundation, Inc."
"src/main.vala:124","Copyright © 2013–2014 Michael Catanzaro","Авторское право © 2013-2014 Майкл Катанзаро"
"src/main.vala:131","GNOME port of the once-popular Color Lines game","Порт популярной игры «Цветные линии» для GNOME"
"src/main.vala:138","translator-credits","Stas Solovey <whats_up@tut.by>, 2016-2018.
Yuri Myasoedov <ymyasoedov@yandex.ru>, 2012-2015.
Alexey Rubtsov <rushills@gmail.com>, 2021"
"src/window.vala:49","Match five objects of the same type in a row to score!","Соберите пять шариков одинакового цвета в одну линию!"
"src/window.vala:52","You can’t move there!","Невозможно переместить сюда!"
"src/window.vala:55","Game Over!","Игра окончена!"
"src/window.vala:58","Score: %d","Счёт: %d"
"src/window.vala:175","Board Size: ","Размер игрового поля: "
"src/window.vala:279","Are you sure you want to start a new %u × %u game?","Вы уверены, что хотите начать новую игру %u × %u?"
"src/window.vala:282","_Cancel","_Отменить"
"src/window.vala:285","_Restart","_Перезапустить"
