"location","source","target"
"","po header","Project-Id-Version: folks master
Report-Msgid-Bugs-To: https://gitlab.gnome.org/GNOME/folks/issues
POT-Creation-Date: 2022-05-22 10:02+0000
PO-Revision-Date: 2019-07-14 19:37+0300
Last-Translator: Igor Afanasenko <garrmad@gmail.com>
Language-Team: Русский <gnome-cyr@gnome.org>
Language: ru
MIME-Version: 1.0
Content-Type: text/plain; charset=UTF-8
Content-Transfer-Encoding: 8bit
Plural-Forms: nplurals=3; plural=(n%10==1 && n%100!=11 ? 0 : n%10>=2 && n%10<=4 && (n%100<10 || n%100>=20) ? 1 : 2)
X-Generator: Gtranslator 2.91.7
"
"backends/bluez/bluez-backend.vala:734","No BlueZ 5 object manager running, so the BlueZ backend will be inactive. Either your BlueZ installation is too old (only version 5 is supported) or the service can’t be started.","Диспетчер объектов BlueZ 5 не запущен, BlueZ будет неактивен. Либо версия BlueZ слишком старая (поддерживается только версия 5) или служба не может быть запущена."
"backends/bluez/bluez-backend.vala:747","Error connecting to OBEX transfer daemon over D-Bus. Ensure BlueZ and obexd are installed.","Ошибка подключения к службе передачи OBEX через D-Bus. Убедитесь, что BlueZ и obexd установлены."
"backends/bluez/bluez-persona-store.vala:385","Error reading the transferred address book file: %s","Ошибка чтения переданного файла адресной книги: %s"
"backends/bluez/bluez-persona-store.vala:676 backends/bluez/bluez-persona-store.vala:698","Error during transfer of the address book ‘%s’ from Bluetooth device ‘%s’.","Ошибка во время передачи адресной книги «%s» с Bluetooth-устройства «%s»."
"backends/bluez/bluez-persona-store.vala:791","Permission to access the address book on Bluetooth device ‘%s’ was denied by the user.","Доступ к адресной книге на Bluetooth-устройстве «%s» запрещён пользователем."
"backends/bluez/bluez-persona-store.vala:798","An OBEX address book transfer from device ‘%s’ could not be started: %s","Не удалось запустить OBEX-передачу адресной книги с устройства «%s»: %s"
"backends/bluez/bluez-persona-store.vala:838","The OBEX address book transfer from device ‘%s’ failed: %s","Не удалось выполнить OBEX-передачу адресной книги с устройства «%s»: %s"
"backends/bluez/bluez-persona-store.vala:855","Error during transfer of the address book from Bluetooth device ‘%s’: %s","Ошибка во время передачи адресной книги с Bluetooth-устройства «%s»: %s"
"backends/bluez/bluez-persona-store.vala:1073","Bluetooth device ‘%s’ disappeared during address book transfer.","Bluetooth-устройство «%s» пропало во время передачи адресной книги."
"backends/eds/lib/edsf-persona-store.vala:69","Starred in Android","Starred in Android"
"backends/eds/lib/edsf-persona-store.vala:641","Address book ‘%s’ is offline, so contact ‘%s’ cannot be removed.","Адресная книга «%s» работает в автономном режиме, контакт «%s» не может быть удалён."
"backends/eds/lib/edsf-persona-store.vala:647","Permission denied to remove contact ‘%s’: %s","Отказано в разрешении на удаление контакта «%s»: %s"
"backends/eds/lib/edsf-persona-store.vala:652","Removing contacts isn’t supported by this persona store: %s","Удаление контактов не поддерживается этим персональным хранилищем: %s"
"backends/eds/lib/edsf-persona-store.vala:681","Can’t remove contact ‘%s’: %s","Не удалось удалить контакт «%s»: %s"
"backends/eds/lib/edsf-persona-store.vala:770 backends/eds/lib/edsf-persona-store.vala:963","Address book ‘%s’ is offline.","Адресная книга «%s» работает в автономном режиме."
"backends/eds/lib/edsf-persona-store.vala:775 backends/eds/lib/edsf-persona-store.vala:968","Permission denied to open address book ‘%s’: %s","Отказано в разрешении на открытие адресной книги «%s»: %s"
"backends/eds/lib/edsf-persona-store.vala:808","Couldn’t open address book ‘%s’: %s","Не удаётся открыть адресную книгу «%s»: %s"
"backends/eds/lib/edsf-persona-store.vala:876 backends/eds/lib/edsf-persona-store.vala:906","Couldn’t get address book capabilities: %s","Не удалось получить возможности адресной книги: %s"
"backends/eds/lib/edsf-persona-store.vala:922","Couldn’t get view for address book ‘%s’.","Не удалось показать адресную книгу «%s»."
"backends/eds/lib/edsf-persona-store.vala:1001","Couldn’t get view for address book ‘%s’: %s","Не удалось показать адресную книгу «%s»: %s"
"backends/eds/lib/edsf-persona-store.vala:1307","Creating a new contact failed due to reaching the timeout.","Создание нового контакта не удалось из-за превышения лимита времени."
"backends/eds/lib/edsf-persona-store.vala:1421","Changing the ‘%s’ property failed due to reaching the timeout.","Не удалось изменить свойство «%s» из-за превышения лимита времени."
"backends/eds/lib/edsf-persona-store.vala:1455 folks/avatar-details.vala:63","Avatar is not writeable on this contact.","В этот контакт нельзя записать аватар."
"backends/eds/lib/edsf-persona-store.vala:1476 folks/web-service-details.vala:123","Web service addresses are not writeable on this contact.","В этот контакт нельзя записать адреса веб-служб."
"backends/eds/lib/edsf-persona-store.vala:1512 folks/url-details.vala:152","URLs are not writeable on this contact.","В этот контакт нельзя записать URL."
"backends/eds/lib/edsf-persona-store.vala:1594 folks/local-id-details.vala:64","Local IDs are not writeable on this contact.","В этот контакт нельзя записать локальный идентификатор."
"backends/eds/lib/edsf-persona-store.vala:1623","The contact cannot be marked as favourite.","Контакт нельзя сделать избранным."
"backends/eds/lib/edsf-persona-store.vala:1695","Can’t update avatar: %s","Не удалось обновить аватар: %s"
"backends/eds/lib/edsf-persona-store.vala:1706 folks/email-details.vala:120","E-mail addresses are not writeable on this contact.","В этот контакт нельзя записывать адреса эл. почты."
"backends/eds/lib/edsf-persona-store.vala:1773 folks/phone-details.vala:255","Phone numbers are not writeable on this contact.","В этот контакт нельзя записывать телефонные номера."
"backends/eds/lib/edsf-persona-store.vala:1791 folks/postal-address-details.vala:362","Postal addresses are not writeable on this contact.","В этот контакт нельзя записывать почтовые адреса."
"backends/eds/lib/edsf-persona-store.vala:1862 folks/name-details.vala:454","Full name is not writeable on this contact.","В этот контакт нельзя записать полное имя."
"backends/eds/lib/edsf-persona-store.vala:1884 folks/name-details.vala:492","Nickname is not writeable on this contact.","В этот контакт нельзя записать псевдоним."
"backends/eds/lib/edsf-persona-store.vala:1906 folks/note-details.vala:139","Notes are not writeable on this contact.","В этот контакт нельзя записать примечание."
"backends/eds/lib/edsf-persona-store.vala:1938 folks/birthday-details.vala:62","Birthday is not writeable on this contact.","В этот контакт нельзя записать день рождения."
"backends/eds/lib/edsf-persona-store.vala:1982 folks/role-details.vala:280","Roles are not writeable on this contact.","В этот контакт нельзя записывать роли."
"backends/eds/lib/edsf-persona-store.vala:2083 folks/name-details.vala:417","Structured name is not writeable on this contact.","В этот контакт нельзя записывать структурированные имена."
"backends/eds/lib/edsf-persona-store.vala:2122 folks/im-details.vala:136","IM addresses are not writeable on this contact.","В этот контакт нельзя записывать адреса клиентов для обмена мгновенными сообщениями."
"backends/eds/lib/edsf-persona-store.vala:2172 folks/group-details.vala:174","Groups are not writeable on this contact.","В этот контакт нельзя записывать группы."
"backends/eds/lib/edsf-persona-store.vala:2187","My Contacts is only available for Google Contacts","Мои контакты доступны только из Контактов Google"
"backends/eds/lib/edsf-persona-store.vala:2258 folks/gender-details.vala:79","Gender is not writeable on this contact.","В этот контакт нельзя записать пол."
"backends/eds/lib/edsf-persona-store.vala:2296 folks/anti-linkable.vala:84","Anti-links are not writeable on this contact.","В этот контакт нельзя записывать антиссылки."
"backends/eds/lib/edsf-persona-store.vala:2339 folks/location-details.vala:135","Location is not writeable on this contact.","Расположение не возможно записать в этот контакт."
"backends/eds/lib/edsf-persona-store.vala:2685","Permission denied when creating new contact: %s","Отказано в доступе при создании нового контакта: %s"
"backends/eds/lib/edsf-persona-store.vala:2690","Address book is offline and a new contact cannot be created: %s","Адресная книга работает в автономном режиме и новый контакт не может быть создан: %s"
"backends/eds/lib/edsf-persona-store.vala:2699","New contact is not writeable: %s","Новый контакт не доступен для записи: %s"
"backends/eds/lib/edsf-persona-store.vala:2703","Invalid value in contact: %s","Неверное значение в контакте: %s"
"backends/eds/lib/edsf-persona-store.vala:2727","Unknown error adding contact: %s","Неизвестная ошибка при добавлении контакта: %s"
"backends/eds/lib/edsf-persona-store.vala:2760","Property ‘%s’ is not writeable: %s","Свойство «%s» с недоступно для записи: %s"
"backends/eds/lib/edsf-persona-store.vala:2769","Invalid value for property ‘%s’: %s","Неверное значение свойства «%s»: %s"
"backends/eds/lib/edsf-persona-store.vala:2795","Unknown error setting property ‘%s’: %s","Неизвестная ошибка при установке свойства «%s»: %s"
"backends/key-file/kf-persona-store.vala:235","The relationship key file ‘%s’ could not be loaded: %s","Файл сопутствующего ключа «%s» не может быть загружен: %s"
"backends/key-file/kf-persona-store.vala:257","The relationship key file directory ‘%s’ could not be created: %s","Каталог файла сопутствующего ключа «%s» не может быть создан: %s"
"backends/key-file/kf-persona-store.vala:281","The relationship key file ‘%s’ could not be created: %s","Файл сопутствующего ключа «%s» не может быть создан: %s"
"backends/key-file/kf-persona-store.vala:483","Could not write updated key file ‘%s’: %s","Не удалось записать обновлённый файл ключа «%s»: %s"
"backends/key-file/kf-persona.vala:176","Invalid IM address ‘%s’ for protocol ‘%s’: %s","Неверный адрес IM «%s» для протокола «%s»: %s"
"backends/key-file/kf-persona.vala:508","Couldn’t load data from key file: %s","Не удалось загрузить данные из файла ключа: %s"
"backends/ofono/ofono-backend.vala:196","No oFono object manager running, so the oFono backend will be inactive. Either oFono isn’t installed or the service can’t be started.","Диспетчер объектов oFono не запущен, oFono будет неактивен. Версия oFono слишком старая или служба не может быть запущена."
"backends/telepathy/lib/tpf-persona-store.vala:1264","Telepathy contacts representing the local user may not be removed.","Нельзя удалить контакты Telepathy, представляющие локального пользователя."
"backends/telepathy/lib/tpf-persona-store.vala:1275","Failed to remove a persona from store: %s","Не удалось удалить контакт из хранилища: %s"
"backends/telepathy/lib/tpf-persona-store.vala:1310","Persona store (%s, %s) requires the following details:
    contact (provided: ‘%s’)
","Хранилищу (%s, %s) требуются следущие сведения:
    контакт (идентификатор: «%s»)
"
"backends/telepathy/lib/tpf-persona-store.vala:1325","Cannot create a new Telepathy contact while offline.","Невозможно создать новый контакт Telepathy в автономном режиме"
"backends/telepathy/lib/tpf-persona-store.vala:1343","Failed to add a persona from details: %s","Не удалось добавить контакт из дополнительной информации: %s"
"backends/telepathy/lib/tpf-persona-store.vala:1363","Failed to change favorite without a connection to the telepathy-logger service.","Не удалось изменить статус избранности без подключения к службе telepathy-logger."
"backends/telepathy/lib/tpf-persona-store.vala:1369","Failed to change favorite status of Telepathy Persona because it has no attached TpContact.","Не удалось изменить статус избранности Telepathy Persona, из-за отсутствия прикреплённого объекта TpContact."
"backends/telepathy/lib/tpf-persona-store.vala:1387","Failed to change favorite status for Telepathy contact ‘%s’.","Не удалось изменить состояние избранности для контакта Telepathy «%s»."
"backends/telepathy/lib/tpf-persona-store.vala:1419","Failed to change contact’s alias: %s","Не удалось изменить псевдоним контакта: %s"
"backends/telepathy/lib/tpf-persona-store.vala:1500","Extended information may only be set on the user’s Telepathy contact.","Дополнительная информация может быть установлена только для пользовательского контакта Telepathy."
"backends/telepathy/lib/tpf-persona-store.vala:1529","Extended information cannot be written because the store is disconnected.","Дополнительная информация не может быть записана из-за отсутствия подключения к хранилищу."
"backends/telepathy/lib/tpf-persona.vala:511 backends/telepathy/lib/tpf-persona.vala:532 backends/telepathy/lib/tpf-persona.vala:584 backends/telepathy/lib/tpf-persona.vala:598","Failed to change group membership: %s","Не удалось изменить членство в группе: %s"
"backends/telepathy/lib/tpf-persona.vala:514 backends/telepathy/lib/tpf-persona.vala:587","Account is offline.","Учётная запись находится в автономном режиме."
"folks/alias-details.vala:61","Alias is not writeable on this contact.","Нельзя записать псевдоним для этого контакта."
"folks/backend-store.vala:655","Error listing contents of folder ‘%s’: %s","Не удалось получить содержимого папки «%s»: %s"
"folks/backend-store.vala:696","Error querying info for target ‘%s’ of symlink ‘%s’: %s","Ошибка запроса информации для цели «%s» символической ссылки «%s»: %s"
"folks/backend-store.vala:824","File or directory ‘%s’ does not exist.","Файл или каталог «%s» не существует."
"folks/backend-store.vala:830","Failed to get content type for ‘%s’.","Не удалось получить тип содержимого для «%s»."
"folks/birthday-details.vala:93","Birthday event ID is not writeable on this contact.","Нельзя записать идентификатор события дня рождения для этого контакта."
"folks/extended-info.vala:133 folks/extended-info.vala:149","Extended fields are not writeable on this contact.","Дополнительные поля не доступны для записи в этом контакте."
"folks/favourite-details.vala:58","Favorite status is not writeable on this contact.","Нельзя записать свойство «Избранный» для этого контакта."
"folks/im-details.vala:178 folks/im-details.vala:192 folks/im-details.vala:214 folks/im-details.vala:241","The IM address ‘%s’ could not be understood.","Не удалось разобрать адрес «%s»."
"folks/individual-aggregator.vala:1052","Error preparing persona store ‘%s’: %s","Ошибка при подготовке хранилища контакта «%s»: %s"
"folks/individual-aggregator.vala:1283 folks/individual-aggregator.vala:1556","Unknown property ‘%s’ in linkable property list.","Неизвестное свойство «%s» в ссылочном списке свойств."
"folks/individual-aggregator.vala:2042","Failed to add contact for persona store ID ‘%s’: %s","Не удалось добавить контакт для хранилища с идентификатором «%s»: %s"
"folks/individual-aggregator.vala:2169","Anti-links can’t be removed between personas being linked.","Нельзя удалять антиссылки между связываемыми контактами."
"folks/individual-aggregator.vala:2493","Can’t add personas with no primary store.","Невозможно добавить контакты без основного хранилища."
"folks/individual-aggregator.vala:2494","Persona store ‘%s:%s’ is configured as primary, but could not be found or failed to load.","Хранилище «%s:%s» настроено как главное, но его не удалось найти или загрузить."
"folks/individual-aggregator.vala:2495","Check the relevant service is running, or change the default store in that service or using the ‘%s’ GSettings key.","Проверьте, запущена ли соответствующая служба, или измените хранилище по умолчанию в этой службе, или воспользуйтесь ключом GSettings «%s»."
"folks/individual-aggregator.vala:2504","Can’t write to requested property (‘%s’) of the writeable store.","Не удалось выполнить запись в запрошенное свойство («%s») хранилища."
"folks/individual.vala:217 folks/individual.vala:404 folks/individual.vala:513 folks/individual.vala:764 folks/individual.vala:842 folks/individual.vala:1060","Failed to change property ‘%s’: No suitable personas were found.","Не удалось изменить свойство «%s»: не найдено соответствующих контактов."
"folks/individual.vala:2110","Unnamed Person","Безымянный контакт"
"folks/name-details.vala:268","%g%t%m%t%f","%d%t%g%t%m%t%f"
"folks/org.freedesktop.folks.gschema.xml.in:6","Primary store ID","ID основного хранилища"
"folks/org.freedesktop.folks.gschema.xml.in:7","The ID of the persona store which folks should use as primary (i.e. to store linking data in). The type ID of the store may optionally be prepended, separated by a colon. For example: ‘eds:system-address-book’ or ‘key-file’.","Идентификатор хранилища, которое используется folks в качестве основного (для хранения ссылочных данных). Тип идентификатора хранилища может предваряться и использовать в качестве разделителя символ двоеточия. Например: «eds:system-address-book» или «key-file»."
"folks/postal-address-details.vala:232","%s, %s, %s, %s, %s, %s, %s","%s, %s, %s, %s, %s, %s, %s"
"folks/presence-details.vala:171","Unknown status","Неизвестный статус"
"folks/presence-details.vala:173","Offline","Не в сети"
"folks/presence-details.vala:177","Error","Ошибка"
"folks/presence-details.vala:179","Available","В сети"
"folks/presence-details.vala:181","Away","Отсутствует"
"folks/presence-details.vala:183","Extended away","Давно отсутствует"
"folks/presence-details.vala:185","Busy","Занят"
"folks/presence-details.vala:187","Hidden","Невидимый"
"folks/role-details.vala:151","Title: %s, Organisation: %s, Role: %s","Заголовок: %s, Организация: %s, Роль: %s"
"tools/import-pidgin.vala:49","File %s does not exist.","Файл %s не существует."
"tools/import-pidgin.vala:65","Failed to get information about file %s: %s","Не удалось получить информацию о файле %s: %s"
"tools/import-pidgin.vala:72","File %s is not readable.","Файл %s не читается."
"tools/import-pidgin.vala:82","The Pidgin buddy list file ‘%s’ could not be loaded.","Не удалось загрузить файл «%s» со списком друзей из Pidgin."
"tools/import-pidgin.vala:97","The Pidgin buddy list file ‘%s’ could not be loaded: the root element could not be found or was not recognized.","Не удалось загрузить файл «%s» со списком друзей из Pidgin: не удалось найти или распознать корневой элемент."
"tools/import-pidgin.vala:117","Imported %u buddy from ‘%s’.
msgid_plural: Imported %u buddies from ‘%s’.","msgstr[0]: Импортирован %u друг из «%s».
msgstr[1]: Импортировано %u друга из «%s».
msgstr[2]: Импортировано %u друзей из «%s»."
"tools/import-pidgin.vala:164","Error changing group of contact ‘%s’: %s","Ошибка изменения группы контакта «%s»: %s"
"tools/import-pidgin.vala:221","Ignoring buddy with no alias and only one IM address:
%s","Игнорирование контакта с отсутствующим псевдонимом и единственным адресом:
%s"
"tools/import-pidgin.vala:244","Failed to create new contact for buddy with alias ‘%s’ and IM addresses:
%s
Error: %s
","Не удалось создать новый контакт для друга с псевдонимом «%s» и адресами:
%s
Ошибка: %s
"
"tools/import-pidgin.vala:258","Created contact ‘%s’ for buddy with alias ‘%s’ and IM addresses:
%s","Создан контакт «%s» для друга с псевдонимом «%s» и адресами:
%s"
"tools/import.vala:44","Source backend name (default: ‘pidgin’)","Имя драйвера источника (по умолчанию: «pidgin»)"
"tools/import.vala:47","Source filename (default: specific to source backend)","Имя файла источника (по умолчанию: определяется драйвером источника)"
"tools/import.vala:58","— import meta-contact information to libfolks","— импортирование метаконтактной информации в libfolks"
"tools/import.vala:68","Couldn’t parse command line options: %s","Не удалось разобрать параметры командной строки: %s"
"tools/import.vala:109","Couldn’t load the backends: %s","Не удалось загрузить драйверы: %s"
"tools/import.vala:120","Couldn’t load the ‘%s’ backend.","Не удалось загрузить драйвер «%s»."
"tools/import.vala:133","Couldn’t prepare the ‘%s’ backend: %s","Не удалось подготовить драйвер «%s»: %s"
"tools/import.vala:146","Couldn’t load the ‘%s’ backend’s persona store.","Не удалось загрузить хранилище драйвера «%s»."
"tools/import.vala:167","Couldn’t prepare the ‘%s’ backend’s persona store: %s","Не удалось подготовить хранилище драйвера «%s»: %s"
"tools/import.vala:185","Error importing contacts: %s","Ошибка при импортировании контактов: %s"
"tools/import.vala:199","Unrecognized source backend name ‘%s’. ‘%s’ is currently the only supported source backend.","Нераспознанное имя драйвера источника «%s». «%s» в настоящий момент является единственным поддерживаемым драйвером источника."
