"location","source","target"
"","po header","Project-Id-Version: gnome-games trunk
Report-Msgid-Bugs-To: https://gitlab.gnome.org/GNOME/four-in-a-row/issues
POT-Creation-Date: 2021-10-22 09:05+0000
PO-Revision-Date: 2021-10-19 14:40+0300
Last-Translator: Alexey Rubtsov <rushills@gmail.com>
Language-Team: Русский <gnome-cyr@gnome.org>
Language: ru
MIME-Version: 1.0
Content-Type: text/plain; charset=UTF-8
Content-Transfer-Encoding: 8bit
Plural-Forms: nplurals=3; plural=(n%10==1 && n%100!=11 ? 0 : n%10>=2 && n%10<=4 && (n%100<10 || n%100>=20) ? 1 : 2);
X-Generator: Poedit 3.0
"
"data/ui/fiar-screens.ui:40","Game type","Тип игры"
"data/ui/fiar-screens.ui:61 data/ui/fiar-screens.ui:244","Play _first","Играть _первым"
"data/ui/fiar-screens.ui:73 data/ui/fiar-screens.ui:256","Play _second","Играть _вторым"
"data/ui/fiar-screens.ui:85","_Two players","Два игрока"
"data/ui/fiar-screens.ui:109","Players","Игроки"
"data/ui/fiar-screens.ui:126","_One","_Один"
"data/ui/fiar-screens.ui:138","_Two","_Два"
"data/ui/fiar-screens.ui:162","Difficulty","Сложность"
"data/ui/fiar-screens.ui:179","_Easy","_Низкая"
"data/ui/fiar-screens.ui:191","_Medium","_Средняя"
"data/ui/fiar-screens.ui:203","_Hard","_Высокая"
"data/ui/fiar-screens.ui:227","Game start","Начало игры"
"data/ui/four-in-a-row.ui:31","_New Game","_Новая игра"
"data/ui/four-in-a-row.ui:36","Start a new game","Начать новую игру"
"data/ui/four-in-a-row.ui:49","Go back to the current game","Вернуться к текущей игре"
"data/ui/help-overlay.ui:31","During a game","Во время игры"
"data/ui/help-overlay.ui:36","New game","Новая игра"
"data/ui/help-overlay.ui:44","Undo last move","Отменить последний ход"
"data/ui/help-overlay.ui:52","Show a hint","Показать подсказку"
"data/ui/help-overlay.ui:60","Toggle game menu","Переключить меню игры"
"data/ui/help-overlay.ui:70","Play with keyboard","Играть с клавиатуры"
"data/ui/help-overlay.ui:75","Select where to play","Выберите, где играть"
"data/ui/help-overlay.ui:83","Play in selected column","Воспроизведение в выбранной колонке"
"data/ui/help-overlay.ui:91","Play in given column","Играть в данной колонке"
"data/ui/help-overlay.ui:101","During game selection","Во время выбора игры"
"data/ui/help-overlay.ui:106","Start new game","Начать новую игру"
"data/ui/help-overlay.ui:114","Go back","Назад"
"data/ui/help-overlay.ui:124","Generic","Общие"
"data/ui/help-overlay.ui:129","Toggle main menu","Переключить главное меню"
"data/ui/help-overlay.ui:137","Keyboard shortcuts","Сочетания клавиш"
"data/ui/help-overlay.ui:145","Help","Справка"
"data/ui/help-overlay.ui:153","About","О приложении"
"data/ui/help-overlay.ui:161","Quit","Выход"
"data/ui/history-button.ui:41","End!","Конец!"
"data/org.gnome.Four-in-a-row.appdata.xml.in:7 data/org.gnome.Four-in-a-row.desktop.in:5 src/four-in-a-row.vala:29","Four-in-a-row","Четыре в ряд"
"data/org.gnome.Four-in-a-row.appdata.xml.in:8 data/org.gnome.Four-in-a-row.desktop.in:6","Make lines of the same color to win","Для победы выстраивайте ряды шариков одинакового цвета"
"data/org.gnome.Four-in-a-row.appdata.xml.in:10","A family classic, the objective of Four-in-a-row is to build a line of four of your marbles while trying to stop your opponent (human or computer) from building a line of his or her own. A line can be horizontal, vertical or diagonal. The first player to connect four in a row is the winner!","Цель игры ""Четыре в ряд"" - выстроить линию из четырех своих шариков, стараясь помешать противнику (человеку или компьютеру) выстроить свою линию. Линия может быть горизонтальной, вертикальной или диагональной. Победителем становится игрок, первым выстроивший четыре шарика в ряд!"
"data/org.gnome.Four-in-a-row.appdata.xml.in:16","Four-in-a-row features multiple difficulty levels. If you’re having trouble, you can always ask for a hint.","В игре «Четыре в ряд» есть несколько уровней сложности. Если у вас возникнут трудности, вы всегда можете попросить подсказку."
"data/org.gnome.Four-in-a-row.appdata.xml.in:37","The GNOME Project","Проект GNOME"
"data/org.gnome.Four-in-a-row.desktop.in:8","game;strategy;logic;","игра;стратегия;логическая;"
"data/org.gnome.Four-in-a-row.gschema.xml:11","Who starts","Кто начинает"
"data/org.gnome.Four-in-a-row.gschema.xml:13","Specifies who will start the next one-player game. Ignored for two-player games.","Указывает, кто начнет следующую игру для одного игрока. Игнорируется для игр с двумя игроками."
"data/org.gnome.Four-in-a-row.gschema.xml:19","Number of players","Количество участников"
"data/org.gnome.Four-in-a-row.gschema.xml:26","Opponent","Соперник"
"data/org.gnome.Four-in-a-row.gschema.xml:28","From 1, the easiest, to 3, the hardest. Ignored for two-player games.","От 1, самого легкого, до 3, самого трудного. Игнорируется для игр с двумя игроками."
"data/org.gnome.Four-in-a-row.gschema.xml:34","Theme ID","Идентификатор темы"
"data/org.gnome.Four-in-a-row.gschema.xml:36","A number specifying the preferred theme.","Число, указывающее выбранную тему."
"data/org.gnome.Four-in-a-row.gschema.xml:41","Sound","Звук"
"data/org.gnome.Four-in-a-row.gschema.xml:43","Whether or not to play event sounds.","Воспроизводить ли звуковые события."
"data/org.gnome.Four-in-a-row.gschema.xml:48","Move left","Влево"
"data/org.gnome.Four-in-a-row.gschema.xml:50","Key press to move left.","Клавиша для перемещения влево."
"data/org.gnome.Four-in-a-row.gschema.xml:55","Move right","Вправо"
"data/org.gnome.Four-in-a-row.gschema.xml:57","Key press to move right.","Клавиша для перемещения вправо."
"data/org.gnome.Four-in-a-row.gschema.xml:62","Drop marble","Бросить шарик"
"data/org.gnome.Four-in-a-row.gschema.xml:64","Key press to drop a marble.","Клавиша для сброса шарика."
"data/org.gnome.Four-in-a-row.gschema.xml:72","The width of the window","Ширина окна"
"data/org.gnome.Four-in-a-row.gschema.xml:74","The width of the main window in pixels.","Ширина главного окна в пикселях."
"data/org.gnome.Four-in-a-row.gschema.xml:79","The height of the window","Высота окна"
"data/org.gnome.Four-in-a-row.gschema.xml:81","The height of the main window in pixels.","Высота главного окна в пикселях."
"data/org.gnome.Four-in-a-row.gschema.xml:86","A flag to enable maximized mode","Флаг для включения режима максимизации"
"data/org.gnome.Four-in-a-row.gschema.xml:88","If “true”, the main window starts in maximized mode.","Если ""true"", главное окно запускается в режиме максимизации."
"src/four-in-a-row.vala:95","Set the level of the computer’s AI","Установите уровень искусственного интеллекта компьютера"
"src/four-in-a-row.vala:98","LEVEL","LEVEL"
"src/four-in-a-row.vala:101","Turn off the sound","Выключите звук"
"src/four-in-a-row.vala:104","Size of the board","Размер доски"
"src/four-in-a-row.vala:107","SIZE","SIZE"
"src/four-in-a-row.vala:110","Length of a winning line","Длина выигрышной линии"
"src/four-in-a-row.vala:113","TARGET","TARGET"
"src/four-in-a-row.vala:116","Turn on the sound","Включите звук"
"src/four-in-a-row.vala:119","Print release version and exit","Печать версии релиза и выход"
"src/four-in-a-row.vala:167","Size must be at least 4.","Размер должен быть не менее 4."
"src/four-in-a-row.vala:173","Size must not be more than 16.","Размер не должен быть больше 16."
"src/four-in-a-row.vala:180","Lines must be at least 3 tiles.","Линии должны быть не менее 3 плиток."
"src/four-in-a-row.vala:186","Lines cannot be longer than board height or width.","Строки не могут быть длиннее высоты или ширины доски."
"src/four-in-a-row.vala:229","Level should be 1 (easy), 2 (medium) or 3 (hard). Settings unchanged.","Уровень должен быть 1 (легкий), 2 (средний) или 3 (трудный). Настройки не изменены."
"src/four-in-a-row.vala:267","A_ppearance","_Вид"
"src/four-in-a-row.vala:271","_Sound","_Звук"
"src/four-in-a-row.vala:277","_Keyboard Shortcuts","_Комбинации клавиш"
"src/four-in-a-row.vala:281","_Help","Под_сказка"
"src/four-in-a-row.vala:285","_About Four-in-a-row","_Об игре «Четыре в ряд»"
"src/four-in-a-row.vala:567","It’s a draw!","Ничья!"
"src/four-in-a-row.vala:581","You win!","Вы победили!"
"src/four-in-a-row.vala:584","I win!","Я победил!"
"src/four-in-a-row.vala:593","Your Turn","Ваш ход"
"src/four-in-a-row.vala:600 src/four-in-a-row.vala:909","I’m Thinking…","Я думаю…"
"src/four-in-a-row.vala:925","Hint: Column %d","Подсказка: столбец %d"
"src/four-in-a-row.vala:1122","Tim Musson","Тим Муссон (Tim Musson)"
"src/four-in-a-row.vala:1126","David Neary","Дэвид Нери (David Neary)"
"src/four-in-a-row.vala:1130","Nikhar Agrawal","Нихар Агравал (Nikhar Agrawal)"
"src/four-in-a-row.vala:1134","Jacob Humphrey","Джейкоб Хамфри (Jacob Humphrey)"
"src/four-in-a-row.vala:1138","Arnaud Bonatti","Арно Бонатти (Arnaud Bonatti)"
"src/four-in-a-row.vala:1143","Alan Horkan","Алан Хоркан (Alan Horkan)"
"src/four-in-a-row.vala:1147","Anatol Drlicek","Анатоль Дрличек (Anatol Drlicek)"
"src/four-in-a-row.vala:1151","Based on the Faenza icon theme by Matthieu James","На основе темы значков Faenza, созданной Матье Джеймсом (Matthieu James)"
"src/four-in-a-row.vala:1155","Timothy Musson","Тимоти Муссон (Timothy Musson)"
"src/four-in-a-row.vala:1159","Copyright © 1999-2008 – Tim Musson and David Neary","Авторское право © 1999-2008 - Тим Муссон и Дэвид Нери"
"src/four-in-a-row.vala:1163","Copyright © 2014 – Michael Catanzaro","Авторское право © 2014 - Майкл Катанзаро"
"src/four-in-a-row.vala:1167","Copyright © 2018 – Jacob Humphrey","Copyright © 2018 - Джейкоб Хамфри"
"src/four-in-a-row.vala:1171","Copyright © %u-%u – Arnaud Bonatti","Copyright © %u-%u - Арно Бонатти"
"src/four-in-a-row.vala:1179","Connect four in a row to win","Соедините четыре в ряд, чтобы выиграть"
"src/four-in-a-row.vala:1184","translator-credits","Yuri Myasoedov <ymyasoedov@yandex.ru>, 2012-2014.
Stas Solovey <whats_up@tut.by>, 2016-2018.
Alexey Rubtsov <rushills@gmail.com>, 2021"
"src/four-in-a-row.vala:1285","_Undo last move","Отменить последнее движение"
"src/four-in-a-row.vala:1289","_Hint","_Подсказка"
"src/four-in-a-row.vala:1301","Next _Round","Следующий _раунд"
"src/four-in-a-row.vala:1303","_Give Up","_Сдаться"
"src/four-in-a-row.vala:1308","_Scores","_Результаты"
"src/game-window.vala:113","_Start Game","_Начать игру"
"src/scorebox.vala:37","Scores","Результаты"
"src/scorebox.vala:72","Drawn:","Ничья:"
"src/scorebox.vala:93 src/scorebox.vala:107","You:","Вы:"
"src/scorebox.vala:96 src/scorebox.vala:104","Me:","Я:"
"src/theme.vala:170","High Contrast","Высококонтрастная"
"src/theme.vala:174 src/theme.vala:185","Circle","Нолики"
"src/theme.vala:174 src/theme.vala:185","Cross","Крестики"
"src/theme.vala:175 src/theme.vala:186","Circle:","Нолики:"
"src/theme.vala:175 src/theme.vala:186","Cross:","Крестики:"
"src/theme.vala:176 src/theme.vala:187","Circle wins!","Нолики победили!"
"src/theme.vala:176 src/theme.vala:187","Cross wins!","Крестики победили!"
"src/theme.vala:177 src/theme.vala:188","Circle’s turn","Крестики ходят"
"src/theme.vala:177 src/theme.vala:188","Cross’s turn","Нолики ходят"
"src/theme.vala:181","High Contrast Inverse","Высококонтрастная негативная"
"src/theme.vala:192","Red and Green Marbles","Красные и зелёные шарики"
"src/theme.vala:196 src/theme.vala:207 src/theme.vala:218","Red","Красный"
"src/theme.vala:196 src/theme.vala:218","Green","Зелёный"
"src/theme.vala:197 src/theme.vala:208 src/theme.vala:219","Red:","Красные:"
"src/theme.vala:197 src/theme.vala:219","Green:","Зеленые:"
"src/theme.vala:198 src/theme.vala:209 src/theme.vala:220","Red wins!","Красные победили!"
"src/theme.vala:198 src/theme.vala:220","Green wins!","Зелёные победили!"
"src/theme.vala:199 src/theme.vala:210 src/theme.vala:221","Red’s turn","Красные ходят"
"src/theme.vala:199 src/theme.vala:221","Green’s turn","Зелёные ходят"
"src/theme.vala:203","Blue and Red Marbles","Синие и красные шарики"
"src/theme.vala:207","Blue","Синий"
"src/theme.vala:208","Blue:","Синие:"
"src/theme.vala:209","Blue wins!","Синие победили!"
"src/theme.vala:210","Blue’s turn","Синие ходят"
"src/theme.vala:214","Stars and Rings","Звёзды и кольца"
