"location","source","target"
"","po header","Project-Id-Version: gnome-keyring trunk
Report-Msgid-Bugs-To: https://gitlab.gnome.org/GNOME/gcr/issues
POT-Creation-Date: 2022-07-03 04:06+0000
PO-Revision-Date: 2022-05-25 18:30+0300
Last-Translator: Aleksandr Melman <Alexmelman88@gmail.com>
Language-Team: русский <gnome-cyr@gnome.org>
Language: ru
MIME-Version: 1.0
Content-Type: text/plain; charset=UTF-8
Content-Transfer-Encoding: 8bit
Plural-Forms: nplurals=3; plural=(n%10==1 && n%100!=11 ? 0 : n%10>=2 && n%10<=4 && (n%100<10 || n%100>=20) ? 1 : 2);
X-Generator: Poedit 3.0.1
"
"egg/egg-oid.c:40","Domain Component","Область имён"
"egg/egg-oid.c:42","User ID","Идентификатор пользователя"
"egg/egg-oid.c:45","Email Address","Адрес эл. почты"
"egg/egg-oid.c:53","Date of Birth","Дата рождения"
"egg/egg-oid.c:55","Place of Birth","Место рождения"
"egg/egg-oid.c:57","Gender","Пол"
"egg/egg-oid.c:59","Country of Citizenship","Гражданство"
"egg/egg-oid.c:61","Country of Residence","Страна проживания"
"egg/egg-oid.c:64","Common Name","Общее имя"
"egg/egg-oid.c:66","Surname","Фамилия"
"egg/egg-oid.c:68 gcr-gtk3/gcr-certificate-widget.c:604 gcr-gtk4/gcr-certificate-widget.c:611","Serial Number","Серийный номер"
"egg/egg-oid.c:70","Country","Страна"
"egg/egg-oid.c:72","Locality","Местность"
"egg/egg-oid.c:74","State","Область"
"egg/egg-oid.c:76","Street","Улица"
"egg/egg-oid.c:78","Organization","Организация"
"egg/egg-oid.c:80","Organizational Unit","Подразделение"
"egg/egg-oid.c:82","Title","Название"
"egg/egg-oid.c:84","Telephone Number","Номер телефона"
"egg/egg-oid.c:86","Given Name","Имя"
"egg/egg-oid.c:88","Initials","Инициалы"
"egg/egg-oid.c:90","Generation Qualifier","Отметка поколения"
"egg/egg-oid.c:92","DN Qualifier","Отметка различительного имени"
"egg/egg-oid.c:94","Pseudonym","Псевдоним"
"egg/egg-oid.c:98","OGRN","ОГРН"
"egg/egg-oid.c:101","SNILS","СНИЛС"
"egg/egg-oid.c:104","OGRNIP","ОГРНИП"
"egg/egg-oid.c:107","INN","ИНН"
"egg/egg-oid.c:110","RSA","RSA"
"egg/egg-oid.c:111","MD2 with RSA","MD2 с RSA"
"egg/egg-oid.c:112","MD5 with RSA","MD5 с RSA"
"egg/egg-oid.c:113","SHA1 with RSA","SHA1 с RSA"
"egg/egg-oid.c:115","DSA","DSA"
"egg/egg-oid.c:116","SHA1 with DSA","SHA1 с DSA"
"egg/egg-oid.c:118","Elliptic Curve","Эллиптическая кривая"
"egg/egg-oid.c:119","SHA1 with ECDSA","SHA1 с ECDSA"
"egg/egg-oid.c:120","SHA224 with ECDSA","SHA224 с ECDSA"
"egg/egg-oid.c:121","SHA256 with ECDSA","SHA256 с ECDSA"
"egg/egg-oid.c:122","SHA384 with ECDSA","SHA384 с ECDSA"
"egg/egg-oid.c:123","SHA512 with ECDSA","SHA512 с ECDSA"
"egg/egg-oid.c:125","GOST R 34.11-94 with GOST R 34.10-2001","ГОСТ Р 34.11-94 с ГОСТ Р 34.10-2001"
"egg/egg-oid.c:126","GOST R 34.10-2001","ГОСТ Р 34.10-2001"
"egg/egg-oid.c:127","GOST R 34.10-2012 256-bit curve","ГОСТ Р 34.10-2012 256-битная кривая"
"egg/egg-oid.c:128","GOST R 34.10-2012 512-bit curve","ГОСТ Р 34.10-2012 512-битная кривая"
"egg/egg-oid.c:129","GOST R 34.11-2012/256 with GOST R 34.10-2012 256-bit curve","ГОСТ Р 34.11-2012/256 с ГОСТ Р 34.10-2012 256-битная кривая"
"egg/egg-oid.c:130","GOST R 34.11-2012/512 with GOST R 34.10-2012 512-bit curve","ГОСТ Р 34.11-2012/512 с ГОСТ Р 34.10-2012 512-битная кривая"
"egg/egg-oid.c:133","Server Authentication","Аутентификация сервера"
"egg/egg-oid.c:134","Client Authentication","Аутентификация клиента"
"egg/egg-oid.c:135","Code Signing","Подписывание кода"
"egg/egg-oid.c:136","Email Protection","Защита эл. почты"
"egg/egg-oid.c:137","Time Stamping","Проставление отметки времени"
"gck/gck-module.c:271","Error loading PKCS#11 module: %s","Ошибка при загрузке модуля PKCS#11: %s"
"gck/gck-module.c:286","Couldn’t initialize PKCS#11 module: %s","Невозможно инициализировать модуль PKCS#11: %s"
"gck/gck-modules.c:60","Couldn’t initialize registered PKCS#11 modules: %s","Невозможно инициализировать зарегистрированные модули PKCS#11: %s"
"gck/gck-uri.c:167","The URI has invalid encoding.","Недопустимая кодировка URI."
"gck/gck-uri.c:171","The URI does not have the “pkcs11” scheme.","В URI отсутствует схема «pkcs11»."
"gck/gck-uri.c:175","The URI has bad syntax.","Недопустимый синтаксис URI."
"gck/gck-uri.c:179","The URI has a bad version number.","Недопустимая версия URI."
"gcr/gcr-callback-output-stream.c:56 gcr/gcr-callback-output-stream.c:73","The stream was closed","Поток был закрыт"
"gcr/gcr-certificate.c:1099 gcr/gcr-parser.c:340 gcr-gtk3/gcr-certificate-widget.c:180 gcr-gtk4/gcr-certificate-widget.c:187","Certificate","Сертификат"
"gcr/gcr-certificate-extensions.c:190","Other Name","Другое имя"
"gcr/gcr-certificate-extensions.c:200","XMPP Addr","XMPP Addr"
"gcr/gcr-certificate-extensions.c:204","DNS SRV","DNS SRV"
"gcr/gcr-certificate-extensions.c:216","Email","Электронная почта"
"gcr/gcr-certificate-extensions.c:224","DNS","DNS"
"gcr/gcr-certificate-extensions.c:232","X400 Address","Адрес X400"
"gcr/gcr-certificate-extensions.c:239","Directory Name","Название каталога"
"gcr/gcr-certificate-extensions.c:247","EDI Party Name","Название части EDI"
"gcr/gcr-certificate-extensions.c:254","URI","URI"
"gcr/gcr-certificate-extensions.c:262","IP Address","IP-адрес"
"gcr/gcr-certificate-extensions.c:270","Registered ID","Зарегистрированный ID"
"gcr/gcr-certificate-request.c:397","Unsupported key type for certificate request","Неподдерживаемый тип ключа для запроса сертификата"
"gcr/gcr-certificate-request.c:484 gcr/gcr-certificate-request.c:568","The key cannot be used to sign the request","Ключ не может быть использован для подписи запроса"
"gcr/gcr-gnupg-importer.c:94","GnuPG Keyring","Связка ключей GnuPG"
"gcr/gcr-gnupg-importer.c:96","GnuPG Keyring: %s","Связка ключей GnuPG: %s"
"gcr/gcr-gnupg-key.c:141 gcr/gcr-parser.c:346","PGP Key","Ключ PGP"
"gcr/gcr-gnupg-process.c:867","Gnupg process exited with code: %d","Процесс GnuPG завершился с кодом: %d"
"gcr/gcr-gnupg-process.c:874","Gnupg process was terminated with signal: %d","Процесс GnuPG был прерван сигналом: %d"
"gcr/gcr-gnupg-process.c:928 gcr/gcr-parser.c:2592 gcr/gcr-parser.c:3186 gcr/gcr-system-prompt.c:916","The operation was cancelled","Действие было отменено"
"gcr/gcr-parser.c:337","Private Key","Секретный ключ"
"gcr/gcr-parser.c:343 gcr-gtk3/gcr-certificate-widget.c:280 gcr-gtk4/gcr-certificate-widget.c:287","Public Key","Открытый ключ"
"gcr/gcr-parser.c:349","Certificate Request","Запрос сертификата"
"gcr/gcr-parser.c:2595","Unrecognized or unsupported data.","Нераспознанные или неподдерживаемые данные."
"gcr/gcr-parser.c:2598","Could not parse invalid or corrupted data.","Не удалось разобрать неверные или повреждённые данные."
"gcr/gcr-parser.c:2601","The data is locked","Данные заблокированы"
"gcr/gcr-prompt.c:220","Continue","Продолжить"
"gcr/gcr-prompt.c:229","Cancel","Отменить"
"gcr/gcr-ssh-agent-interaction.c:116","Unlock password for: %s","Разблокировать пароль для: %s"
"gcr/gcr-ssh-agent-interaction.c:152","Unlock private key","Разблокировать личный ключ"
"gcr/gcr-ssh-agent-interaction.c:153","Enter password to unlock the private key","Введите пароль для разблокирования личного ключа"
"gcr/gcr-ssh-agent-interaction.c:156","An application wants access to the private key “%s”, but it is locked","Приложение хочет получить доступ к личному ключу «%s», но он заблокирован"
"gcr/gcr-ssh-agent-interaction.c:161","Automatically unlock this key whenever I’m logged in","Автоматически разблокировать этот ключ после входа в систему"
"gcr/gcr-ssh-agent-interaction.c:163","Unlock","Разблокирование"
"gcr/gcr-ssh-agent-interaction.c:166","The unlock password was incorrect","Пароль разблокировки был неверен"
"gcr/gcr-ssh-agent-service.c:259","Unnamed","Безимянный"
"gcr/gcr-ssh-askpass.c:182","Enter your OpenSSH passphrase","Введите фразу-пароль для вашего OpenSSH"
"gcr/gcr-subject-public-key.c:407","Unrecognized or unavailable attributes for key","Нераспознанные или недоступные атрибуты для ключа"
"gcr/gcr-subject-public-key.c:493 gcr/gcr-subject-public-key.c:576","Couldn’t build public key","Не удалось создать открытый ключ"
"gcr/gcr-system-prompt.c:896","Another prompt is already in progress","Приглашение ко вводу пароля уже запущено"
"gcr/gcr-trust.c:307","Couldn’t find a place to store the pinned certificate","Не удалось найти место для хранения закреплённого сертификата"
"gcr-gtk3/gcr-certificate-widget.c:251 gcr-gtk4/gcr-certificate-widget.c:258","Key Algorithm","Алгоритм ключа"
"gcr-gtk3/gcr-certificate-widget.c:257 gcr-gtk4/gcr-certificate-widget.c:264","Key Parameters","Параметры ключа"
"gcr-gtk3/gcr-certificate-widget.c:264 gcr-gtk4/gcr-certificate-widget.c:271","Key Size","Размер ключа"
"gcr-gtk3/gcr-certificate-widget.c:275 gcr-gtk4/gcr-certificate-widget.c:282","Key SHA1 Fingerprint","Отпечаток SHA1 для ключа"
"gcr-gtk3/gcr-certificate-widget.c:297 gcr-gtk4/gcr-certificate-widget.c:304","Basic Constraints","Основные ограничения"
"gcr-gtk3/gcr-certificate-widget.c:298 gcr-gtk4/gcr-certificate-widget.c:305","Certificate Authority","Удостоверяющий центр"
"gcr-gtk3/gcr-certificate-widget.c:298 gcr-gtk3/gcr-certificate-widget.c:489 gcr-gtk4/gcr-certificate-widget.c:305 gcr-gtk4/gcr-certificate-widget.c:496","Yes","Да"
"gcr-gtk3/gcr-certificate-widget.c:298 gcr-gtk3/gcr-certificate-widget.c:489 gcr-gtk4/gcr-certificate-widget.c:305 gcr-gtk4/gcr-certificate-widget.c:496","No","Нет"
"gcr-gtk3/gcr-certificate-widget.c:301 gcr-gtk4/gcr-certificate-widget.c:308","Max Path Length","Максимальная длина пути"
"gcr-gtk3/gcr-certificate-widget.c:301 gcr-gtk4/gcr-certificate-widget.c:308","Unlimited","Неограниченный"
"gcr-gtk3/gcr-certificate-widget.c:329 gcr-gtk4/gcr-certificate-widget.c:336","Extended Key Usage","Расширенное использование ключа"
"gcr-gtk3/gcr-certificate-widget.c:330 gcr-gtk4/gcr-certificate-widget.c:337","Allowed Purposes","Допустимые цели"
"gcr-gtk3/gcr-certificate-widget.c:349 gcr-gtk4/gcr-certificate-widget.c:356","Subject Key Identifier","Идентификатор ключа получателя"
"gcr-gtk3/gcr-certificate-widget.c:352 gcr-gtk4/gcr-certificate-widget.c:359","Key Identifier","Идентификатор ключа"
"gcr-gtk3/gcr-certificate-widget.c:362 gcr-gtk4/gcr-certificate-widget.c:369","Digital signature","Цифровая подпись"
"gcr-gtk3/gcr-certificate-widget.c:363 gcr-gtk4/gcr-certificate-widget.c:370","Non repudiation","Неподтвержденный"
"gcr-gtk3/gcr-certificate-widget.c:364 gcr-gtk4/gcr-certificate-widget.c:371","Key encipherment","Шифрование ключа"
"gcr-gtk3/gcr-certificate-widget.c:365 gcr-gtk4/gcr-certificate-widget.c:372","Data encipherment","Данные шифрования"
"gcr-gtk3/gcr-certificate-widget.c:366 gcr-gtk4/gcr-certificate-widget.c:373","Key agreement","Согласование ключа"
"gcr-gtk3/gcr-certificate-widget.c:367 gcr-gtk4/gcr-certificate-widget.c:374","Certificate signature","Подпись сертификата"
"gcr-gtk3/gcr-certificate-widget.c:368 gcr-gtk4/gcr-certificate-widget.c:375","Revocation list signature","Аннулирование списка подписей"
"gcr-gtk3/gcr-certificate-widget.c:369 gcr-gtk4/gcr-certificate-widget.c:376","Encipher only","Только зашифровать"
"gcr-gtk3/gcr-certificate-widget.c:370 gcr-gtk4/gcr-certificate-widget.c:377","Decipher only","Только расшифровать"
"gcr-gtk3/gcr-certificate-widget.c:395 gcr-gtk4/gcr-certificate-widget.c:402","Key Usage","Использование ключа"
"gcr-gtk3/gcr-certificate-widget.c:396 gcr-gtk4/gcr-certificate-widget.c:403","Usages","Назначения"
"gcr-gtk3/gcr-certificate-widget.c:416 gcr-gtk4/gcr-certificate-widget.c:423","Subject Alternative Names","Альтернативные имена получателя"
"gcr-gtk3/gcr-certificate-widget.c:442 gcr-gtk4/gcr-certificate-widget.c:449","Extension","Расширение"
"gcr-gtk3/gcr-certificate-widget.c:446 gcr-gtk4/gcr-certificate-widget.c:453","Identifier","Идентификатор"
"gcr-gtk3/gcr-certificate-widget.c:448 gcr-gtk4/gcr-certificate-widget.c:455","Value","Значение"
"gcr-gtk3/gcr-certificate-widget.c:489 gcr-gtk4/gcr-certificate-widget.c:496","Critical","Критический"
"gcr-gtk3/gcr-certificate-widget.c:565 gcr-gtk4/gcr-certificate-widget.c:572","Identity","Подлинность"
"gcr-gtk3/gcr-certificate-widget.c:569 gcr-gtk4/gcr-certificate-widget.c:576","Verified by","Проверен"
"gcr-gtk3/gcr-certificate-widget.c:576 gcr-gtk4/gcr-certificate-widget.c:583","Expires","Истекает"
"gcr-gtk3/gcr-certificate-widget.c:581 gcr-gtk4/gcr-certificate-widget.c:588","Subject Name","Имя получателя"
"gcr-gtk3/gcr-certificate-widget.c:585 gcr-gtk4/gcr-certificate-widget.c:592","Issuer Name","Имя выдающего"
"gcr-gtk3/gcr-certificate-widget.c:589 gcr-gtk4/gcr-certificate-widget.c:596","Issued Certificate","Выданный сертификат"
"gcr-gtk3/gcr-certificate-widget.c:595 gcr-gtk4/gcr-certificate-widget.c:602","Version","Версия"
"gcr-gtk3/gcr-certificate-widget.c:613 gcr-gtk4/gcr-certificate-widget.c:620","Not Valid Before","Не действителен до"
"gcr-gtk3/gcr-certificate-widget.c:618 gcr-gtk4/gcr-certificate-widget.c:625","Not Valid After","Не действителен после"
"gcr-gtk3/gcr-certificate-widget.c:623 gcr-gtk4/gcr-certificate-widget.c:630","Certificate Fingerprints","Отпечатки сертификата"
"gcr-gtk3/gcr-certificate-widget.c:632 gcr-gtk4/gcr-certificate-widget.c:639","Public Key Info","Информация об открытом ключе"
"gcr-gtk3/gcr-certificate-widget.c:645 gcr-gtk3/gcr-certificate-widget.c:666 gcr-gtk4/gcr-certificate-widget.c:652 gcr-gtk4/gcr-certificate-widget.c:673","Signature","Подпись"
"gcr-gtk3/gcr-certificate-widget.c:648 gcr-gtk4/gcr-certificate-widget.c:655","Signature Algorithm","Алгоритм подписи"
"gcr-gtk3/gcr-certificate-widget.c:653 gcr-gtk4/gcr-certificate-widget.c:660","Signature Parameters","Параметры подписи"
"tools/gtk3/viewer.c:23 tools/gtk4/viewer.c:23","GCR Certificate Viewer","Просмотрщик сертификатов GCR"
"tools/gtk3/viewer.c:30 tools/gtk4/viewer.c:30","Show the application's version","Показать версию приложения"
"tools/gtk3/viewer.c:32 tools/gtk4/viewer.c:32","[file...]","[файл…]"
