"location","source","target"
"","po header","Project-Id-Version: gtk+.master
Report-Msgid-Bugs-To: https://gitlab.gnome.org/GNOME/gdk-pixbuf/issues
POT-Creation-Date: 2022-05-12 20:02+0000
PO-Revision-Date: 2021-06-27 19:19+0300
Last-Translator: Alexey Rubtsov <rushills@gmail.com>
Language-Team: Русский <gnome-cyr@gnome.org>
Language: ru
MIME-Version: 1.0
Content-Type: text/plain; charset=UTF-8
Content-Transfer-Encoding: 8bit
Plural-Forms: nplurals=3; plural=(n%10==1 && n%100!=11 ? 0 : n%10>=2 && n%10<=4 && (n%100<10 || n%100>=20) ? 1 : 2);
X-Generator: Poedit 3.0
"
"gdk-pixbuf/gdk-pixbuf-animation.c:185 gdk-pixbuf/gdk-pixbuf-io.c:1130 gdk-pixbuf/gdk-pixbuf-io.c:1403","Failed to open file “%s”: %s","Не удалось открыть файл «%s»: %s"
"gdk-pixbuf/gdk-pixbuf-animation.c:198 gdk-pixbuf/gdk-pixbuf-io.c:991","Image file “%s” contains no data","Файл изображения «%s» не содержит данных"
"gdk-pixbuf/gdk-pixbuf-animation.c:236","Failed to load animation “%s”: reason not known, probably a corrupt animation file","Не удалось загрузить анимацию «%s»: причина неизвестна, возможно, файл анимации повреждён"
"gdk-pixbuf/gdk-pixbuf-animation.c:304 gdk-pixbuf/gdk-pixbuf-io.c:1166 gdk-pixbuf/gdk-pixbuf-io.c:1455","Failed to load image “%s”: reason not known, probably a corrupt image file","Не удалось загрузить изображение «%s»: причина неизвестна, возможно, файл изображения повреждён"
"gdk-pixbuf/gdk-pixbuf.c:248","Number of Channels","Число каналов"
"gdk-pixbuf/gdk-pixbuf.c:249","The number of samples per pixel","Число семплов на пиксель"
"gdk-pixbuf/gdk-pixbuf.c:264","Colorspace","Цветовое пространство"
"gdk-pixbuf/gdk-pixbuf.c:265","The colorspace in which the samples are interpreted","Цветовое пространство, в котором интерпретируются семплы"
"gdk-pixbuf/gdk-pixbuf.c:277","Has Alpha","Альфа-канал"
"gdk-pixbuf/gdk-pixbuf.c:278","Whether the pixbuf has an alpha channel","Имеет ли pixbuf альфа-канал"
"gdk-pixbuf/gdk-pixbuf.c:291","Bits per Sample","Битов на семпл"
"gdk-pixbuf/gdk-pixbuf.c:292","The number of bits per sample","Число битов на семпл"
"gdk-pixbuf/gdk-pixbuf.c:305","Width","Ширина"
"gdk-pixbuf/gdk-pixbuf.c:306","The number of columns of the pixbuf","Число столбцов в pixbuf"
"gdk-pixbuf/gdk-pixbuf.c:319","Height","Высота"
"gdk-pixbuf/gdk-pixbuf.c:320","The number of rows of the pixbuf","Число строк в pixbuf"
"gdk-pixbuf/gdk-pixbuf.c:337","Rowstride","Промежуток между строк"
"gdk-pixbuf/gdk-pixbuf.c:338","The number of bytes between the start of a row and the start of the next row","Количество байт между началом одной строки и началом другой"
"gdk-pixbuf/gdk-pixbuf.c:351","Pixels","Пиксели"
"gdk-pixbuf/gdk-pixbuf.c:352","A pointer to the pixel data of the pixbuf","Указатель на пиксельные данные pixbuf"
"gdk-pixbuf/gdk-pixbuf.c:366","Pixel Bytes","Байты пикселей"
"gdk-pixbuf/gdk-pixbuf.c:367","Readonly pixel data","Пиксельные данные только для чтения"
"gdk-pixbuf/gdk-pixbuf-io.c:808","Unable to load image-loading module: %s: %s","Не удалось загрузить модуль загрузки изображений: %s: %s"
"gdk-pixbuf/gdk-pixbuf-io.c:825","Image-loading module %s does not export the proper interface; perhaps it’s from a different gdk-pixbuf version?","Модуль загрузки изображений %s не экспортирует надлежащий интерфейс; возможно, он относится к другой версии gdk-pixbuf?"
"gdk-pixbuf/gdk-pixbuf-io.c:835 gdk-pixbuf/gdk-pixbuf-io.c:878","Image type “%s” is not supported","Тип изображения «%s» не поддерживается"
"gdk-pixbuf/gdk-pixbuf-io.c:963","Couldn’t recognize the image file format for file “%s”","Не удалось распознать формат изображения для файла «%s»"
"gdk-pixbuf/gdk-pixbuf-io.c:971","Unrecognized image file format","Нераспознанный формат файла изображения"
"gdk-pixbuf/gdk-pixbuf-io.c:1177","Failed to load image “%s”: %s","Не удалось загрузить изображение «%s»: %s"
"gdk-pixbuf/gdk-pixbuf-io.c:2245 gdk-pixbuf/io-gdip-utils.c:840","Error writing to image file: %s","Не удалось записать изображение: %s"
"gdk-pixbuf/gdk-pixbuf-io.c:2287 gdk-pixbuf/gdk-pixbuf-io.c:2408","This build of gdk-pixbuf does not support saving the image format: %s","Данная сборка подсистемы «gdk-pixbuf» не поддерживает сохранение изображений в таком формате: %s"
"gdk-pixbuf/gdk-pixbuf-io.c:2318","Insufficient memory to save image to callback","Недостаточно памяти для сохранения файла изображения"
"gdk-pixbuf/gdk-pixbuf-io.c:2331","Failed to open temporary file","Не удалось открыть временный файл"
"gdk-pixbuf/gdk-pixbuf-io.c:2354","Failed to read from temporary file","Не удалось прочитать из временного файла"
"gdk-pixbuf/gdk-pixbuf-io.c:2576","Failed to open “%s” for writing: %s","Не удалось открыть файл «%s» для записи: %s"
"gdk-pixbuf/gdk-pixbuf-io.c:2602","Failed to close “%s” while writing image, all data may not have been saved: %s","Не удалось закрыть файл «%s» во время записи изображения, возможно не все данные сохранены: %s"
"gdk-pixbuf/gdk-pixbuf-io.c:2836 gdk-pixbuf/gdk-pixbuf-io.c:2891","Insufficient memory to save image into a buffer","Недостаточно памяти для сохранения изображения в буфер"
"gdk-pixbuf/gdk-pixbuf-io.c:2937","Error writing to image stream","Не удалось записать в поток изображения"
"gdk-pixbuf/gdk-pixbuf-loader.c:416","Internal error: Image loader module “%s” failed to complete an operation, but didn’t give a reason for the failure","Произошла внутренняя ошибка: модуль загрузки изображений «%s» не завершил загрузку, но не сообщил причину сбоя"
"gdk-pixbuf/gdk-pixbuf-loader.c:458","Incremental loading of image type “%s” is not supported","Прогрессивная загрузка изображения формата «%s» не поддерживается"
"gdk-pixbuf/gdk-pixbuf-simple-anim.c:162","Loop","Цикл"
"gdk-pixbuf/gdk-pixbuf-simple-anim.c:163","Whether the animation should loop when it reaches the end","Должна ли анимация начинаться с начала после окончания"
"gdk-pixbuf/gdk-pixdata.c:178","Image header corrupt","Заголовок изображения повреждён"
"gdk-pixbuf/gdk-pixdata.c:183","Image format unknown","Неизвестный формат изображения"
"gdk-pixbuf/gdk-pixdata.c:188 gdk-pixbuf/gdk-pixdata.c:491 gdk-pixbuf/gdk-pixdata.c:501 gdk-pixbuf/gdk-pixdata.c:597","Image pixel data corrupt","Пиксельные данные изображения повреждены"
"gdk-pixbuf/gdk-pixdata.c:513","failed to allocate image buffer of %u byte
msgid_plural: failed to allocate image buffer of %u bytes","msgstr[0]: не удалось выделить память в размере %u байта для буфера изображения
msgstr[1]: не удалось выделить память в размере %u байт для буфера изображения
msgstr[2]: не удалось выделить память в размере %u байт для буфера изображения"
"gdk-pixbuf/io-ani.c:239","Unexpected icon chunk in animation","Неожиданная последовательность кадров анимации"
"gdk-pixbuf/io-ani.c:337 gdk-pixbuf/io-ani.c:395 gdk-pixbuf/io-ani.c:421 gdk-pixbuf/io-ani.c:444 gdk-pixbuf/io-ani.c:471 gdk-pixbuf/io-ani.c:558","Invalid header in animation","Недопустимый заголовок анимации"
"gdk-pixbuf/io-ani.c:347 gdk-pixbuf/io-ani.c:369 gdk-pixbuf/io-ani.c:453 gdk-pixbuf/io-ani.c:480 gdk-pixbuf/io-ani.c:531 gdk-pixbuf/io-ani.c:607","Not enough memory to load animation","Недостаточно памяти для загрузки анимации"
"gdk-pixbuf/io-ani.c:387 gdk-pixbuf/io-ani.c:413 gdk-pixbuf/io-ani.c:432","Malformed chunk in animation","Неверная последовательность кадров в анимации"
"gdk-pixbuf/io-ani.c:629","ANI image was truncated or incomplete.","Изображение ANI было обрезано или является неполным."
"gdk-pixbuf/io-ani.c:670","Windows animated cursor","Анимированный курсор Windows"
"gdk-pixbuf/io-bmp.c:231 gdk-pixbuf/io-bmp.c:269 gdk-pixbuf/io-bmp.c:376 gdk-pixbuf/io-bmp.c:403 gdk-pixbuf/io-bmp.c:428 gdk-pixbuf/io-bmp.c:463 gdk-pixbuf/io-bmp.c:485 gdk-pixbuf/io-bmp.c:563","BMP image has bogus header data","Изображение формата BMP имеет неправильные данные в заголовке"
"gdk-pixbuf/io-bmp.c:242 gdk-pixbuf/io-bmp.c:498","Not enough memory to load bitmap image","Недостаточно памяти для загрузки изображения"
"gdk-pixbuf/io-bmp.c:333","BMP image has unsupported header size","Изображение формата BMP имеет неподдерживаемый размер заголовка"
"gdk-pixbuf/io-bmp.c:343","BMP image has unsupported depth","Изображение формата BMP имеет неподдерживаемую глубину"
"gdk-pixbuf/io-bmp.c:358","BMP image has oversize palette","Изображение формата BMP имеет палитру больше обычного размера"
"gdk-pixbuf/io-bmp.c:390","Topdown BMP images cannot be compressed","Нельзя сжимать перевёрнутые изображения в формате BMP"
"gdk-pixbuf/io-bmp.c:415","BMP image width too large","Слишком большая ширина для изображения в формате BMP"
"gdk-pixbuf/io-bmp.c:792 gdk-pixbuf/io-png.c:564 gdk-pixbuf/io-pnm.c:722 gdk-pixbuf/io-pnm.c:879","Premature end-of-file encountered","Обнаружен преждевременный конец файла"
"gdk-pixbuf/io-bmp.c:1313","Error while decoding colormap","Ошибка декодирования цветовой карты"
"gdk-pixbuf/io-bmp.c:1376 gdk-pixbuf/io-bmp.c:1388","Image is too wide for BMP format.","Слишком широкое изображение для формата BMP."
"gdk-pixbuf/io-bmp.c:1421","Couldn’t allocate memory for saving BMP file","Не удалось выделить память для сохранения файла BMP"
"gdk-pixbuf/io-bmp.c:1462","Couldn’t write to BMP file","Не удалось записать в файл BMP"
"gdk-pixbuf/io-bmp.c:1515 gdk-pixbuf/io-gdip-bmp.c:83","BMP","BMP"
"gdk-pixbuf/io-gdip-emf.c:61","EMF","EMF"
"gdk-pixbuf/io-gdip-gif.c:81 gdk-pixbuf/io-gif.c:1037","GIF","GIF"
"gdk-pixbuf/io-gdip-ico.c:60 gdk-pixbuf/io-ico.c:1412","Windows icon","Значок Windows"
"gdk-pixbuf/io-gdip-jpeg.c:54 gdk-pixbuf/io-jpeg.c:1391","JPEG quality must be a value between 0 and 100; value “%s” could not be parsed.","Качество формата JPEG должно иметь значение между 0 и 100; значение «%s» не может быть обработано."
"gdk-pixbuf/io-gdip-jpeg.c:69 gdk-pixbuf/io-jpeg.c:1407","JPEG quality must be a value between 0 and 100; value “%d” is not allowed.","Качество формата JPEG должно иметь значение между 0 и 100; значение «%d» недопустимо."
"gdk-pixbuf/io-gdip-jpeg.c:147 gdk-pixbuf/io-jpeg.c:1691","JPEG","JPEG"
"gdk-pixbuf/io-gdip-tiff.c:83 gdk-pixbuf/io-tiff.c:1087","TIFF","TIFF"
"gdk-pixbuf/io-gdip-utils.c:155","Could not allocate memory: %s","Не удалось выделить память: %s"
"gdk-pixbuf/io-gdip-utils.c:180 gdk-pixbuf/io-gdip-utils.c:294 gdk-pixbuf/io-gdip-utils.c:334","Could not create stream: %s","Не удалось создать поток: %s"
"gdk-pixbuf/io-gdip-utils.c:194","Could not seek stream: %s","Не удалось сменить позицию в потоке: %s"
"gdk-pixbuf/io-gdip-utils.c:206","Could not read from stream: %s","Не удалось прочитать из потока: %s"
"gdk-pixbuf/io-gdip-utils.c:620","Couldn’t load bitmap","Не удалось загрузить растровое изображение"
"gdk-pixbuf/io-gdip-utils.c:776","Couldn’t load metafile","Не удалось загрузить метафайл"
"gdk-pixbuf/io-gdip-utils.c:881","Unsupported image format for GDI+","Данный формат изображений не поддерживается для GDI+"
"gdk-pixbuf/io-gdip-utils.c:888","Couldn’t save","Не удалось сохранить"
"gdk-pixbuf/io-gdip-wmf.c:60","WMF","WMF"
"gdk-pixbuf/io-gif.c:158","Failure reading GIF: %s","Не удалось прочитать файл формата GIF: %s"
"gdk-pixbuf/io-gif.c:381 gdk-pixbuf/io-gif.c:848 gdk-pixbuf/io-gif.c:901 gdk-pixbuf/io-gif.c:974","Not enough memory to load GIF file","Недостаточно памяти для загрузки файла формата GIF"
"gdk-pixbuf/io-gif.c:507","GIF image is corrupt (incorrect LZW compression)","Изображение формата GIF повреждено (неправильное сжатие алгоритмом LZW)"
"gdk-pixbuf/io-gif.c:543","File does not appear to be a GIF file","Вероятно, файл не является файлом формата GIF"
"gdk-pixbuf/io-gif.c:558","Version %s of the GIF file format is not supported","Файлы формата GIF версии %s не поддерживаются"
"gdk-pixbuf/io-gif.c:587","Resulting GIF image has zero size","Получаемое изображение в формате GIF имеет нулевой размер"
"gdk-pixbuf/io-gif.c:657","GIF image has no global colormap, and a frame inside it has no local colormap.","В изображении формата GIF отсутствует глобальная карта цветов, в кадре внутри него отсутствует локальная карта цветов."
"gdk-pixbuf/io-gif.c:861 gdk-pixbuf/io-gif.c:986","GIF file was missing some data (perhaps it was truncated somehow?)","В файле формата GIF отсутствуют некоторые данные (возможно, файл был обрезан?)"
"gdk-pixbuf/io-gif.c:920","GIF image was truncated or incomplete.","Обрезанное или неполное изображение в формате GIF."
"gdk-pixbuf/io-gif.c:927","Not all frames of the GIF image were loaded.","Были загружены не все кадры изображения GIF."
"gdk-pixbuf/io-icns.c:363","Error reading ICNS image: %s","Ошибка чтения изображения в формате ICNS: %s"
"gdk-pixbuf/io-icns.c:380 gdk-pixbuf/io-icns.c:461","Could not decode ICNS file","Не удалось декодировать файл формата ICNS"
"gdk-pixbuf/io-icns.c:517","MacOS X icon","Значок MacOS X"
"gdk-pixbuf/io-ico.c:238 gdk-pixbuf/io-ico.c:252 gdk-pixbuf/io-ico.c:342 gdk-pixbuf/io-ico.c:426 gdk-pixbuf/io-ico.c:451","Invalid header in icon (%s)","Недопустимый заголовок в значке (%s)"
"gdk-pixbuf/io-ico.c:268 gdk-pixbuf/io-ico.c:355 gdk-pixbuf/io-ico.c:461 gdk-pixbuf/io-ico.c:504 gdk-pixbuf/io-ico.c:532","Not enough memory to load icon","Недостаточно памяти для загрузки значка"
"gdk-pixbuf/io-ico.c:386","Invalid header in icon","Недопустимый заголовок в значке"
"gdk-pixbuf/io-ico.c:387","Compressed icons are not supported","Сжатые значки не поддерживаются"
"gdk-pixbuf/io-ico.c:489","Unsupported icon type","Неподдерживаемый тип значка"
"gdk-pixbuf/io-ico.c:583","Not enough memory to load ICO file","Недостаточно памяти для загрузки файла формата ICO"
"gdk-pixbuf/io-ico.c:629","ICO image was truncated or incomplete.","Изображение ICO было усеченным или неполным."
"gdk-pixbuf/io-ico.c:1070","Image too large to be saved as ICO","Слишком большое изображения для сохранения в формате ICO"
"gdk-pixbuf/io-ico.c:1081","Cursor hotspot outside image","Активирующая область определена за границами изображения"
"gdk-pixbuf/io-ico.c:1104","Unsupported depth for ICO file: %d","Неподдерживаемая глубина цвета для файла формата ICO: %d"
"gdk-pixbuf/io-jpeg.c:129","Error interpreting JPEG image file (%s)","Ошибка интерпретации файла изображения формата JPEG (%s)"
"gdk-pixbuf/io-jpeg.c:638","Insufficient memory to load image, try exiting some applications to free memory","Недостаточно памяти для загрузки изображения, попробуйте выйти из некоторых приложений, чтобы освободить память"
"gdk-pixbuf/io-jpeg.c:711 gdk-pixbuf/io-jpeg.c:956","Unsupported JPEG color space (%s)","Цветовое пространство (%s) формата JPEG не поддерживается"
"gdk-pixbuf/io-jpeg.c:834 gdk-pixbuf/io-jpeg.c:1151 gdk-pixbuf/io-jpeg.c:1498 gdk-pixbuf/io-jpeg.c:1508","Couldn’t allocate memory for loading JPEG file","Не удалось выделить память для загрузки файла JPEG"
"gdk-pixbuf/io-jpeg.c:1109","Transformed JPEG has zero width or height.","Преобразованное изображение формата JPEG имеет нулевую ширину или высоту."
"gdk-pixbuf/io-jpeg.c:1135","Unsupported number of color components (%d)","Неподдерживаемое количество цветовых компонентов (%d)"
"gdk-pixbuf/io-jpeg.c:1428","JPEG x-dpi must be a value between 1 and 65535; value “%s” is not allowed.","X-dpi формата JPEG должно иметь значение между 1 и 65535; значение «%s» недопустимо."
"gdk-pixbuf/io-jpeg.c:1449","JPEG y-dpi must be a value between 1 and 65535; value “%s” is not allowed.","Y-dpi формата JPEG должно иметь значение между 1 и 65535; значение «%s» недопустимо."
"gdk-pixbuf/io-jpeg.c:1463","Color profile has invalid length “%u”.","Цветовой профиль имеет недопустимую длину «%u»."
"gdk-pixbuf/io-png.c:63","Bits per channel of PNG image is invalid.","Недопустимое количество бит на канал для изображения формата PNG."
"gdk-pixbuf/io-png.c:144 gdk-pixbuf/io-png.c:703","Transformed PNG has zero width or height.","Преобразованное изображение формата PNG имеет нулевую ширину или высоту."
"gdk-pixbuf/io-png.c:152","Bits per channel of transformed PNG is not 8.","Количество бит на канал преобразованного изображения формата PNG не равно 8."
"gdk-pixbuf/io-png.c:161","Transformed PNG not RGB or RGBA.","Преобразованное изображение формата PNG не является ни RGB, ни RGBA."
"gdk-pixbuf/io-png.c:170","Transformed PNG has unsupported number of channels, must be 3 or 4.","Преобразованное изображение формата PNG имеет неподдерживаемое количество каналов; должно быть 3 или 4."
"gdk-pixbuf/io-png.c:191","Fatal error in PNG image file: %s","Фатальная ошибка в файле изображения формата PNG: %s"
"gdk-pixbuf/io-png.c:329","Insufficient memory to load PNG file","Недостаточно памяти для загрузки файла формата PNG"
"gdk-pixbuf/io-png.c:498 gdk-pixbuf/io-png.c:519","Couldn’t allocate memory for loading PNG","Не удалось выделить память для загрузки PNG"
"gdk-pixbuf/io-png.c:716","Insufficient memory to store a %lu by %lu image; try exiting some applications to reduce memory usage","Недостаточно памяти для хранения изображения размером %lu на %lu; попробуйте закрыть некоторые приложения, чтобы уменьшить количество используемой памяти"
"gdk-pixbuf/io-png.c:791","Fatal error reading PNG image file","Фатальная ошибка при чтении файла изображения формата PNG"
"gdk-pixbuf/io-png.c:840","Fatal error reading PNG image file: %s","Фатальная ошибка при чтении файла изображения формата PNG: %s"
"gdk-pixbuf/io-png.c:937","Invalid key “%s”. Keys for PNG text chunks must have at least 1 and at most 79 characters.","Недопустимый ключ «%s». Ключи для текстовых фрагментов PNG должны содержать не менее 1 и не более 79 символов."
"gdk-pixbuf/io-png.c:950","Invalid key “%s”. Keys for PNG text chunks must be ASCII characters.","Недопустимый ключ «%s». Ключи для текстовых блоков PNG должны быть символами ASCII."
"gdk-pixbuf/io-png.c:980","Value for PNG text chunk '%s' cannot be converted to ISO-8859-1 encoding.","Значение для текстового блока PNG «%s» не может быть преобразовано в кодировку ISO-8859-1."
"gdk-pixbuf/io-png.c:992","Color profile has invalid length %d","Профиль цвета имеет недопустимую длину %d"
"gdk-pixbuf/io-png.c:1004","PNG compression level must be a value between 0 and 9; value “%s” is invalid","Уровень сжатия PNG должен быть значением от 0 до 9; значение «%s» недопустимо"
"gdk-pixbuf/io-png.c:1018","PNG %s must be greater than zero; value “%s” is not allowed","PNG %s должно быть больше нуля; значение «%s» не допускается"
"gdk-pixbuf/io-png.c:1246","PNG","PNG"
"gdk-pixbuf/io-pnm.c:247","PNM loader expected to find an integer, but didn’t","Загрузчик PNM ожидал найти целое число, но не нашел"
"gdk-pixbuf/io-pnm.c:279","PNM file has an incorrect initial byte","Файл формата PNM имеет неправильный начальный байт"
"gdk-pixbuf/io-pnm.c:309","PNM file is not in a recognized PNM subformat","Файл формата PNM имеет нераспознаваемый субформат PNM"
"gdk-pixbuf/io-pnm.c:334","PNM file has an invalid width","Недопустимая ширина изображения в формате PNM"
"gdk-pixbuf/io-pnm.c:342","PNM file has an image width of 0","Ширина изображения в формате PNM равна 0"
"gdk-pixbuf/io-pnm.c:363","PNM file has an invalid height","Недопустимая высота изображения в формате PNM"
"gdk-pixbuf/io-pnm.c:371","PNM file has an image height of 0","Высота изображения в формате PNM равна 0"
"gdk-pixbuf/io-pnm.c:394","Maximum color value in PNM file is 0","Максимальное значение цвета в файле формата PNM равно 0"
"gdk-pixbuf/io-pnm.c:402","Maximum color value in PNM file is too large","Максимальное значение цвета в файле формата PNM слишком велико"
"gdk-pixbuf/io-pnm.c:442 gdk-pixbuf/io-pnm.c:472 gdk-pixbuf/io-pnm.c:517","Raw PNM image type is invalid","Недопустимый тип изображения в формате raw PNM"
"gdk-pixbuf/io-pnm.c:667","PNM image loader does not support this PNM subformat","Модуль загрузки изображений формата PNM не поддерживает этот субформат PNM"
"gdk-pixbuf/io-pnm.c:754 gdk-pixbuf/io-pnm.c:991","Raw PNM formats require exactly one whitespace before sample data","Форматы raw PNM требуют ровно одного пробела перед данными семпла"
"gdk-pixbuf/io-pnm.c:781","Cannot allocate memory for loading PNM image","Не удалось выделить память для загрузки файла изображения PNM"
"gdk-pixbuf/io-pnm.c:835","Insufficient memory to load PNM context struct","Недостаточно памяти для загрузки структуры формата PNM"
"gdk-pixbuf/io-pnm.c:892","Unexpected end of PNM image data","Неожиданный конец данных в изображении формата PNM"
"gdk-pixbuf/io-pnm.c:1020","Insufficient memory to load PNM file","Недостаточно памяти для загрузки файла формата PNM"
"gdk-pixbuf/io-pnm.c:1103","PNM/PBM/PGM/PPM","PNM/PBM/PGM/PPM"
"gdk-pixbuf/io-qtif.c:126","Input file descriptor is NULL.","Файловый дескриптор ввода равен NULL."
"gdk-pixbuf/io-qtif.c:141","Failed to read QTIF header","Не удалось прочитать заголовок QTIF"
"gdk-pixbuf/io-qtif.c:150 gdk-pixbuf/io-qtif.c:187 gdk-pixbuf/io-qtif.c:449","QTIF atom size too large (%d byte)
msgid_plural: QTIF atom size too large (%d bytes)","msgstr[0]: Слишком большой размер атома QTIF (%d байт)
msgstr[1]: Слишком большой размер атома QTIF (%d байта)
msgstr[2]: Слишком большой размер атома QTIF (%d байт)"
"gdk-pixbuf/io-qtif.c:173","Failed to allocate %d byte for file read buffer
msgid_plural: Failed to allocate %d bytes for file read buffer","msgstr[0]: Не удалось выделить память в размере %d байта для буфера чтения файла
msgstr[1]: Не удалось выделить память в размере %d байт для буфера чтения файла
msgstr[2]: Не удалось выделить память в размере %d байт для буфера чтения файла"
"gdk-pixbuf/io-qtif.c:201","File error when reading QTIF atom: %s","Файловая ошибка при чтении атома QTIF: %s"
"gdk-pixbuf/io-qtif.c:238","Failed to skip the next %d byte with seek().
msgid_plural: Failed to skip the next %d bytes with seek().","msgstr[0]: Не удалось переместиться на следующий %d байт с помощью seek().
msgstr[1]: Не удалось переместиться на следующие %d байта с помощью seek().
msgstr[2]: Не удалось переместиться на следующие %d байт с помощью seek()."
"gdk-pixbuf/io-qtif.c:269","Failed to allocate QTIF context structure.","Не удалось выделить память для структуры контекста QTIF."
"gdk-pixbuf/io-qtif.c:329","Failed to create GdkPixbufLoader object.","Не удалось создать объект GdkPixbufLoader."
"gdk-pixbuf/io-qtif.c:424","Failed to find an image data atom.","Не удалось найти атом данных изображения."
"gdk-pixbuf/io-qtif.c:599","QuickTime","QuickTime"
"gdk-pixbuf/io-tga.c:346","Cannot allocate colormap","Не удалось выделить память для карты цветов"
"gdk-pixbuf/io-tga.c:371","Cannot allocate new pixbuf","Не удалось выделить память для новой структуры pixbuf"
"gdk-pixbuf/io-tga.c:519","Unexpected bitdepth for colormap entries","Неожиданная глубина цвета для элемента карты цветов"
"gdk-pixbuf/io-tga.c:535","Pseudocolor image does not contain a colormap","Спектральное изображение не содержит цветовую палитру"
"gdk-pixbuf/io-tga.c:578","Cannot allocate TGA header memory","Не удалось выделить память для заголовка формата TGA"
"gdk-pixbuf/io-tga.c:609","TGA image has invalid dimensions","Изображение TGA имеет недопустимые размеры"
"gdk-pixbuf/io-tga.c:615 gdk-pixbuf/io-tga.c:622","TGA image type not supported","Неподдерживаемый тип изображения TGA"
"gdk-pixbuf/io-tga.c:650","Cannot allocate memory for TGA context struct","Не удалось выделить память для структуры контекста формата TGA"
"gdk-pixbuf/io-tga.c:712","TGA image was truncated or incomplete.","Изображение TGA неполное или было обрезано."
"gdk-pixbuf/io-tga.c:764","Targa","Targa"
"gdk-pixbuf/io-tiff.c:117","Could not get image width (bad TIFF file)","Не удалось определить ширину изображения (испорченный файл формата TIFF)"
"gdk-pixbuf/io-tiff.c:125","Could not get image height (bad TIFF file)","Не удалось определить высоту изображения (испорченный файл формата TIFF)"
"gdk-pixbuf/io-tiff.c:133","Width or height of TIFF image is zero","Ширина или высота изображения формата TIFF равна нулю"
"gdk-pixbuf/io-tiff.c:141 gdk-pixbuf/io-tiff.c:151","Dimensions of TIFF image too large","Размеры изображения формата TIFF слишком велики"
"gdk-pixbuf/io-tiff.c:177 gdk-pixbuf/io-tiff.c:189 gdk-pixbuf/io-tiff.c:585","Insufficient memory to open TIFF file","Недостаточно памяти для открытия файла формата TIFF"
"gdk-pixbuf/io-tiff.c:287","Failed to load RGB data from TIFF file","Не удалось прочитать данные RGB из файла формата TIFF"
"gdk-pixbuf/io-tiff.c:378","Failed to open TIFF image","Не удалось открыть изображение формата TIFF"
"gdk-pixbuf/io-tiff.c:516 gdk-pixbuf/io-tiff.c:528","Failed to load TIFF image","Сбой при загрузке изображения формата TIFF"
"gdk-pixbuf/io-tiff.c:760","Failed to save TIFF image","Сбой сохранения изображения TIFF"
"gdk-pixbuf/io-tiff.c:821","TIFF compression doesn’t refer to a valid codec.","Сжатие TIFF не относится к действующему кодеку."
"gdk-pixbuf/io-tiff.c:851","Color profile has invalid length %d.","Цветовой профиль имеет неправильную длину %d."
"gdk-pixbuf/io-tiff.c:866","TIFF bits-per-sample doesn’t contain a supported value.","TIFF bits-per-sample не содержит поддерживаемого значения."
"gdk-pixbuf/io-tiff.c:947","Failed to write TIFF data","Сбой записи данных TIFF"
"gdk-pixbuf/io-tiff.c:965","TIFF x-dpi must be greater than zero; value “%s” is not allowed.","TIFF x-dpi должно быть больше нуля; значение «%s» не допускается."
"gdk-pixbuf/io-tiff.c:977","TIFF y-dpi must be greater than zero; value “%s” is not allowed.","TIFF y-dpi должно быть больше нуля; значение «%s» не допускается."
"gdk-pixbuf/io-tiff.c:1018","Couldn’t write to TIFF file","Не удалось записать файл TIFF"
"gdk-pixbuf/io-xbm.c:320","Invalid XBM file","Недопустимый файл формата XBM"
"gdk-pixbuf/io-xbm.c:331","Insufficient memory to load XBM image file","Недостаточно памяти для загрузки файла изображения формата XBM"
"gdk-pixbuf/io-xbm.c:482","Failed to write to temporary file when loading XBM image","Не удалось записать во временный файл во время загрузки изображения формата XBM"
"gdk-pixbuf/io-xbm.c:521","XBM","XBM"
"gdk-pixbuf/io-xpm.c:472","No XPM header found","Заголовок XPM не найден"
"gdk-pixbuf/io-xpm.c:481 gdk-pixbuf/io-xpm.c:507","Invalid XPM header","Недопустимый заголовок XPM"
"gdk-pixbuf/io-xpm.c:489","XPM file has image width <= 0","Ширина изображения в файле формата XPM меньше или равна 0"
"gdk-pixbuf/io-xpm.c:497","XPM file has image height <= 0","Высота изображения в файле формата XPM меньше или равна 0"
"gdk-pixbuf/io-xpm.c:514","XPM has invalid number of chars per pixel","XPM имеет недопустимое количество символов на пиксель"
"gdk-pixbuf/io-xpm.c:523","XPM file has invalid number of colors","Файл формата XPM имеет недопустимое количество цветов"
"gdk-pixbuf/io-xpm.c:535 gdk-pixbuf/io-xpm.c:544 gdk-pixbuf/io-xpm.c:593","Cannot allocate memory for loading XPM image","Не удалось выделить память для загрузки изображения XPM"
"gdk-pixbuf/io-xpm.c:558","Cannot read XPM colormap","Не удалось прочитать цветовую карту XPM"
"gdk-pixbuf/io-xpm.c:610","Dimensions do not match data","Размеры не соответствуют данным"
"gdk-pixbuf/io-xpm.c:806","Failed to write to temporary file when loading XPM image","Сбой при записи временного файла во время загрузки изображения XPM"
"gdk-pixbuf/io-xpm.c:845","XPM","XPM"
