"location","source","target"
"","po header","Project-Id-Version: gitg 0.0.6
Report-Msgid-Bugs-To: https://gitlab.gnome.org/GNOME/gitg/issues
POT-Creation-Date: 2022-06-25 17:42+0000
PO-Revision-Date: 2022-06-22 16:06+1000
Last-Translator: Ser82-png <asvmail.as@gmail.com>
Language-Team: Русский <gnome-cyr@gnome.org>
Language: ru
MIME-Version: 1.0
Content-Type: text/plain; charset=UTF-8
Content-Transfer-Encoding: 8bit
Plural-Forms: nplurals=3; plural=(n%10==1 && n%100!=11 ? 0 : n%10>=2 && n%10<=4 && (n%100<10 || n%100>=20) ? 1 : 2);
X-Generator: Poedit 2.3
"
"contrib/xml/xml-reader.c:327","Could not parse XML from stream","Не удалось разобрать XML из потока"
"data/org.gnome.gitg.appdata.xml.in.in:5 gitg/gitg.vala:39 gitg/resources/ui/gitg-window.ui:8","gitg","gitg"
"data/org.gnome.gitg.appdata.xml.in.in:9","Graphical user interface for git","Графический интерфейс пользователя для git"
"data/org.gnome.gitg.appdata.xml.in.in:11","gitg is a graphical user interface for git. It aims at being a small, fast and convenient tool to visualize the history of git repositories. Besides visualization, gitg also provides several utilities to manage your repository and commit your work.","gitg - это графический интерфейс пользователя для git. Приложение создано быть компактным, быстрым и удобным инструментом для визуализации истории репозиториев git. Кроме визуализации gitg также предоставляет несколько утилит для управления вашим репозиторием и загрузки вашей работы."
"data/org.gnome.gitg.appdata.xml.in.in:17","Goals:","Цели:"
"data/org.gnome.gitg.appdata.xml.in.in:19","Browse local git repositories","Просмотр локальных репозиториев"
"data/org.gnome.gitg.appdata.xml.in.in:20","Clone local and remote git repositories","Клонирование локальных и сетевых репозиторием git"
"data/org.gnome.gitg.appdata.xml.in.in:21","Commit files","Закоммитить файлы"
"data/org.gnome.gitg.appdata.xml.in.in:22","Retrieve patch from a commit","Запросить патч из коммита"
"data/org.gnome.gitg.appdata.xml.in.in:32","Browse repository history","Просмотреть историю репозитории"
"data/org.gnome.gitg.appdata.xml.in.in:36","Staging area to compose your commit","Область стейджинга для создания коммита"
"data/org.gnome.gitg.appdata.xml.in.in:40","Commit staged changes","Отправить изменения из стеуджа"
"data/org.gnome.gitg.appdata.xml.in.in:44","Overview of recently used repositories","Просмотр недавно использованных репозиториев"
"data/org.gnome.gitg.appdata.xml.in.in:157","The GNOME Project","Проект GNOME"
"data/org.gnome.gitg.desktop.in.in:3","@binary@","@binary@"
"data/org.gnome.gitg.desktop.in.in:4","Git repository browser","Просмотр репозиториев Git"
"data/org.gnome.gitg.desktop.in.in:17","New Window","Создать окно"
"data/org.gnome.gitg.gschema.xml.in:28","Default Clone Directory","Каталог по умолчанию для клонирования"
"data/org.gnome.gitg.gschema.xml.in:29","The default directory in which new repositories should be suggested to be cloned.","Каталог по умолчанию, в который предлагается клонировать новые репозитории."
"data/org.gnome.gitg.gschema.xml.in:38","Orientation of the main interface (vertical or horizontal)","Расположение основного интерфейса (вертикальное или горизонтальное)"
"data/org.gnome.gitg.gschema.xml.in:39","Setting that sets the orientation of the main interface.","Этот параметр устанавливает расположение главного интерфейса."
"data/org.gnome.gitg.gschema.xml.in:45","Default Activity","Активность по умолчанию"
"data/org.gnome.gitg.gschema.xml.in:46","The activity which gitg activates by default when first launched.","Активность которую исполняет gitg по умолчанию при запуске."
"data/org.gnome.gitg.gschema.xml.in:52","Use Default Font","Использовать шрифт по умолчанию"
"data/org.gnome.gitg.gschema.xml.in:53","Whether to use the system’s default fixed width font for widget's text instead of a font specific. If this option is turned off, then the font named in the “Editor Font” option will be used instead of the system font.","Использовать ли системный моноширинный шрифт для виджетов взамен указанного шрифта. Если опция выключена, шрифт, указанный в поле «Шрифт редактора», будет использован вместо системного."
"data/org.gnome.gitg.gschema.xml.in:57","'Monospace 12'","«Monospace 12»"
"data/org.gnome.gitg.gschema.xml.in:58","Editor Font","Шрифт редактора"
"data/org.gnome.gitg.gschema.xml.in:59","A custom font that will be used for the text widgets. This will only take effect if the “Use Default Font” option is turned off.","Настраиваемый шрифт, который будет использован для виджетов. Этот шрифт будет использоваться только если опция «Использовать шрифт по умолчанию» выключена."
"data/org.gnome.gitg.gschema.xml.in:63","Use Gravatar","Использовать Gravatar"
"data/org.gnome.gitg.gschema.xml.in:64","Enable the use of gravatar to display user avatars.","Включите для использования сервиса gravatar для отображения аватаров пользователей."
"data/org.gnome.gitg.gschema.xml.in:70","Enable Monitoring","Включить отслеживание"
"data/org.gnome.gitg.gschema.xml.in:71 gitg/resources/ui/gitg-preferences-interface.ui:188","Automatically update when external changes to .git are detected","Автоматическое обновление при обнаружении изменений .git извне"
"data/org.gnome.gitg.gschema.xml.in:77","Enable Diff Highlighting","Включить подсветку различий при сравнении"
"data/org.gnome.gitg.gschema.xml.in:78","Setting that determines whether to enable syntax highlighting in diff views.","Параметр, который определяет, будет ли использоваться подсветка синтаксиса на панели сравнения."
"data/org.gnome.gitg.gschema.xml.in:85","Color scheme to use for syntax highlighting","Схема цветов, используемая для подсветки синтаксиса"
"data/org.gnome.gitg.gschema.xml.in:86","Used by GtkSourceView to determine colors for syntax highlighting","Используется GtkSourceView для определения цветов для подсветки синтаксиса"
"data/org.gnome.gitg.gschema.xml.in:92","When to Collapse Inactive Lanes","Когда сворачивать неактивные пути"
"data/org.gnome.gitg.gschema.xml.in:93","Setting that indicates when an inactive lane should be collapsed. Valid values are 0 — 4, where 0 indicates “early” and 4 indicates “late”.","Параметр, показывающий, когда должны сворачиваться неиспользуемые пути. Допустимые значения: от 0 до 4, где 0 означает «раньше», 4 — «позже»."
"data/org.gnome.gitg.gschema.xml.in:100","Setting that indicates whether to collapse history lanes which do not show activity. Enabling this can provide a cleaner history view when there is a lot of parallel development. See collapse-inactive-lanes to control when lanes should be collapsed.","Этот параметр управляет отображением путей в истории, по которым отсутствует активность. Включение этого параметра может очистить просмотр истории от множества параллельных разрабатываемых путей. Параметр collapse-inactive-lanes управляет сворачиванием путей."
"data/org.gnome.gitg.gschema.xml.in:109","Show History in Topological Order","Показывать историю в топологическом порядке"
"data/org.gnome.gitg.gschema.xml.in:110","Setting that indicates whether to show the history in topological order.","Этот параметр управляет отображением истории в топологическом порядке."
"data/org.gnome.gitg.gschema.xml.in:116","Show Stashed Changes","Показывать скрытые изменения"
"data/org.gnome.gitg.gschema.xml.in:117","Setting that indicates whether to show items for the stash in the history.","Этот параметр управляет отображением скрытых элементов в истории."
"data/org.gnome.gitg.gschema.xml.in:124","Show Staged Changes","Показывать индексированные изменения"
"data/org.gnome.gitg.gschema.xml.in:125","Setting that indicates whether to show a virtual item for the currently staged changes in the history.","Этот параметр управляет отображением виртуальных элементов для только что проиндексированных изменений в истории."
"data/org.gnome.gitg.gschema.xml.in:132","Show Unstaged Changes","Показывать неиндексированные изменения"
"data/org.gnome.gitg.gschema.xml.in:133","Setting that indicates whether to show a virtual item for the currently unstaged changes in the history.","Этот параметр управляет отображением виртуальных элементов для изменений в истории, для которых только что была отменена индексация."
"data/org.gnome.gitg.gschema.xml.in:140","Mainline Head","Mainline Head"
"data/org.gnome.gitg.gschema.xml.in:141","Setting that indicates whether to always preserve a mainline in the history for the current HEAD.","Параметр, указывающий, всегда ли сохранять mainline в истории для текущего HEAD."
"data/org.gnome.gitg.gschema.xml.in:148","Default selection of the history activity","Выбор по умолчанию истории действий"
"data/org.gnome.gitg.gschema.xml.in:149","Setting that determines the default selection on startup of the history activity.","Параметр, определяющий выбор по умолчанию при запуске панели истории действий."
"data/org.gnome.gitg.gschema.xml.in:155","Reference Sort Order","Порядок сортировки ссылок"
"data/org.gnome.gitg.gschema.xml.in:156","The order by which references in the history sidebar should be sorted.","Порядок сортировки ссылок на боковой панели истории."
"data/org.gnome.gitg.gschema.xml.in:162","Show Upstream With Branch","Показывать Основную ветвь (Upstream) вместе с локальной Ветвью"
"data/org.gnome.gitg.gschema.xml.in:163","Determines whether to also show the upstream (remote) tracking branch when selecting a local branch in the history view.","Определяет, следует ли также отображать основную (upstream) ветвь при выборе локальной ветви на панели истории."
"data/org.gnome.gitg.gschema.xml.in:172","Switch to the new branch on creation","Переключяться на новую ветвь при создании"
"data/org.gnome.gitg.gschema.xml.in:173","Setting that controls whether the newly created branch is checked out automatically.","Параметр, который контролирует, будет ли программа автоматически переходить к вновь созданным ветвям."
"data/org.gnome.gitg.gschema.xml.in:188","Show Right Margin in Commit Message View","Показывать правый отступ в сообщении к коммиту"
"data/org.gnome.gitg.gschema.xml.in:189","Show a right margin indicator in the commit message view. This can be used to easily see where to break the commit message at a particular column.","Показывать правое поле в сообщении к коммиту. Это позволяет легко видеть, где перенести сообщение к коммиту на другую строку."
"data/org.gnome.gitg.gschema.xml.in:197","Column at Which Right Margin is Shown","Столбец отображения правого поля"
"data/org.gnome.gitg.gschema.xml.in:198","The column at which the right margin is shown if the show-right-margin preference is set to TRUE.","Столбец, в котором будет показано правое поле, если параметр show-right-margin выставлен в значение TRUE."
"data/org.gnome.gitg.gschema.xml.in:205","Show Subject Margin in Commit Message View","Показывать поле с темой при просмотре сообщения к коммиту"
"data/org.gnome.gitg.gschema.xml.in:206","Highlight the subject text of the commit message when it passes the margin specified by subject-margin-position.","Выделять текст темы сообщения к коммиту; поле задаётся в параметром subject-margin-position."
"data/org.gnome.gitg.gschema.xml.in:213","Column at Which Subject Margin is Shown","Столбец, в котором отображается поле с темой"
"data/org.gnome.gitg.gschema.xml.in:214","The column at which the subject margin is shown if the show-subject-margin preference is set to TRUE.","Столбец, в котором будет показано поле с темой, если параметр show-subject-margin выставлен в значение TRUE."
"data/org.gnome.gitg.gschema.xml.in:221","Enable Spell Checking","Включить проверку правописания"
"data/org.gnome.gitg.gschema.xml.in:222","Setting which determines whether or not spell checking is enabled when writing a commit message.","Параметр, который определяет, будет ли использоваться проверка правописания при написании сообщений о коммитах."
"data/org.gnome.gitg.gschema.xml.in:229","Spell Checking Language","Язык для проверки правописания"
"data/org.gnome.gitg.gschema.xml.in:230","The language to use when spell checking is enabled for writing a commit message.","Язык, который будет использоваться для проверки правописания при написании сообщений о коммитах."
"data/org.gnome.gitg.gschema.xml.in:237","Maximum number of previous commit messages","Максимальное количество предыдущих коммитов"
"data/org.gnome.gitg.gschema.xml.in:238","Maximum number of previous commit messages to store for commit message history.","Максимальное количество предыдущих коммитов для хранения в истории."
"data/org.gnome.gitg.gschema.xml.in:242","Maximum number of days to store previous commit messages","Максимальное количество дней для хранения предыдущих коммитов"
"data/org.gnome.gitg.gschema.xml.in:243","Maximum number of days to store previous commit messages for commit message history.","Максимальное количество дней хранения предыдущих коммитов в истории коммитов."
"data/org.gnome.gitg.gschema.xml.in:249","Use patience algorithm to show diffs","Используйте терпеливый алгоритм для показа различия"
"data/org.gnome.gitg.gschema.xml.in:250","Setting to use patience algorithm to show diffs of a commit.","Настройка использования терпеливого алгоритма для отображения различий коммита."
"data/org.gnome.gitg.gschema.xml.in:256","Ignore Whitespace Changes","Игнорировать изменения пробельных символов"
"data/org.gnome.gitg.gschema.xml.in:257","Setting that indicates whether to ignore whitespace changes when showing the diff of a commit.","Параметр, который показывает, будут ли игнорироваться изменения пробельных символов при просмотре различий."
"data/org.gnome.gitg.gschema.xml.in:264","Show Changes Inline","Показывать изменения одной строкой"
"data/org.gnome.gitg.gschema.xml.in:265","Setting that indicates whether changes within lines should be shown inline.","Включение этого параметра показывает, нужно ли отображать изменения внутри строк одной строкой."
"data/org.gnome.gitg.gschema.xml.in:272","Wrap","Перенос"
"data/org.gnome.gitg.gschema.xml.in:273","Wrap lines.","Переносить строки."
"data/org.gnome.gitg.gschema.xml.in:279 data/org.gnome.gitg.gschema.xml.in:297","Number of Before/After Context Lines","Количество строк контекста до/после"
"data/org.gnome.gitg.gschema.xml.in:280","Setting that determines how many lines of context (before and after) should be shown when showing the diff of a commit.","Параметр, который показывает, сколько строк контекста (до и после) будет выводиться при просмотре изменений."
"data/org.gnome.gitg.gschema.xml.in:287 data/org.gnome.gitg.gschema.xml.in:306","Rendered Width of a Tab Character","Ширина табуляции"
"data/org.gnome.gitg.gschema.xml.in:288 data/org.gnome.gitg.gschema.xml.in:307","Setting that determines how much space a tab character should occupy when showing the diff of a commit.","Параметр, который определяет, сколько места будет занимать символ табуляции при просмотре различий."
"data/org.gnome.gitg.gschema.xml.in:298","Setting that determines how many lines of context (before and after) should be shown when showing the diff to be staged/unstaged in the commit area.","Параметр, который определяет сколько строк контекста (до и после) будет выводиться при просмотре различий, для которых будет изменена индексация в области коммитов."
"gitg/commit/gitg-commit-dialog.vala:556 gitg/commit/gitg-commit.vala:1091","There are no changes to be committed","Нет изменений для коммита"
"gitg/commit/gitg-commit-dialog.vala:557 gitg/commit/gitg-commit.vala:1092","Use amend to change the commit message of the previous commit","Используйте дополнение к коммиту, чтобы изменить сообщение о предыдущем коммите"
"gitg/commit/gitg-commit.vala:113","Commit","Коммит"
"gitg/commit/gitg-commit.vala:118","Create new commits and manage the staging area","Создание новых коммитов и управление областью данных"
"gitg/commit/gitg-commit.vala:207","_Stage selection","_Проиндексировать"
"gitg/commit/gitg-commit.vala:246","Failed to stage the removal of submodule “%s”","Не удалось проиндексировать удаление подмодуля «%s»"
"gitg/commit/gitg-commit.vala:262","Failed to open the repository of submodule “%s” while trying to stage","Не удалось открыть репозиторий подмодуля «%s» при попытке индексирования"
"gitg/commit/gitg-commit.vala:277","Failed to lookup the working directory commit of submodule “%s” while trying to stage","Не удалось найти коммит рабочего каталога подмодуля «%s» при попытке индексирования"
"gitg/commit/gitg-commit.vala:290","Failed to stage the submodule “%s”","Не удалось проиндексировать подмодуль «%s»"
"gitg/commit/gitg-commit.vala:312","Failed to stage the removal of file “%s”","Не удалось проиндексировать удаление файла «%s»"
"gitg/commit/gitg-commit.vala:326","Failed to stage the file “%s”","Не удалось проиндексировать файл «%s»"
"gitg/commit/gitg-commit.vala:598","_Unstage selection","_Отменить индексацию"
"gitg/commit/gitg-commit.vala:664","Failed to unstage the removal of file “%s”","Не удалось отменить индексирование удаления файла «%s»"
"gitg/commit/gitg-commit.vala:665","Failed to unstage the file “%s”","Не удалось отменить индексирование файла «%s»"
"gitg/commit/gitg-commit.vala:672","Failed to unstage the removal of submodule “%s”","Не удалось отменить индексирование удаления подмодуля «%s»"
"gitg/commit/gitg-commit.vala:673","Failed to unstage the submodule “%s”","Не удалось отменить индексирование подмодуля «%s»"
"gitg/commit/gitg-commit.vala:877","Staged","Проиндексированные"
"gitg/commit/gitg-commit.vala:885","No staged files","Нет проиндексированных файлов"
"gitg/commit/gitg-commit.vala:908","Unstaged","Непроиндексированные"
"gitg/commit/gitg-commit.vala:916","No unstaged files","Нет непроиндексированных файлов"
"gitg/commit/gitg-commit.vala:939","Untracked","Неотслеживаемые"
"gitg/commit/gitg-commit.vala:943","No untracked files","Нет неотслеживаемых файлов"
"gitg/commit/gitg-commit.vala:968","Submodule","Подмодуль"
"gitg/commit/gitg-commit.vala:972","No dirty submodules","Нет «грязных» подмодулей"
"gitg/commit/gitg-commit.vala:1121","Failed to commit","Не удалось выполнить коммит"
"gitg/commit/gitg-commit.vala:1137","Failed to pass pre-commit","Не удалось пройти перехватчик pre-commit"
"gitg/commit/gitg-commit.vala:1302 gitg/commit/gitg-commit.vala:1452","Discard changes","Отменить изменения"
"gitg/commit/gitg-commit.vala:1303","Are you sure you want to permanently discard the selected changes?","Уверены, что хотите безвозвратно отменить выбранные изменения?"
"gitg/commit/gitg-commit.vala:1312 gitg/commit/gitg-commit.vala:1478 gitg/commit/gitg-commit.vala:1593 gitg/gitg-commit-action-create-patch.vala:154 gitg/gitg-dash-view.vala:453 gitg/gitg-window.vala:205 gitg/gitg-window.vala:703 gitg/resources/ui/gitg-add-remote-action-dialog.ui:18 gitg/resources/ui/gitg-author-details-dialog.ui:20 gitg/resources/ui/gitg-checkout-remote-branch-dialog.ui:18 gitg/resources/ui/gitg-clone-dialog.ui:18 gitg/resources/ui/gitg-commit-dialog.ui:20 gitg/resources/ui/gitg-create-branch-dialog.ui:18 gitg/resources/ui/gitg-create-tag-dialog.ui:20 gitg/resources/ui/gitg-edit-remote-dialog.ui:18 gitg/resources/ui/gitg-remote-notification.ui:30 gitg/resources/ui/gitg-simple-notification.ui:61 gitg/resources/ui/gitg-window.ui:154 libgitg/resources/ui/gitg-authentication-dialog.ui:11","_Cancel","_Отменить"
"gitg/commit/gitg-commit.vala:1313 gitg/commit/gitg-commit.vala:1479","Discard","Отменить изменения"
"gitg/commit/gitg-commit.vala:1342","Failed to discard selection","Не удалось отменить"
"gitg/commit/gitg-commit.vala:1372","Failed to stage selection","Не удалось проиндексировать"
"gitg/commit/gitg-commit.vala:1376","Failed to unstage selection","Не удалось отменить индексацию"
"gitg/commit/gitg-commit.vala:1436","Failed to discard changes","Не удалось отменить изменения"
"gitg/commit/gitg-commit.vala:1457","Are you sure you want to permanently discard all changes made to the file “%s”?","Уверены, что хотите отменить все изменения сделанные в файле «%s»?"
"gitg/commit/gitg-commit.vala:1468","Are you sure you want to permanently discard all changes made to the files %s and “%s”?","Уверены, что хотите безвозвратно отменить все сделанные изменения в файлах «%s» и «%s»?"
"gitg/commit/gitg-commit.vala:1551","Failed to delete files","Не удалось удалить файлы"
"gitg/commit/gitg-commit.vala:1567","Delete file
msgid_plural: Delete files","msgstr[0]: Удалить файл
msgstr[1]: Удалить файлы
msgstr[2]: Удалить файлы"
"gitg/commit/gitg-commit.vala:1572","Are you sure you want to permanently delete the file “%s”?","Уверены, что хотите безвозвратно удалить файл «%s»?"
"gitg/commit/gitg-commit.vala:1583","Are you sure you want to permanently delete the files %s and “%s”?","Уверены, что хотите безвозвратно удалить файлы %s и «%s»?"
"gitg/commit/gitg-commit.vala:1629","_Stage changes","_Проиндексировать изменения"
"gitg/commit/gitg-commit.vala:1641","_Unstage changes","_Отменить индексацию изменения"
"gitg/commit/gitg-commit.vala:1653","_Discard changes","_Отменить изменения"
"gitg/commit/gitg-commit.vala:1665","D_elete file
msgid_plural: D_elete files","msgstr[0]: Удалить файл
msgstr[1]: Удалить файлы
msgstr[2]: Удалить файлы"
"gitg/commit/gitg-commit.vala:1695","_Edit file","_Редактировать файл"
"gitg/gitg-action-support.vala:95","Failed to stash changes: %s","Не удалось сохранить изменения: %s"
"gitg/gitg-action-support.vala:130","Unstaged changes","Непроиндексированные изменения"
"gitg/gitg-action-support.vala:131","You appear to have unstaged changes in your working directory. Would you like to stash the changes before the checkout?","Похоже, в вашем рабочем каталоге есть непроидексированные изменения. Хотите скрыть изменения до переключения между ветвями?"
"gitg/gitg-action-support.vala:133 gitg/gitg-commit-action-cherry-pick.vala:163 gitg/gitg-ref-action-delete.vala:88 gitg/gitg-ref-action-merge.vala:194 gitg/gitg-ref-action-push.vala:138 gitg/gitg-remove-remote-action.vala:66","Cancel","Отменить"
"gitg/gitg-action-support.vala:134","Stash changes","Скрыть изменения"
"gitg/gitg-action-support.vala:138 gitg/gitg-action-support.vala:165","Failed with conflicts","Ошибка из-за конфликтов"
"gitg/gitg-action-support.vala:181","Failed to checkout conflicts: %s","Не удалось получить конфликты: «%s»"
"gitg/gitg-action-support.vala:199","Failed to obtain author details","Не удалось получить сведения об авторе"
"gitg/gitg-action-support.vala:223 gitg/gitg-ref-action-checkout.vala:88","Failed to lookup commit: %s","Не удалось найти коммит: %s"
"gitg/gitg-action-support.vala:255","Failed to create commit: %s","Не удалось создать коммит: %s"
"gitg/gitg-action-support.vala:277","Failed to checkout index: %s","Не удалось получить индекс: «%s»"
"gitg/gitg-add-remote-action.vala:46","Add Remote","Добавить удалённый источник"
"gitg/gitg-add-remote-action.vala:51","Adds remote to the remotes list","Добавить удалённый источник в список удалённых источников"
"gitg/gitg-add-remote-action.vala:59 gitg/gitg-ref-action-fetch.vala:107","Fetching from %s","Получение данных из %s"
"gitg/gitg-add-remote-action.vala:65 gitg/gitg-ref-action-fetch.vala:115","new","новые"
"gitg/gitg-add-remote-action.vala:75 gitg/gitg-ref-action-fetch.vala:130","Failed to fetch from %s: %s","Не удалось получить из %s: %s"
"gitg/gitg-add-remote-action.vala:78","Failed to fetch added remote","Не удалось получить данные из добавленного удалённого источника"
"gitg/gitg-add-remote-action.vala:90 gitg/gitg-ref-action-fetch.vala:149","Fetched from %s: %s","Получено от %s: %s"
"gitg/gitg-add-remote-action.vala:129","Failed to add remote","Не удалось добавить удалённый источник"
"gitg/gitg-application.vala:39","Show the application’s version","Показать версию приложения"
"gitg/gitg-application.vala:41","Start gitg with a particular activity","Начать работу gitg с определённого действия"
"gitg/gitg-application.vala:43","Start gitg with the commit activity (shorthand for --activity commit)","Начать работу gitg с коммита (сокращение для --activity commit)"
"gitg/gitg-application.vala:45","Do not try to load a repository from the current working directory","Не пытаться загружать репозиторий из текущего рабочего каталога"
"gitg/gitg-application.vala:47","Run gitg in standalone mode","Запустить gitg в автономном режиме"
"gitg/gitg-application.vala:49","Put paths under git if needed","Разместить пути в git, если это необходимо"
"gitg/gitg-application.vala:95","— Git repository viewer","— просмотр репозитория Git"
"gitg/gitg-application.vala:229","gitg is a Git repository viewer for GTK+/GNOME","gitg — программа просмотра репозиториев Git для GTK+/GNOME"
"gitg/gitg-application.vala:238","translator-credits","Юрий Мясоедов <ymyasoedov@yandex.ru>, 2014-2015.
Станислав Соловей <whats_up@tut.by>, 2015, 2018.
Alexey Rubtsov <rushills@gmail.com>, 2021"
"gitg/gitg-application.vala:241","gitg homepage","Домашняя страница gitg"
"gitg/gitg-application.vala:396","We are terribly sorry, but gitg requires libgit2 (a library on which gitg depends) to be compiled with threading support.

If you manually compiled libgit2, then please configure libgit2 with -DTHREADSAFE:BOOL=ON.

Otherwise, report a bug in your distributions’ bug reporting system for providing libgit2 without threading support.","Мы ужасно извиняемся, но gitg требует для своей работы библиотеку libgit2, собранную с поддержкой потоков.

Если вы собирали libgit2 самостоятельно, убедитесь, что libgit2 была сконфигурирована с ключом -DTHREADSAFE:BOOL=ON.

В противном случае, сообщите в системе учёта ошибок вашего дистрибутива о том, что libgit2 был собран без поддержки потоков."
"gitg/gitg-author-details-dialog.vala:79 gitg/gitg-author-details-dialog.vala:99 gitg/resources/ui/gitg-author-details-dialog.ui:9","Author Details","Сведения об авторе"
"gitg/gitg-author-details-dialog.vala:80","Enter default details used for all repositories:","Введите сведения по умолчанию для всех репозиториев:"
"gitg/gitg-author-details-dialog.vala:102","Override global details for repository “%s”:","Изменить основные сведения для репозитория «%s»:"
"gitg/gitg-author-details-dialog.vala:214","Failed to set Git user config.","Не удалось установить пользовательскую настройку Git."
"gitg/gitg-clone-dialog.vala:89","The URL introduced is not supported","Указанный URL не поддерживается"
"gitg/gitg-commit-action-cherry-pick.vala:53","Cherry pick onto","Выполнить «cherry pick» (перенос) в"
"gitg/gitg-commit-action-cherry-pick.vala:58","Cherry pick this commit onto a branch","Выполнить «cherry pick» (перенос) этого коммита в ветвь"
"gitg/gitg-commit-action-cherry-pick.vala:117","Failed to lookup the commit for branch “%s”: %s","Не удалось найти коммит для ветви  «%s»: %s"
"gitg/gitg-commit-action-cherry-pick.vala:132","Failed to cherry-pick the commit: %s","Не удалось выполнить «cherry pick» (перенос) коммита: %s"
"gitg/gitg-commit-action-cherry-pick.vala:144 gitg/gitg-commit-action-cherry-pick.vala:160","Cherry pick has conflicts","При выполнении «cherry pick» (перенос) произошли конфликты"
"gitg/gitg-commit-action-cherry-pick.vala:153","The cherry pick of “%s” onto “%s” has caused conflicts, would you like to checkout branch “%s” with the cherry pick to your working directory to resolve the conflicts?","«Cherry pick» (перенос) от «%s» к «%s» привел к конфликтам. Хотите синхронизировать ветвь «%s» с подхваченными изменениями в ваш рабочий каталог для разрешения конфликтов?"
"gitg/gitg-commit-action-cherry-pick.vala:157","The cherry-pick of “%s” onto “%s” has caused conflicts, would you like to checkout the cherry pick to your working directory to resolve the conflicts?","«Cherry pick» (перенос) от «%s» к «%s» привел к конфликтам. Хотите синхронизировать подхваченные изменения в ваш рабочий каталог для разрешения конфликтов?"
"gitg/gitg-commit-action-cherry-pick.vala:164 gitg/gitg-ref-action-checkout.vala:48 gitg/gitg-ref-action-merge.vala:195","Checkout","Checkout"
"gitg/gitg-commit-action-cherry-pick.vala:168","Cherry pick failed with conflicts","Сбой выполнения «cherry pick» с конфликтами"
"gitg/gitg-commit-action-cherry-pick.vala:179","Cherry pick finished with conflicts in working directory","Выполнение «cherry pick» завершено с конфликтами в рабочем каталоге"
"gitg/gitg-commit-action-cherry-pick.vala:199","Cherry pick “%s” onto “%s”","Выполнить «cherry pick» (перенос) «%s» в «%s»"
"gitg/gitg-commit-action-cherry-pick.vala:224","Successfully cherry picked","Выполнение «cherry pick» завершено успешно"
"gitg/gitg-commit-action-cherry-pick.vala:261","Cherry pick onto “%s”","Выполнить «cherry pick» (перенос) в «%s»"
"gitg/gitg-commit-action-create-branch.vala:48","Create branch","Создать ветвь"
"gitg/gitg-commit-action-create-branch.vala:53","Create a new branch at the selected commit","Создать новую ветвь в выбранном коммите"
"gitg/gitg-commit-action-create-branch.vala:75 gitg/gitg-ref-action-checkout.vala:180","Failed to create branch","Не удалось создать ветвь"
"gitg/gitg-commit-action-create-patch.vala:63","Create patch","Создать патч"
"gitg/gitg-commit-action-create-patch.vala:68","Create a patch from the selected commit","Создать патч из выбранного коммита"
"gitg/gitg-commit-action-create-patch.vala:152","Save Patch File","Сохранить файл с патчем"
"gitg/gitg-commit-action-create-patch.vala:156","_Save Patch","_Сохранить патч"
"gitg/gitg-commit-action-create-patch.vala:181","Failed to create patch","Не удалось создать патч"
"gitg/gitg-commit-action-create-tag.vala:48","Create tag","Создать метку"
"gitg/gitg-commit-action-create-tag.vala:53","Create a new tag at the selected commit","Создать новую метку в выбранном коммите"
"gitg/gitg-commit-action-create-tag.vala:92","Failed to create tag","Не удалось создать метку"
"gitg/gitg-commit-action-create-tag.vala:109","Failed to lookup tag","Не удалось найти метку"
"gitg/gitg-create-tag-dialog.vala:96","Provide a message to create an annotated tag","Введите сообщение для создания метки с комментарием"
"gitg/gitg-dash-view.vala:87","Select and manage projects","Выбор и управление проектами"
"gitg/gitg-dash-view.vala:174","_Remove","Удалить"
"gitg/gitg-dash-view.vala:230","We can also %sscan your home directory%s for git repositories.","Программа также может %sсканировать ваш домашний каталог%s на наличие репозиториев git."
"gitg/gitg-dash-view.vala:233","In the mean time, you may want to %sset up your git profile%s.","Между тем, вы можете %sнастроить свой профиль в git%s."
"gitg/gitg-dash-view.vala:398","Failed to clone repository","Не удалось клонировать репозиторий"
"gitg/gitg-dash-view.vala:429","Failed to add repository","Не удалось добавить репозиторий"
"gitg/gitg-dash-view.vala:445","Create new repository","Создать новый репозиторий"
"gitg/gitg-dash-view.vala:448","The location <i>%s</i> does not appear to be a valid git repository. Would you like to initialize a new git repository at this location?","<i>%s</i> не является git репозиторием. Хотите инициализировать новый git репозиторий в этом месте?"
"gitg/gitg-dash-view.vala:454","Create repository","Создать репозиторий"
"gitg/gitg-dash-view.vala:470","Failed to create repository","Не удалось создать репозиторий"
"gitg/gitg-dash-view.vala:540","Scanning for repositories in %s","Поиск репозиториев в %s"
"gitg/gitg-edit-remote-action.vala:51","Edit remote","Редактировать удалённый репозиторий"
"gitg/gitg-edit-remote-action.vala:56","Edits the remote from the remotes list","Редактирование удалённого репозитория из списка репозиториев"
"gitg/gitg-edit-remote-action.vala:82","Failed to edit remote","Не удалось изменить удалённый репозиторий"
"gitg/gitg-ref-action-checkout.vala:53","Checkout the selected reference","Проверить выбранную ссылку"
"gitg/gitg-ref-action-checkout.vala:72","Checkout “%s”","Переход к «%s»"
"gitg/gitg-ref-action-checkout.vala:101","Failed to checkout branch: %s","Не удалось перейти к ветви: %s"
"gitg/gitg-ref-action-checkout.vala:111","Failed to update HEAD: %s","Не удалось удалить HEAD: %s"
"gitg/gitg-ref-action-checkout.vala:121","Successfully checked out branch to working directory","Ветка успешно перемещена в рабочий каталог"
"gitg/gitg-ref-action-checkout.vala:195","Failed to set the upstream branch %s for %s","Не удалось установить основную (upstream) ветвь %s для %s"
"gitg/gitg-ref-action-copy-name.vala:48","Copy name","Копировать имя"
"gitg/gitg-ref-action-copy-name.vala:53","Copy the name of the reference to the clipboard","Скопировать имя ссылки в буфер обмена"
"gitg/gitg-ref-action-create-branch.vala:46","Create a new branch at the selected reference","Создать новую ветвь на выбранной контрольной точке"
"gitg/gitg-ref-action-create-branch.vala:58 gitg/gitg-ref-action-create-patch.vala:58 gitg/gitg-ref-action-create-tag.vala:58","Failed to lookup reference","Не удалось найти контрольную точку"
"gitg/gitg-ref-action-create-patch.vala:46","Create a patch from the selected reference","Создать патч на выбранной контрольной точке"
"gitg/gitg-ref-action-create-tag.vala:46","Create a new tag at the selected reference","Создать новую метку на выбранной контрольной точке"
"gitg/gitg-ref-action-delete.vala:48 gitg/gitg-ref-action-delete.vala:89","Delete","Удалить"
"gitg/gitg-ref-action-delete.vala:53","Delete the selected reference","Удалить выбранную ссылку"
"gitg/gitg-ref-action-delete.vala:73","Delete branch %s","Удалить ветвь %s"
"gitg/gitg-ref-action-delete.vala:74","Are you sure that you want to permanently delete the branch %s?","Уверены, что хотите безвозвратно удалить ветвь %s?"
"gitg/gitg-ref-action-delete.vala:78","Delete tag %s","Удалить метку %s"
"gitg/gitg-ref-action-delete.vala:79","Are you sure that you want to permanently delete the tag %s?","Уверены, что хотите безвозвратно удалить метку %s?"
"gitg/gitg-ref-action-delete.vala:83","Delete remote branch %s","Удалить удалённую ветвь %s"
"gitg/gitg-ref-action-delete.vala:84","Are you sure that you want to permanently delete the remote branch %s?","Уверены, что хотите безвозвратно удалить удалённую ветвь %s?"
"gitg/gitg-ref-action-delete.vala:119","Failed to delete tag %s","Не удалось удалить метку %s"
"gitg/gitg-ref-action-delete.vala:122","The tag %s could not be deleted: %s","Не удалось удалить метку %s: %s"
"gitg/gitg-ref-action-delete.vala:127","Failed to delete branch %s","Не удалось удалить ветвь %s"
"gitg/gitg-ref-action-delete.vala:130","The branch %s could not be deleted: %s","Не удалось удалить ветвь %s: %s"
"gitg/gitg-ref-action-fetch.vala:83","Fetch from %s","Получить из %s"
"gitg/gitg-ref-action-fetch.vala:94","Fetch remote objects from %s","Получить удалённые объекты из %s"
"gitg/gitg-ref-action-fetch.vala:120","updated","обновлённые"
"gitg/gitg-ref-action-fetch.vala:143","Fetched from %s: everything is up to date","Получено из %s: все уже обновлено"
"gitg/gitg-ref-action-merge.vala:63","Merge into %s","Слияние с %s"
"gitg/gitg-ref-action-merge.vala:69","Merge another branch into branch %s","Слить другую ветвь с ветвью %s"
"gitg/gitg-ref-action-merge.vala:106","Failed to merge commits: %s","Не удалось слить коммиты: %s"
"gitg/gitg-ref-action-merge.vala:175 gitg/gitg-ref-action-merge.vala:191","Merge has conflicts","Слияние имеет конфликты"
"gitg/gitg-ref-action-merge.vala:184","The merge of “%s” into “%s” has caused conflicts, would you like to checkout branch “%s” with the merge to your working directory to resolve the conflicts?","Слияние «%s» с «%s» вызвало конфликты. Хотите выполнить слияние ветви «%s» в свой рабочий каталог как «checkout», чтобы разрешить конфликты?"
"gitg/gitg-ref-action-merge.vala:188","The merge of “%s” into “%s” has caused conflicts, would you like to checkout the merge to your working directory to resolve the conflicts?","Слияние «%s» с «%s» вызвало конфликты. Хотите выполнить слияние в свой рабочий каталог как «checkout», чтобы разрешить конфликты?"
"gitg/gitg-ref-action-merge.vala:199","Merge failed with conflicts","Слияние завершилось с конфликтами"
"gitg/gitg-ref-action-merge.vala:210","Finished merge with conflicts in working directory","Завершено слияние с конфликтами в рабочем каталоге"
"gitg/gitg-ref-action-merge.vala:222","Merge “%s” into “%s”","Слияние «%s» с «%s»"
"gitg/gitg-ref-action-merge.vala:231","Failed to lookup our commit: %s","Не удалось найти ваш коммит: %s"
"gitg/gitg-ref-action-merge.vala:241","Failed to lookup their commit: %s","Не удалось найти их коммит: %s"
"gitg/gitg-ref-action-merge.vala:278","Successfully merged “%s” into “%s”","Успешно завершено слияние «%s» с «%s»"
"gitg/gitg-ref-action-merge.vala:320","Merge “%s” into branch “%s”","Слияние «%s» с ветвью «%s»"
"gitg/gitg-ref-action-merge.vala:482 gitg/history/gitg-history-refs-list.vala:1199","Tags","Метки"
"gitg/gitg-ref-action-push.vala:80","Push to %s","Отправить в %s"
"gitg/gitg-ref-action-push.vala:91","Push branch to %s","Отправить ветвь в %s"
"gitg/gitg-ref-action-push.vala:107","Pushing to %s","Отправление в %s"
"gitg/gitg-ref-action-push.vala:116","Failed to push to %s: %s","Не удалось отправить в %s: %s"
"gitg/gitg-ref-action-push.vala:123","Pushed to %s","Отправлено в %s"
"gitg/gitg-ref-action-push.vala:134","Push branch %s","Отправить ветвь %s"
"gitg/gitg-ref-action-push.vala:135","Are you sure that you want to push the branch %s?","Уверены, что хотите отправить ветвь %s?"
"gitg/gitg-ref-action-push.vala:139","Push","Отправить"
"gitg/gitg-ref-action-rename.vala:48","Rename","Переименовать"
"gitg/gitg-ref-action-rename.vala:53","Rename the selected reference","Переименовать выбранную ссылку"
"gitg/gitg-ref-action-rename.vala:100","The specified name “%s” contains invalid characters","Указанное имя «%s» содержит недопустимые символы"
"gitg/gitg-ref-action-rename.vala:102","Invalid name","Недопустимое имя"
"gitg/gitg-ref-action-rename.vala:131","Failed to rename","Не удалось переименовать"
"gitg/gitg-remote-notification.vala:90 gitg/gitg-simple-notification.vala:99","Close","Закрыть"
"gitg/gitg-remove-remote-action.vala:50","Remove remote","Удалить удаленный репозиторий"
"gitg/gitg-remove-remote-action.vala:55","Removes remote from the remotes list","Удалить удалённые репозитории из списка репозиториев"
"gitg/gitg-remove-remote-action.vala:62","Delete remote %s","Удалить удалённый репозиторий %s"
"gitg/gitg-remove-remote-action.vala:63","Are you sure that you want to remove the remote %s?","Уверены, что хотите безвозвратно удалить удалённый репозиторий %s?"
"gitg/gitg-remove-remote-action.vala:67","Remove","Убрать"
"gitg/gitg-remove-remote-action.vala:91","Failed to remove remote","Не удалось удалить удалённый репозиторий"
"gitg/gitg-window.vala:202","Add Repository","Добавить репозиторий"
"gitg/gitg-window.vala:206 gitg/resources/ui/gitg-add-remote-action-dialog.ui:34 gitg/resources/ui/gitg-window.ui:64","_Add","_Добавить"
"gitg/gitg-window.vala:208","_Scan for all git repositories from this directory","_Найти все git репозитории в текущем каталоге"
"gitg/gitg-window.vala:517","Projects","Проекты"
"gitg/gitg-window.vala:701","Open Repository","Открыть репозиторий"
"gitg/gitg-window.vala:704 gitg/resources/ui/gitg-commit-submodule-info.ui:70","_Open","Отк_рыть"
"gitg/gitg-window.vala:844","Select items","Выделить объекты"
"gitg/gitg-window.vala:1062","“%s” is not a Git repository.","«%s» не является репозиторием Git."
"gitg/gitg-window.vala:1211","Your user name and email are not configured yet. Please go to the user configuration and provide your name and email.","Имя пользователя и e-mail ещё не настроены. Перейдите к настройке пользователя и укажите имя пользователя и e-mail."
"gitg/gitg-window.vala:1215","Your user name is not configured yet. Please go to the user configuration and provide your name.","Имя пользователя ещё не настроено. Перейдите к настройке пользователя и укажите имя пользователя."
"gitg/gitg-window.vala:1219","Your email is not configured yet. Please go to the user configuration and provide your email.","Эл. почта ещё не настроена. Перейдите к настройке пользователя и укажите адрес вашей эл. почты."
"gitg/gitg-window.vala:1222","Missing author details","Отсутствуют сведения об авторе"
"gitg/history/gitg-history-command-line.vala:42","Select all commits by default in the history activity","По умолчанию выделять все коммиты в истории действий"
"gitg/history/gitg-history-command-line.vala:44","Select all branches by default in the history activity","По умолчанию выделять все ветви в истории действий"
"gitg/history/gitg-history-command-line.vala:46","Select all remotes by default in the history activity","По умолчанию выделять все удалённые репозитории в истории действий"
"gitg/history/gitg-history-command-line.vala:48","Select all tags by default in the history activity","По умолчанию выделять все метки в истории действий"
"gitg/history/gitg-history-command-line.vala:50","Select the specified reference by default in the history activity","По умолчанию выделять все метки в истории действий"
"gitg/history/gitg-history-command-line.vala:50","REFERENCE","ССЫЛКА"
"gitg/history/gitg-history-refs-list.vala:165","%zu ahead, %zu behind","%zu опережает, %zu отстаёт"
"gitg/history/gitg-history-refs-list.vala:169","%zu ahead","%zu опережает"
"gitg/history/gitg-history-refs-list.vala:173","%zu behind","%zu отстаёт"
"gitg/history/gitg-history-refs-list.vala:207 gitg/resources/ui/gitg-preferences-history.ui:81","All commits","Все коммиты"
"gitg/history/gitg-history-refs-list.vala:1197","Branches","Ветви"
"gitg/history/gitg-history-refs-list.vala:1198","Remotes","Источники"
"gitg/history/gitg-history.vala:347 gitg/preferences/gitg-preferences-history.vala:218 gitg/resources/ui/gitg-preferences-interface.ui:60","History","История"
"gitg/history/gitg-history.vala:352","Examine the history of the repository","Просмотреть историю репозитория"
"gitg/history/gitg-history.vala:949","Mainline","Mainline"
"gitg/preferences/gitg-preferences-commit.vala:142","Commit","Коммит"
"gitg/preferences/gitg-preferences-interface.vala:142","_Use the system fixed width font (%s)","_Использовать системный моноширинный шрифт (%s)"
"gitg/preferences/gitg-preferences-interface.vala:179","Interface","Интерфейс"
"gitg/resources/ui/gitg-add-remote-action-dialog.ui:7","Create Remote","Создать удалённый репозиторий"
"gitg/resources/ui/gitg-add-remote-action-dialog.ui:69 gitg/resources/ui/gitg-edit-remote-dialog.ui:69","Remote _name:","_Имя удалённого репозитория:"
"gitg/resources/ui/gitg-add-remote-action-dialog.ui:99 gitg/resources/ui/gitg-clone-dialog.ui:68 gitg/resources/ui/gitg-edit-remote-dialog.ui:99","Remote _URL:","_URL удалённого репозитория:"
"gitg/resources/ui/gitg-author-details-dialog.ui:35 gitg/resources/ui/gitg-edit-remote-dialog.ui:34","_Save","_Сохранить"
"gitg/resources/ui/gitg-author-details-dialog.ui:65","Default details used for all repositories","Сведения по умолчанию для всех репозиториев"
"gitg/resources/ui/gitg-author-details-dialog.ui:114","E-mail:","Эл. почта:"
"gitg/resources/ui/gitg-author-details-dialog.ui:125","Name:","Имя:"
"gitg/resources/ui/gitg-checkout-remote-branch-dialog.ui:7","Checkout Remote Branch","Получить удалённую ветвь"
"gitg/resources/ui/gitg-checkout-remote-branch-dialog.ui:34","C_heckout","C_heckout"
"gitg/resources/ui/gitg-checkout-remote-branch-dialog.ui:69","Local branch _name:","_Название локальной ветви:"
"gitg/resources/ui/gitg-checkout-remote-branch-dialog.ui:99","_Remote branch:","_Удалённая ветвь:"
"gitg/resources/ui/gitg-checkout-remote-branch-dialog.ui:125","_Track remote branch","_Отслеживать удалённую ветвь"
"gitg/resources/ui/gitg-clone-dialog.ui:7","Clone Repository","Клонировать репозиторий"
"gitg/resources/ui/gitg-clone-dialog.ui:33 gitg/resources/ui/gitg-window.ui:47","Cl_one","Кл_онировать"
"gitg/resources/ui/gitg-clone-dialog.ui:99","_Local Folder:","_Локальная папка:"
"gitg/resources/ui/gitg-clone-dialog.ui:116","Select location…","Выбрать местоположение…"
"gitg/resources/ui/gitg-clone-dialog.ui:127","Bare repository","Репозиторий без рабочего каталога"
"gitg/resources/ui/gitg-commit-dialog.ui:8","Commit","Коммит"
"gitg/resources/ui/gitg-commit-dialog.ui:36 gitg/resources/ui/gitg-commit-paned.ui:86","C_ommit","К_оммит"
"gitg/resources/ui/gitg-commit-dialog.ui:217","_Amend previous commit","_Дополнить предыдущий коммит"
"gitg/resources/ui/gitg-commit-dialog.ui:234","Add _signed-off-by signature","Добавить _подпись"
"gitg/resources/ui/gitg-commit-paned.ui:76","Skip commit _hooks","П_ропустить перехватчики фиксации"
"gitg/resources/ui/gitg-commit-paned.ui:96","S_tage selection","И_ндексировать выделенное"
"gitg/resources/ui/gitg-commit-paned.ui:107","D_iscard selection","_Отменить выделение"
"gitg/resources/ui/gitg-commit-submodule-diff-view.ui:24","The submodule is in a dirty state and has staged and/or unstaged changes that are not yet committed as shown below.","Подмодуль находится в «грязном» состоянии и имеет индексированные и/или непроиндексированные изменения, которые ещё не были зафиксированы, как показано ниже."
"gitg/resources/ui/gitg-commit-submodule-diff-view.ui:50","Staged:","Проиндексированные:"
"gitg/resources/ui/gitg-commit-submodule-diff-view.ui:86","Unstaged:","Непроиндексированные:"
"gitg/resources/ui/gitg-commit-submodule-history-view.ui:25 gitg/resources/ui/gitg-history-paned.ui:94","Subject","Тема"
"gitg/resources/ui/gitg-commit-submodule-history-view.ui:42 gitg/resources/ui/gitg-history-paned.ui:111","Author","Автор"
"gitg/resources/ui/gitg-commit-submodule-history-view.ui:58 gitg/resources/ui/gitg-history-paned.ui:127","Date","Дата"
"gitg/resources/ui/gitg-create-branch-dialog.ui:7","Create Branch","Создать ветвь"
"gitg/resources/ui/gitg-create-branch-dialog.ui:34 gitg/resources/ui/gitg-create-tag-dialog.ui:36","C_reate","_Создать"
"gitg/resources/ui/gitg-create-branch-dialog.ui:69","Branch _name:","_Название ветви:"
"gitg/resources/ui/gitg-create-branch-dialog.ui:96","_Checkout the created branch","_Переключиться на созданную ветвь"
"gitg/resources/ui/gitg-create-tag-dialog.ui:7","Create Tag","Создать метку"
"gitg/resources/ui/gitg-create-tag-dialog.ui:71","Tag _name:","Имя _метки:"
"gitg/resources/ui/gitg-dash-view.ui:32","No repositories have been added yet. To get started, you can add an existing repository or clone a new one.","Репозитории ещё не были добавлены. Для начала можно добавить существующий репозиторий или клонировать новый."
"gitg/resources/ui/gitg-edit-remote-dialog.ui:7","Edit Remote","Редактировать удалённый репозиторий"
"gitg/resources/ui/gitg-menus.ui:7","_Reload","_Перезагрузить"
"gitg/resources/ui/gitg-menus.ui:14 gitg/resources/ui/gitg-menus.ui:48","_Preferences","_Параметры"
"gitg/resources/ui/gitg-menus.ui:21 gitg/resources/ui/gitg-menus.ui:42","_Author Details","Сведения об _авторе"
"gitg/resources/ui/gitg-menus.ui:27 gitg/resources/ui/gitg-menus.ui:55","_Keyboard Shortcuts","_Комбинации клавиш"
"gitg/resources/ui/gitg-menus.ui:36","_New Window","_Создать окно"
"gitg/resources/ui/gitg-menus.ui:60","_About","_О приложении"
"gitg/resources/ui/gitg-preferences-commit.ui:58","Show markup","Показывать разметку"
"gitg/resources/ui/gitg-preferences-commit.ui:85","Display _subject margin at column:","Показывать поле с _темой в столбце:"
"gitg/resources/ui/gitg-preferences-commit.ui:140","Display right _margin at column:","Показывать _правое поле в столбце:"
"gitg/resources/ui/gitg-preferences-commit.ui:196","Maximum number of messages:","Максимальное количество сообщений:"
"gitg/resources/ui/gitg-preferences-commit.ui:220","Maximum number of messages to keep for commit message history","Максимальное количество сообщений, которое будет храниться в истории коммитов"
"gitg/resources/ui/gitg-preferences-commit.ui:232","Maximum number of days:","Максимальное количество дней:"
"gitg/resources/ui/gitg-preferences-commit.ui:257","Maximum number of days to keep for commit message history","Максимальная продолжительность хранения истории коммитов в днях"
"gitg/resources/ui/gitg-preferences-commit.ui:284","Language:","Язык:"
"gitg/resources/ui/gitg-preferences-commit.ui:310","Enable spell checking","Включить проверку правописания"
"gitg/resources/ui/gitg-preferences-commit.ui:341","Commit Message","Сообщение о коммите"
"gitg/resources/ui/gitg-preferences-history.ui:31","Default selection","Выбор по умолчанию"
"gitg/resources/ui/gitg-preferences-history.ui:50","Current branch","Текущая ветвь"
"gitg/resources/ui/gitg-preferences-history.ui:65","All branches","Все ветви"
"gitg/resources/ui/gitg-preferences-history.ui:106","References","Ссылки"
"gitg/resources/ui/gitg-preferences-history.ui:119","Sort references in the sidebar by latest activity","Сортировать ссылки на боковой панели по времени действия"
"gitg/resources/ui/gitg-preferences-history.ui:135","Show upstream (remote) branch when selecting a local branch","Показывать основную (upstream) ветвь, если выбрана локальная"
"gitg/resources/ui/gitg-preferences-history.ui:154","Commits","Коммиты"
"gitg/resources/ui/gitg-preferences-history.ui:174","Collapse inactive lanes","Сворачивать неактивные пути"
"gitg/resources/ui/gitg-preferences-history.ui:215","Early","Раньше"
"gitg/resources/ui/gitg-preferences-history.ui:227","Late","Позже"
"gitg/resources/ui/gitg-preferences-history.ui:242","Show history in topological order","Показывать историю в топологическом порядке"
"gitg/resources/ui/gitg-preferences-history.ui:257","Preserve mainline for currently checked out branch","Сохранять основную линию (mainline) для полученной ветви"
"gitg/resources/ui/gitg-preferences-interface.ui:24","Startup","Начало работы"
"gitg/resources/ui/gitg-preferences-interface.ui:47","Start with activity:","Начать с действия:"
"gitg/resources/ui/gitg-preferences-interface.ui:61","Commit","Коммит"
"gitg/resources/ui/gitg-preferences-interface.ui:80","Layout","Расположение"
"gitg/resources/ui/gitg-preferences-interface.ui:100","Use horizontal layout","Использовать горизонтальное расположение"
"gitg/resources/ui/gitg-preferences-interface.ui:124","Avatars","Аватары"
"gitg/resources/ui/gitg-preferences-interface.ui:144","Use gravatar service to provide user avatars","Использовать сервис gravatar для аватар пользователя"
"gitg/resources/ui/gitg-preferences-interface.ui:168","Monitoring","Контроль"
"gitg/resources/ui/gitg-preferences-interface.ui:212","Font","Шрифт"
"gitg/resources/ui/gitg-preferences-interface.ui:253","Editor _font: ","Шрифт редактора: "
"gitg/resources/ui/gitg-preferences-interface.ui:270","Pick the editor font","Выбрать цвет редактора"
"gitg/resources/ui/gitg-preferences-interface.ui:292 plugins/diff/gitg-diff.vala:120","Diff","Различия"
"gitg/resources/ui/gitg-preferences-interface.ui:312","Enable syntax highlighting of source code in diff views","Включить подсветку синтаксиса исходного кода на панели сравнения"
"gitg/resources/ui/gitg-preferences-interface.ui:338","Syntax highlighting color scheme:","Цветовая схема подсветки синтаксиса:"
"gitg/resources/ui/gitg-preferences.ui:11","Preferences","Параметры"
"gitg/resources/ui/gitg-shortcuts.ui:14","Windows","Окна"
"gitg/resources/ui/gitg-shortcuts.ui:19","Open shortcut window","Открыть окно комбинаций клавиш"
"gitg/resources/ui/gitg-shortcuts.ui:26","Open a new window","Открыть новое окно"
"gitg/resources/ui/gitg-shortcuts.ui:33","Open the window menu","Открыть меню окна"
"gitg/resources/ui/gitg-shortcuts.ui:40","Open a repository","Открыть репозиторий"
"gitg/resources/ui/gitg-shortcuts.ui:47","Open the help","Открыть справку"
"gitg/resources/ui/gitg-shortcuts.ui:54","Open preferences","Открыть параметры"
"gitg/resources/ui/gitg-shortcuts.ui:61","Find","Поиск"
"gitg/resources/ui/gitg-shortcuts.ui:68","Close the active window","Закрыть активное окно"
"gitg/resources/ui/gitg-shortcuts.ui:75","Quit the application","Закрыть приложение"
"gitg/resources/ui/gitg-shortcuts.ui:82","Change to Dash","Переключиться на панель управления"
"gitg/resources/ui/gitg-shortcuts.ui:89","Change to History View","Переключиться на просмотр истории"
"gitg/resources/ui/gitg-shortcuts.ui:96","Change to Commit View","Переключиться на просмотр коммита"
"gitg/resources/ui/gitg-shortcuts.ui:103","Change to activity","Переключиться на список действий"
"gitg/resources/ui/gitg-shortcuts.ui:111","Commit Activity","Действия с коммитами"
"gitg/resources/ui/gitg-shortcuts.ui:116","Select/Unselect","Выделить/Снять выделение"
"gitg/resources/ui/gitg-shortcuts.ui:123","Open commit dialog","Открыть диалоговое окно коммита"
"gitg/resources/ui/gitg-shortcuts.ui:130","Stage selection","Проиндексировать"
"gitg/resources/ui/gitg-shortcuts.ui:137","Unstage selection","Отменить индексацию"
"gitg/resources/ui/gitg-shortcuts.ui:144","Discard selection","Отменить выделение"
"gitg/resources/ui/gitg-shortcuts.ui:151","Edit selection","Редактировать выделение"
"gitg/resources/ui/gitg-shortcuts.ui:159","Commit Dialog","Диалоговое окно коммита"
"gitg/resources/ui/gitg-shortcuts.ui:164","Commit","Коммит"
"gitg/resources/ui/gitg-shortcuts.ui:171","Cancel Commit","Отменить коммит"
"gitg/resources/ui/gitg-shortcuts.ui:178","Previous commit message","Предыдущее сообщение о коммите"
"gitg/resources/ui/gitg-shortcuts.ui:185","Next commit message","Следующее сообщение о коммите"
"gitg/resources/ui/gitg-shortcuts.ui:193","History Activity","История действий"
"gitg/resources/ui/gitg-window.ui:24","Show the list of recently used repositories","Показать список недавно использованных репозиториев"
"gitg/resources/ui/gitg-window.ui:48","Clone repository","Клонировать репозиторий"
"gitg/resources/ui/gitg-window.ui:65","Add repository","Добавить репозиторий"
"gitg/resources/ui/gitg-window.ui:89","Find a word or phrase","Найти слово или словосочетание"
"gitg/resources/ui/gitg-window.ui:134","General settings and options","Основные параметры"
"gitg/resources/ui/gitg-window.ui:229","_Close","_Закрыть"
"libgitg/gitg-authentication-dialog.vala:69","Password required for %s","Требуется пароль для %s"
"libgitg/gitg-date.vala:346","Now","Сейчас"
"libgitg/gitg-date.vala:350","A minute ago
msgid_plural: %d minutes ago","msgstr[0]: %d минуту назад
msgstr[1]: %d минуты назад
msgstr[2]: %d минут назад"
"libgitg/gitg-date.vala:355","Half an hour ago","Полчаса назад"
"libgitg/gitg-date.vala:360","An hour ago
msgid_plural: %d hours ago","msgstr[0]: %d час назад
msgstr[1]: %d часа назад
msgstr[2]: %d часов назад"
"libgitg/gitg-date.vala:365","A day ago
msgid_plural: %d days ago","msgstr[0]: %d день назад
msgstr[1]: %d дня назад
msgstr[2]: %d дней назад"
"libgitg/gitg-date.vala:374","%b %e, %H∶%M","%b %e, %H∶%M"
"libgitg/gitg-date.vala:381","%b %e, %I∶%M %p","%b %e, %I∶%M %p"
"libgitg/gitg-date.vala:391","%b %e %Y, %H∶%M","%b %e %Y, %H∶%M"
"libgitg/gitg-date.vala:398","%b %e %Y, %I∶%M %p","%b %e %Y, %I∶%M %p"
"libgitg/gitg-diff-image-side-by-side.vala:39","before (%s)","до (%s)"
"libgitg/gitg-diff-image-side-by-side.vala:45","removed (%s)","удалено (%s)"
"libgitg/gitg-diff-image-side-by-side.vala:65","after (%s)","после (%s)"
"libgitg/gitg-diff-image-side-by-side.vala:71","added (%s)","добавлено (%s)"
"libgitg/gitg-diff-view-commit-details.vala:145","Collapse all","Свернуть все"
"libgitg/gitg-diff-view-commit-details.vala:149 libgitg/resources/ui/gitg-diff-view-commit-details.ui:211","Expand all","Развернуть все"
"libgitg/gitg-diff-view-commit-details.vala:204","Committed by %s","Коммит выполнен %s"
"libgitg/gitg-diff-view-file.vala:151","Unif","Униф"
"libgitg/gitg-diff-view-file.vala:156","Split","Разделить"
"libgitg/gitg-diff-view-file.vala:163","Binary","Двоичное"
"libgitg/gitg-diff-view-file.vala:170","Image","Изображение"
"libgitg/gitg-diff-view-file.vala:215","_Open file","Открыть файл"
"libgitg/gitg-diff-view-file.vala:248","Open containing _folder","Открыть папку, содержащую данный документ"
"libgitg/gitg-diff-view-file.vala:268","_Copy file path","Копировать путь к файлу"
"libgitg/gitg-repository-list-box.vala:153","at %s","в %s"
"libgitg/gitg-repository-list-box.vala:162","%s at %s","%s в %s"
"libgitg/gitg-repository-list-box.vala:545","Cloning…","Клонирование…"
"libgitg/gitg-stage.vala:337","Could not read commit message after running commit-msg hook: %s","Не удалось прочитать сообщение о коммите после запуска перехватчика commit-msg: %s"
"libgitg/resources/ui/gitg-authentication-dialog.ui:18","_Authenticate","_Авторизоваться"
"libgitg/resources/ui/gitg-authentication-dialog.ui:76","The previous attempt to authenticate has failed, please provide your user name and password and try again.","Предыдущая попытка аутентификации не удалась, укажите имя пользователя и пароль, затем повторите попытку."
"libgitg/resources/ui/gitg-authentication-dialog.ui:95","_Username:","Имя _пользователя:"
"libgitg/resources/ui/gitg-authentication-dialog.ui:109","_Password:","Па_роль:"
"libgitg/resources/ui/gitg-authentication-dialog.ui:154","Forget password _immediately","Не запоминать _пароль"
"libgitg/resources/ui/gitg-authentication-dialog.ui:171","Remember password until you _logout","Запомнить пароль до завершения _сеанса"
"libgitg/resources/ui/gitg-authentication-dialog.ui:189","Remember _forever","Запомнить _навсегда"
"libgitg/resources/ui/gitg-diff-view-commit-details.ui:151","Parents","Родители"
"libgitg/resources/ui/gitg-diff-view-file-renderer-binary.ui:10","Unable to display changes for binary file","Невозможно отобразить изменения для бинарного файла"
"libgitg/resources/ui/gitg-diff-view-file-renderer-image.ui:35","Side by side","Бок о бок"
"libgitg/resources/ui/gitg-diff-view-file-renderer-image.ui:62","Slider","Слайдер"
"libgitg/resources/ui/gitg-diff-view-file-renderer-image.ui:89","Overlay","Оверлей"
"libgitg/resources/ui/gitg-diff-view-file-renderer-image.ui:107","Difference","Различие"
"libgitg/resources/ui/gitg-diff-view-options-spacing.ui:20","Tab width:","Ширина табуляции:"
"libgitg/resources/ui/gitg-diff-view-options-spacing.ui:44","Wrap lines:","Перенос строк:"
"libgitg/resources/ui/gitg-diff-view-options-spacing.ui:67","Ignore whitespace:","Игнорировать пробелы:"
"libgitg/resources/ui/gitg-diff-view-options.ui:31","Context:","Контекст:"
"libgitg/resources/ui/gitg-diff-view-options.ui:63","Spacing","Интервал"
"libgitg/resources/ui/gitg-repository-list-box-row.ui:37","Remove the repository from the list (does not delete the repository from disk)","Удалить репозиторий из списка (репозиторий сохранится на диске)"
"plugins/diff/gitg-diff.vala:125","Show the changes introduced by the selected commit","Показать изменения, внесённые выбранным коммитом"
"plugins/files/gitg-files.vala:68","Files","Файлы"
"plugins/files/gitg-files.vala:73","Show the files in the tree of the selected commit","Показать файлы в дереве выбранного коммита"
