"location","source","target"
"","po header","Project-Id-Version: ru
Report-Msgid-Bugs-To: https://gitlab.gnome.org/GNOME/gnome-desktop/issues
POT-Creation-Date: 2022-06-03 08:46+0000
PO-Revision-Date: 2022-05-16 19:48+0300
Last-Translator: Aleksandr Melman <Alexmelman88@gmail.com>
Language-Team: Russian <gnome-cyr@gnome.org>
Language: ru
MIME-Version: 1.0
Content-Type: text/plain; charset=UTF-8
Content-Transfer-Encoding: 8bit
Plural-Forms: nplurals=3; plural=(n%10==1 && n%100!=11 ? 0 : n%10>=2 && n%10<=4 && (n%100<10 || n%100>=20) ? 1 : 2);
X-Generator: Poedit 3.0.1
"
"libgnome-desktop/gnome-desktop-thumbnail.c:1014","File %s does not have a preview icon attribute","Файл %s не имеет атрибута значка предварительного просмотра"
"libgnome-desktop/gnome-desktop-thumbnail.c:1024","No loadable icon for %s","Нет загружаемого значка для %s"
"libgnome-desktop/gnome-desktop-thumbnail.c:1153","Could not find thumbnailer for mime-type '%s'","Не удалось найти программу миниатюр для mime-типа '%s'"
"libgnome-desktop/gnome-desktop-thumbnail.c:1283","Failed to create folder '%s'","Не удалось создать папку '%s'"
"libgnome-desktop/gnome-desktop-thumbnail.c:1296","The output folder '%s' is not writable","Папка вывода '%s' недоступна для записи"
"libgnome-desktop/gnome-languages.c:724","Unspecified","Неопределённый"
"libgnome-desktop/gnome-languages.c:1385","Abegede","Абегеде"
"libgnome-desktop/gnome-languages.c:1387","Cyrillic","Кириллица"
"libgnome-desktop/gnome-languages.c:1391","Devanagari","Деванагари"
"libgnome-desktop/gnome-languages.c:1394","IQTElif","IQTElif"
"libgnome-desktop/gnome-languages.c:1397","Latin","Латиница"
"libgnome-desktop/gnome-languages.c:1400","Saho","Сахо"
"libgnome-desktop/gnome-languages.c:1404","Valencia","Валенсия"
"libgnome-desktop/gnome-rr-config.c:754 libgnome-desktop/gnome-rr/gnome-rr-config.c:712","CRTC %d cannot drive output %s","ЭЛТ %d не может управлять выходом %s"
"libgnome-desktop/gnome-rr-config.c:761 libgnome-desktop/gnome-rr/gnome-rr-config.c:719","output %s does not support mode %dx%d@%dHz","выход %s не поддерживает режим %dx%d@%dГц"
"libgnome-desktop/gnome-rr-config.c:772 libgnome-desktop/gnome-rr/gnome-rr-config.c:730","CRTC %d does not support rotation=%d","ЭЛТ %d не поддерживает вращение=%d"
"libgnome-desktop/gnome-rr-config.c:785 libgnome-desktop/gnome-rr/gnome-rr-config.c:743","output %s does not have the same parameters as another cloned output:
existing mode = %d, new mode = %d
existing coordinates = (%d, %d), new coordinates = (%d, %d)
existing rotation = %d, new rotation = %d","параметры выхода %s отличаются от параметров другого клонированного выхода:
существующий режим = %d, новый режим = %d
существующие координаты = (%d, %d), новые координаты = (%d, %d)
существующее вращение = %d, новое вращение = %d"
"libgnome-desktop/gnome-rr-config.c:800 libgnome-desktop/gnome-rr/gnome-rr-config.c:758","cannot clone to output %s","не удалось клонировать в выход %s"
"libgnome-desktop/gnome-rr-config.c:926 libgnome-desktop/gnome-rr/gnome-rr-config.c:883","Trying modes for CRTC %d
","Проверка режимов контроллера ЭЛТ %d
"
"libgnome-desktop/gnome-rr-config.c:950 libgnome-desktop/gnome-rr/gnome-rr-config.c:907","CRTC %d: trying mode %dx%d@%dHz with output at %dx%d@%dHz (pass %d)
","ЭЛТ %d: проверка режима %dx%d@%dГц с выходом на %dx%d@%dГц (попытка %d)
"
"libgnome-desktop/gnome-rr-config.c:997 libgnome-desktop/gnome-rr/gnome-rr-config.c:954","could not assign CRTCs to outputs:
%s","не удалось назначить контроллеры ЭЛТ для выходов:
%s"
"libgnome-desktop/gnome-rr-config.c:1001 libgnome-desktop/gnome-rr/gnome-rr-config.c:958","none of the selected modes were compatible with the possible modes:
%s","ни один из выбранных режимов не совместим с разрешёнными режимами:
%s"
"libgnome-desktop/gnome-rr-config.c:1082 libgnome-desktop/gnome-rr/gnome-rr-config.c:1039","required virtual size does not fit available size: requested=(%d, %d), minimum=(%d, %d), maximum=(%d, %d)","требуемый виртуальный размер не умещается в доступное пространство: требуется=(%d, %d), минимум=(%d, %d), максимум=(%d, %d)"
"libgnome-desktop/gnome-wall-clock.c:258","∶","∶"
"libgnome-desktop/gnome-wall-clock.c:335","%a %b %-e_%R:%S","%a, %-e %B_%R:%S"
"libgnome-desktop/gnome-wall-clock.c:336","%a %b %-e_%R","%a, %-e %B_%R"
"libgnome-desktop/gnome-wall-clock.c:341","%b %-e_%R:%S","%a, %-e %B_%R:%S"
"libgnome-desktop/gnome-wall-clock.c:342","%b %-e_%R","%a, %-e %B_%R"
"libgnome-desktop/gnome-wall-clock.c:346","%a %R:%S","%a, %R:%S"
"libgnome-desktop/gnome-wall-clock.c:347","%a %R","%a, %R"
"libgnome-desktop/gnome-wall-clock.c:351","%R:%S","%R:%S"
"libgnome-desktop/gnome-wall-clock.c:352","%R","%R"
"libgnome-desktop/gnome-wall-clock.c:360","%a %b %-e_%l:%M:%S %p","%a, %-e %B,_%l∶%M∶%S %p"
"libgnome-desktop/gnome-wall-clock.c:361","%a %b %-e_%l:%M %p","%a, %-e %B_%l∶%M %p"
"libgnome-desktop/gnome-wall-clock.c:366","%b %-e_%l:%M:%S %p","%a, %-e %B_%l∶%M∶%S %p"
"libgnome-desktop/gnome-wall-clock.c:367","%b %-e_%l:%M %p","%a, %-e %B_%l∶%M %p"
"libgnome-desktop/gnome-wall-clock.c:371","%a %l:%M:%S %p","%a, %l∶%M∶%S %p"
"libgnome-desktop/gnome-wall-clock.c:372","%a %l:%M %p","%a, %l∶%M %p"
"libgnome-desktop/gnome-wall-clock.c:376","%l:%M:%S %p","%l∶%M∶%S %p"
"libgnome-desktop/gnome-wall-clock.c:377","%l:%M %p","%l∶%M %p"
