"location","source","target"
"","po header","Project-Id-Version: gnome-boxes master
Report-Msgid-Bugs-To: https://gitlab.gnome.org/GNOME/gnome-boxes/issues
POT-Creation-Date: 2022-06-28 13:41+0000
PO-Revision-Date: 2022-03-30 13:36+0300
Last-Translator: Aleksandr Melman <Alexmelman88@gmail.com>
Language-Team: Russian <Alexmelman88@gmail.com>
Language: ru
MIME-Version: 1.0
Content-Type: text/plain; charset=UTF-8
Content-Transfer-Encoding: 8bit
Plural-Forms: nplurals=3; plural=(n%10==1 && n%100!=11 ? 0 : n%10>=2 && n%10<=4 && (n%100<10 || n%100>=20) ? 1 : 2);
X-Generator: Poedit 3.0.1
X-DL-Team: ru
X-DL-Module: gnome-boxes
X-DL-Branch: master
X-DL-Domain: po
X-DL-State: Translated
"
"data/org.gnome.Boxes.appdata.xml.in:7 data/org.gnome.Boxes.desktop.in:3 data/ui/app-window.ui:6 data/ui/collection-toolbar.ui:7 src/app.vala:117 src/app-window.vala:105 src/app-window.vala:218 src/app-window.vala:220 src/main.vala:72 src/topbar.vala:70","Boxes","Boxes"
"data/org.gnome.Boxes.appdata.xml.in:8","Virtualization made simple","Виртуализация стала проще"
"data/org.gnome.Boxes.appdata.xml.in:10","Select an operating system and let Boxes download and install it for you in a virtual machine.","Выберите операционную систему и позвольте Boxes загрузить и установить ее для вас на виртуальной машине."
"data/org.gnome.Boxes.appdata.xml.in:15","Features:","Особенности:"
"data/org.gnome.Boxes.appdata.xml.in:17","Download freely available operating systems.","Загружайте свободно распространяемые операционные системы."
"data/org.gnome.Boxes.appdata.xml.in:18","Automatically install CentOS Stream, Debian, Fedora, Microsoft Windows, OpenSUSE, Red Hat Enterprise Linux, and Ubuntu.","Автоматически устанавливайте CentOS Stream, Debian, Fedora, Microsoft Windows, openSUSE, Red Hat Enterprise Linux и Ubuntu."
"data/org.gnome.Boxes.appdata.xml.in:20","Create virtual machines from operating system images with a couple of clicks.","Создавайте виртуальные машины из образов операционной системы несколькими щелчками мыши."
"data/org.gnome.Boxes.appdata.xml.in:21","Limit the resources (memory and storage) your virtual machines consume from your system.","Ограничивайте ресурсы (память и хранилище), которые ваши виртуальные машины потребляют из вашей системы."
"data/org.gnome.Boxes.appdata.xml.in:22","Take snapshots of virtual machines to restore to previous states.","Делайте моментальные снимки виртуальных машин для восстановления предыдущих состояний."
"data/org.gnome.Boxes.appdata.xml.in:23","Redirect USB devices from your physical machine into virtual machines.","Перенаправляйте USB-устройства с физической машины на виртуальные машины."
"data/org.gnome.Boxes.appdata.xml.in:24","3D acceleration for some of the supported operating systems.","3D-ускорение для некоторых поддерживаемых операционных систем."
"data/org.gnome.Boxes.appdata.xml.in:25","Automatically resize virtual machines displays to the window size.","Автоматическое изменение размера дисплеев виртуальных машин в соответствии с размером окна."
"data/org.gnome.Boxes.appdata.xml.in:26","Share clipboard between your system and virtual machines.","Обменивайтесь буфером обмена между вашей системой и виртуальными машинами."
"data/org.gnome.Boxes.appdata.xml.in:27","Share files to virtual machines by dropping them from your file manager into the Boxes window.","Предоставляйте виртуальным машинам общий доступ к файлам, сбросив их из файлового менеджера в окно Boxes."
"data/org.gnome.Boxes.appdata.xml.in:28","Setup Shared Folders between your system and virtual machines.","Настраивайте общие папки между вашей системой и виртуальными машинами."
"data/org.gnome.Boxes.appdata.xml.in:71","The GNOME Project","Проект GNOME"
"data/org.gnome.Boxes.desktop.in:4","Virtual machine viewer/manager","Диспетчер виртуальных машин"
"data/org.gnome.Boxes.desktop.in:5","View and use virtual machines","Просмотр и использование виртуальных машин"
"data/org.gnome.Boxes.desktop.in:7","virtual machine;vm;","виртуальная машина;vm;вм;ВМ;"
"data/org.gnome.boxes.gschema.xml:11","Screenshot interval","Интервал между снимками экрана"
"data/org.gnome.boxes.gschema.xml:12","The interval in seconds between screenshot updates","Интервал в секундах между обновлениями снимков экрана"
"data/org.gnome.boxes.gschema.xml:24","Window size","Размер окна"
"data/org.gnome.boxes.gschema.xml:25","Window size (width and height)","Размер окна (ширина и высота)"
"data/org.gnome.boxes.gschema.xml:31","Window position","Положение окна"
"data/org.gnome.boxes.gschema.xml:32","Window position (x and y)","Положение окна (x, y)"
"data/org.gnome.boxes.gschema.xml:38","Window maximized","Окно развёрнуто"
"data/org.gnome.boxes.gschema.xml:39","Window maximized state","Окно максимального размера"
"data/org.gnome.boxes.gschema.xml:45","First run","Первый запуск"
"data/org.gnome.boxes.gschema.xml:46","Whether Boxes is running for the first time","Являются ли Boxes запущенными в первый раз"
"data/org.gnome.boxes.gschema.xml:53","Shared folders","Совместные папки"
"data/org.gnome.boxes.gschema.xml:54","Variant array of shared folders’ names and path mapping","Динамический массив, содержащий имена совместных папок и пути к ним"
"data/ui/app-window.ui:81 data/ui/welcome-tutorial.ui:40","Welcome to Boxes","Добро пожаловать в Boxes"
"data/ui/app-window.ui:82","Use the <b>+</b> button to create your first virtual machine.","Чтобы создать свою первую виртуальную машину, нажмите на кнопку <b>+</b>."
"data/ui/assistant/media-entry.ui:8","Unknown media","Неизвестный носитель"
"data/ui/assistant/pages/downloads-page.ui:68","No operating systems found","Операционные системы не найдены"
"data/ui/assistant/pages/downloads-page.ui:69","Try a different search","Попробуйте другой поисковый запрос"
"data/ui/assistant/pages/downloads-page.ui:82 src/assistant/downloads-page.vala:57","Search for an OS or enter a download link…","Найдите ОС или введите ссылку для скачивания…"
"data/ui/assistant/pages/identify-os-page.ui:18","Boxes was unable to identify the operating system on the image file.","Boxes не смогли идентифицировать операционную систему в файле образа."
"data/ui/assistant/pages/identify-os-page.ui:29","It is not advised to try booting an unknown OS, but you may try your luck forcing a specific kind of OS from the list below:","Не рекомендуется пытаться загрузить неизвестную ОС, но вы можете испытать удачу, выбрав определенный тип ОС из списка ниже:"
"data/ui/assistant/pages/identify-os-page.ui:41","Template","Шаблон"
"data/ui/assistant/pages/identify-os-page.ui:57 src/assistant/identify-os-page.vala:31","Unknown OS","Неизвестная ОС"
"data/ui/assistant/pages/identify-os-popover.ui:19","Search for an OS…","Найдите ОС…"
"data/ui/assistant/pages/index-page.ui:5 data/ui/assistant/vm-assistant.ui:7","Create a Virtual Machine","Создать виртуальную машину"
"data/ui/assistant/pages/index-page.ui:41","A new virtual machine will be created and an operating system installed into it. Select an operating system source to begin.","Будет создана новая виртуальная машина и в нее будет установлена операционная система. Выберите источник операционной системы для установки."
"data/ui/assistant/pages/index-page.ui:54","Detected Sources","Обнаруженные источники"
"data/ui/assistant/pages/index-page.ui:55","Create virtual machine from one of the medias detected in your system.","Создавайте виртуальную машину из одного из носителей, обнаруженных в вашей системе."
"data/ui/assistant/pages/index-page.ui:72","Featured Downloads","Популярные загрузки"
"data/ui/assistant/pages/index-page.ui:73","You will be notified when the download has completed.","Вы будете уведомлены, когда загрузка будет завершена."
"data/ui/assistant/pages/index-page.ui:117","Create virtual machine from file","Создать виртуальную машину из файла"
"data/ui/assistant/pages/index-page.ui:134","Download an operating system","Загрузить операционную систему"
"data/ui/assistant/pages/index-page.ui:135","Browse and search for operating systems to install.","Посмотрите и найдите операционные системы для установки."
"data/ui/assistant/pages/preparation-page.ui:5","Preparing…","Подготовка…"
"data/ui/assistant/pages/preparation-page.ui:24","Preparing to create a new box","Подготовка к созданию новой виртуальной машины"
"data/ui/assistant/pages/review-page.ui:5","Review and Create","Посмотрите и создайте"
"data/ui/assistant/pages/review-page.ui:18","Boxes is ready to set up a new box with the following properties:","Boxes готовы к настройке новой виртуальной машины со следующими свойствами:"
"data/ui/assistant/pages/review-page.ui:45","Virtualization extensions are unavailable on your system.
Check your BIOS settings to enable them.","Расширения виртуализации недоступны для вашей системы.
Включите их в настройках BIOS."
"data/ui/assistant/pages/review-page.ui:78","Operating System","Операционная система"
"data/ui/assistant/pages/review-page.ui:94 data/ui/preferences/resources-page.ui:90","Memory","Память"
"data/ui/assistant/pages/review-page.ui:101 data/ui/preferences/resources-page.ui:97","Storage limit","Предел хранилища"
"data/ui/assistant/pages/review-page.ui:107 data/ui/unattended-setup-box.ui:68 src/unattended-installer.vala:270","Username","Имя пользователя"
"data/ui/assistant/pages/review-page.ui:123 data/ui/unattended-setup-box.ui:84 src/unattended-installer.vala:271","Password","Пароль"
"data/ui/assistant/pages/review-page.ui:140","Enable EFI","Включить EFI"
"data/ui/assistant/pages/setup-page.ui:5 data/ui/welcome-tutorial.ui:49","Express Installation","Быстрая установка"
"data/ui/assistant/vm-assistant.ui:54 data/ui/preferences/shared-folder-popover.ui:97 data/ui/shared-folder-popover.ui:97 src/assistant/index-page.vala:120 src/assistant/index-page.vala:168 src/assistant/vm-assistant.vala:72 src/preferences/cdrom-row.vala:65","Cancel","Отмена"
"data/ui/assistant/vm-assistant.ui:61 src/assistant/vm-assistant.vala:75","Next","Далее"
"data/ui/collection-toolbar.ui:22","New","Создать"
"data/ui/collection-toolbar.ui:46 data/ui/display-toolbar.ui:29","Back","Назад"
"data/ui/collection-toolbar.ui:69","Application Menu","Меню приложения"
"data/ui/collection-toolbar.ui:97","List view","В виде списка"
"data/ui/collection-toolbar.ui:125","Grid view","В виде сетки"
"data/ui/collection-toolbar.ui:152","Search","Поиск"
"data/ui/collection-toolbar.ui:179","Downloads","Загрузки"
"data/ui/display-page.ui:96","Ready to Receive File","Готов к получению файла"
"data/ui/display-page.ui:116","You will find your file in the Downloads directory.","Вы найдете свой файл в каталоге «Загрузки»."
"data/ui/display-toolbar.ui:63","Actions","Действия"
"data/ui/display-toolbar.ui:91","Keyboard shortcuts","Комбинации клавиш"
"data/ui/display-toolbar.ui:121 src/display-toolbar.vala:73","Fullscreen","Полноэкранный режим"
"data/ui/downloads-hub-row.ui:54","Ready to install","Готово к установке"
"data/ui/kbd-shortcuts-window.ui:18","Overview","Обзор"
"data/ui/kbd-shortcuts-window.ui:25","Help","Справка"
"data/ui/kbd-shortcuts-window.ui:33","Open main menu","Открыть главное меню"
"data/ui/kbd-shortcuts-window.ui:41","Create a new virtual machine","Создать новую виртуальную машину"
"data/ui/kbd-shortcuts-window.ui:49","Search","Поиск"
"data/ui/kbd-shortcuts-window.ui:57","Keyboard shortcuts","Комбинации клавиш"
"data/ui/kbd-shortcuts-window.ui:65 data/ui/kbd-shortcuts-window.ui:157","Close Window/Quit Boxes","Закрыть окно/Завершить программу"
"data/ui/kbd-shortcuts-window.ui:75","Box Creation and Properties","Создание виртуальной машины и настройка параметров"
"data/ui/kbd-shortcuts-window.ui:84 data/ui/kbd-shortcuts-window.ui:103","Switch to the next page","Перейти к следующей странице"
"data/ui/kbd-shortcuts-window.ui:93 data/ui/kbd-shortcuts-window.ui:112","Switch to the previous page","Перейти к предыдущей странице"
"data/ui/kbd-shortcuts-window.ui:122","Box Display","Отображение виртуальной машины"
"data/ui/kbd-shortcuts-window.ui:129","Grab/Ungrab keyboard","Захватить/отпустить клавиатуру"
"data/ui/kbd-shortcuts-window.ui:139 data/ui/kbd-shortcuts-window.ui:149","Back to overview","Вернуться к обзору"
"data/ui/kbd-shortcuts-window.ui:165","Fullscreen/Restore from fullscreen","Войти/выйти из полноэкранного режима"
"data/ui/menus.ui:7","Keyboard Shortcuts","Комбинации клавиш"
"data/ui/menus.ui:11","Help","Справка"
"data/ui/menus.ui:15","About Boxes","О приложении"
"data/ui/preferences/cdrom-row.ui:5","No CDROM/DVD image","Нет образа CD-ROM/DVD"
"data/ui/preferences/cdrom-row.ui:15","Select","Выбрать"
"data/ui/preferences/cdrom-row.ui:24","Remove","Удалить"
"data/ui/preferences/devices-page.ui:7","Devices & Shares","Устройства и совместные ресурсы"
"data/ui/preferences/devices-page.ui:12","USB Devices","Устройства USB"
"data/ui/preferences/devices-page.ui:33","CDROM/DVD Drive","Привод CD-ROM/DVD"
"data/ui/preferences/resources-page.ui:7 data/ui/preferences/resources-page.ui:67","Resources","Ресурсы"
"data/ui/preferences/resources-page.ui:22","_Name","_Имя"
"data/ui/preferences/resources-page.ui:48","IP Address","IP-адрес"
"data/ui/preferences/resources-page.ui:73","CPUs","ЦП"
"data/ui/preferences/resources-page.ui:105","3D acceleration","3D-ускорение"
"data/ui/preferences/resources-page.ui:127","Allow running in background","Разрешить запуск в фоновом режиме"
"data/ui/preferences/resources-page.ui:145","Configuration","Конфигурация"
"data/ui/preferences/resources-page.ui:150","Troubleshooting Logs","Журнал устранения неполадок"
"data/ui/preferences/resources-page.ui:151","Diagnose problems with your box using the log file.","Диагностируйте проблемы с вашей виртуальной машиной, используя файл журнала."
"data/ui/preferences/resources-page.ui:173","Edit Configuration","Изменить конфигурацию"
"data/ui/preferences/resources-page.ui:174","Edit the Libvirt domain configuration for this box.","Изменить конфигурацию домена Libvirt для этой виртуальной машины."
"data/ui/preferences/shared-folder-popover.ui:29 data/ui/shared-folder-popover.ui:29","Local Folder","Локальная папка"
"data/ui/preferences/shared-folder-popover.ui:44 data/ui/shared-folder-popover.ui:44","Name","Имя"
"data/ui/preferences/shared-folder-popover.ui:70 data/ui/shared-folder-popover.ui:70","Select Shared Folder","Выбрать совместную папку"
"data/ui/preferences/shared-folder-popover.ui:111 data/ui/shared-folder-popover.ui:111","Save","Сохранить"
"data/ui/preferences/shared-folders-widget.ui:7","Shared Folders","Совместные папки"
"data/ui/preferences/snapshot-list-row.ui:68","Revert to snapshot","Вернуться к снимку"
"data/ui/preferences/snapshot-list-row.ui:83","Rename snapshot","Переименовать снимок"
"data/ui/preferences/snapshot-list-row.ui:98","Delete snapshot","Удалить снимок"
"data/ui/preferences/snapshots-page.ui:6 data/ui/preferences/snapshots-page.ui:11","Snapshots","Снимки"
"data/ui/preferences/snapshots-page.ui:49 src/preferences/snapshots-page.vala:133","Creating new snapshot…","Создаётся новый снимок…"
"data/ui/toast.ui:34 src/app.vala:604 src/preferences/snapshot-list-row.vala:157","Undo","Отменить"
"data/ui/troubleshoot-view.ui:44","Oops, something went wrong","Ой! Что-то пошло не так"
"data/ui/troubleshoot-view.ui:58","Boxes cannot access the virtualization backend.","Boxes не могут получить доступ к серверу виртуализации."
"data/ui/unattended-setup-box.ui:47","Choose express install to automatically preconfigure the box with optimal settings.","Выберите быструю установку для автоматически настроенной виртуальной машины с оптимальными параметрами."
"data/ui/unattended-setup-box.ui:52","Express Install","Быстрая установка"
"data/ui/unattended-setup-box.ui:106","Product Key","Ключ продукта"
"data/ui/welcome-tutorial.ui:7","Welcome Tutorial","Приветственный диалог"
"data/ui/welcome-tutorial.ui:41","Boxes makes it easy to install and run virtual machines.","Boxes упрощают установку и запуск виртуальных машин."
"data/ui/welcome-tutorial.ui:50","With express installation, Boxes will set the install options for a new virtual machine. Just start the installation and everything will be taken care of for you.","При быстрой установке, Boxes зададут параметры установки для новой виртуальной машины. Просто начните установку, и обо всем позаботятся за вас."
"data/ui/welcome-tutorial.ui:58","Easy Downloads","Простая загрузка"
"data/ui/welcome-tutorial.ui:59","With Boxes, you don't need to download an operating system to create a virtual machine. Instead, just pick the operating system you want to setup, and Boxes will automatically download it for you.","С помощью Boxes вам не нужно загружать операционную систему для создания виртуальной машины. Вместо этого просто выберите операционную систему, которую вы хотите настроить, и Boxes автоматически загрузят ее для вас."
"data/ui/welcome-tutorial.ui:67","Drag and Drop","Перетаскивание"
"data/ui/welcome-tutorial.ui:68","Sharing files is as simple as dropping them onto your virtual machine. They will appear in your Downloads folder.","Обмен файлами так же прост, как их перенос на вашу виртуальную машину. Они появятся в вашей папке Загрузки."
"src/actions-popover.vala:29","Box actions","Действия с виртуальной машиной"
"src/actions-popover.vala:44","Open in New Window","Открыть в новом окне"
"src/actions-popover.vala:49","Send File…","Отправить файл…"
"src/actions-popover.vala:57","Take Screenshot","Сделать снимок экрана"
"src/actions-popover.vala:65","Force Shutdown","Принудительное выключение"
"src/actions-popover.vala:76","Clone","Клонировать"
"src/actions-popover.vala:81","Delete","Удалить"
"src/actions-popover.vala:85 src/machine.vala:600","Restart","Перезапустить"
"src/actions-popover.vala:94","Preferences","Параметры"
"src/actions-popover.vala:109","Screenshots","Снимки экрана"
"src/actions-popover.vala:126","Screenshot from %s","Снимок экрана от %s"
"src/app.vala:113","translator-credits","Юрий Мясоедов <ymyasoedov@yandex.ru>, 2012-2017.
Станислав Соловей <whats_up@tut.by>, 2013-2019.
Михаил Гурин <mikegurin@yandex.ru>, 2015.
Максим Таранов <png2378@gmail.com>, 2015.
Aleksandr Melman <Alexmelman88@gmail.com>, 2022"
"src/app.vala:114","A simple GNOME 3 application to access virtual systems","Простое приложение GNOME 3 для доступа к виртуальным системам"
"src/app.vala:175 src/main.vala:9","Display version number","Показать номер версии"
"src/app.vala:176","Show help","Показать справку"
"src/app.vala:177","Open in full screen","Открыть в полноэкранном режиме"
"src/app.vala:178 src/main.vala:10","Check virtualization capabilities","Проверить поддержку виртуализации"
"src/app.vala:179","Open box with UUID","Открыть виртуальную машину с UUID"
"src/app.vala:180","Search term","Поисковый запрос"
"src/app.vala:182","URL to display, broker or installer media","Открыть URL, диспетчер виртуальных машин или установочный носитель"
"src/app.vala:193","— A simple application to access virtual machines","— Простое приложение для доступа к виртуальным машинам"
"src/app.vala:220","Too many command line arguments specified.
","Указано слишком много аргументов командной строки.
"
"src/app.vala:460","Box “%s” installed and ready to use","Виртуальная машина «%s» установлена и готова к использованию"
"src/app.vala:462","Launch","Запустить"
"src/app.vala:492","“%s“ is running in the background","«%s» запущен в фоновом режиме"
"src/app.vala:573","Box “%s” has been deleted","Виртуальная машина «%s» была удалёна"
"src/app.vala:574","%u box has been deleted
msgid_plural: %u boxes have been deleted","msgstr[0]: %u виртуальная машина была удалёна
msgstr[1]: %u виртуальные машины были удалёны
msgstr[2]: %u виртуальных машин было удалёно"
"src/app.vala:645","Boxes is doing something","Boxes что-то выполняют"
"src/app-window.vala:273","Select files to transfer","Выбрать файлы для передачи"
"src/app-window.vala:274","_Cancel","_Отмена"
"src/app-window.vala:276","_Open","_Открыть"
"src/assistant/index-page.vala:165 src/preferences/cdrom-row.vala:62","Select a device or ISO file","Выберите устройство или файл ISO"
"src/assistant/index-page.vala:168 src/preferences/cdrom-row.vala:65","Open","Открыть"
"src/assistant/index-page.vala:186 src/assistant/vm-assistant.vala:72","Previous","Назад"
"src/assistant/media-entry.vala:18 src/util-app.vala:172","Live","Live"
"src/assistant/media-entry.vala:23","32-bit x86 system","32-битная x86 система"
"src/assistant/media-entry.vala:24","64-bit x86 system","64-битная x86 система"
"src/assistant/media-entry.vala:29"," from %s"," от %s"
"src/assistant/vm-assistant.vala:62","Failed to analyze installer media. Corrupted or incomplete media?","Ошибка анализа установочного носителям. Повреждённый или неполный носитель?"
"src/assistant/vm-assistant.vala:75","Create","Создать"
"src/display-page.vala:133","Press (left) Ctrl+Alt to ungrab","Нажмите Ctrl+Alt (слева), чтобы снять захват"
"src/display-page.vala:135","Press & release (left) Ctrl+Alt to ungrab keyboard.","Нажмите и отпустите Ctrl+Alt (слева), чтобы снять захват клавиатуры."
"src/display-page.vala:324","%d×%d","%d×%d"
"src/display-toolbar.vala:70","Exit fullscreen","Выйти из полноэкранного режима"
"src/downloads-hub.vala:52","Downloading media","Загрузка носителя"
"src/downloads-hub.vala:78","“%s” download complete","«%s» загрузка завершена"
"src/downloads-hub.vala:80","Install","Установить"
"src/downloads-hub.vala:186","Failed to download: %s","Не удалось загрузить: %s"
"src/installed-media.vala:80 src/installer-media.vala:199","System","Система"
"src/keys-input-popover.vala:27","Ctrl + Alt + Backspace","Ctrl + Alt + Backspace"
"src/keys-input-popover.vala:28","Ctrl + Alt + Del","Ctrl + Alt + Del"
"src/keys-input-popover.vala:32","Ctrl + Alt + F1","Ctrl + Alt + F1"
"src/keys-input-popover.vala:33","Ctrl + Alt + F2","Ctrl + Alt + F2"
"src/keys-input-popover.vala:34","Ctrl + Alt + F3","Ctrl + Alt + F3"
"src/keys-input-popover.vala:35","Ctrl + Alt + F7","Ctrl + Alt + F7"
"src/keys-input-popover.vala:36","Ctrl + Alt + F9","Ctrl + Alt + F9"
"src/keys-input-popover.vala:45","Send key combinations","Послать комбинацию клавиш"
"src/libvirt-machine.vala:481","Restoring %s from disk","Восстановление %s с диска"
"src/libvirt-machine.vala:484","Starting %s","Запуск %s"
"src/libvirt-machine.vala:557","Restart of “%s” is taking too long. Force it to shutdown?","«%s» слишком долго перезапускается. Выключить принудительно?"
"src/libvirt-machine.vala:560","Shutdown","Выключить"
"src/libvirt-machine.vala:575","Cloning “%s”…","Клонирование «%s»…"
"src/libvirt-machine.vala:701","Installing…","Установка…"
"src/libvirt-machine.vala:703","Setting up clone…","Настройка клона…"
"src/libvirt-machine.vala:705","Importing…","Импортирование…"
"src/list-view-row.vala:48","Running","Запущено"
"src/list-view-row.vala:54","Paused","Приостановлено"
"src/list-view-row.vala:59","Powered Off","Выключено"
"src/machine.vala:181","Connecting to %s","Подключение к %s"
"src/machine.vala:207","Connection to “%s” failed","Сбой подключения к «%s»"
"src/machine.vala:251","Machine is under construction","Машина находится в разработке"
"src/machine.vala:404","Saving…","Сохранение…"
"src/machine.vala:597","“%s” could not be restored from disk: %s","""%s"" не удалось восстановить с диска: %s"
"src/machine.vala:608","Failed to start “%s”","Не удалось запустить «%s»"
"src/machine.vala:623","Troubleshooting Log","Журнал проблем"
"src/machine.vala:634","Connection to “%s” failed: %s","Соединение с ""%s"" не удалось: %s"
"src/main.vala:53","• The CPU is capable of virtualization: %s
","• ЦПУ поддерживает виртуализацию: %s
"
"src/main.vala:54","• The KVM module is loaded: %s
","• Модуль KVM загружен: %s
"
"src/main.vala:55","• Libvirt KVM guest available: %s
","• Libvirt KVM доступен: %s
"
"src/main.vala:56","• Boxes storage pool available: %s
","• Пул хранения виртуальных машин доступен: %s
"
"src/main.vala:60","• The SELinux context is default: %s
","• Контекст SELinux по умолчанию: %s
"
"src/main.vala:64","Report bugs to <%s>.
","Об ошибках сообщайте на <%s>.
"
"src/main.vala:65","%s home page: <%s>.
","Домашняя страница %s: <%s>.
"
"src/media-manager.vala:34","Media is not supported","Носитель не поддерживается"
"src/media-manager.vala:368","No such file %s","Файл %s не найден"
"src/portals.vala:45","Boxes wants to run VM in background","Boxes хочет запустить ВМ в фоновом режиме"
"src/preferences/cdrom-row.vala:33","No CD/DVD image","Нет образа CD/DVD"
"src/preferences/devices-page.vala:25","The Flatpak version of GNOME Boxes does not support USB redirection.","Версия GNOME Boxes в формате Flatpak не поддерживает перенаправление USB."
"src/preferences/devices-page.vala:37","Turn on your box to see the USB devices available for redirection.","Включите свою виртуальную машину, чтобы увидеть USB-устройства, доступные для перенаправления."
"src/preferences/resources-page.vala:81","Recommended %s.","Рекомендовано %s."
"src/preferences/resources-page.vala:159","Boxes is not authorized to run in background","Boxes не разрешена для запуска в фоновом режиме"
"src/preferences/resources-page.vala:165","Do you want to open Settings to manage application permissions?","Вы хотите открыть Настройки, чтобы управлять разрешениями приложений?"
"src/preferences/resources-page.vala:203","Editing your box configuration can cause issues to the operating system of your box. Would you like to create a snapshot to recover from your changes?","Изменение конфигурации вашей виртуальной машины может вызвать проблемы в операционной системе вашей виртуальной машины. Хотите создать моментальный снимок для восстановления после внесенных изменений?"
"src/preferences/resources-page.vala:269","Failed to save domain configuration: %s","Не удалось сохранить конфигурацию домена: %s"
"src/preferences/resources-page.vala:278","Changes to the settings below take effect after you restart your box.","Изменения в приведенных ниже настройках вступают в силу после перезапуска вашей виртуальной машины."
"src/preferences/shared-folders-widget.vala:76","Use the button below to add your first shared folder. For file sharing to work, the guest box needs to have <a href='%s'>spice-webdav</a> installed.","Используйте кнопку ниже, чтобы добавить свою первую общую папку. Для работы общего доступа к файлам в гостевой системе должен быть установлен <a href='%s'>spice-webdav</a>."
"src/preferences/snapshot-list-row.vala:77","Failed to rename snapshot: %s","Не удалось переименовать снимок: %s"
"src/preferences/snapshot-list-row.vala:93","Reverting to %s…","Возврат к %s…"
"src/preferences/snapshot-list-row.vala:115","Failed to revert to snapshot: %s","Не удалось вернуться к снимку: %s"
"src/preferences/snapshot-list-row.vala:133","Snapshot “%s” deleted.","Снимок «%s» удалён."
"src/preferences/snapshots-page.vala:139","Failed to create snapshot of %s","Не удалось создать снимок %s"
"src/preferences/snapshots-page.vala:160","Revert to a previous state of your box.","Возврат к предыдущему состоянию вашей виртуальной машины."
"src/preferences/snapshots-page.vala:162","Use the button below to create your first snapshot.","Используйте кнопку ниже, чтобы создать свой первый снимок системы."
"src/preferences/storage-row.vala:47","Used %s.","Использовано %s."
"src/preferences/storage-row.vala:50","There is not enough space on your machine to increase the maximum disk size.","На вашем компьютере недостаточно места для увеличения максимального размера диска."
"src/preferences/storage-row.vala:68","Storage disk","Диск для хранения"
"src/preferences/storage-row.vala:77","Used %s","Использовано %s"
"src/spice-display.vala:46","Unknown","Неизвестный"
"src/spice-display.vala:61 src/spice-display.vala:452","Redirection of USB device “%s” for “%s” failed","Сбой перенаправления USB-устройства «%s» для «%s»"
"src/transfer-info-row.vala:31","Copying “%s” to “Downloads”","Копирование «%s» в «Загрузки»"
"src/unattended-installer.vala:204","An error occurred during installation preparation. Express Install disabled.","Во время установки произошла ошибка. Быстрая установка отключена."
"src/unattended-installer.vala:422","Downloading device drivers…","Загрузка драйверов устройств…"
"src/unattended-setup-box.vala:51","no password","без пароля"
"src/unattended-setup-box.vala:108","Express installation of %s requires an internet connection.","Для быстрой установки %s требуется подключение к Интернету."
"src/unattended-setup-box.vala:206","GNOME Boxes credentials for “%s”","GNOME Boxes аккредитован для «%s»"
"src/util-app.vala:368","Your SELinux context looks incorrect, you can try to fix it by running:
%s","Похоже, что контекст SELinux неправильный. Контекст можно попробовать исправить, запустив:
%s"
"src/util-app.vala:372","SELinux not installed?","SELinux не установлен?"
"src/util-app.vala:454","Could not get “gnome-boxes” storage pool information from libvirt. Make sure “virsh -c qemu:///session pool-dumpxml gnome-boxes” is working.","Невозможно получить пул хранения «gnome-boxes» из libvirt. Проверьте, что команда «virsh -c qemu:///session pool-dumpxml gnome-boxes» работает."
"src/util-app.vala:459","%s is known to libvirt as GNOME Boxes’s storage pool but this directory does not exist","%s известен libvirt как пул хранения, но этот каталог не существует"
"src/util-app.vala:463","%s is known to libvirt as GNOME Boxes’s storage pool but is not a directory","%s известен libvirt как пул хранения, но он не является каталогом"
"src/util-app.vala:467","%s is known to libvirt as GNOME Boxes’s storage pool but is not user-readable/writable","%s известен libvirt как пул хранения, но недоступен пользователю для чтения/записи"
"src/util.vala:334","yes","да"
"src/util.vala:334","no","нет"
"src/vm-configurator.vala:806","Incapable host system","Система не поддерживает необходимые функции"
"src/vm-importer.vala:65","Box import from file “%s” failed: %s","Импорт виртуальной машины из файла ""%s"" не удался: %s"
