"location","source","target"
"","po header","Project-Id-Version: gnome-contacts master
Report-Msgid-Bugs-To: https://gitlab.gnome.org/GNOME/gnome-contacts/issues
POT-Creation-Date: 2022-07-02 18:49+0000
PO-Revision-Date: 2022-06-29 15:19+0300
Last-Translator: Aleksandr Melman <Alexmelman88@gmail.com>
Language-Team: Русский <gnome-cyr@gnome.org>
Language: ru
MIME-Version: 1.0
Content-Type: text/plain; charset=UTF-8
Content-Transfer-Encoding: 8bit
Plural-Forms: nplurals=3; plural=(n%10==1 && n%100!=11 ? 0 : n%10>=2 && n%10<=4 && (n%100<10 || n%100>=20) ? 1 : 2);
X-Generator: Poedit 3.0.1
"
"data/org.gnome.Contacts.appdata.xml.in.in:6 data/org.gnome.Contacts.desktop.in.in:3 src/contacts-main-window.vala:185 src/contacts-main-window.vala:208 src/main.vala:26","Contacts","Контакты"
"data/org.gnome.Contacts.appdata.xml.in.in:7 data/org.gnome.Contacts.desktop.in.in:4","A contacts manager for GNOME","Менеджер контактов для GNOME"
"data/org.gnome.Contacts.appdata.xml.in.in:9","Contacts keeps and organize your contacts information. You can create, edit, delete and link together pieces of information about your contacts. Contacts aggregates the details from all your sources providing a centralized place for managing your contacts.","Приложение «Контакты» помогает управлять информацией о контактах. Вы можете создавать, изменять, удалять и связывать вместе сведения о ваших контактах. Приложение объединяет информацию со всех ваших источников, предоставляя централизованный способ управления контактами."
"data/org.gnome.Contacts.appdata.xml.in.in:15","Contacts will also integrate with online address books and automatically link contacts from different online sources.","Приложение «Контакты» также  выполнит интеграцию с сетевой адресной книгой и автоматически свяжет контакты из различных сетевых источников."
"data/org.gnome.Contacts.appdata.xml.in.in:694","The GNOME Project","Проект GNOME"
"data/org.gnome.Contacts.desktop.in.in:6","friends;address book;","друзья;адресная книга;"
"data/gtk/help-overlay.ui:7","Overview","Обзор"
"data/gtk/help-overlay.ui:11","Help","Справка"
"data/gtk/help-overlay.ui:17","Open menu","Открыть меню"
"data/gtk/help-overlay.ui:23","Create a new contact","Создать новый контакт"
"data/gtk/help-overlay.ui:29","Search","Поиск"
"data/gtk/help-overlay.ui:35","Shortcut list","Список комбинаций клавиш"
"data/gtk/help-overlay.ui:41","Quit","Завершить"
"data/ui/contacts-avatar-selector.ui:7","Select a new avatar","Выбрать новый аватар"
"data/ui/contacts-avatar-selector.ui:11 data/ui/contacts-crop-dialog.ui:12 data/ui/contacts-main-window.ui:106 src/contacts-addressbook-dialog.vala:33 src/contacts-editor-property.vala:78","Cancel","Отменить"
"data/ui/contacts-avatar-selector.ui:17 data/ui/contacts-crop-dialog.ui:17 data/ui/contacts-main-window.ui:268 src/contacts-main-window.vala:217","Done","Готово"
"data/ui/contacts-avatar-selector.ui:69","Take a Picture…","Сделать фотоснимок…"
"data/ui/contacts-avatar-selector.ui:76","Select a File…","Выберите файл…"
"data/ui/contacts-contact-pane.ui:14","Select a Contact","Выбрать контакт"
"data/ui/contacts-editor-menu.ui:11","Change Addressbook","Изменить адресную книгу"
"data/ui/contacts-link-suggestion-grid.ui:51","Link Contacts","Связать контакты"
"data/ui/contacts-linked-personas-dialog.ui:9","Linked Accounts","Связанные учётные записи"
"data/ui/contacts-linked-personas-dialog.ui:42","You can link contacts by selecting them from the contacts list","Вы можете связывать контакты, выбирая их из списка"
"data/ui/contacts-main-window.ui:5","List Contacts By:","Список контактов по:"
"data/ui/contacts-main-window.ui:7","First Name","Имени"
"data/ui/contacts-main-window.ui:12","Surname","Фамилии"
"data/ui/contacts-main-window.ui:19","Change Address Book…","Изменить адресную книгу…"
"data/ui/contacts-main-window.ui:23","Online Accounts <sup>↗</sup>","Сетевые учётные записи <sup>↗</sup>"
"data/ui/contacts-main-window.ui:30","Keyboard Shortcuts","Комбинации клавиш"
"data/ui/contacts-main-window.ui:34","Help","Справка"
"data/ui/contacts-main-window.ui:38","About Contacts","О приложении"
"data/ui/contacts-main-window.ui:82","Create new contact","Создать новый контакт"
"data/ui/contacts-main-window.ui:92","Menu","Меню"
"data/ui/contacts-main-window.ui:99","Select Items","Выбрать элементы"
"data/ui/contacts-main-window.ui:107","Cancel Selection","Отменить выделение"
"data/ui/contacts-main-window.ui:134","Loading","Загрузка"
"data/ui/contacts-main-window.ui:145","Type to search","Введите поисковый запрос"
"data/ui/contacts-main-window.ui:164","Link","Связать"
"data/ui/contacts-main-window.ui:171","Remove","Удалить"
"data/ui/contacts-main-window.ui:215","Back","Назад"
"data/ui/contacts-main-window.ui:229 src/contacts-avatar-selector.vala:199 src/contacts-main-window.vala:508","_Cancel","_Отменить"
"data/ui/contacts-main-window.ui:252","Edit Contact","Изменить контакт"
"data/ui/contacts-main-window.ui:259","Delete Contact","Удалить контакт"
"data/ui/contacts-setup-window.ui:15","Contacts Setup","Настройка контактов"
"data/ui/contacts-setup-window.ui:20","_Quit","_Завершить"
"data/ui/contacts-setup-window.ui:22","Cancel Setup And Quit","Отменить настройку и выйти"
"data/ui/contacts-setup-window.ui:29","_Done","_Готово"
"data/ui/contacts-setup-window.ui:31","Complete setup","Завершение настройки"
"data/ui/contacts-setup-window.ui:42","Welcome","Добро пожаловать"
"data/ui/contacts-setup-window.ui:43","Please select your main address book: this is where new contacts will be added. If you keep your contacts in an online account, you can add them using the online accounts settings.","Выберите основную адресную книгу: сюда будут добавляться новые контакты. Если вы сохраняете свои контакты в сетевой учётной записи, вы можете добавить их, используя настройки сетевых учётных записей."
"src/contacts-addressbook-dialog.vala:28","Change Address Book","Изменить адресную книгу"
"src/contacts-addressbook-dialog.vala:32","Change","Изменить"
"src/contacts-addressbook-dialog.vala:59","New contacts will be added to the selected address book.
You are able to view and edit contacts from other address books.","Новые контакты будут добавлены в выбранную адресную книгу.
Вы можете просмотреть и изменить контакты из других адресных книг."
"src/contacts-app.vala:45","Show contact with this email address","Показать контакт с этим адресом электронной почты"
"src/contacts-app.vala:46","Show contact with this individual id","Показать контакт с этим идентификатором"
"src/contacts-app.vala:47","Show contacts with the given filter","Показать контакты с заданным фильтром"
"src/contacts-app.vala:48","Show the current version of Contacts","Показать текущую версию приложения Контакты"
"src/contacts-app.vala:110 src/contacts-app.vala:186","Contact not found","Контакт не найден"
"src/contacts-app.vala:111","No contact with id %s found","Контакт с идентификатором %s не найден"
"src/contacts-app.vala:112 src/contacts-app.vala:188 src/contacts-contact-pane.vala:261 src/contacts-utils.vala:136","_Close","_Закрыть"
"src/contacts-app.vala:168","translator-credits","Станислав Соловей <whats_up@tut.by>, 2013-2019.
Юрий Мясоедов <ymyasoedov@yandex.ru>, 2014.
Alexey Rubtsov <rushills@gmail.com>, 2021
Aleksandr Melman <alexmelman88@gmail.com>, 2022"
"src/contacts-app.vala:169","About GNOME Contacts","О Контактах GNOME"
"src/contacts-app.vala:170","Contact Management Application","Приложение для управления контактами"
"src/contacts-app.vala:171","© 2011 Red Hat, Inc.
© 2011-2020 The Contacts Developers","© 2011 Red Hat, Inc.
© 2011-2020 Разработчики Контактов"
"src/contacts-app.vala:187","No contact with email address %s found","Контакт с адресом электронной почты %s не найден"
"src/contacts-avatar-selector.vala:126","No Camera Detected","Камера не найдена"
"src/contacts-avatar-selector.vala:196","Browse for more pictures","Найти дополнительные изображения"
"src/contacts-avatar-selector.vala:199","_Open","О_ткрыть"
"src/contacts-avatar-selector.vala:238 src/contacts-contact-editor.vala:75","Failed to set avatar.","Не удалось установить аватар."
"src/contacts-contact-editor.vala:57","Change avatar","Изменить аватар"
"src/contacts-contact-editor.vala:93","Add name","Добавить имя"
"src/contacts-contact-list.vala:106","Favorites","Избранные"
"src/contacts-contact-list.vala:108 src/contacts-contact-list.vala:114","All Contacts","Все контакты"
"src/contacts-contact-pane.vala:230","No primary addressbook configured","Основная адресная книга не настроена"
"src/contacts-contact-pane.vala:240","Unable to create new contacts: %s","Не удалось создать новые контакты: %s"
"src/contacts-contact-pane.vala:255","Unable to find newly created contact","Не удалось найти только что созданный контакт"
"src/contacts-contact-sheet.vala:235","%s at %s","%s в %s"
"src/contacts-contact-sheet.vala:267","Send an email to %s","Отправить электронное письмо на %s"
"src/contacts-contact-sheet.vala:296","Start a call","Позвонить"
"src/contacts-contact-sheet.vala:356","Visit website","Посетить веб-сайт"
"src/contacts-contact-sheet.vala:406","Their birthday is today! 🎉","У них сегодня день рождения! 🎉"
"src/contacts-contact-sheet.vala:451","Show on the map","Показать на карте"
"src/contacts-delete-operation.vala:36","Deleting %d contact
msgid_plural: Deleting %d contacts","msgstr[0]: Удаление %d контакта
msgstr[1]: Удаление %d контактов
msgstr[2]: Удаление %d контактов"
"src/contacts-editor-persona.vala:83","Show More","Показать больше"
"src/contacts-editor-property.vala:63","Day","День"
"src/contacts-editor-property.vala:67","Month","Месяц"
"src/contacts-editor-property.vala:71","Year","Год"
"src/contacts-editor-property.vala:76","Change Birthday","Изменить день рождения"
"src/contacts-editor-property.vala:77","Set","Установить"
"src/contacts-editor-property.vala:146","Street","Улица"
"src/contacts-editor-property.vala:146","Extension","Расширение"
"src/contacts-editor-property.vala:146","City","Город"
"src/contacts-editor-property.vala:146","State/Province","Штат/Область"
"src/contacts-editor-property.vala:146","Zip/Postal Code","Почтовый индекс"
"src/contacts-editor-property.vala:146","PO box","Почтовый ящик"
"src/contacts-editor-property.vala:146","Country","Страна"
"src/contacts-editor-property.vala:204 src/contacts-utils.vala:556","Role","Роль"
"src/contacts-editor-property.vala:211","Organisation","Организация"
"src/contacts-editor-property.vala:330 src/contacts-editor-property.vala:680","Delete field","Удалить поле"
"src/contacts-editor-property.vala:373","Label","Метка"
"src/contacts-editor-property.vala:529","Add email","Добавить эл. почту"
"src/contacts-editor-property.vala:556","Add phone number","Добавить номер телефона"
"src/contacts-editor-property.vala:584","https://example.com","https://example.com"
"src/contacts-editor-property.vala:600 src/contacts-utils.vala:551","Nickname","Псевдоним"
"src/contacts-editor-property.vala:653 src/contacts-editor-property.vala:689","Set Birthday","Установить День рождения"
"src/contacts-esd-setup.vala:152 src/contacts-utils.vala:376","Local Address Book","Локальная адресная книга"
"src/contacts-esd-setup.vala:155 src/contacts-esd-setup.vala:170 src/contacts-utils.vala:436","Google","Google"
"src/contacts-esd-setup.vala:167","Local Contact","Локальный контакт"
"src/contacts-im-service.vala:30","AOL Instant Messenger","AOL Instant Messenger"
"src/contacts-im-service.vala:31","Facebook","Facebook"
"src/contacts-im-service.vala:32","Gadu-Gadu","Gadu-Gadu"
"src/contacts-im-service.vala:33","Google Talk","Google Talk"
"src/contacts-im-service.vala:34","Novell Groupwise","Novell Groupwise"
"src/contacts-im-service.vala:35","ICQ","ICQ"
"src/contacts-im-service.vala:36","IRC","IRC"
"src/contacts-im-service.vala:37","Jabber","Jabber"
"src/contacts-im-service.vala:38","Livejournal","Livejournal"
"src/contacts-im-service.vala:39","Local network","Локальная сеть"
"src/contacts-im-service.vala:40","Windows Live Messenger","Windows Live Messenger"
"src/contacts-im-service.vala:41","MySpace","MySpace"
"src/contacts-im-service.vala:42","MXit","MXit"
"src/contacts-im-service.vala:43","Napster","Napster"
"src/contacts-im-service.vala:44","Ovi Chat","Ovi Chat"
"src/contacts-im-service.vala:45","Tencent QQ","Tencent QQ"
"src/contacts-im-service.vala:46","IBM Lotus Sametime","IBM Lotus Sametime"
"src/contacts-im-service.vala:47","SILC","SILC"
"src/contacts-im-service.vala:48","sip","sip"
"src/contacts-im-service.vala:49","Skype","Skype"
"src/contacts-im-service.vala:50","Telephony","Telephony"
"src/contacts-im-service.vala:51","Trepia","Trepia"
"src/contacts-im-service.vala:52 src/contacts-im-service.vala:53","Yahoo! Messenger","Yahoo! Messenger"
"src/contacts-im-service.vala:54","Zephyr","Zephyr"
"src/contacts-link-operation.vala:38","Linked %d contact
msgid_plural: Linked %d contacts","msgstr[0]: Связан %d контакт
msgstr[1]: Связаны %d контакта
msgstr[2]: Связаны %d контактов"
"src/contacts-link-suggestion-grid.vala:49","Is this the same person as %s from %s?","Это тот же человек, что и %s из %s?"
"src/contacts-link-suggestion-grid.vala:52","Is this the same person as %s?","Это тот же человек, что и %s?"
"src/contacts-linked-personas-dialog.vala:70","Unlink","Разъединить"
"src/contacts-main-window.vala:187","%llu Selected
msgid_plural: %llu Selected","msgstr[0]: Выбран %llu
msgstr[1]: Выбрано %llu
msgstr[2]: Выбрано %llu"
"src/contacts-main-window.vala:217","_Add","_Добавить"
"src/contacts-main-window.vala:247","Editing %s","Изменение %s"
"src/contacts-main-window.vala:267","%d Selected
msgid_plural: %d Selected","msgstr[0]: Выбран %d
msgstr[1]: Выбрано %d
msgstr[2]: Выбрано %d"
"src/contacts-main-window.vala:287 src/contacts-main-window.vala:480 src/contacts-main-window.vala:519","_Undo","От_менить"
"src/contacts-main-window.vala:354","New Contact","Создать контакт"
"src/contacts-main-window.vala:444","Unmark as favorite","Убрать из избранных"
"src/contacts-main-window.vala:446","Mark as favorite","Добавить в избранные"
"src/contacts-type-descriptor.vala:83 src/contacts-typeset.vala:239","Other","Другой"
"src/contacts-typeset.vala:187 src/contacts-typeset.vala:208 src/contacts-typeset.vala:234 src/contacts-typeset.vala:236","Home","Дом"
"src/contacts-typeset.vala:188 src/contacts-typeset.vala:209 src/contacts-typeset.vala:228 src/contacts-typeset.vala:230","Work","Работа"
"src/contacts-typeset.vala:207","Personal","Личные"
"src/contacts-typeset.vala:227","Assistant","Помощник"
"src/contacts-typeset.vala:229","Work Fax","Рабочий факс"
"src/contacts-typeset.vala:231","Callback","Обратная связь"
"src/contacts-typeset.vala:232","Car","Машина"
"src/contacts-typeset.vala:233","Company","Компания"
"src/contacts-typeset.vala:235","Home Fax","Домашний факс"
"src/contacts-typeset.vala:237","ISDN","ISDN"
"src/contacts-typeset.vala:238","Mobile","Мобильный"
"src/contacts-typeset.vala:240","Fax","Факс"
"src/contacts-typeset.vala:241","Pager","Пейджер"
"src/contacts-typeset.vala:242","Radio","Радио"
"src/contacts-typeset.vala:243","Telex","Telex"
"src/contacts-typeset.vala:245","TTY","TTY"
"src/contacts-unlink-operation.vala:37","Unlinking contacts","Разъединение контактов"
"src/contacts-utils.vala:540","Alias","Псевдоним"
"src/contacts-utils.vala:541","Avatar","Аватар"
"src/contacts-utils.vala:542","Birthday","День рождения"
"src/contacts-utils.vala:543","Calendar event","Событие в календаре"
"src/contacts-utils.vala:544","Email address","Адрес электронной почты"
"src/contacts-utils.vala:545","Full name","Полное имя"
"src/contacts-utils.vala:546","Gender","Пол"
"src/contacts-utils.vala:547","Group","Группа"
"src/contacts-utils.vala:548","Instant messaging","Обмен мгновенными сообщениями"
"src/contacts-utils.vala:549","Favourite","Избранный"
"src/contacts-utils.vala:550","Local ID","Локальный ID"
"src/contacts-utils.vala:552","Note","Примечание"
"src/contacts-utils.vala:553","Phone number","Номер телефона"
"src/contacts-utils.vala:554","Address","Адрес"
"src/contacts-utils.vala:559","Structured name","Фамилия"
"src/contacts-utils.vala:560","Website","Веб-страница"
"src/contacts-utils.vala:561","Web service","Веб-сервис"
"src/org.gnome.Contacts.gschema.xml:6","First-time setup done.","Первоначальная настройка выполнена."
"src/org.gnome.Contacts.gschema.xml:7","Set to true after the user has run the first-time setup wizard.","Установлено значение «true», после запуска пользователем помощника установки."
"src/org.gnome.Contacts.gschema.xml:11","Sort contacts on surname.","Сортировать контакты по фамилии."
"src/org.gnome.Contacts.gschema.xml:12","If this is set to true, the list of contacts will be sorted on their surnames. Otherwise, it will be sorted on the first names of the contacts.","Если для этого параметра установлено значение true, список контактов будет отсортирован по фамилиям. В противном случае он будет отсортирован по именам."
"src/org.gnome.Contacts.gschema.xml:19","The default height of the contacts window.","Высота окна приложения Контакты по умолчанию."
"src/org.gnome.Contacts.gschema.xml:20","If the window size has not been changed by the user yet this will be used as the initial value for the height of the window.","Если размер окна не был изменён пользователем, это значение будет использоваться в качестве начального значения высоты окна."
"src/org.gnome.Contacts.gschema.xml:26","The default width of the contacts window.","Ширина окна приложения Контакты по умолчанию."
"src/org.gnome.Contacts.gschema.xml:27","If the window size has not been changed by the user yet this will be used as the initial value for the width of the window.","Если размер окна не был изменён пользователем, это значение будет использоваться в качестве начального значения ширины окна."
"src/org.gnome.Contacts.gschema.xml:32","Is the window maximized?","Развёрнуто ли окно?"
"src/org.gnome.Contacts.gschema.xml:33 src/org.gnome.Contacts.gschema.xml:38","Stores if the window is currently maximized.","Хранит информацию, развёрнуто ли сейчас окно."
"src/org.gnome.Contacts.gschema.xml:37","Is the window fullscreen","Является ли окно полноэкранным"
