"location","source","target"
"","po header","Project-Id-Version: gnome-documents master
Report-Msgid-Bugs-To: https://gitlab.gnome.org/GNOME/gnome-books/issues
POT-Creation-Date: 2022-04-28 15:33+0000
PO-Revision-Date: 2021-06-29 08:21+0300
Last-Translator: Alexey Rubtsov <rushills@gmail.com>
Language-Team: Русский <gnome-cyr@gnome.org>
Language: ru
MIME-Version: 1.0
Content-Type: text/plain; charset=UTF-8
Content-Transfer-Encoding: 8bit
Plural-Forms: nplurals=3; plural=(n%10==1 && n%100!=11 ? 0 : n%10>=2 && n%10<=4 && (n%100<10 || n%100>=20) ? 1 : 2);
X-Generator: Poedit 3.0
"
"data/org.gnome.Books.appdata.xml.in:7 data/org.gnome.Books.desktop.in:3 src/application.js:107 src/overview.js:1040","Books","Книги"
"data/org.gnome.Books.appdata.xml.in:8","An e-book manager application for GNOME","Приложение для управления электронными книгами в GNOME"
"data/org.gnome.Books.appdata.xml.in:10","A simple application to access and organize your e-books on GNOME. It is meant to be a simple and elegant replacement for using a file manager to deal with e-books.","Простое приложение для управления электронными книгами в GNOME. Это приложение предоставляет простую и элегантную замену файловому менеджеру при работе с электронными книгами."
"data/org.gnome.Books.appdata.xml.in:15","It lets you:","Позволяет:"
"data/org.gnome.Books.appdata.xml.in:17","View recent e-books","Открывать последние электронные книги"
"data/org.gnome.Books.appdata.xml.in:18","Search through e-books","Выполнять поиск по электронными книгам"
"data/org.gnome.Books.appdata.xml.in:19","View e-books (ePubs and comics) fullscreen","Просматривать электронные книги (ePubs и комиксы) в полноэкранном режиме"
"data/org.gnome.Books.appdata.xml.in:31","The GNOME Project","Проект GNOME"
"data/org.gnome.Books.desktop.in:4","Access, manage and share books","Управление книгами и предоставление к ним доступа"
"data/org.gnome.Books.desktop.in:14","Books;Comics;ePub;PDF;","Книги;Комиксы;ePub;PDF;"
"data/org.gnome.books.gschema.xml:5","View as","Вид"
"data/org.gnome.books.gschema.xml:6","View as type","Вид"
"data/org.gnome.books.gschema.xml:10","Sort by","Упорядочить по"
"data/org.gnome.books.gschema.xml:11","Sort by type","Упорядочить по типу"
"data/org.gnome.books.gschema.xml:15","Window size","Размер окна"
"data/org.gnome.books.gschema.xml:16","Window size (width and height).","Размер окна (ширина и высота)."
"data/org.gnome.books.gschema.xml:20","Window position","Положение окна"
"data/org.gnome.books.gschema.xml:21","Window position (x and y).","Положение окна (x, y)."
"data/org.gnome.books.gschema.xml:25","Window maximized","Окно развёрнуто"
"data/org.gnome.books.gschema.xml:26","Window maximized state","Состояние развёрнутого окна"
"data/org.gnome.books.gschema.xml:30","Night mode","Ночной режим"
"data/org.gnome.books.gschema.xml:31","Whether the application is in night mode.","Должно ли приложение использовать ночной режим."
"data/ui/books-app-menu.ui:6 src/preview.js:452","Night Mode","Ночной режим"
"data/ui/books-app-menu.ui:12","Keyboard Shortcuts","Комбинации клавиш"
"data/ui/books-app-menu.ui:16","Help","Справка"
"data/ui/books-app-menu.ui:20","About Books","О приложении Книги"
"data/ui/help-overlay.ui:11","General","Основные"
"data/ui/help-overlay.ui:15","Show help","Показать справку"
"data/ui/help-overlay.ui:22","Quit","Завершить"
"data/ui/help-overlay.ui:29","Search","Поиск"
"data/ui/help-overlay.ui:36","Print the current document","Печать текущего документа"
"data/ui/help-overlay.ui:45","Navigation","Навигация"
"data/ui/help-overlay.ui:49 data/ui/help-overlay.ui:57","Go back","Назад"
"data/ui/help-overlay.ui:67","Preview","Предварительный просмотр"
"data/ui/help-overlay.ui:71","Zoom in","Увеличить"
"data/ui/help-overlay.ui:78","Zoom out","Уменьшить"
"data/ui/help-overlay.ui:85","Bookmark the current page","Добавить в закладки текущую страницу"
"data/ui/help-overlay.ui:92","Open places and bookmarks dialog","Открыть диалоговое окно закладок и мест"
"data/ui/help-overlay.ui:99","Copy selected text to clipboard","Копировать выделенный текст в буфер обмена"
"data/ui/help-overlay.ui:106","Rotate counterclockwise","Повернуть против часовой стрелки"
"data/ui/help-overlay.ui:113","Rotate clockwise","Повернуть по часовой стрелке"
"data/ui/help-overlay.ui:120","Next occurrence of the search string","Следующее вхождение искомой строки"
"data/ui/help-overlay.ui:127","Previous occurrence of the search string","Предыдущее вхождение искомой строки"
"data/ui/help-overlay.ui:134","Presentation mode","Режим презентации"
"data/ui/help-overlay.ui:141","Open action menu","Открыть меню действий"
"data/ui/help-overlay.ui:148","Fullscreen","Полноэкранный режим"
"data/ui/organize-collection-dialog.ui:40","Enter a name for your first collection","Введите название для вашей первой коллекции"
"data/ui/organize-collection-dialog.ui:56 data/ui/organize-collection-dialog.ui:113","New Collection…","Создать коллекцию…"
"data/ui/organize-collection-dialog.ui:73 data/ui/organize-collection-dialog.ui:122","Add","Добавить"
"data/ui/organize-collection-dialog.ui:163 data/ui/selection-toolbar.ui:88 src/overview.js:1044 src/search.js:123","Collections","Коллекции"
"data/ui/organize-collection-dialog.ui:167 src/overview.js:600","Cancel","Отмена"
"data/ui/organize-collection-dialog.ui:173","Done","Выполнено"
"data/ui/preview-context-menu.ui:6","_Copy","_Копировать"
"data/ui/preview-menu.ui:6 data/ui/selection-toolbar.ui:9 src/selections.js:977","Open","Открыть"
"data/ui/preview-menu.ui:10","Edit","Правка"
"data/ui/preview-menu.ui:15","Print…","Печать…"
"data/ui/preview-menu.ui:21 src/preview.js:461","Fullscreen","Полноэкранный режим"
"data/ui/preview-menu.ui:27","Present","Презентация"
"data/ui/preview-menu.ui:35","Zoom In","Увеличить"
"data/ui/preview-menu.ui:41","Zoom Out","Уменьшить"
"data/ui/preview-menu.ui:49","Rotate ↶","Повернуть ↶"
"data/ui/preview-menu.ui:55","Rotate ↷","Повернуть ↷"
"data/ui/preview-menu.ui:62 data/ui/selection-toolbar.ui:79 src/properties.js:61","Properties","Свойства"
"data/ui/selection-menu.ui:6","Select All","Выбрать все"
"data/ui/selection-menu.ui:11","Select None","Отменить выбор"
"data/ui/view-menu.ui:23","View items as a grid of icons","Показывать в виде сетки значков"
"data/ui/view-menu.ui:40","View items as a list","Показывать в виде списка"
"data/ui/view-menu.ui:73","Sort","Упорядочить"
"data/ui/view-menu.ui:84","Author","Автор"
"data/ui/view-menu.ui:93","Date","Дата"
"data/ui/view-menu.ui:102","Name","Имя"
"src/application.js:123","Show the version of the program","Показать версию программы"
"src/documents.js:780","Failed to print document","Не удалось напечатать документ"
"src/documents.js:822 src/search.js:373","Local","Локальные"
"src/documents.js:879","Collection","Коллекция"
"src/documents.js:1073","You are using a preview of Books. Full viewing capabilities are coming soon!","Вы используете предварительную версию приложения Книги. Полный набор возможностей появится в ближайшее время!"
"src/documents.js:1100","Oops! Unable to load “%s”","Ой! Не удалось загрузить «%s»"
"src/epubview.js:315","chapter %s of %s","глава %s из %s"
"src/evinceview.js:521 src/lib/gd-places-bookmarks.c:656","Bookmarks","Закладки"
"src/evinceview.js:529","Bookmark this page","Добавить в закладки эту страницу"
"src/lib/gd-nav-bar.c:242","Page %u of %u","Страница %u из %u"
"src/lib/gd-pdf-loader.c:142","Unable to load the document","Не удалось загрузить документ"
"src/lib/gd-places-bookmarks.c:321","Page %s","Страница %s"
"src/lib/gd-places-bookmarks.c:384","No bookmarks","Нет закладок"
"src/lib/gd-places-bookmarks.c:392 src/lib/gd-places-links.c:257","Loading…","Загрузка…"
"src/lib/gd-places-links.c:342","No table of contents","Нет содержания"
"src/lib/gd-places-links.c:514","Contents","Содержание"
"src/lib/gd-utils.c:318","translator-credits","Станислав Соловей <whats_up@tut.by>, 2013-2019.
Юрий Мясоедов <ymyasoedov@yandex.ru>, 2014.
Alexey Rubtsov <rushills@gmail.com>, 2021"
"src/lib/gd-utils.c:319","An e-books manager application","Приложение для управления электронными книгами"
"src/mainToolbar.js:95","Menu","Меню"
"src/mainToolbar.js:106","Search","Поиск"
"src/mainToolbar.js:116","Back","Назад"
"src/notifications.js:47","“%s” deleted","Удалён объект «%s»"
"src/notifications.js:51","%d item deleted
msgid_plural: %d items deleted","msgstr[0]: Удалён %d элемент
msgstr[1]: Удалено %d элемента
msgstr[2]: Удалено %d элементов"
"src/notifications.js:60 src/selections.js:384","Undo","Отменить"
"src/notifications.js:158","Printing “%s”: %s","Печать «%s»: %s"
"src/overview.js:287","No collections found","Коллекции не найдены"
"src/overview.js:289","No books found","Книги не найдены"
"src/overview.js:301","Try a different search","Попробуйте изменить параметры поиска"
"src/overview.js:303","You can create collections from the Books view","Вы можете создавать коллекции из режима просмотра книг"
"src/overview.js:313","Books from your <a href=""%s"">Documents</a> folder will appear here","Книги из папки <a href=""%s"">Документы</a> появятся здесь"
"src/overview.js:546","View Menu","Меню «Вид»"
"src/overview.js:574","Click on items to select them","Щёлкните по элементам, чтобы выбрать их"
"src/overview.js:576","%d selected
msgid_plural: %d selected","msgstr[0]: Выбрано: %d
msgstr[1]: Выбрано: %d
msgstr[2]: Выбрано: %d"
"src/overview.js:657","Select Items","Выбрать элементы"
"src/overview.js:864","Yesterday","Вчера"
"src/overview.js:866","%d day ago
msgid_plural: %d days ago","msgstr[0]: %d день назад
msgstr[1]: %d дня назад
msgstr[2]: %d дней назад"
"src/overview.js:870","Last week","На прошлой неделе"
"src/overview.js:872","%d week ago
msgid_plural: %d weeks ago","msgstr[0]: %d неделя назад
msgstr[1]: %d недели назад
msgstr[2]: %d недель назад"
"src/overview.js:876","Last month","В прошлом месяце"
"src/overview.js:878","%d month ago
msgid_plural: %d months ago","msgstr[0]: %d месяц назад
msgstr[1]: %d месяца назад
msgstr[2]: %d месяцев назад"
"src/overview.js:882","Last year","В прошлом году"
"src/overview.js:884","%d year ago
msgid_plural: %d years ago","msgstr[0]: %d год назад
msgstr[1]: %d года назад
msgstr[2]: %d лет назад"
"src/password.js:42","Password Required","Требуется пароль"
"src/password.js:45","_Unlock","_Разблокировать"
"src/password.js:61","Document %s is locked and requires a password to be opened.","Документ %s заблокирован, чтобы его открыть нужен пароль."
"src/password.js:75","_Password","_Пароль"
"src/preview.js:444 src/selections.js:974","Open with %s","Открыть с помощью %s"
"src/preview.js:780","Find Previous","Найти предыдущее"
"src/preview.js:786","Find Next","Найти следующее"
"src/properties.js:81","Title","Заголовок"
"src/properties.js:90","Author","Автор"
"src/properties.js:97","Source","Источник"
"src/properties.js:103","Date Modified","Дата последнего изменения"
"src/properties.js:110","Date Created","Дата создания"
"src/properties.js:119","Type","Тип"
"src/search.js:118","Type","Тип"
"src/search.js:121 src/search.js:227 src/search.js:367","All","Все"
"src/search.js:129","e-Books","Электронные книги"
"src/search.js:133","Comics","Комиксы"
"src/search.js:224","Match","Совпадение"
"src/search.js:230","Title","Заголовок"
"src/search.js:233","Author","Автор"
"src/search.js:236","Content","Содержимое"
"src/search.js:363","Sources","Источники"
"src/selections.js:357 src/selections.js:359","Rename…","Переименовать…"
"src/selections.js:363 src/selections.js:365","Delete","Удалить"
"src/selections.js:379","“%s” removed","«%s» удалён"
"src/selections.js:776","Rename","Переименовать"
"src/selections.js:782","Collections","Коллекции"
"src/trackerController.js:176","Unable to fetch the list of documents","Не удалось получить список документов"
