"location","source","target"
"","po header","Project-Id-Version: gnome-terminal trunk
Report-Msgid-Bugs-To: https://gitlab.gnome.org/GNOME/gnome-terminal/issues
POT-Creation-Date: 2022-05-20 04:33+0000
PO-Revision-Date: 2021-08-02 11:26+0300
Last-Translator: Alexey Rubtsov <rushills@gmail.com>
Language-Team: Русский <gnome-cyr@gnome.org>
Language: ru
MIME-Version: 1.0
Content-Type: text/plain; charset=UTF-8
Content-Transfer-Encoding: 8bit
Plural-Forms: nplurals=3; plural=(n%10==1 && n%100!=11 ? 0 : n%10>=2 && n%10<=4 && (n%100<10 || n%100>=20) ? 1 : 2);
X-Generator: Poedit 2.4.3
"
"data/org.gnome.Terminal.Nautilus.metainfo.xml.in:35","org.gnome.Terminal.Nautilus","org.gnome.Terminal.Nautilus"
"data/org.gnome.Terminal.Nautilus.metainfo.xml.in:36","org.gnome.Nautilus.desktop","org.gnome.Nautilus.desktop"
"data/org.gnome.Terminal.Nautilus.metainfo.xml.in:37 data/org.gnome.Terminal.metainfo.xml.in:36","GPL-3.0+ or GFDL-1.3-only","GPL-3.0+ или только GFDL-1.3"
"data/org.gnome.Terminal.Nautilus.metainfo.xml.in:38 data/org.gnome.Terminal.metainfo.xml.in:37","GPL-3.0+","GPL-3.0+"
"data/org.gnome.Terminal.Nautilus.metainfo.xml.in:39","Terminal plugin for Files","Модуль терминала для Nautilus"
"data/org.gnome.Terminal.Nautilus.metainfo.xml.in:40","Open a terminal from Files","Открывает терминал из Nautilus"
"data/org.gnome.Terminal.Nautilus.metainfo.xml.in:42","Open Terminal is a plugin for the Files application that adds a menu item to the context menu to open a terminal in the currently browsed directory.","Открыть терминал — модуль для приложения Nautilus, который добавляет в строку в контекстном меню для открытия терминала в текущей просматриваемой папке."
"data/org.gnome.Terminal.Nautilus.metainfo.xml.in:44 data/org.gnome.Terminal.metainfo.xml.in:59","https://wiki.gnome.org/Apps/Terminal","https://wiki.gnome.org/Apps/Terminal"
"data/org.gnome.Terminal.Nautilus.metainfo.xml.in:45 data/org.gnome.Terminal.metainfo.xml.in:60 src/preferences.ui:214","GNOME","GNOME"
"data/org.gnome.Terminal.Nautilus.metainfo.xml.in:46 data/org.gnome.Terminal.metainfo.xml.in:61","https://wiki.gnome.org/Apps/Terminal/ReportingBugs","https://wiki.gnome.org/Apps/Terminal/ReportingBugs"
"data/org.gnome.Terminal.Nautilus.metainfo.xml.in:47","gnome-terminal","gnome-terminal"
"data/org.gnome.Terminal.desktop.in:3 data/org.gnome.Terminal.metainfo.xml.in:38 src/server.cc:152 src/terminal-accels.cc:232 src/terminal-menubar.ui.in:144 src/terminal-tab-label.cc:81 src/terminal-window.cc:1901 src/terminal-window.cc:2167 src/terminal-window.cc:2450 src/terminal.cc:570","Terminal","Терминал"
"data/org.gnome.Terminal.desktop.in:4 data/org.gnome.Terminal.metainfo.xml.in:39","Use the command line","Использовать командную строку"
"data/org.gnome.Terminal.desktop.in:5","shell;prompt;command;commandline;cmd;","оболочка;строка;команда;командная строка;cmd;"
"data/org.gnome.Terminal.desktop.in:17 src/terminal-accels.cc:127","New Window","Создать окно"
"data/org.gnome.Terminal.desktop.in:21 src/terminal-accels.cc:146","Preferences","Параметры"
"data/org.gnome.Terminal.metainfo.xml.in:35","org.gnome.Terminal.desktop","org.gnome.Terminal.desktop"
"data/org.gnome.Terminal.metainfo.xml.in:41","GNOME Terminal is a terminal emulator application for accessing a UNIX shell environment which can be used to run programs available on your system.","Терминал GNOME — это эмулятор терминала для работы со средой оболочки UNIX. Терминал можно использовать для запуска программ, доступных в вашей системе."
"data/org.gnome.Terminal.metainfo.xml.in:42","It supports several profiles, multiple tabs and implements several keyboard shortcuts.","Терминал GNOME поддерживает работу с профилями, создание вкладок вкладок, комбинации клавиш."
"data/org.gnome.Terminal.metainfo.xml.in:45","console","консоль"
"data/org.gnome.Terminal.metainfo.xml.in:46","keyboard","клавиатура"
"data/org.gnome.Terminal.metainfo.xml.in:47","pointing","указатель"
"data/org.gnome.Terminal.metainfo.xml.in:50","https://help.gnome.org/users/gnome-terminal/stable/figures/gnome-terminal.png","https://help.gnome.org/users/gnome-terminal/stable/figures/gnome-terminal.png"
"data/org.gnome.Terminal.metainfo.xml.in:53","HiDpiIcon","HiDpiIcon"
"data/org.gnome.Terminal.metainfo.xml.in:54","HighContrast","HighContrast"
"data/org.gnome.Terminal.metainfo.xml.in:55","ModernToolkit","ModernToolkit"
"data/org.gnome.Terminal.metainfo.xml.in:56","SearchProvider","SearchProvider"
"data/org.gnome.Terminal.metainfo.xml.in:57","UserDocs","UserDocs"
"src/org.gnome.Terminal.gschema.xml:133","'Unnamed'","'Безымянный'"
"src/org.gnome.Terminal.gschema.xml:134","Human-readable name of the profile","Читабельное название профиля"
"src/org.gnome.Terminal.gschema.xml:135","Human-readable name of the profile.","Читабельное имя профиля."
"src/org.gnome.Terminal.gschema.xml:139","Default color of text in the terminal","Цвет текста в терминале по умолчанию"
"src/org.gnome.Terminal.gschema.xml:140","Default color of text in the terminal, as a color specification (can be HTML-style hex digits, or a color name such as “red”).","Цвет текста в терминале по умолчанию, как цветовая спецификация (может быть в виде шестнадцатеричных цифр HTML или имени цвета, например, «red»)."
"src/org.gnome.Terminal.gschema.xml:144","Default color of terminal background","Цвет фона терминала по умолчанию"
"src/org.gnome.Terminal.gschema.xml:145","Default color of terminal background, as a color specification (can be HTML-style hex digits, or a color name such as “red”).","Цвет фона терминала по умолчанию, как цветовая спецификация (может быть в виде шестнадцатеричных цифр HTML или имени цвета, например, «red»)."
"src/org.gnome.Terminal.gschema.xml:149","Default color of bold text in the terminal","Цвет полужирного текста в терминале по умолчанию"
"src/org.gnome.Terminal.gschema.xml:150","Default color of bold text in the terminal, as a color specification (can be HTML-style hex digits, or a color name such as “red”). This is ignored if bold-color-same-as-fg is true.","Цвет полужирного текста в терминале по умолчанию, как цветовая спецификация (может быть в виде шестнадцатеричных цифр HTML или имени цвета, например, «red»). Параметр игнорируется, если в параметре «bold_color_same_as_fg» установлено значение «true»."
"src/org.gnome.Terminal.gschema.xml:154","Whether bold text should use the same color as normal text","Выводить ли полужирный текст тем же цветом что и обычный текст"
"src/org.gnome.Terminal.gschema.xml:155","If true, boldface text will be rendered using the same color as normal text.","Если включено, выделенный полужирным текст будет выводиться тем же цветом что и обычный текст."
"src/org.gnome.Terminal.gschema.xml:160","Scale factor for the cell height to increase line spacing. (Does not increase the font’s height.)","Коэффициент масштаба высоты ячейки для увеличения расстояния между строками. (Не увеличивает высоту шрифта.)"
"src/org.gnome.Terminal.gschema.xml:165","Scale factor for the cell width to increase letter spacing. (Does not increase the font’s width.)","Коэффициент масштаба ширины ячейки для увеличения расстояния между буквами. (Не увеличивает ширину шрифта.)"
"src/org.gnome.Terminal.gschema.xml:169","Whether to use custom cursor colors","Определяет использование пользовательских цветов для курсора"
"src/org.gnome.Terminal.gschema.xml:170","If true, use the cursor colors from the profile.","Если установлено значение «true», для курсора будет использован цвет из профиля."
"src/org.gnome.Terminal.gschema.xml:174","Cursor background color","Цвет фона курсора"
"src/org.gnome.Terminal.gschema.xml:175","Custom color of the background of the terminal’s cursor, as a color specification (can be HTML-style hex digits, or a color name such as “red”). This is ignored if cursor-colors-set is false.","Пользовательский цвет фона терминала по умолчанию, как цветовая спецификация (может быть в виде шестнадцатеричных цифр HTML или имени цвета, например, «red»)."
"src/org.gnome.Terminal.gschema.xml:179","Cursor foreground colour","Цвет курсора"
"src/org.gnome.Terminal.gschema.xml:180","Custom color for the foreground of the text character at the terminal’s cursor position, as a color specification (can be HTML-style hex digits, or a color name such as “red”). This is ignored if cursor-colors-set is false.","Пользовательский цвет символа курсора терминала, как цветовая спецификация (может быть в виде шестнадцатеричных цифр HTML или имени цвета, например, «red»). Параметр игнорируется, если в параметре «cursor-colors-set» установлено значение «false»."
"src/org.gnome.Terminal.gschema.xml:184","Whether to use custom highlight colors","Определяет использование пользовательских цветов подсветки"
"src/org.gnome.Terminal.gschema.xml:185","If true, use the highlight colors from the profile.","Если установлено значение «true», для подсветки будет использован цвет из профиля."
"src/org.gnome.Terminal.gschema.xml:189","Highlight background color","Цвет фона подсветки"
"src/org.gnome.Terminal.gschema.xml:190","Custom color of the background of the terminal’s highlight, as a color specification (can be HTML-style hex digits, or a color name such as “red”). This is ignored if highlight-colors-set is false.","Пользовательский цвет подсветки терминала, как цветовая спецификация (может быть в виде шестнадцатеричных цифр HTML или имени цвета, например, «red»). Параметр игнорируется, если в параметре «highlight-colors-set» установлено значение «false»."
"src/org.gnome.Terminal.gschema.xml:194","Highlight foreground colour","Цвет текста подсветки"
"src/org.gnome.Terminal.gschema.xml:195","Custom color for the foreground of the text character at the terminal’s highlight position, as a color specification (can be HTML-style hex digits, or a color name such as “red”). This is ignored if highlight-colors-set is false.","Пользовательский цвет текста подсветки терминала, как цветовая спецификация (может быть в виде шестнадцатеричных цифр HTML или имени цвета, например, «red»). Параметр игнорируется, если в параметре «highlight-colors-set» установлено значение «false»."
"src/org.gnome.Terminal.gschema.xml:199","Whether to perform bidirectional text rendering","Следует ли выполнять двунаправленный рендеринг текста"
"src/org.gnome.Terminal.gschema.xml:200","If true, perform bidirectional text rendering (“BiDi”).","Если true, то выполняется двунаправленный рендеринг текста (""BiDi"")."
"src/org.gnome.Terminal.gschema.xml:204","Whether to perform Arabic shaping","Нужно ли выполнять арабское формообразование"
"src/org.gnome.Terminal.gschema.xml:205","If true, shape Arabic text.","Если true, придать форму арабского текста."
"src/org.gnome.Terminal.gschema.xml:209","Whether to enable SIXEL images","Включать ли изображения SIXEL"
"src/org.gnome.Terminal.gschema.xml:210","If true, SIXEL sequences are parsed and images are rendered.","Если true, последовательности SIXEL разбираются, и изображения выводятся на экран."
"src/org.gnome.Terminal.gschema.xml:214","Whether bold is also bright","Жирный шрифт также яркий"
"src/org.gnome.Terminal.gschema.xml:215","If true, setting bold on the first 8 colors also switches to their bright variants.","Если в значении true, выделение жирным шрифтом на первых 8 цветах также переключается на их яркие варианты."
"src/org.gnome.Terminal.gschema.xml:219","Whether to ring the terminal bell","Озвучивать ли звонок терминала"
"src/org.gnome.Terminal.gschema.xml:223","List of ASCII punctuation characters that are not to be treated as part of a word when doing word-wise selection","Список знаков препинания из набора ASCII, которые не будут обрабатываться как часть слова при выделении по словам"
"src/org.gnome.Terminal.gschema.xml:228","Default number of columns","Число столбцов по умолчанию"
"src/org.gnome.Terminal.gschema.xml:229","Number of columns in newly created terminal windows. Has no effect if use_custom_default_size is not enabled.","Количество столбцов в создаваемых окнах терминалов. Используется при включённом use_custom_default_size."
"src/org.gnome.Terminal.gschema.xml:234","Default number of rows","Число строк по умолчанию"
"src/org.gnome.Terminal.gschema.xml:235","Number of rows in newly created terminal windows. Has no effect if use_custom_default_size is not enabled.","Количество строк в создаваемых окнах терминалов. Используется при включённом use_custom_default_size."
"src/org.gnome.Terminal.gschema.xml:239","When to show the scrollbar","Когда показывать полосу прокрутки"
"src/org.gnome.Terminal.gschema.xml:243","Number of lines to keep in scrollback","Количество строк в буфере прокрутки"
"src/org.gnome.Terminal.gschema.xml:244","Number of scrollback lines to keep around. You can scroll back in the terminal by this number of lines; lines that don’t fit in the scrollback are discarded. If scrollback_unlimited is true, this value is ignored.","Количество строк, сохраняемых в буфере прокрутки. Вы можете прокрутить вывод терминала назад на это количество строк, при превышении этого количества самые старые строки отбрасываются. Если «scrollback_unlimited» равно «true», то это значение игнорируется."
"src/org.gnome.Terminal.gschema.xml:248","Whether an unlimited number of lines should be kept in scrollback","Включение в буфере прокрутки бесконечного количества строк"
"src/org.gnome.Terminal.gschema.xml:249","If true, scrollback lines will never be discarded. The scrollback history is stored on disk temporarily, so this may cause the system to run out of disk space if there is a lot of output to the terminal.","Если включено, то перемотанные строки не будут отбрасываться. Они будут временно сохраняться на диск, что при большом количестве вывода в терминал может привести к заполнению дискового пространства."
"src/org.gnome.Terminal.gschema.xml:253","Whether to scroll to the bottom when a key is pressed","Прокручивать ли окно вниз при нажатии клавиши"
"src/org.gnome.Terminal.gschema.xml:254","If true, pressing a key jumps the scrollbar to the bottom.","Если включено, нажатие клавиши приводит к перемотке до низа."
"src/org.gnome.Terminal.gschema.xml:258","Whether to scroll to the bottom when there’s new output","Прокручивать ли вниз при появлении нового вывода"
"src/org.gnome.Terminal.gschema.xml:259","If true, whenever there’s new output the terminal will scroll to the bottom.","Если установлено, появление нового вывода в терминале будет приводить к прокрутке вниз."
"src/org.gnome.Terminal.gschema.xml:263","What to do with the terminal when the child command exits","Что делать с терминалом после завершения дочерней команды"
"src/org.gnome.Terminal.gschema.xml:264","Possible values are “close” to close the terminal, “restart” to restart the command, and “hold” to keep the terminal open with no command running inside.","Возможные значения: «close» — закрыть терминал, «restart» — перезапустить команду, «hold» — оставить терминал открытым без выполняемых команд."
"src/org.gnome.Terminal.gschema.xml:268","Whether to launch the command in the terminal as a login shell","Запускать ли команду в терминале как регистрационную оболочку (login shell)"
"src/org.gnome.Terminal.gschema.xml:269","If true, the command inside the terminal will be launched as a login shell (argv[0] will have a hyphen in front of it).","Если включено, команда в терминале будет запущена как login shell (перед argv[0] будет поставлен дефис)."
"src/org.gnome.Terminal.gschema.xml:273","Whether to preserve the working directory when opening a new terminal","Сохранять ли рабочий каталог при открытии нового терминала"
"src/org.gnome.Terminal.gschema.xml:274","Controls when opening a new terminal from a previous one carries over the working directory of the opening terminal to the new one.","Контролирует, когда открытие нового терминала из предыдущего переносит рабочий каталог открывающегося терминала в новый."
"src/org.gnome.Terminal.gschema.xml:280","Whether to run a custom command instead of the shell","Запускать ли другую команду вместо оболочки"
"src/org.gnome.Terminal.gschema.xml:281","If true, the value of the custom_command setting will be used in place of running a shell.","Если этот ключ установлен, вместо оболочки будет использоваться значение параметра custom_command."
"src/org.gnome.Terminal.gschema.xml:285","Whether to blink the cursor","Включать ли мигание курсора"
"src/org.gnome.Terminal.gschema.xml:286","The possible values are “system” to use the global cursor blinking settings, or “on” or “off” to set the mode explicitly.","Возможные значения этого ключа: «system» для использования системной настройки мигания курсора, либо «on» или «off» для явной установки режима мигания."
"src/org.gnome.Terminal.gschema.xml:290","The cursor appearance","Вид курсора"
"src/org.gnome.Terminal.gschema.xml:294","Possible values are “always” or “never” allow blinking text, or only when the terminal is “focused” or “unfocused”.","Возможные значения: «always» (всегда) или «never» (никогда) разрешать мигающий текст, или когда терминал «сфокусирован» или «не сфокусирован»."
"src/org.gnome.Terminal.gschema.xml:298","Custom command to use instead of the shell","Команда, используемая вместо оболочки"
"src/org.gnome.Terminal.gschema.xml:299","Run this command in place of the shell, if use_custom_command is true.","Выполнять эту команду вместо оболочки, если установлен ключ use_custom_command."
"src/org.gnome.Terminal.gschema.xml:318","Palette for terminal applications","Палитра для терминальных приложений"
"src/org.gnome.Terminal.gschema.xml:322","A Pango font name and size","Имя и размер шрифта pango"
"src/org.gnome.Terminal.gschema.xml:326","The code sequence the Backspace key generates","Последовательность кодов, генерируемая клавишей Backspace"
"src/org.gnome.Terminal.gschema.xml:330","The code sequence the Delete key generates","Последовательность кодов, генерируемая клавишей Delete"
"src/org.gnome.Terminal.gschema.xml:334","Whether to use the colors from the theme for the terminal widget","Использовать ли шрифт из текущей темы для объекта терминала"
"src/org.gnome.Terminal.gschema.xml:338","Whether to use the system monospace font","Использовать ли системный моноширинный шрифт"
"src/org.gnome.Terminal.gschema.xml:342","Whether to rewrap the terminal contents on window resize","Переносить ли содержимое в терминале при изменении размеров окна"
"src/org.gnome.Terminal.gschema.xml:346","Which encoding to use","Используемая кодировка"
"src/org.gnome.Terminal.gschema.xml:350","Whether ambiguous-width characters are narrow or wide when using UTF-8 encoding","Являются ли символы с неоднозначной шириной узкими или широкими при использовании кодировки UTF-8"
"src/org.gnome.Terminal.gschema.xml:359","Keyboard shortcut to open a new tab","Комбинация клавиш для открытия новой вкладки"
"src/org.gnome.Terminal.gschema.xml:363","Keyboard shortcut to open a new window","Комбинация клавиш для открытия нового окна"
"src/org.gnome.Terminal.gschema.xml:367","Keyboard shortcut to save the current tab contents to file","Комбинация клавиш для сохранения содержимого текущей вкладки в файл"
"src/org.gnome.Terminal.gschema.xml:371","Keyboard shortcut to export the current tab contents to file in various formats","Комбинация клавиш для экспорта содержимого текущей вкладки в файл в различных форматах"
"src/org.gnome.Terminal.gschema.xml:375","Keyboard shortcut to print the current tab contents to printer or file","Комбинация клавиш для печати содержимого текущей вкладки на принтере или в файл"
"src/org.gnome.Terminal.gschema.xml:379","Keyboard shortcut to close a tab","Комбинации клавиш для закрытия вкладки"
"src/org.gnome.Terminal.gschema.xml:383","Keyboard shortcut to close a window","Комбинации клавиш для закрытия окна"
"src/org.gnome.Terminal.gschema.xml:387","Keyboard shortcut to copy text","Комбинации клавиш для копирования текста"
"src/org.gnome.Terminal.gschema.xml:391","Keyboard shortcut to copy text as HTML","Комбинации клавиш для копирования текста как HTML"
"src/org.gnome.Terminal.gschema.xml:395","Keyboard shortcut to paste text","Комбинации клавиш для вставки текста"
"src/org.gnome.Terminal.gschema.xml:399","Keyboard shortcut to select all text","Комбинации клавиш для выделения всего текста"
"src/org.gnome.Terminal.gschema.xml:403","Keyboard shortcut to open the Preferences dialog","Комбинация клавиш для открытия диалогового окна «Параметры»"
"src/org.gnome.Terminal.gschema.xml:407","Keyboard shortcut to toggle full screen mode","Комбинация клавиш для включения или выключения полноэкранного режима"
"src/org.gnome.Terminal.gschema.xml:411","Keyboard shortcut to toggle the visibility of the menubar","Комбинация клавиш для управления отображением панели меню"
"src/org.gnome.Terminal.gschema.xml:415","Keyboard shortcut to toggle the read-only state","Комбинация клавиш для включения или выключения режима «только чтение»"
"src/org.gnome.Terminal.gschema.xml:419","Keyboard shortcut to reset the terminal","Комбинация клавиш для сброса терминала"
"src/org.gnome.Terminal.gschema.xml:423","Keyboard shortcut to reset and clear the terminal","Комбинация клавиш для сброса и очистки терминала"
"src/org.gnome.Terminal.gschema.xml:427","Keyboard shortcut to open the search dialog","Комбинация клавиш для открытия диалогового окна поиска"
"src/org.gnome.Terminal.gschema.xml:431","Keyboard shortcut to find the next occurrence of the search term","Комбинация клавиш для поиска следующего вхождения искомой строки"
"src/org.gnome.Terminal.gschema.xml:435","Keyboard shortcut to find the previous occurrence of the search term","Комбинация клавиш для поиска предыдущего вхождения искомой строки"
"src/org.gnome.Terminal.gschema.xml:439","Keyboard shortcut to clear the find highlighting","Комбинация клавиш для отмены подсветки поиска"
"src/org.gnome.Terminal.gschema.xml:443","Keyboard shortcut to switch to the previous tab","Комбинация клавиш для переключения на предыдущую вкладку"
"src/org.gnome.Terminal.gschema.xml:447","Keyboard shortcut to switch to the next tab","Комбинация клавиш для переключения на следующую вкладку"
"src/org.gnome.Terminal.gschema.xml:451","Keyboard shortcut to move the current tab to the left","Комбинация клавиш для перемещения текущей вкладки влево"
"src/org.gnome.Terminal.gschema.xml:455","Keyboard shortcut to move the current tab to the right","Комбинация клавиш для перемещения текущей вкладки вправо"
"src/org.gnome.Terminal.gschema.xml:459","Keyboard shortcut to detach current tab","Комбинация клавиш для отделения текущей вкладки"
"src/org.gnome.Terminal.gschema.xml:463 src/org.gnome.Terminal.gschema.xml:467 src/org.gnome.Terminal.gschema.xml:471 src/org.gnome.Terminal.gschema.xml:475 src/org.gnome.Terminal.gschema.xml:479 src/org.gnome.Terminal.gschema.xml:483 src/org.gnome.Terminal.gschema.xml:487 src/org.gnome.Terminal.gschema.xml:491 src/org.gnome.Terminal.gschema.xml:495 src/org.gnome.Terminal.gschema.xml:499 src/org.gnome.Terminal.gschema.xml:503 src/org.gnome.Terminal.gschema.xml:507 src/org.gnome.Terminal.gschema.xml:511 src/org.gnome.Terminal.gschema.xml:515 src/org.gnome.Terminal.gschema.xml:519 src/org.gnome.Terminal.gschema.xml:523 src/org.gnome.Terminal.gschema.xml:527 src/org.gnome.Terminal.gschema.xml:531 src/org.gnome.Terminal.gschema.xml:535 src/org.gnome.Terminal.gschema.xml:539 src/org.gnome.Terminal.gschema.xml:543 src/org.gnome.Terminal.gschema.xml:547 src/org.gnome.Terminal.gschema.xml:551 src/org.gnome.Terminal.gschema.xml:555 src/org.gnome.Terminal.gschema.xml:559 src/org.gnome.Terminal.gschema.xml:563 src/org.gnome.Terminal.gschema.xml:567 src/org.gnome.Terminal.gschema.xml:571 src/org.gnome.Terminal.gschema.xml:575 src/org.gnome.Terminal.gschema.xml:579 src/org.gnome.Terminal.gschema.xml:583 src/org.gnome.Terminal.gschema.xml:587 src/org.gnome.Terminal.gschema.xml:591 src/org.gnome.Terminal.gschema.xml:595 src/org.gnome.Terminal.gschema.xml:599","Keyboard shortcut to switch to the numbered tab","Комбинация клавиш для переключения на вкладку с определённым номером"
"src/org.gnome.Terminal.gschema.xml:603","Keyboard shortcut to switch to the last tab","Комбинация клавиш для переключения на последнюю вкладку"
"src/org.gnome.Terminal.gschema.xml:607","Keyboard shortcut to launch help","Комбинации клавиш для открытия справки"
"src/org.gnome.Terminal.gschema.xml:611","Keyboard shortcut to make font larger","Комбинации клавиш для увеличения шрифта"
"src/org.gnome.Terminal.gschema.xml:615","Keyboard shortcut to make font smaller","Комбинации клавиш для уменьшения шрифта"
"src/org.gnome.Terminal.gschema.xml:619","Keyboard shortcut to make font normal-size","Комбинации клавиш для установки обычного размера шрифта"
"src/org.gnome.Terminal.gschema.xml:623","Keyboard shortcut to show the primary menu","Комбинация клавиш для отображения основного меню"
"src/org.gnome.Terminal.gschema.xml:633","Whether the menubar has access keys","Имеет ли панель меню клавиши доступа"
"src/org.gnome.Terminal.gschema.xml:634","Whether to have Alt+letter access keys for the menubar. They may interfere with some applications run inside the terminal so it’s possible to turn them off.","Использовать ли комбинации клавиш Alt+буква для доступа к меню. Эта функция может мешать работе некоторых приложений внутри терминала, в этом случае её необходимо отключить."
"src/org.gnome.Terminal.gschema.xml:643","Whether shortcuts are enabled","Включены ли комбинации клавиш"
"src/org.gnome.Terminal.gschema.xml:644","Whether shortcuts are enabled. They may interfere with some applications run inside the terminal so it’s possible to turn them off.","Включены ли комбинации клавиш. Комбинации клавиш могут совпадать с комбинациями, используемыми в некоторых приложениях, запускаемых в терминале, в этом случае комбинации клавиш можно отключить."
"src/org.gnome.Terminal.gschema.xml:653","Whether the standard GTK shortcut for menubar access is enabled","Разрешать ли стандартную комбинацию клавиш GTK для доступа к меню"
"src/org.gnome.Terminal.gschema.xml:654","Normally you can access the menubar with F10. This can also be customized via gtkrc (gtk-menu-bar-accel = ""whatever""). This option allows the standard menubar accelerator to be disabled.","Как правило вы можете получить доступ к меню, нажав F10. Эта клавиша может быть изменена в в файле gtkrc (gtk-menu-bar-accel = «что-либо»). Этот ключ позволяет отключить стандартный акселератор доступа к меню."
"src/org.gnome.Terminal.gschema.xml:664","Whether the shell integration is enabled","Включена ли интеграция с оболочкой"
"src/org.gnome.Terminal.gschema.xml:669","Whether to ask for confirmation before closing a terminal","Запрашивать ли подтверждение перед закрытием терминала"
"src/org.gnome.Terminal.gschema.xml:674","Additional info section items to appear in the context menu","Дополнительные элементы информационного раздела для отображения в контекстном меню"
"src/org.gnome.Terminal.gschema.xml:679","Whether to show the menubar in new windows","Показывать ли панель меню в новых окнах"
"src/org.gnome.Terminal.gschema.xml:684","Whether to open new terminals as windows or tabs","Открывать новые терминалы в окнах или вкладках"
"src/org.gnome.Terminal.gschema.xml:689","When to show the tabs bar","Когда показывать панель вкладок"
"src/org.gnome.Terminal.gschema.xml:694","The position of the tab bar","Расположение панели вкладок"
"src/org.gnome.Terminal.gschema.xml:699","Which theme variant to use","Используемый вариант темы"
"src/org.gnome.Terminal.gschema.xml:704","Whether new tabs should open next to the current one or at the last position","Должны ли новые вкладки открываться рядом с текущей или на последней позиции"
"src/preferences.ui:14","Window","Окно"
"src/preferences.ui:18","Tab","Вкладка"
"src/preferences.ui:32","Last","Последний"
"src/preferences.ui:36","Next","Следующая"
"src/preferences.ui:50","Default","По умолчанию"
"src/preferences.ui:54","Light","Светлый"
"src/preferences.ui:58","Dark","Тёмный"
"src/preferences.ui:107","Narrow","Узкие"
"src/preferences.ui:111","Wide","Широкие"
"src/preferences.ui:123","Block","Блок"
"src/preferences.ui:126","I-Beam","I-образный"
"src/preferences.ui:129","Underline","Подчёркивание"
"src/preferences.ui:140","Default","По умолчанию"
"src/preferences.ui:143","Enabled","Включено"
"src/preferences.ui:146","Disabled","Отключено"
"src/preferences.ui:157 src/preferences.ui:268","Never","Никогда"
"src/preferences.ui:160","When focused","При фокусировке"
"src/preferences.ui:163","When unfocused","Когда не сфокусировано"
"src/preferences.ui:166 src/preferences.ui:276","Always","Всегда"
"src/preferences.ui:177","Replace initial title","Заменить первоначальный заголовок"
"src/preferences.ui:180","Append initial title","Добавить после первоначального заголовка"
"src/preferences.ui:183","Prepend initial title","Добавить перед первоначальным заголовком"
"src/preferences.ui:186","Keep initial title","Оставить первоначальный заголовок"
"src/preferences.ui:197","Exit the terminal","Выйти из терминала"
"src/preferences.ui:200","Restart the command","Перезапустить команду"
"src/preferences.ui:203","Hold the terminal open","Держать терминал открытым"
"src/preferences.ui:217","Tango","Tango"
"src/preferences.ui:220","Linux console","Linux console"
"src/preferences.ui:223","XTerm","XTerm"
"src/preferences.ui:226","Rxvt","Rxvt"
"src/preferences.ui:229","Solarized","Solarized"
"src/preferences.ui:232 src/profile-editor.cc:719","Custom","Пользовательский"
"src/preferences.ui:243","Automatic","Автоматически"
"src/preferences.ui:246","Control-H","Control-H"
"src/preferences.ui:249","ASCII DEL","ASCII DEL"
"src/preferences.ui:252","Escape sequence","Управляющая последовательность"
"src/preferences.ui:255","TTY Erase","Очистить терминал"
"src/preferences.ui:272","Shell only","Только оболочка"
"src/preferences.ui:340","_Show menubar by default in new terminals","Показывать панель _меню по умолчанию в новых терминалах"
"src/preferences.ui:356","_Enable mnemonics (such as Alt+F to open the File menu)","Включить клавишные _ускорители (например, «Alt+F» для меню «Файл»)"
"src/preferences.ui:373","Enable the _menu accelerator key (F10 by default)","Включить _быструю клавишу доступа к меню (по умолчанию — «F10»)"
"src/preferences.ui:398","Theme _variant:","_Вариант темы:"
"src/preferences.ui:430","Open _new terminals in:","Открывать _новые терминалы в:"
"src/preferences.ui:462","New tab _position:","Новая вкладка _позиция:"
"src/preferences.ui:523","_Enable shortcuts","_Включить комбинации клавиш"
"src/preferences.ui:589","Text Appearance","Параметры текста"
"src/preferences.ui:606","Initial terminal si_ze:","Исходный ра_змер терминала:"
"src/preferences.ui:639","columns","столбцов"
"src/preferences.ui:676","rows","рядов"
"src/preferences.ui:697 src/preferences.ui:843","Rese_t","С_брос"
"src/preferences.ui:718","Custom _font:","_Пользовательский шрифт:"
"src/preferences.ui:739","Choose A Terminal Font","Выбрать шрифт терминала"
"src/preferences.ui:752","Cell spaci_ng:","Расстояние ме_жду ячейками:"
"src/preferences.ui:867","Allow b_linking text:","Разре_шить мигающий текст:"
"src/preferences.ui:901","Cursor","Курсор"
"src/preferences.ui:918","Cursor _shape:","_Форма курсора:"
"src/preferences.ui:952","Cursor blin_king:","Мигание к_урсора:"
"src/preferences.ui:986","Sound","Звук"
"src/preferences.ui:1000","Terminal _bell","Подавать _гудок"
"src/preferences.ui:1026","Profile ID:","ID профиля:"
"src/preferences.ui:1066 src/preferences.ui:1183","Text","Текст"
"src/preferences.ui:1089","Text and Background Color","Цвет текста и фона"
"src/preferences.ui:1113","_Use colors from system theme","_Использовать цвета из системной темы"
"src/preferences.ui:1142","Built-in sche_mes:","Встроенные с_хемы:"
"src/preferences.ui:1195","Background","Фон"
"src/preferences.ui:1208","_Default color:","Цвет по _умолчанию:"
"src/preferences.ui:1225","Choose Terminal Text Color","Выбрать цвет текста терминала"
"src/preferences.ui:1239","Choose Terminal Background Color","Выбрать цвет фона терминала"
"src/preferences.ui:1249","Bo_ld color:","Цвет полу_жирного текста:"
"src/preferences.ui:1269","Choose Terminal Bold Text Color","Выбрать цвет полужирного текста терминала"
"src/preferences.ui:1279","_Underline color:","Цвет под_чёркивания:"
"src/preferences.ui:1297","Choose Terminal Underlined Text Color","Выбрать цвет подчёркнутого текста терминала"
"src/preferences.ui:1306","Cu_rsor color:","Цвет _курсора:"
"src/preferences.ui:1326","Choose Terminal Cursor Foreground Color","Выбрать основной цвет курсора терминала"
"src/preferences.ui:1340","Choose Terminal Cursor Background Color","Выбрать цвет фона курсора терминала"
"src/preferences.ui:1350","_Highlight color:","Цвет _подсветки:"
"src/preferences.ui:1369","Choose Terminal Highlight Foreground Color","Выберите основной цвет выделения терминала"
"src/preferences.ui:1383","Choose Terminal Highlight Background Color","Выберите цвет фона выделения терминала"
"src/preferences.ui:1430","Palette","Палитра"
"src/preferences.ui:1462","Built-in _schemes:","Встроенные сх_емы:"
"src/preferences.ui:1495","Color p_alette:","_Палитра:"
"src/preferences.ui:1736","Show _bold text in bright colors","Выделение жирного текста яркими цветами"
"src/preferences.ui:1775","Colors","Цвета"
"src/preferences.ui:1793","_Show scrollbar","_Показывать полосу прокрутки"
"src/preferences.ui:1810","Scroll on _output","Прокру_чивать при выводе"
"src/preferences.ui:1827","Scroll on _keystroke","Прок_ручивать при нажатии клавиши"
"src/preferences.ui:1844","_Limit scrollback to:","_Обратная прокрутка:"
"src/preferences.ui:1882","lines","строк"
"src/preferences.ui:1908","Scrolling","Прокрутка"
"src/preferences.ui:1925","_Run command as a login shell","За_пускать команду как оболочку входа"
"src/preferences.ui:1940","Ru_n a custom command instead of my shell","Зап_ускать другую команду вместо моей оболочки"
"src/preferences.ui:1957","Custom co_mmand:","Друг_ая команда:"
"src/preferences.ui:1983","_Preserve working directory:","_Сохранить рабочий каталог:"
"src/preferences.ui:2017","When command _exits:","При в_ыходе из команды:"
"src/preferences.ui:2055","Command","Команда"
"src/preferences.ui:2075","_Backspace key generates:","Клавиша «_Backspace» генерирует:"
"src/preferences.ui:2108","_Delete key generates:","Клавиша «_Delete» генерирует:"
"src/preferences.ui:2141","_Encoding:","_Кодировка:"
"src/preferences.ui:2173","Ambiguous-_width characters:","Символы неоднозначной _ширины:"
"src/preferences.ui:2205","Enable _SIXEL images","Включить изображения _SIXEL"
"src/preferences.ui:2221","_Reset Compatibility Options to Defaults","_Восстановить параметры совместимости по умолчанию"
"src/preferences.ui:2244","Compatibility","Совместимость"
"src/preferences.ui:2323","Clone…","Клонировать…"
"src/preferences.ui:2330","Rename…","Переименовать…"
"src/preferences.ui:2337","Delete…","Удалить…"
"src/preferences.ui:2350","Set as default","Установить по умолчанию"
"src/preferences.ui:2414","Cancel","Отменить"
"src/profile-editor.cc:157","Black on light yellow","Чёрный на светло-жёлтом"
"src/profile-editor.cc:161","Black on white","Чёрный на белом"
"src/profile-editor.cc:165","Gray on black","Серый на чёрном"
"src/profile-editor.cc:169","Green on black","Зелёный на чёрном"
"src/profile-editor.cc:173","White on black","Белый на чёрном"
"src/profile-editor.cc:178","GNOME light","Светлая GNOME"
"src/profile-editor.cc:183","GNOME dark","Темная GNOME"
"src/profile-editor.cc:188","Tango light","Светлая Tango"
"src/profile-editor.cc:193","Tango dark","Тёмная Tango"
"src/profile-editor.cc:198","Solarized light","Solarized светлая"
"src/profile-editor.cc:203","Solarized dark","Solarized тёмная"
"src/profile-editor.cc:587","Error parsing command: %s","Ошибка при разборе команды: %s"
"src/profile-editor.cc:744","Armenian","Армянская"
"src/profile-editor.cc:745 src/profile-editor.cc:746 src/profile-editor.cc:750","Chinese Traditional","Китайская традиционная"
"src/profile-editor.cc:747","Cyrillic/Russian","Кириллица (российская)"
"src/profile-editor.cc:748 src/profile-editor.cc:761 src/profile-editor.cc:791","Japanese","Японская"
"src/profile-editor.cc:749 src/profile-editor.cc:762 src/profile-editor.cc:793","Korean","Корейская"
"src/profile-editor.cc:751 src/profile-editor.cc:752 src/profile-editor.cc:753","Chinese Simplified","Китайская упрощённая"
"src/profile-editor.cc:754","Georgian","Грузинская"
"src/profile-editor.cc:755 src/profile-editor.cc:763 src/profile-editor.cc:767 src/profile-editor.cc:787 src/profile-editor.cc:797","Western","Западная"
"src/profile-editor.cc:756 src/profile-editor.cc:769 src/profile-editor.cc:783 src/profile-editor.cc:795","Central European","Центральноевропейская"
"src/profile-editor.cc:757 src/profile-editor.cc:772 src/profile-editor.cc:778 src/profile-editor.cc:779 src/profile-editor.cc:781 src/profile-editor.cc:796","Cyrillic","Кириллица"
"src/profile-editor.cc:758 src/profile-editor.cc:777 src/profile-editor.cc:789 src/profile-editor.cc:799","Turkish","Турецкая"
"src/profile-editor.cc:759 src/profile-editor.cc:776 src/profile-editor.cc:786 src/profile-editor.cc:800","Hebrew","Еврейская"
"src/profile-editor.cc:760 src/profile-editor.cc:773 src/profile-editor.cc:782 src/profile-editor.cc:801","Arabic","Арабская"
"src/profile-editor.cc:764","Nordic","Северная"
"src/profile-editor.cc:765 src/profile-editor.cc:771 src/profile-editor.cc:802","Baltic","Балтийская"
"src/profile-editor.cc:766","Celtic","Кельтская"
"src/profile-editor.cc:768 src/profile-editor.cc:788","Romanian","Романская"
"src/profile-editor.cc:770","South European","Южноевропейская"
"src/profile-editor.cc:774 src/profile-editor.cc:785 src/profile-editor.cc:798","Greek","Греческая"
"src/profile-editor.cc:775","Hebrew Visual","Еврейская отображаемая"
"src/profile-editor.cc:780 src/profile-editor.cc:790","Cyrillic/Ukrainian","Кириллица (украинская)"
"src/profile-editor.cc:784","Croatian","Хорватская"
"src/profile-editor.cc:792","Thai","Тайская"
"src/profile-editor.cc:794 src/profile-editor.cc:810","Unicode","Юникод"
"src/profile-editor.cc:803","Vietnamese","Вьетнамская"
"src/profile-editor.cc:811","Legacy CJK Encodings","Устаревшие кодировки CJK"
"src/profile-editor.cc:812","Obsolete Encodings","Устаревшие кодировки"
"src/profile-editor.cc:1012","width","ширина"
"src/profile-editor.cc:1017","height","высота"
"src/profile-editor.cc:1065","Choose Palette Color %u","Выбрать цвет палитры %u"
"src/profile-editor.cc:1069","Palette entry %u","Элемент палитры %u"
"src/search-popover.ui:7 src/search-popover.ui:37 src/terminal-accels.cc:150","Find","Поиск"
"src/search-popover.ui:51","Find previous occurrence","Найти предыдущее совпадение"
"src/search-popover.ui:73","Find next occurrence","Найти следующее совпадение"
"src/search-popover.ui:104","Toggle search options","Переключить параметры поиска"
"src/search-popover.ui:167","_Match case","_Учитывать регистр"
"src/search-popover.ui:186","Match _entire word only","Только _полные слова"
"src/search-popover.ui:204","Match as _regular expression","По _регулярному выражению"
"src/search-popover.ui:222","_Wrap around","_Автоматически переходить к началу"
"src/terminal-accels.cc:126","New Tab","Создать вкладку"
"src/terminal-accels.cc:129","Save Contents","Сохранить содержимое"
"src/terminal-accels.cc:132","Export","Экспортировать"
"src/terminal-accels.cc:135","Print","Печать"
"src/terminal-accels.cc:137","Close Tab","Закрыть вкладку"
"src/terminal-accels.cc:138","Close Window","Закрыть окно"
"src/terminal-accels.cc:142","Copy","Копировать"
"src/terminal-accels.cc:143","Copy as HTML","Копировать как HTML"
"src/terminal-accels.cc:144","Paste","Вставить"
"src/terminal-accels.cc:145","Select All","Выделить всё"
"src/terminal-accels.cc:151","Find Next","Найти следующее"
"src/terminal-accels.cc:152","Find Previous","Найти предыдущее"
"src/terminal-accels.cc:153","Clear Highlight","Убрать подсветку"
"src/terminal-accels.cc:157","Hide and Show Menubar","Скрыть и показать панель меню"
"src/terminal-accels.cc:158","Full Screen","Развернуть на полный экран"
"src/terminal-accels.cc:159","Zoom In","Увеличить масштаб"
"src/terminal-accels.cc:160","Zoom Out","Уменьшить масштаб"
"src/terminal-accels.cc:161","Normal Size","Исходный размер"
"src/terminal-accels.cc:165","Read-Only","Только чтение"
"src/terminal-accels.cc:166","Reset","Сброс"
"src/terminal-accels.cc:167","Reset and Clear","Сброс и очистка"
"src/terminal-accels.cc:171","Switch to Previous Tab","Переключиться на предыдущую вкладку"
"src/terminal-accels.cc:172","Switch to Next Tab","Переключиться на следующую вкладку"
"src/terminal-accels.cc:173","Move Tab to the Left","Переместить вкладку влево"
"src/terminal-accels.cc:174","Move Tab to the Right","Переместить вкладку вправо"
"src/terminal-accels.cc:175","Detach Tab","Открепить вкладку"
"src/terminal-accels.cc:211","Switch to Last Tab","Переключиться на последнюю вкладку"
"src/terminal-accels.cc:215","Contents","Содержание"
"src/terminal-accels.cc:219","Show Primary Menu","Показывать основное меню"
"src/terminal-accels.cc:228 src/terminal-menubar.ui.in:22","File","Файл"
"src/terminal-accels.cc:229 src/terminal-menubar.ui.in:56","Edit","Правка"
"src/terminal-accels.cc:230 src/terminal-menubar.ui.in:93","View","Вид"
"src/terminal-accels.cc:231 src/terminal-menubar.ui.in:122","Search","Поиск"
"src/terminal-accels.cc:233 src/terminal-menubar.ui.in:196","Tabs","Вкладки"
"src/terminal-accels.cc:234 src/terminal-menubar.ui.in:228","Help","Справка"
"src/terminal-accels.cc:235 src/terminal-prefs.cc:646","Global","Общее"
"src/terminal-accels.cc:361","Switch to Tab %u","Перейти на вкладку %u"
"src/terminal-accels.cc:551","_Action","_Действие"
"src/terminal-accels.cc:570","Shortcut _Key","К_омбинация клавиш"
"src/terminal-app.cc:508","New Terminal","Создать терминал"
"src/terminal-app.cc:518 src/terminal-window.cc:1802","New _Terminal","_Создать терминал"
"src/terminal-app.cc:520 src/terminal-window.cc:1811","New _Tab","Создать _вкладку"
"src/terminal-app.cc:521 src/terminal-headermenu.ui:39 src/terminal-window.cc:1807","New _Window","Создать _окно"
"src/terminal-app.cc:570","Change _Profile","Изменить _профиль"
"src/terminal-app.cc:583","_Profile","_Профиль"
"src/terminal-headermenu.ui:23 src/terminal-menubar.ui.in:115","Zoom _Out","Отдал_ить"
"src/terminal-headermenu.ui:32 src/terminal-menubar.ui.in:107","Zoom _In","При_близить"
"src/terminal-headermenu.ui:44 src/terminal-menubar.ui.in:101","_Full Screen","По_лноэкранный режим"
"src/terminal-headermenu.ui:50 src/terminal-menubar.ui.in:155 src/terminal-window.cc:1783","Read-_Only","Только для _чтения"
"src/terminal-headermenu.ui:54 src/terminal-menubar.ui.in:148 src/terminal-notebook-menu.ui:36","Set _Title…","Установить _заголовок…"
"src/terminal-headermenu.ui:60","_Advanced","_Дополнительно"
"src/terminal-headermenu.ui:63 src/terminal-menubar.ui.in:161","_Reset","_Сброс"
"src/terminal-headermenu.ui:68 src/terminal-menubar.ui.in:166","Reset and C_lear","Сброс и о_чистка"
"src/terminal-headermenu.ui:75 src/terminal-menubar.ui.in:173","_1. 80×24","_1. 80×24"
"src/terminal-headermenu.ui:80 src/terminal-menubar.ui.in:178","_2. 80×43","_2. 80×43"
"src/terminal-headermenu.ui:85 src/terminal-menubar.ui.in:183","_3. 132×24","_3. 132×24"
"src/terminal-headermenu.ui:90 src/terminal-menubar.ui.in:188","_4. 132×43","_4. 132×43"
"src/terminal-headermenu.ui:97 src/terminal-menubar.ui.in:241","_Inspector","_Инспектор"
"src/terminal-headermenu.ui:106 src/terminal-screen.cc:1531 src/terminal-window.cc:1795","_Preferences","_Параметры"
"src/terminal-headermenu.ui:110 src/terminal-menubar.ui.in:227","_Help","_Справка"
"src/terminal-headermenu.ui:114 src/terminal-menubar.ui.in:235","_About","_О приложении"
"src/terminal-menubar.ui.in:21","_File","_Файл"
"src/terminal-menubar.ui.in:26","_Save Contents…","Со_хранить содержимое…"
"src/terminal-menubar.ui.in:31","_Export…","_Экспортировать…"
"src/terminal-menubar.ui.in:36","_Print…","Пе_чать…"
"src/terminal-menubar.ui.in:43","C_lose Tab","За_крыть вкладку"
"src/terminal-menubar.ui.in:48","_Close Window","_Закрыть окно"
"src/terminal-menubar.ui.in:55","_Edit","_Правка"
"src/terminal-menubar.ui.in:59 src/terminal-window.cc:1773","_Copy","_Копировать"
"src/terminal-menubar.ui.in:64 src/terminal-window.cc:1774","Copy as _HTML","К_опировать как HTML"
"src/terminal-menubar.ui.in:69 src/terminal-window.cc:1775","_Paste","_Вставить"
"src/terminal-menubar.ui.in:73 src/terminal-window.cc:1777","Paste as _Filenames","Вставить как и_мена файлов"
"src/terminal-menubar.ui.in:80","Select _All","Выделить _всё"
"src/terminal-menubar.ui.in:86","P_references","_Параметры"
"src/terminal-menubar.ui.in:92","_View","_Вид"
"src/terminal-menubar.ui.in:96 src/terminal-window.cc:1823","Show _Menubar","Показывать панель _меню"
"src/terminal-menubar.ui.in:111","_Normal Size","Ис_ходный размер"
"src/terminal-menubar.ui.in:121","_Search","П_оиск"
"src/terminal-menubar.ui.in:125","_Find…","_Найти…"
"src/terminal-menubar.ui.in:129","Find _Next","Найти сл_едующее"
"src/terminal-menubar.ui.in:133","Find _Previous","Найти п_редыдущее"
"src/terminal-menubar.ui.in:137","_Clear Highlight","_Убрать подсветку"
"src/terminal-menubar.ui.in:143","_Terminal","_Терминал"
"src/terminal-menubar.ui.in:195","Ta_bs","В_кладки"
"src/terminal-menubar.ui.in:201","_Previous Tab","_Предыдущая вкладка"
"src/terminal-menubar.ui.in:205","_Next Tab","С_ледующая вкладка"
"src/terminal-menubar.ui.in:211 src/terminal-notebook-menu.ui:22","Move Terminal _Left","Переместить терминал в_лево"
"src/terminal-menubar.ui.in:215 src/terminal-notebook-menu.ui:26","Move Terminal _Right","Переместить терминал в_право"
"src/terminal-menubar.ui.in:221 src/terminal-notebook-menu.ui:32","_Detach Terminal","_Открепить терминал"
"src/terminal-menubar.ui.in:231","_Contents","_Содержание"
"src/terminal-nautilus.cc:542","Open in _Remote Terminal","Открыть в _удалённом терминале"
"src/terminal-nautilus.cc:544","Open in _Local Terminal","Открыть в _локальном терминале"
"src/terminal-nautilus.cc:548 src/terminal-nautilus.cc:559","Open the currently selected folder in a terminal","Открыть выбранную папку в терминале"
"src/terminal-nautilus.cc:550 src/terminal-nautilus.cc:561","Open the currently open folder in a terminal","Открыть текущую папку в терминале"
"src/terminal-nautilus.cc:556","Open in T_erminal","Открыть в _терминале"
"src/terminal-nautilus.cc:566","Open T_erminal","Открыть _терминал"
"src/terminal-nautilus.cc:567","Open a terminal","Открыть терминал"
"src/terminal-notebook-menu.ui:43 src/terminal-window.cc:3261","C_lose Terminal","_Закрыть терминал"
"src/terminal-options.cc:307","Option “%s” is deprecated and might be removed in a later version of gnome-terminal.","Параметр «%s» устарел и может быть удалён в будущих версиях gnome-terminal."
"src/terminal-options.cc:318","Use “%s” to terminate the options and put the command line to execute after it.","Используйте «%s» для указания завершения параметров, а затем укажите строку команды."
"src/terminal-options.cc:328 src/terminal-options.cc:341","Option “%s” is no longer supported in this version of gnome-terminal.","Параметр «%s» не поддерживается в этой версии gnome-terminal."
"src/terminal-options.cc:413","Argument to “%s” is not a valid command: %s","Аргумент для «%s» не является допустимой командой: %s"
"src/terminal-options.cc:586","Two roles given for one window","Две роли заданы для одного окна"
"src/terminal-options.cc:607 src/terminal-options.cc:640","“%s” option given twice for the same window
","Параметр «%s» указан дважды для одного и того же окна
"
"src/terminal-options.cc:859","Cannot pass FD %d twice","Невозможно передать дважды файловый дескриптор %d"
"src/terminal-options.cc:921","“%s” is not a valid zoom factor","Недопустимый масштаб «%s»"
"src/terminal-options.cc:928","Zoom factor “%g” is too small, using %g
","Масштаб %g слишком мал, используется масштаб %g
"
"src/terminal-options.cc:936","Zoom factor “%g” is too large, using %g
","Масштаб %g слишком велик, используется масштаб %g
"
"src/terminal-options.cc:974","Option “%s” requires specifying the command to run on the rest of the command line","Параметр «%s» требует указания команды для запуска в оставшейся части командной строки"
"src/terminal-options.cc:1127","Can only use --wait once","Можно использовать только --wait once"
"src/terminal-options.cc:1163","Not a valid terminal config file.","Неверный формат файла конфигурации терминала."
"src/terminal-options.cc:1176","Incompatible terminal config file version.","Версия файла конфигурации и терминала не совместимы."
"src/terminal-options.cc:1330","Do not register with the activation nameserver, do not re-use an active terminal","Не регистрировать с помощью сервера имён активации, не использовать повторно терминал"
"src/terminal-options.cc:1339","Load a terminal configuration file","Загрузить конфигурацию терминала из файла"
"src/terminal-options.cc:1340","FILE","ФАЙЛ"
"src/terminal-options.cc:1356","Do not pass the environment","Не передавать окружения"
"src/terminal-options.cc:1365","Show preferences window","Показать окно параметров"
"src/terminal-options.cc:1374","Print environment variables to interact with the terminal","Вывести переменные среды для взаимодействия с терминалом"
"src/terminal-options.cc:1392","Increase diagnostic verbosity","Увеличить детализацию диагностики"
"src/terminal-options.cc:1401","Suppress output","Ничего не выводить"
"src/terminal-options.cc:1414","Open a new window containing a tab with the default profile","Открыть новое окно, содержащее вкладку с профилем по умолчанию"
"src/terminal-options.cc:1423","Open a new tab in the last-opened window with the default profile","Открыть новую вкладку с профилем по умолчанию в последнем открытом окне"
"src/terminal-options.cc:1436","Turn on the menubar","Включить панель меню"
"src/terminal-options.cc:1445","Turn off the menubar","Выключить панель меню"
"src/terminal-options.cc:1454","Maximize the window","Окно максимального размера"
"src/terminal-options.cc:1463","Full-screen the window","Окно на полный экран"
"src/terminal-options.cc:1472","Set the window size; for example: 80x24, or 80x24+200+200 (COLSxROWS+X+Y)","Установить размер окна. Например: 80x24 или 80x24+200+200 (СТРОКxСТОЛБЦОВ+X+Y)"
"src/terminal-options.cc:1473","GEOMETRY","ГЕОМЕТРИЯ"
"src/terminal-options.cc:1481","Set the window role","Установить роль окна"
"src/terminal-options.cc:1482","ROLE","РОЛЬ"
"src/terminal-options.cc:1490","Set the last specified tab as the active one in its window","Сделать последнюю указанную вкладку в этом окне активной"
"src/terminal-options.cc:1503","Execute the argument to this option inside the terminal","Выполнить в терминале аргумент к этому параметру"
"src/terminal-options.cc:1512","Use the given profile instead of the default profile","Использовать указанный профиль вместо профиля по умолчанию"
"src/terminal-options.cc:1513","PROFILE-NAME","ИМЯ-ПРОФИЛЯ"
"src/terminal-options.cc:1521","Set the initial terminal title","Установить начальный заголовок терминала"
"src/terminal-options.cc:1522","TITLE","ЗАГОЛОВОК"
"src/terminal-options.cc:1530","Set the working directory","Установить рабочий каталог"
"src/terminal-options.cc:1531","DIRNAME","КАТАЛОГ"
"src/terminal-options.cc:1539","Wait until the child exits","Ждать завершения работы потомков"
"src/terminal-options.cc:1548","Forward file descriptor","Перенаправить файловый дескриптор"
"src/terminal-options.cc:1550","FD","Файловый дескриптор"
"src/terminal-options.cc:1558","Set the terminal’s zoom factor (1.0 = normal size)","Установить масштаб терминала (1.0 = обычный размер)"
"src/terminal-options.cc:1559","ZOOM","МАСШТАБ"
"src/terminal-options.cc:1646","COMMAND","КОМАНДА"
"src/terminal-options.cc:1654","GNOME Terminal Emulator","Эмулятор терминала GNOME"
"src/terminal-options.cc:1655","Show GNOME Terminal options","Показать параметры терминала GNOME"
"src/terminal-options.cc:1665","Options to open new windows or terminal tabs; more than one of these may be specified:","Параметры для открытия новых окон или вкладов терминала; эти параметры могут быть использованы несколько раз:"
"src/terminal-options.cc:1666","Show terminal options","Показать параметры терминала"
"src/terminal-options.cc:1674","Window options; if used before the first --window or --tab argument, sets the default for all windows:","Параметры окна; если используются до первого аргумента --window или --tab, устанавливаются по умолчанию для всех окон:"
"src/terminal-options.cc:1675","Show per-window options","Показать параметры, применяемые к окну"
"src/terminal-options.cc:1683","Terminal options; if used before the first --window or --tab argument, sets the default for all terminals:","Параметры терминала; Если используются до первого аргумента --window или --tab, устанавливаются по умолчанию для всех терминалов:"
"src/terminal-options.cc:1684","Show per-terminal options","Показать параметры, применяемые к терминалу"
"src/terminal-prefs.cc:131","Profile “%s”","Профиль «%s»"
"src/terminal-prefs.cc:134","Preferences – %s","Параметры — %s"
"src/terminal-prefs.cc:369","New Profile","Создать профиль"
"src/terminal-prefs.cc:370","Enter name for new profile with default settings:","Введите имя для нового профиля с настройками по умолчанию:"
"src/terminal-prefs.cc:372","Create","Создать"
"src/terminal-prefs.cc:384","Enter name for new profile based on “%s”:","Введите имя для нового профиля основанного на «%s»:"
"src/terminal-prefs.cc:385","%s (Copy)","%s (копия)"
"src/terminal-prefs.cc:388","Clone Profile","Клонировать профиль"
"src/terminal-prefs.cc:391","Clone","Клонировать"
"src/terminal-prefs.cc:406","Enter new name for profile “%s”:","Введите новое имя для профиля «%s»:"
"src/terminal-prefs.cc:409","Rename Profile","Переименовать профиль"
"src/terminal-prefs.cc:412","Rename","Переименовать"
"src/terminal-prefs.cc:427","Really delete profile “%s”?","Точно удалить профиль «%s»?"
"src/terminal-prefs.cc:430","Delete Profile","Удалить профиль"
"src/terminal-prefs.cc:433","Delete","Удалить"
"src/terminal-prefs.cc:492","This is the default profile","Это профиль по умолчанию"
"src/terminal-prefs.cc:516","General","Основное"
"src/terminal-prefs.cc:521","Shortcuts","Комбинации клавиш"
"src/terminal-prefs.cc:658","Profiles","Профили"
"src/terminal-screen.cc:1398","No command supplied nor shell requested","Не задана команда или оболочка"
"src/terminal-screen.cc:1532 src/terminal-screen.cc:1879","_Relaunch","Пере_запустить"
"src/terminal-screen.cc:1535","There was an error creating the child process for this terminal","Произошла ошибка при создании дочернего процесса для этого терминала"
"src/terminal-screen.cc:1883","The child process exited normally with status %d.","Дочерний процесс корректно завершился с кодом %d."
"src/terminal-screen.cc:1886","The child process was aborted by signal %d.","Работа дочернего процесса прервана по сигналу %d."
"src/terminal-screen.cc:1889","The child process was aborted.","Работа дочернего процесса прервана."
"src/terminal-tab-label.cc:206","Close tab","Закрыть вкладку"
"src/terminal-util.cc:151","There was an error displaying help","Произошла ошибка при отображении справки"
"src/terminal-util.cc:209","Contributors:","Помощники:"
"src/terminal-util.cc:230","Version %s for GNOME %d","Версия %s для GNOME %d"
"src/terminal-util.cc:234","Using VTE version %u.%u.%u","Используется VTE версии %u.%u.%u"
"src/terminal-util.cc:240","A terminal emulator for the GNOME desktop","Эмулятор терминала для рабочего стола GNOME"
"src/terminal-util.cc:247","GNOME Terminal","Терминал GNOME"
"src/terminal-util.cc:257","translator-credits","Yuri Myasoedov <ymyasoedov@yandex.ru>, 2013-2015.
Stas Solovey <whats_up@tut.by>, 2014-2018."
"src/terminal-util.cc:332","Could not open the address “%s”","Не удалось открыть адрес «%s»"
"src/terminal-util.cc:401","GNOME Terminal is free software: you can redistribute it and/or modify it under the terms of the GNU General Public License as published by the Free Software Foundation, either version 3 of the License, or (at your option) any later version.","Терминал GNOME — свободное программное обеспечение; вы можете распространять и/или изменять его на условиях лицензии GNU General Public License, опубликованной Фондом свободного программного обеспечения, либо версии 3 этой лицензии, либо (по вашему выбору) любой более поздней версии."
"src/terminal-util.cc:405","GNOME Terminal is distributed in the hope that it will be useful, but WITHOUT ANY WARRANTY; without even the implied warranty of MERCHANTABILITY or FITNESS FOR A PARTICULAR PURPOSE.  See the GNU General Public License for more details.","Терминал GNOME распространяется в надежде, что он может быть полезен, но БЕЗ КАКОГО-ЛИБО ВИДА ГАРАНТИЙ, ВЫРАЖЕННЫХ ЯВНО ИЛИ ПОДРАЗУМЕВАЕМЫХ, ВКЛЮЧАЯ, НО НЕ ОГРАНИЧИВАЯСЬ ПОДРАЗУМЕВАЕМЫМИ ГАРАНТИЯМИ КОММЕРЧЕСКОЙ ЦЕННОСТИ И ПРИГОДНОСТИ ДЛЯ КОНКРЕТНОЙ ЦЕЛИ. Для получения дополнительных сведений обратитесь к лицензии GNU General Public License."
"src/terminal-util.cc:409","You should have received a copy of the GNU General Public License along with GNOME Terminal.  If not, see <http://www.gnu.org/licenses/>.","Вы должны были получить копию лицензии GNU General Public License c программой терминала GNOME. Если это не так, обратитесь к странице <http://www.gnu.org/licenses/>."
"src/terminal-util.cc:1144","“file” scheme with remote hostname not supported","«Файловая» схема с удалённым именем хоста не поддерживается"
"src/terminal-window.cc:473","Could not save contents","Не удалось сохранить содержимое"
"src/terminal-window.cc:493","Save as…","Сохранить как…"
"src/terminal-window.cc:496","_Cancel","_Отмена"
"src/terminal-window.cc:497","_Save","_Сохранить"
"src/terminal-window.cc:1712","Open _Hyperlink","Открыть _гиперссылку"
"src/terminal-window.cc:1713","Copy Hyperlink _Address","Копировать а_дрес гиперссылки"
"src/terminal-window.cc:1723","Send Mail _To…","Отп_равить E-mail…"
"src/terminal-window.cc:1724","Copy Mail _Address","Ко_пировать адрес E-mail"
"src/terminal-window.cc:1727","Call _To…","_Позвонить…"
"src/terminal-window.cc:1728","Copy Call _Address ","Копировать адрес в_ызова "
"src/terminal-window.cc:1733","_Open Link","Открыть сс_ылку"
"src/terminal-window.cc:1734","Copy _Link","Копировать ссы_лку"
"src/terminal-window.cc:1790","P_rofiles","П_рофили"
"src/terminal-window.cc:1825","L_eave Full Screen","П_окинуть полноэкранный режим"
"src/terminal-window.cc:3248","Close this window?","Закрыть это окно?"
"src/terminal-window.cc:3248","Close this terminal?","Закрыть этот терминал?"
"src/terminal-window.cc:3252","There are still processes running in some terminals in this window. Closing the window will kill all of them.","В некоторых терминалах этого окна запущены процессы. Закрытие окна приведёт к принудительному завершению запущенных процессов."
"src/terminal-window.cc:3256","There is still a process running in this terminal. Closing the terminal will kill it.","В терминале запущен процесс. Закрытие терминала приведёт к принудительному завершению процесса."
"src/terminal-window.cc:3261","C_lose Window","_Закрыть окно"
"src/terminal.cc:566","Failed to parse arguments: %s
","Не удалось разобрать аргументы: %s
"
