"location","source","target"
"","po header","Project-Id-Version: ru
Report-Msgid-Bugs-To: https://gitlab.gnome.org/GNOME/gnome-user-share/issues
POT-Creation-Date: 2020-06-25 07:14+0000
PO-Revision-Date: 2019-11-13 22:20+0300
Last-Translator: Stas Solovey <whats_up@tut.by>
Language-Team: русский <gnome-cyr@gnome.org>
Language: ru
MIME-Version: 1.0
Content-Type: text/plain; charset=UTF-8
Content-Transfer-Encoding: 8bit
X-Generator: Poedit 2.2.4
Plural-Forms: nplurals=3; plural=(n%10==1 && n%100!=11 ? 0 : n%10>=2 && n%10<=4 && (n%100<10 || n%100>=20) ? 1 : 2);
"
"data/org.gnome.desktop.file-sharing.gschema.xml:5","When to require passwords","Когда требовать пароли"
"data/org.gnome.desktop.file-sharing.gschema.xml:6","When to ask for passwords. Possible values are ""never"", ""on_write"", and ""always"".","Когда запрашивать пароль. Возможные значения: «never» (никогда), «on_write» (при записи) и «always» (всегда)."
"data/gnome-user-share-webdav.desktop.in.in:3","File Sharing","Общий доступ к файлам"
"data/gnome-user-share-webdav.desktop.in.in:4","Launch File Sharing if enabled","Открыть общий доступ к личным файлам, если включено"
"data/gnome-user-share-webdav.desktop.in.in:6","share;files;http;network;copy;send;","доступ;файлы;http;сеть;копировать;отправить;"
"src/nautilus-share-bar.c:99","Sharing","Общий доступ"
"src/nautilus-share-bar.c:113","Sharing Settings","Параметры доступа"
"src/share-extension.c:117","Turn on File Sharing to share the contents of this folder over the network.","Включите общий доступ, чтобы сделать содержимое папки доступным по сети."
"src/http.c:124","%s's public files","Общие файлы пользователя %s"
"src/http.c:128","%s's public files on %s","Общие файлы пользователя %s на %s"
