"location","source","target"
"","po header","Project-Id-Version: gnome-maps master
Report-Msgid-Bugs-To: https://gitlab.gnome.org/GNOME/gnome-maps/issues
POT-Creation-Date: 2022-07-03 18:07+0000
PO-Revision-Date: 2022-06-25 15:58+0300
Last-Translator: Aleksandr Melman <Alexmelman88@gmail.com>
Language-Team: русский <gnome-cyr@gnome.org>
Language: ru
MIME-Version: 1.0
Content-Type: text/plain; charset=UTF-8
Content-Transfer-Encoding: 8bit
Plural-Forms: nplurals=3; plural=(n%10==1 && n%100!=11 ? 0 : n%10>=2 && n%10<=4 && (n%100<10 || n%100>=20) ? 1 : 2);
X-Generator: Poedit 3.0.1
"
"data/org.gnome.Maps.appdata.xml.in.in:6 data/org.gnome.Maps.desktop.in.in:4 data/ui/main-window.ui:30 src/application.js:61 src/mainWindow.js:132 src/mainWindow.js:558","Maps","Карты"
"data/org.gnome.Maps.appdata.xml.in.in:7","Find places around the world","Поиск местоположений по всему миру"
"data/org.gnome.Maps.appdata.xml.in.in:9","Maps gives you quick access to maps all across the world. It allows you to quickly find the place you’re looking for by searching for a city or street, or locate a place to meet a friend.","Приложение «Карты» позволяет получить быстрый доступ к картам по всему миру, находить места в городах, на улицах или указывать места для встречи с друзьями."
"data/org.gnome.Maps.appdata.xml.in.in:14","Maps uses the collaborative OpenStreetMap database, made by hundreds of thousands of people across the globe.","Карты используют базу данных OpenStreetMap, созданную сотнями тысяч людей по всеми миру."
"data/org.gnome.Maps.appdata.xml.in.in:279","The GNOME Project","Проект GNOME"
"data/org.gnome.Maps.desktop.in.in:5","A simple maps application","Простое картографическое приложение"
"data/org.gnome.Maps.desktop.in.in:14","Maps;","Карты;"
"data/org.gnome.Maps.desktop.in.in:17","Allows your location to be shown on the map.","Позволяет показывать на карте ваше местоположение."
"data/org.gnome.Maps.gschema.xml:11","last viewed location","последнее просмотренное местоположение"
"data/org.gnome.Maps.gschema.xml:12","Coordinates of last viewed location.","Координаты последнего просмотренного местоположения."
"data/org.gnome.Maps.gschema.xml:16","zoom","увеличить"
"data/org.gnome.Maps.gschema.xml:17","Zoom level","Уровень масштабирования"
"data/org.gnome.Maps.gschema.xml:21","Map type","Тип"
"data/org.gnome.Maps.gschema.xml:22","The type of map to display (street, aerial, etc.)","Тип карты для отображения (уличная, аэрофотосъемка и т.д.)"
"data/org.gnome.Maps.gschema.xml:26","Window size","Размер окна"
"data/org.gnome.Maps.gschema.xml:27","Window size (width and height).","Размер окна (ширина и высота)."
"data/org.gnome.Maps.gschema.xml:31","Window position","Положение окна"
"data/org.gnome.Maps.gschema.xml:32","Window position (X and Y).","Положение окна (X, Y)."
"data/org.gnome.Maps.gschema.xml:36","Window maximized","Окно развёрнуто"
"data/org.gnome.Maps.gschema.xml:37","Window maximization state","Режим развёрнутого окна"
"data/org.gnome.Maps.gschema.xml:41","Maximum number of search results","Максимальное количество результатов поиска"
"data/org.gnome.Maps.gschema.xml:42","Maximum number of search results from geocode search.","Максимальное количество результатов поиска по поиску геокода."
"data/org.gnome.Maps.gschema.xml:46","Number of recent places to store","Количество последних сохранённых мест"
"data/org.gnome.Maps.gschema.xml:47","Number of recently visited places to store.","Количество сохранённых недавно посещённых мест."
"data/org.gnome.Maps.gschema.xml:51","Number of recent routes to store","Количество последних сохранённых маршрутов"
"data/org.gnome.Maps.gschema.xml:52","Number of recently visited routes to store.","Количество сохранённых недавно использовавшихся маршрутов."
"data/org.gnome.Maps.gschema.xml:56","OpenStreetMap username or e-mail address","Имя или адрес эл. почты пользователя OpenStreetMap"
"data/org.gnome.Maps.gschema.xml:57","Indicates if the user has signed in to edit OpenStreetMap data.","Указывает, выполнил ли пользователь вход для редактирования данных OpenStreetMap."
"data/org.gnome.Maps.gschema.xml:61","Last used transportation type for routing","Последний тип транспорта, использовавшийся для маршрута"
"data/org.gnome.Maps.gschema.xml:65","Show scale","Показать масштаб"
"data/org.gnome.Maps.gschema.xml:66","Whether to show the scale.","Нужно ли показывать масштаб."
"data/ui/context-menu.ui:9","Route from here","Маршрут отсюда"
"data/ui/context-menu.ui:16","Add intermediate destination","Добавить промежуточный пункт назначения"
"data/ui/context-menu.ui:24","Route to here","Маршрут сюда"
"data/ui/context-menu.ui:36","What’s here?","Что здесь?"
"data/ui/context-menu.ui:43","Copy Location","Копировать местоположение"
"data/ui/context-menu.ui:51","Add to OpenStreetMap","Добавить в OpenStreetMap"
"data/ui/export-view-dialog.ui:14","Export view","Экспортировать просматриваемую область"
"data/ui/export-view-dialog.ui:20 data/ui/send-to-dialog.ui:13 data/ui/shape-layer-file-chooser.ui:22","_Cancel","_Отменить"
"data/ui/export-view-dialog.ui:34","_Export","_Экспортировать"
"data/ui/export-view-dialog.ui:119","Include route and markers","Включить маршрут и маркеры"
"data/ui/headerbar-left.ui:15","Go to current location","Перейти к текущему местоположению"
"data/ui/headerbar-left.ui:33","Choose map type","Выберите тип карты"
"data/ui/headerbar-left.ui:58","Zoom out","Отдалить"
"data/ui/headerbar-left.ui:74","Zoom in","Приблизить"
"data/ui/headerbar-right.ui:14","Print Route","Печать маршрута"
"data/ui/headerbar-right.ui:33","Toggle favorites","Включить или выключить избранные места"
"data/ui/headerbar-right.ui:52","Toggle route planner","Включить или выключить планировщик маршрута"
"data/ui/help-overlay.ui:14","General","Основные"
"data/ui/help-overlay.ui:18","Show Shortcuts","Показать комбинации клавиш"
"data/ui/help-overlay.ui:25","Search","Поиск"
"data/ui/help-overlay.ui:32","Toggle route planner","Включить или выключить планировщик маршрута"
"data/ui/help-overlay.ui:39","Print route","Печать маршрута"
"data/ui/help-overlay.ui:46","Quit","Завершить"
"data/ui/help-overlay.ui:53","Open main menu","Открыть главное меню"
"data/ui/help-overlay.ui:62","Map View","Просмотр карты"
"data/ui/help-overlay.ui:66","Zoom in","Приблизить"
"data/ui/help-overlay.ui:73","Zoom out","Отдалить"
"data/ui/help-overlay.ui:80","Toggle scale","Включить или выключить масштаб"
"data/ui/help-overlay.ui:87","Go to current location","Перейти к текущему местоположению"
"data/ui/help-overlay.ui:97","Switch to street view","Переключиться на просмотр улиц"
"data/ui/help-overlay.ui:104","Switch to aerial view","Переключиться на вид сверху"
"data/ui/help-overlay.ui:111","Open shape layer","Открыть слой"
"data/ui/layers-popover.ui:62","Show Scale","Показать масштаб"
"data/ui/layers-popover.ui:97","Open Shape Layer…","Открыть слой фигур…"
"data/ui/location-service-dialog.ui:16","Turn on location services to find your location","Включите сервисы местоположения для определения вашей позиции"
"data/ui/location-service-dialog.ui:28 data/ui/osm-edit-dialog.ui:283 data/ui/zoom-in-dialog.ui:28","Cancel","Отменить"
"data/ui/location-service-dialog.ui:38","Location Settings","Параметры местоположения"
"data/ui/main-window.ui:8","Set up OpenStreetMap Account","Настроить учётную запись OpenStreetMap"
"data/ui/main-window.ui:12","Export as Image","Экспортировать как изображение"
"data/ui/main-window.ui:17","_Keyboard Shortcuts","_Комбинации клавиш"
"data/ui/main-window.ui:22","About Maps","О приложении"
"data/ui/main-window.ui:48","Open main menu","Открыть главное меню"
"data/ui/osm-account-dialog.ui:9","OpenStreetMap Account","Учётная запись OpenStreetMap"
"data/ui/osm-account-dialog.ui:23","<span weight=""bold"" size=""x-large"">Sign in to edit maps</span>","<span weight=""bold"" size=""x-large"">Войдите, чтобы редактировать карты</span>"
"data/ui/osm-account-dialog.ui:38","Help to improve the map, using an
OpenStreetMap account.","Помогите улучшить карту, используя
учётную запись OpenStreetMap."
"data/ui/osm-account-dialog.ui:53","Sign in to authorize access in a web browser.
Then fill in the obtained verification code here in the next step.","Войдите в систему для авторизации доступа в веб-браузере.
Затем введите полученный проверочный код здесь, на следующем шаге."
"data/ui/osm-account-dialog.ui:86","Sign up","Регистрация"
"data/ui/osm-account-dialog.ui:100","Sign In","Войти"
"data/ui/osm-account-dialog.ui:139","Copy verification code shown when authorizing access in the browser","Копировать проверочный код, отображаемый при авторизации доступа в браузере"
"data/ui/osm-account-dialog.ui:150","Verification code","Проверочный код"
"data/ui/osm-account-dialog.ui:162","Verify","Проверить"
"data/ui/osm-account-dialog.ui:186","<span weight=""bold"" size=""x-large"">Signed In</span>","<span weight=""bold"" size=""x-large"">Авторизован</span>"
"data/ui/osm-account-dialog.ui:199","Your OpenStreetMap account is active.","Ваша учётная запись OpenStreetMap активна."
"data/ui/osm-account-dialog.ui:233","Sign Out","Выйти"
"data/ui/osm-edit-address.ui:14","Street","Улица"
"data/ui/osm-edit-address.ui:26","House number","Номер дома"
"data/ui/osm-edit-address.ui:38","Postal code","Почтовый индекс"
"data/ui/osm-edit-address.ui:50","City","Город"
"data/ui/osm-edit-dialog.ui:58","Type","Тип"
"data/ui/osm-edit-dialog.ui:84","None","Отсутствует"
"data/ui/osm-edit-dialog.ui:129","Add Field","Добавить поле"
"data/ui/osm-edit-dialog.ui:163","Comment","Комментарий"
"data/ui/osm-edit-dialog.ui:195","Map changes will be visible on all maps that use
OpenStreetMap data.","Изменения, сделанных в картах, будут доступны на всех картах,
использующие данные OpenStreetMap."
"data/ui/osm-edit-dialog.ui:241","Recently Used","Недавно использованные"
"data/ui/osm-edit-dialog.ui:280","Edit on OpenStreetMap","Изменить на OpenStreetMap"
"data/ui/osm-edit-dialog.ui:310 src/osmEditDialog.js:534","Next","Далее"
"data/ui/place-popover.ui:55 src/application.js:274","No results found","Результатов не найдено"
"data/ui/place-popover.ui:67 src/application.js:251 src/osmEditDialog.js:571","An error has occurred","Произошла ошибка"
"data/ui/route-entry.ui:20","Drag to change order of the route","Перетащите, чтобы изменить порядок маршрута"
"data/ui/send-to-dialog.ui:10","Open Location","Открытое расположение"
"data/ui/send-to-dialog.ui:72","Copy","Копировать"
"data/ui/send-to-dialog.ui:79","Send To…","О_тправить…"
"data/ui/shape-layer-file-chooser.ui:4 src/mainWindow.js:64","Open Shape Layer","Открыть слой фигур"
"data/ui/shape-layer-file-chooser.ui:12","_Open","_Открыть"
"data/ui/shape-layer-row.ui:19","Toggle visible","Включить или выключить видимый"
"data/ui/sidebar.ui:275","Route search by GraphHopper","Поиск маршрута с помощью GraphHopper"
"data/ui/sidebar.ui:364","Routing itineraries for public transit is provided by third-party
services.
GNOME can not guarantee correctness of the itineraries and schedules shown.
Note that some providers might not include all available modes of transportation,
e.g. a national provider might not include airlines, and a local provider could
miss regional trains.
Names and brands shown are to be considered as registered trademarks when applicable.","Маршрутизация маршрутов общественного транспорта осуществляется сторонними
сервисами.
GNOME не может гарантировать правильность показанных маршрутов и расписаний.
Обратите внимание, что некоторые провайдеры могут не включать все доступные виды транспорта,
например, национальный провайдер может не включать авиалинии, а местный провайдер может
может не включать региональные поезда.
Указанные названия и бренды следует рассматривать как зарегистрированные торговые марки, когда это применимо."
"data/ui/transit-leg-row.ui:129","Hide intermediate stops and information","Скрывать промежуточные остановки и информацию"
"data/ui/transit-leg-row.ui:203","Show intermediate stops and information","Показывать промежуточные остановки и информацию"
"data/ui/transit-options-panel.ui:18","Leave Now","Отправляются сейчас"
"data/ui/transit-options-panel.ui:19","Leave By","Отправляются"
"data/ui/transit-options-panel.ui:20","Arrive By","Прибывают"
"data/ui/transit-options-panel.ui:106","Show","Показывать"
"data/ui/transit-options-panel.ui:117","Buses","Автобусы"
"data/ui/transit-options-panel.ui:124","Trams","Трамваи"
"data/ui/transit-options-panel.ui:131","Trains","Поезда"
"data/ui/transit-options-panel.ui:138","Subway","Метро"
"data/ui/transit-options-panel.ui:145","Ferries","Переправы"
"data/ui/transit-options-panel.ui:152","Airplanes","Самолеты"
"data/ui/place-bar.ui:40 data/ui/place-buttons.ui:50 data/ui/place-view.ui:64","Share location","Поделиться местоположением"
"data/ui/place-buttons.ui:15","Add to new route","Добавить к новому маршруту"
"data/ui/place-buttons.ui:34","Directions","Направления"
"data/ui/place-buttons.ui:70","Mark as favorite","Добавить в избранное"
"data/ui/place-buttons.ui:89","Edit on OpenStreetMap","Изменить на OpenStreetMap"
"data/ui/zoom-in-dialog.ui:16","Zoom in to add location!","Приблизить, чтобы добавить местоположение!"
"data/ui/zoom-in-dialog.ui:38","Zoom In","Приблизить"
"lib/maps-file-tile-source.c:303 lib/maps-file-tile-source.c:379 lib/maps-file-tile-source.c:459","Failed to find tile structure in directory","Не удалось найти плиточную структуру в каталоге"
"lib/maps-osm.c:56","Failed to parse XML document","Не удалось разобрать документ XML"
"lib/maps-osm.c:250 lib/maps-osm.c:403","Missing required attributes","Пропущены обязательные атрибуты"
"lib/maps-osm.c:451 lib/maps-osm.c:494","Could not find OSM element","Не удалось найти элемент OSM"
"lib/maps-osm.c:508","Could not find user element","Не удалось найти элемент пользователя"
"src/application.js:74","A path to a local tiles directory structure","Путь к локальному каталогу плиточной структуры"
"src/application.js:80","Tile size for local tiles directory","Размер для локального каталога фрагментов"
"src/application.js:84","Show the version of the program","Показать версию программы"
"src/application.js:90","Search for places","Поиск мест"
"src/application.js:101 src/application.js:102","[FILE…|URI]","[FILE...|URI]"
"src/application.js:282","Invalid maps: URI: %s","Недопустимые карты: URI: %s"
"src/contextMenu.js:129","Nothing found here!","Здесь ничего не найдено!"
"src/contextMenu.js:190","Location was added to the map, note that it may take a while before it shows on the map and in search results.","Местоположение добавлено на карту. Скоро оно появится на карте и будет выводиться в результатах поиска."
"src/exportViewDialog.js:78","Maps at %f, %f.png","Карты на %f, %f.png"
"src/exportViewDialog.js:150","Filesystem is read only","Файловая система доступна только для чтения"
"src/exportViewDialog.js:152","You do not have permission to save there","Отсутствуют права на запись в данную директорию"
"src/exportViewDialog.js:154","The directory does not exist","Каталог не существует"
"src/exportViewDialog.js:156","No filename specified","Не указано имя файла"
"src/exportViewDialog.js:164","Unable to export view","Не удалось экспортировать просматриваемую область"
"src/geoclue.js:106","Current Location","Текущее местоположение"
"src/geoJSONSource.js:97","invalid coordinate","неверные координаты"
"src/geoJSONSource.js:142 src/geoJSONSource.js:182 src/geoJSONSource.js:197","parse error","ошибка разбора"
"src/geoJSONSource.js:176","unknown geometry","неизвестная геометрия"
"src/graphHopper.js:115 src/transitPlan.js:174","Route request failed.","Сбой при запросе маршрута."
"src/graphHopper.js:122 src/transitPlan.js:166","No route found.","Маршрут не найден."
"src/graphHopper.js:209 src/transitplugins/openTripPlanner.js:1118","Start!","Старт!"
"src/mainWindow.js:61","All Layer Files","Все файлы слоёв"
"src/mainWindow.js:461","Failed to connect to location service","Не удалось подключиться к службе местоположения"
"src/mainWindow.js:556","translator-credits","Yuri Myasoedov <ymyasoedov@yandex.ru>, 2013, 2014.
Stas Solovey <whats_up@tut.by>, 2014-2019.
Alexey Rubtsov <rushills@gmail.com>, 2021
Aleksandr Melman <alexmelman88@gmail.com>, 2022"
"src/mainWindow.js:559","A map application for GNOME","Приложение карт для GNOME"
"src/mainWindow.js:570","Copyright © 2011 – 2022 Red Hat, Inc. and The GNOME Maps authors","Авторское право © 2011 – 2022 Red Hat, Inc. и авторы GNOME Maps"
"src/mainWindow.js:590","Map data by %s and contributors","Картографические данные %s и участников"
"src/mainWindow.js:606","Map tiles provided by %s","Картографические слои предоставлены %s"
"src/mainWindow.js:635","Search provided by %s using %s","Поиск осуществляется %s с помощью %s"
"src/mapView.js:363 src/mapView.js:421","Failed to open layer","Не удалось открыть слой"
"src/mapView.js:384","Do you want to continue?","Вы хотите продолжить?"
"src/mapView.js:385","You are about to open files with a total size of %s MB. This could take some time to load","Вы собираетесь открыть файлы общим размером %s МБ. Загрузка может занять некоторое время"
"src/mapView.js:415","File type is not supported","Тип файла не поддерживается"
"src/mapView.js:453","Failed to open GeoURI","Не удалось открыть геолокационный URI"
"src/osmAccountDialog.js:92","Failed to authorize access","Не удалось авторизовать доступ"
"src/osmAccountDialog.js:93","Try again","Попробовать снова"
"src/osmAccountDialog.js:153","The verification code didn’t match, please try again.","Проверочный код не совпадает, попробуйте снова."
"src/osmConnection.js:355","Incorrect user name or password","Неверное имя пользователя или пароль"
"src/osmConnection.js:357","Success","Успешно"
"src/osmConnection.js:359","Bad request","Неверный запрос"
"src/osmConnection.js:361","Object not found","Объект не найден"
"src/osmConnection.js:363","Conflict, someone else has just modified the object","Конфликт: кто-то ещё только что изменил объект"
"src/osmConnection.js:365","Object has been deleted","Объект был удалён"
"src/osmConnection.js:367","Way or relation refers to non-existing children","Путь или связь ссылается на несуществующего потомка"
"src/osmEditDialog.js:117","Name","Имя"
"src/osmEditDialog.js:120","The official name. This is typically what appears on signs.","Официальное название. Обычно то, что написано на знаках."
"src/osmEditDialog.js:123","Address","Адрес"
"src/osmEditDialog.js:131 src/placeView.js:262","Website","Веб-сайт"
"src/osmEditDialog.js:135","This is not a valid URL. Make sure to include http:// or https://.","Это не правильный URL. Обязательно включите http:// или https://."
"src/osmEditDialog.js:136","The official website. Try to use the most basic form of a URL i.e. http://example.com instead of http://example.com/index.html.","Официальный веб-сайт. Рекомендуется использовать URL в наиболее общей форме, например «http://example.com» вместо «http://example.com/index.html»."
"src/osmEditDialog.js:141","Phone","Телефон"
"src/osmEditDialog.js:145","Phone number. Use the international format, starting with a + sign. Beware of local privacy laws, especially for private phone numbers.","Номер телефона. Используйте международный формат, начинающийся со знака «+»."
"src/osmEditDialog.js:150 src/placeView.js:290","E-mail","E-mail"
"src/osmEditDialog.js:155","This is not a valid e-mail address. Make sure to not include the mailto: protocol prefix.","Это не действительный адрес электронной почты. Убедитесь, что не указан префикс протокола mailto:."
"src/osmEditDialog.js:156","Contact e-mail address for inquiries. Add only email addresses that are intended to be publicly used.","Адрес электронной почты для запросов. Добавляйте только те адреса электронной почты, которые предназначены для публичного использования."
"src/osmEditDialog.js:160 src/placeView.js:625","Wikipedia","Википедия"
"src/osmEditDialog.js:165","The format used should include the language code and the article title like “en:Article title”.","Используемый формат должен содержать код языка и заголовок статьи, например «ru:Заголовок статьи»."
"src/osmEditDialog.js:169 src/placeView.js:327","Opening hours","Часы работы"
"src/osmEditDialog.js:174","See the link in the label for help on format.","Для получения справки по формату см. ссылку в метке."
"src/osmEditDialog.js:177 src/placeView.js:437","Population","Население"
"src/osmEditDialog.js:182 src/placeView.js:466","Altitude","Высота"
"src/osmEditDialog.js:185","Elevation (height above sea level) of a point in metres.","Высота над уровнем моря в метрах."
"src/osmEditDialog.js:188","Wheelchair access","Доступ для инвалидных колясок"
"src/osmEditDialog.js:191 src/osmEditDialog.js:200 src/osmEditDialog.js:211 src/osmEditDialog.js:246","Yes","Да"
"src/osmEditDialog.js:192 src/osmEditDialog.js:201 src/osmEditDialog.js:212 src/osmEditDialog.js:247","No","Нет"
"src/osmEditDialog.js:193","Limited","Ограниченный"
"src/osmEditDialog.js:194","Designated","Специализированный"
"src/osmEditDialog.js:197","Internet access","Доступ к Интернету"
"src/osmEditDialog.js:202","Wi-Fi","Wi-Fi"
"src/osmEditDialog.js:203","Wired","Проводной"
"src/osmEditDialog.js:204","Terminal","Терминал"
"src/osmEditDialog.js:205","Service","Служебный"
"src/osmEditDialog.js:208","Takeaway","Вынос"
"src/osmEditDialog.js:213","Only","Только"
"src/osmEditDialog.js:216","Religion","Религия"
"src/osmEditDialog.js:219 src/translations.js:286","Animism","Анимизм"
"src/osmEditDialog.js:220","Bahá’í","Бахаи"
"src/osmEditDialog.js:221 src/translations.js:288","Buddhism","Буддизм"
"src/osmEditDialog.js:222 src/translations.js:289","Caodaism","Каодаизм"
"src/osmEditDialog.js:223 src/translations.js:290","Christianity","Христианство"
"src/osmEditDialog.js:224 src/translations.js:291","Confucianism","Конфуцианство"
"src/osmEditDialog.js:225 src/translations.js:292","Hinduism","Индуизм"
"src/osmEditDialog.js:226 src/translations.js:293","Jainism","Джайнизм"
"src/osmEditDialog.js:227 src/translations.js:294","Judaism","Иудаизм"
"src/osmEditDialog.js:228 src/translations.js:295","Islam","Ислам"
"src/osmEditDialog.js:229 src/translations.js:296","Multiple Religions","Несколько религий"
"src/osmEditDialog.js:230 src/translations.js:297","Paganism","Язычество"
"src/osmEditDialog.js:231 src/translations.js:298","Pastafarianism","Пастафарианство"
"src/osmEditDialog.js:232 src/translations.js:299","Scientology","Саентология"
"src/osmEditDialog.js:233 src/translations.js:300","Shinto","Синто"
"src/osmEditDialog.js:234 src/translations.js:301","Sikhism","Сикхизм"
"src/osmEditDialog.js:235 src/translations.js:302","Spiritualism","Спиритизм"
"src/osmEditDialog.js:236 src/translations.js:303","Taoism","Даосизм"
"src/osmEditDialog.js:237 src/translations.js:304","Unitarian Universalism","Унитарный универсализм"
"src/osmEditDialog.js:238 src/translations.js:305","Voodoo","Шаманство"
"src/osmEditDialog.js:239 src/translations.js:306","Yazidism","Езидизм"
"src/osmEditDialog.js:240 src/translations.js:307","Zoroastrianism","Зороастризм"
"src/osmEditDialog.js:243","Toilets","Туалеты"
"src/osmEditDialog.js:250","Note","Заметка"
"src/osmEditDialog.js:253","Information used to inform other mappers about non-obvious information about an element, the author’s intent when creating it, or hints for further improvement.","Информация, используемая для информирования других картографов о неочевидной информации об элементе, намерении автора при его создании или о намеках на дальнейшее совершенствование."
"src/osmEditDialog.js:347","Add to OpenStreetMap","Добавить в OpenStreetMap"
"src/osmEditDialog.js:401","Select Type","Выберите тип"
"src/osmEditDialog.js:518","Done","Готово"
"src/photonUtils.js:118","Unnamed place","Неназванное место"
"src/placeEntry.js:218","Failed to parse Geo URI","Не удалось разобрать геолокационный URI"
"src/placeEntry.js:231","Failed to parse Maps URI","Не удалось разобрать URI карт"
"src/placeView.js:250","Coordinates","Координаты"
"src/placeView.js:254","Accuracy","Точность"
"src/placeView.js:257","Accuracy: %s","Точность: %s"
"src/placeView.js:276","Phone number","Номер телефона"
"src/placeView.js:303","Offers takeaway","Предложения на вынос"
"src/placeView.js:311","Does not offer takeaway","Не предлагает блюда на вынос"
"src/placeView.js:320","Only offers takeaway","Только на вынос"
"src/placeView.js:337","Public internet access","Открытый доступ в Интернет"
"src/placeView.js:346","No internet access","Отсутствие доступа в Интернет"
"src/placeView.js:354","Public Wi-Fi","Общественный Wi-Fi"
"src/placeView.js:362","Wired internet access","Проводной доступ в Интернет"
"src/placeView.js:370","Computers available for use","Компьютеры доступные для использования"
"src/placeView.js:378","Internet assistance available","Доступна помощь в Интернете"
"src/placeView.js:384","No toilets available","Туалеты отсутствуют"
"src/placeView.js:387","Toilets available","Туалеты в наличии"
"src/placeView.js:396","Wheelchair accessible","Доступность для инвалидных колясок"
"src/placeView.js:406","Limited wheelchair accessibility","Ограниченная доступность для инвалидных колясок"
"src/placeView.js:415","Not wheelchair accessible","Не доступен для инвалидных колясок"
"src/placeView.js:425","Designated for wheelchair users","Предназначен для инвалидов-колясочников"
"src/placeView.js:456","%s below sea level","%s ниже уровня моря"
"src/placeView.js:463","At sea level","На уровне моря"
"src/placeView.js:472","Religion:","Религия:"
"src/place.js:531","Place not found in OpenStreetMap","Место не найдено в OpenStreetMap"
"src/place.js:538","Coordinates in URL are not valid","Координаты в URL не действительны"
"src/place.js:547","URL is not supported","URL не поддерживается"
"src/printLayout.js:293","From %s to %s","Из %s в %s"
"src/printOperation.js:50","Loading map tiles for printing","Загрузка областей карты для печати"
"src/printOperation.js:51","You can abort printing if this takes too long","Печать можно прервать, если она выполняется слишком долго"
"src/printOperation.js:53","Abort printing","Прервать печать"
"src/routeEntry.js:72","Add via location","Добавить через местоположение"
"src/routeEntry.js:82","Remove via location","Удалить через местоположение"
"src/routeEntry.js:88","Reverse route","Обратный маршрут"
"src/sendToDialog.js:92","Add %s to %s","Добавьте %s к %s"
"src/sendToDialog.js:190","Failed to open URI","Не удалось открыть URI"
"src/sendToDialog.js:260","Open with %s","Открыть с помощью %s"
"src/shapeLayer.js:96","failed to load file","не удалось загрузить файл"
"src/sidebar.js:327","Estimated time: %s","Расчётное время: %s"
"src/sidebar.js:383","Itineraries provided by %s","Маршруты, предоставленные %s"
"src/transit.js:39","Start at %s","Отправление в %s"
"src/transit.js:45","Start","Отправление"
"src/transit.js:63","Walk %s","Пешком %s"
"src/transit.js:77","Arrive at %s","Прибытие в %s"
"src/transit.js:79 src/transitplugins/openTripPlanner.js:1131","Arrive","Прибытие"
"src/transitLegRow.js:78","Show walking instructions","Показывать информацию для пешего маршрута"
"src/transitLegRow.js:79","Hide walking instructions","Скрывать информацию для пешего маршрута"
"src/transitMoreRow.js:37","Load earlier alternatives","Загрузить предыдущие варианты"
"src/transitMoreRow.js:39","Load later alternatives","Загрузить следующие варианты"
"src/transitMoreRow.js:52","No earlier alternatives found.","Не найдено более ранних вариантов."
"src/transitMoreRow.js:54","No later alternatives found.","Не найдено более поздних вариантов."
"src/transitOptionsPanel.js:135","%b %e","%e %b"
"src/transitPlan.js:170","No timetable data found for this route.","Для этого маршрута не найдено расписаний."
"src/transitPlan.js:178","No provider found for this route.","Для этого маршрута не найдено ни одного поставщика услуг."
"src/transitPlan.js:295","%s – %s","%s – %s"
"src/transitPlan.js:324","%s minute
msgid_plural: %s minutes","msgstr[0]: %s минута
msgstr[1]: %s минуты
msgstr[2]: %s минут"
"src/transitPlan.js:336","%s hour
msgid_plural: %s hours","msgstr[0]: %s час
msgstr[1]: %s часа
msgstr[2]: %s часов"
"src/transitPlan.js:344","%s:%s hour
msgid_plural: %s:%s hours","msgstr[0]: %s:%s час
msgstr[1]: %s:%s часа
msgstr[2]: %s:%s часов"
"src/transitPlan.js:698","%s–%s","%s–%s"
"src/translations.js:55","Around the clock","Круглосуточно"
"src/translations.js:57","From sunrise to sunset","От восхода до заката"
"src/translations.js:123","%s,%s","%s, %s"
"src/translations.js:137","%s,%s,%s","%s, %s, %s"
"src/translations.js:156","Every day","Каждый день"
"src/translations.js:168","%s-%s","%s-%s"
"src/translations.js:179","Public holidays","Государственные праздники"
"src/translations.js:181","School holidays","Школьные каникулы"
"src/translations.js:221","%s, %s","%s, %s"
"src/translations.js:235","not open","не открыто"
"src/translations.js:250","%s-%s","%s-%s"
"src/utils.js:257","Unknown","Неизвестная"
"src/utils.js:260","Exact","Максимальная"
"src/utils.js:357","%s h","%s h"
"src/utils.js:363","%s h %s min
msgid_plural: %s h %s min","msgstr[0]: %s ч %s мин
msgstr[1]: %s ч %s мин
msgstr[2]: %s ч %s мин"
"src/utils.js:370","%s min
msgid_plural: %s min","msgstr[0]: %s мин
msgstr[1]: %s мин
msgstr[2]: %s мин"
"src/utils.js:376","%s s
msgid_plural: %s s","msgstr[0]: %s с
msgstr[1]: %s с
msgstr[2]: %s с"
"src/utils.js:387","%s km","%s км"
"src/utils.js:390","%s m","%s м"
"src/utils.js:398","%s mi","%s ми"
"src/utils.js:401","%s ft","%s фт"
"src/transitplugins/goMetro.js:61","This plugin doesn't support latest arrival","Этот модуль не поддерживает последние поступления"
"src/transitplugins/openTripPlanner.js:1192","Continue on %s","Продолжайте %s"
"src/transitplugins/openTripPlanner.js:1194","Continue","Продолжить"
"src/transitplugins/openTripPlanner.js:1197","Turn left on %s","Поверните налево на %s"
"src/transitplugins/openTripPlanner.js:1199","Turn left","Поверните налево"
"src/transitplugins/openTripPlanner.js:1202","Turn slightly left on %s","Поверните немного налево на %s"
"src/transitplugins/openTripPlanner.js:1204","Turn slightly left","Повернитесь немного влево"
"src/transitplugins/openTripPlanner.js:1207","Turn sharp left on %s","Поверните резко налево на %s"
"src/transitplugins/openTripPlanner.js:1209","Turn sharp left","Повернитесь резко налево"
"src/transitplugins/openTripPlanner.js:1212","Turn right on %s","Поверните направо на %s"
"src/transitplugins/openTripPlanner.js:1214","Turn right","Поверните направо"
"src/transitplugins/openTripPlanner.js:1217","Turn slightly right on %s","Поверните немного направо на %s"
"src/transitplugins/openTripPlanner.js:1219","Turn slightly right","Поверните немного направо"
"src/transitplugins/openTripPlanner.js:1222","Turn sharp right on %s","Поверните резко направо на %s"
"src/transitplugins/openTripPlanner.js:1224","Turn sharp right","Повернитесь резко направо"
"src/transitplugins/openTripPlanner.js:1230","At the roundabout, take exit %s","На кольцевой развязке сверните на съезд %s"
"src/transitplugins/openTripPlanner.js:1232","At the roundabout, take exit to %s","На кольцевой развязке сверните на %s"
"src/transitplugins/openTripPlanner.js:1234","Take the roundabout","Сверните на кольцевую развязку"
"src/transitplugins/openTripPlanner.js:1238","Take the elevator and get off at %s","Поднимитесь на лифте и выйдите на %s"
"src/transitplugins/openTripPlanner.js:1240","Take the elevator","Поднимитесь на лифте"
"src/transitplugins/openTripPlanner.js:1244","Make a left u-turn onto %s","Выполните левый разворот на %s"
"src/transitplugins/openTripPlanner.js:1246","Make a left u-turn","Выполните левый разворот"
"src/transitplugins/openTripPlanner.js:1249","Make a right u-turn onto %s","Выполните правый разворот на %s"
"src/transitplugins/openTripPlanner.js:1251","Make a right u-turn","Разворот направо"
