"location","source","target"
"","po header","Project-Id-Version: gnome-tweak-tool master
Report-Msgid-Bugs-To: https://gitlab.gnome.org/GNOME/gnome-tweaks/issues
POT-Creation-Date: 2022-05-23 12:26+0000
PO-Revision-Date: 2022-05-18 10:05+0300
Last-Translator: Olesya Gerasimenko <translation-team@basealt.ru>
Language-Team: Russian <l10n@basealt.ru>
Language: ru
MIME-Version: 1.0
Content-Type: text/plain; charset=UTF-8
Content-Transfer-Encoding: 8bit
Plural-Forms: nplurals=3; plural=(n%10==1 && n%100!=11 ? 0 : n%10>=2 && n%10<=4 && (n%100<10 || n%100>=20) ? 1 : 2);
X-Generator: Lokalize 21.12.3
"
"data/org.gnome.tweaks.appdata.xml.in:7","The GNOME Project","Проект GNOME"
"data/org.gnome.tweaks.appdata.xml.in:9 gtweak/app.py:43 gtweak/utils.py:326 gtweak/utils.py:343","GNOME Tweaks","Доп. настройки GNOME"
"data/org.gnome.tweaks.appdata.xml.in:10 data/org.gnome.tweaks.desktop.in:4","Tweak advanced GNOME 3 settings","Настройка дополнительных параметров GNOME 3"
"data/org.gnome.tweaks.appdata.xml.in:12","GNOME Tweaks allows adjusting advanced GNOME options.","Дополнительные настройки GNOME позволяют точнее настроить среду рабочего стола GNOME."
"data/org.gnome.tweaks.appdata.xml.in:15","It can install and manage themes and extensions, change power settings, manage startup applications, and enable desktop icons among other settings.","Программа позволяет устанавливать и управлять темами и дополнениями, изменять настройки электропитания, управлять автозапуском приложений, включать отображение значков на рабочем столе, а также изменять другие параметры."
"data/org.gnome.tweaks.desktop.in:3 gtweak/tweakview.py:109","Tweaks","Доп. настройки GNOME"
"data/org.gnome.tweaks.desktop.in:14","Settings;Advanced;Preferences;Fonts;Theme;XKB;Keyboard;Typing;","Настройки;Дополнительные;Параметры;Шрифты;Тема;XKB;Клавиатура;Ввод;"
"data/shell.ui:7","_Reset to Defaults","_Сбросить на настройки по умолчанию"
"data/shell.ui:13","_About Tweaks","_О приложении"
"gtweak/app.py:23","_Continue","_Продолжить"
"gtweak/app.py:25","Extensions Has Moved","Расширения были перенесены"
"gtweak/app.py:30","Extensions management has been moved to {0}.","Управление расширениями перенесено в {0}."
"gtweak/app.py:34","We recommend downloading GNOME Extensions from {0} if your distribution does not include it.","Рекомендуется загрузить Расширения GNOME {0}, если оно не включено в Ваш дистрибутив."
"gtweak/app.py:83","Reset to Defaults","Сбросить на настройки по умолчанию"
"gtweak/app.py:84","Reset all tweak settings to the original default state?","Сбросить все параметры на настройки по умолчанию?"
"gtweak/app.py:101 gtweak/app.py:103","GNOME Shell","GNOME Shell"
"gtweak/app.py:103","(%s mode)","(режим %s)"
"gtweak/app.py:106","GNOME Shell is not running","GNOME Shell не запущен"
"gtweak/app.py:108","GTK","GTK"
"gtweak/app.py:115","Homepage","Домашняя страница"
"gtweak/tweakmodel.py:31","Miscellaneous","Разное"
"gtweak/tweakview.py:143","Search Tweaks…","Поиск настроек…"
"gtweak/tweakview.py:204 gtweak/tweaks/tweak_group_general.py:53","General","Основное"
"gtweak/tweaks/tweak_group_appearance.py:54","Legacy Applications","Устаревшие приложения"
"gtweak/tweaks/tweak_group_appearance.py:88","Error writing setting","Ошибка записи параметров"
"gtweak/tweaks/tweak_group_appearance.py:94","Icons","Значки"
"gtweak/tweaks/tweak_group_appearance.py:109","Cursor","Указатель мыши"
"gtweak/tweaks/tweak_group_appearance.py:133","Shell","Тема Shell"
"gtweak/tweaks/tweak_group_appearance.py:133","Install custom or user themes for gnome-shell","Установка собственных тем для gnome-shell"
"gtweak/tweaks/tweak_group_appearance.py:136","Unknown error","Неизвестная ошибка"
"gtweak/tweaks/tweak_group_appearance.py:141","Shell not running","Shell не запущен"
"gtweak/tweaks/tweak_group_appearance.py:163","Shell user-theme extension incorrectly installed","Расширение «user-theme» неправильно установлено"
"gtweak/tweaks/tweak_group_appearance.py:166","Shell user-theme extension not enabled","Расширение «user-theme» не включено"
"gtweak/tweaks/tweak_group_appearance.py:169","Could not list shell extensions","Не удалось получить список расширений"
"gtweak/tweaks/tweak_group_appearance.py:199","<i>Default</i>","<i>По умолчанию</i>"
"gtweak/tweaks/tweak_group_appearance.py:205","Select a theme","Выберите тему"
"gtweak/tweaks/tweak_group_appearance.py:254","%s theme updated successfully","Тема %s успешно обновлена"
"gtweak/tweaks/tweak_group_appearance.py:256","%s theme installed successfully","Тема %s успешно установлена"
"gtweak/tweaks/tweak_group_appearance.py:264","Error installing theme","Ошибка установки темы"
"gtweak/tweaks/tweak_group_appearance.py:269","Invalid theme","Недопустимая тема"
"gtweak/tweaks/tweak_group_appearance.py:281","Appearance","Внешний вид"
"gtweak/tweaks/tweak_group_appearance.py:284","Themes","Темы"
"gtweak/tweaks/tweak_group_appearance.py:288","Sound","Звук"
"gtweak/tweaks/tweak_group_appearance.py:289","Specifies which sound theme to use for sound events.","Указывает, какую звуковую тему использовать для звуковых событий."
"gtweak/tweaks/tweak_group_appearance.py:292","Background","Фон рабочего стола"
"gtweak/tweaks/tweak_group_appearance.py:293 gtweak/tweaks/tweak_group_appearance.py:298","Image","Изображение"
"gtweak/tweaks/tweak_group_appearance.py:295 gtweak/tweaks/tweak_group_appearance.py:300","Adjustment","Подгонка"
"gtweak/tweaks/tweak_group_appearance.py:297","Lock Screen","Экран блокировки"
"gtweak/tweaks/tweak_group_desktop.py:7","Show Icons","Показывать значки"
"gtweak/tweaks/tweak_group_desktop.py:13","Home","Домашняя папка"
"gtweak/tweaks/tweak_group_desktop.py:20","Desktop","Рабочий стол"
"gtweak/tweaks/tweak_group_desktop.py:21","Icons on Desktop","Показывать значки на рабочем столе"
"gtweak/tweaks/tweak_group_desktop.py:24","Network Servers","Сеть"
"gtweak/tweaks/tweak_group_desktop.py:25","Trash","Корзина"
"gtweak/tweaks/tweak_group_desktop.py:26","Mounted Volumes","Устройства"
"gtweak/tweaks/tweak_group_font.py:17 gtweak/tweaks/tweak_group_font.py:31","Hinting","Хинтинг"
"gtweak/tweaks/tweak_group_font.py:17 gtweak/tweaks/tweak_group_font.py:63","Antialiasing","Сглаживание"
"gtweak/tweaks/tweak_group_font.py:40","Full","Полный"
"gtweak/tweaks/tweak_group_font.py:46","Medium","Средний"
"gtweak/tweaks/tweak_group_font.py:52","Slight","Незначительный"
"gtweak/tweaks/tweak_group_font.py:58 gtweak/tweaks/tweak_group_font.py:83","None","Нет"
"gtweak/tweaks/tweak_group_font.py:71","Subpixel (for LCD screens)","Субпиксельное (для ЖК-экранов)"
"gtweak/tweaks/tweak_group_font.py:77","Standard (grayscale)","Стандартное (оттенки серого)"
"gtweak/tweaks/tweak_group_font.py:108","Fonts","Шрифты"
"gtweak/tweaks/tweak_group_font.py:109","Interface Text","Текст интерфейса"
"gtweak/tweaks/tweak_group_font.py:110","Document Text","Текст документа"
"gtweak/tweaks/tweak_group_font.py:111","Monospace Text","Моноширинный текст"
"gtweak/tweaks/tweak_group_font.py:112","Legacy Window Titles","Устаревшие заголовки окна"
"gtweak/tweaks/tweak_group_font.py:114","Scaling Factor","Коэффициент масштабирования"
"gtweak/tweaks/tweak_group_general.py:28","Suspend when laptop lid is closed","Режим ожидания при закрытии ноутбука"
"gtweak/tweaks/tweak_group_general.py:56","Over-Amplification","Сверх усиление"
"gtweak/tweaks/tweak_group_general.py:57","Allows raising the volume above 100%. This can result in a loss of audio quality; it is better to increase application volume settings, if possible.","Позволяет увеличить громкость выше 100%. Это может привести к потере качества звука; лучше увеличить громкость в настройках приложения, если это возможно."
"gtweak/tweaks/tweak_group_keymouse.py:21","Emacs Input","Ввод Emacs"
"gtweak/tweaks/tweak_group_keymouse.py:24","Overrides shortcuts to use keybindings from the Emacs editor.","Переопределяет комбинации клавиш для использования комбинаций из приложения Emacs."
"gtweak/tweaks/tweak_group_keymouse.py:40","Overview Shortcut","Комбинация клавиш для входа в меню Обзор"
"gtweak/tweaks/tweak_group_keymouse.py:47","Left Super","Левый Super"
"gtweak/tweaks/tweak_group_keymouse.py:51","Right Super","Правый Super"
"gtweak/tweaks/tweak_group_keymouse.py:74 gtweak/tweaks/tweak_group_keymouse.py:82","Additional Layout Options","Дополнительные параметры раскладки"
"gtweak/tweaks/tweak_group_keymouse.py:104 gtweak/tweaks/tweak_group_keymouse.py:241","Mouse Click Emulation","Эмуляция нажатия мышкой"
"gtweak/tweaks/tweak_group_keymouse.py:122","Fingers","Пальцы"
"gtweak/tweaks/tweak_group_keymouse.py:124","Click the touchpad with two fingers for right-click and three fingers for middle-click.","Нажмите на сенсорную панель двумя пальцами для эмуляции нажатия правой кнопки мыши и тремя пальцами для средней."
"gtweak/tweaks/tweak_group_keymouse.py:148","Area","Область"
"gtweak/tweaks/tweak_group_keymouse.py:150","Click the bottom right of the touchpad for right-click and the bottom middle for middle-click.","Нажмите на правую нижнюю часть сенсорной панели для эмуляции нажатия правой кнопки мыши и на середину нижней части для эмуляции нажатия средней кнопки мыши."
"gtweak/tweaks/tweak_group_keymouse.py:174 gtweak/tweaks/tweak_group_windows.py:211 gtweak/tweaks/tweak_group_xkb.py:39","Disabled","Выключено"
"gtweak/tweaks/tweak_group_keymouse.py:176","Don’t use mouse click emulation.","Не использовать эмуляцию мыши."
"gtweak/tweaks/tweak_group_keymouse.py:213","Keyboard & Mouse","Клавиатура и мышь"
"gtweak/tweaks/tweak_group_keymouse.py:214","Keyboard","Клавиатура"
"gtweak/tweaks/tweak_group_keymouse.py:215","Show Extended Input Sources","Показывать дополнительные источники ввода"
"gtweak/tweaks/tweak_group_keymouse.py:218","Increases the choice of input sources in the Settings application.","Увеличивает выбор источников ввода в приложении «Настройки»."
"gtweak/tweaks/tweak_group_keymouse.py:223","Mouse","Мышь"
"gtweak/tweaks/tweak_group_keymouse.py:224","Acceleration Profile","Профиль ускорения"
"gtweak/tweaks/tweak_group_keymouse.py:228","Pointer Location","Положение курсора"
"gtweak/tweaks/tweak_group_keymouse.py:231","Press the Ctrl key to highlight the pointer.","Нажмите клавишу Ctrl, чтобы подсветить указатель."
"gtweak/tweaks/tweak_group_keymouse.py:232","Middle Click Paste","Вставка при нажатии средней кнопки мыши"
"gtweak/tweaks/tweak_group_keymouse.py:236","Touchpad","Сенсорная панель"
"gtweak/tweaks/tweak_group_keymouse.py:237","Disable While Typing","Отключить при вводе"
"gtweak/tweaks/tweak_group_startup.py:30","Startup applications are automatically started when you log in.","Приложения будут автоматически запускаться при входе в систему."
"gtweak/tweaks/tweak_group_startup.py:31 gtweak/tweaks/tweak_group_startup.py:307","Startup Applications","Автозапуск"
"gtweak/tweaks/tweak_group_startup.py:42","Applications","Приложения"
"gtweak/tweaks/tweak_group_startup.py:48","Search Applications…","Поиск приложений…"
"gtweak/tweaks/tweak_group_startup.py:58","<primary>f","<primary>f"
"gtweak/tweaks/tweak_group_startup.py:76","running","запущено"
"gtweak/tweaks/tweak_group_startup.py:87","_Close","_Закрыть"
"gtweak/tweaks/tweak_group_startup.py:88","_Add","_Добавить"
"gtweak/tweaks/tweak_group_startup.py:233","Remove","Удалить"
"gtweak/tweaks/tweak_group_startup.py:257","New startup application","Добавить приложение в автозапуск"
"gtweak/tweaks/tweak_group_startup.py:258","Add a new application to be run at startup","Добавить новое приложение для запуска при загрузке"
"gtweak/tweaks/tweak_group_title_bar.py:57","Placement","Положение"
"gtweak/tweaks/tweak_group_title_bar.py:71","Left","Слева"
"gtweak/tweaks/tweak_group_title_bar.py:77","Right","Справа"
"gtweak/tweaks/tweak_group_title_bar.py:108","Window Titlebars","Заголовки окон"
"gtweak/tweaks/tweak_group_title_bar.py:109","Titlebar Actions","Действия на заголовке окна"
"gtweak/tweaks/tweak_group_title_bar.py:110","Double-Click","Двойное нажатие кнопки мыши"
"gtweak/tweaks/tweak_group_title_bar.py:111","Middle-Click","Нажатие средней кнопки мыши"
"gtweak/tweaks/tweak_group_title_bar.py:112 gtweak/tweaks/tweak_group_windows.py:88","Secondary-Click","Второе нажатие"
"gtweak/tweaks/tweak_group_title_bar.py:113","Titlebar Buttons","Кнопки заголовка окна"
"gtweak/tweaks/tweak_group_title_bar.py:114","Maximize","Развернуть"
"gtweak/tweaks/tweak_group_title_bar.py:115","Minimize","Свернуть"
"gtweak/tweaks/tweak_group_top_bar.py:14","Top Bar","Верхняя панель"
"gtweak/tweaks/tweak_group_top_bar.py:15","Clock","Часы"
"gtweak/tweaks/tweak_group_top_bar.py:16","Weekday","День недели"
"gtweak/tweaks/tweak_group_top_bar.py:17","Date","Дата"
"gtweak/tweaks/tweak_group_top_bar.py:18","Seconds","Секунды"
"gtweak/tweaks/tweak_group_top_bar.py:19","Calendar","Календарь"
"gtweak/tweaks/tweak_group_top_bar.py:20","Week Numbers","Номера недель"
"gtweak/tweaks/tweak_group_windows.py:18 gtweak/tweaks/tweak_group_windows.py:212","Window Focus","Фокус окна"
"gtweak/tweaks/tweak_group_windows.py:18 gtweak/tweaks/tweak_group_windows.py:36 gtweak/tweaks/tweak_group_windows.py:212","Click to Focus","Срабатывает при нажатии"
"gtweak/tweaks/tweak_group_windows.py:38","Windows are focused when they are clicked.","Окна становятся активными при нажатии."
"gtweak/tweaks/tweak_group_windows.py:62","Focus on Hover","Срабатывает при наведении"
"gtweak/tweaks/tweak_group_windows.py:64","Window is focused when hovered with the pointer. Windows remain focused when the desktop is hovered.","Окна становятся активными, когда вы перемещаете курсор над ними. Наведение на рабочий стол не меняет активность."
"gtweak/tweaks/tweak_group_windows.py:90","Window is focused when hovered with the pointer. Hovering the desktop removes focus from the previous window.","Окна становятся активными, когда вы перемещаете курсор над ними. Наведение на рабочий стол деактивирует предыдущее окно."
"gtweak/tweaks/tweak_group_windows.py:129","Window scaling","Масштабирование окон"
"gtweak/tweaks/tweak_group_windows.py:129","Adjust GDK window scaling factor for HiDPI","Отрегулируйте коэффициент масштабирования окон GDK для HiDPI"
"gtweak/tweaks/tweak_group_windows.py:157","Settings will be reverted in {0} second
msgid_plural: Settings will be reverted in {0} seconds","msgstr[0]: Настройки будут восстановлены через {0} секунду
msgstr[1]: Настройки будут восстановлены через {0} секунды
msgstr[2]: Настройки будут восстановлены через {0} секунд"
"gtweak/tweaks/tweak_group_windows.py:173","Do you want to keep these HiDPI settings?","Сохранить данные настройки HiDPI?"
"gtweak/tweaks/tweak_group_windows.py:180","Revert Settings","Восстановить настройки"
"gtweak/tweaks/tweak_group_windows.py:181","Keep Changes","Сохранить изменения"
"gtweak/tweaks/tweak_group_windows.py:197","HiDPI","HiDPI"
"gtweak/tweaks/tweak_group_windows.py:203","Windows","Окна"
"gtweak/tweaks/tweak_group_windows.py:204","Attach Modal Dialogs","Прикреплённые модальные диалоговые окна"
"gtweak/tweaks/tweak_group_windows.py:205","When on, modal dialog windows are attached to their parent windows, and cannot be moved.","Когда включено, модальные диалоговые окна будут прикреплены к родительскому окну без возможности их смещения относительно родительского окна."
"gtweak/tweaks/tweak_group_windows.py:206","Center New Windows","Центрировать новые окна"
"gtweak/tweaks/tweak_group_windows.py:207","Resize with Secondary-Click","Изменение размера правой кнопкой мыши"
"gtweak/tweaks/tweak_group_windows.py:208","Window Action Key","Клавиша-модификатор действий над окном"
"gtweak/tweaks/tweak_group_windows.py:214","Raise Windows When Focused","Поднимать окно над другими при установлении фокуса"
"gtweak/tweaks/tweak_group_xkb.py:167","Typing","Клавиатура"
"gtweak/tweaks/tweak_wacom.py:16","Device","Устройство"
"gtweak/tweaks/tweak_wacom.py:25","Wacom","Wacom"
"gtweak/utils.py:63","%s <i>(default)</i>","%s <i>(по умолчанию)</i>"
"gtweak/utils.py:345","Configuration changes require restart","Изменения конфигурации требуют перезагрузки"
"gtweak/utils.py:346","Your session needs to be restarted for settings to take effect","Сеанс пользователя необходимо перезапустить, чтобы изменения вступили в силу"
"gtweak/utils.py:350","Restart Session","Перезапустить сеанс пользователя"
