"location","source","target"
"","po header","Project-Id-Version: gnome-games trunk
Report-Msgid-Bugs-To: https://gitlab.gnome.org/GNOME/gnome-chess/issues
POT-Creation-Date: 2022-05-21 22:47+0000
PO-Revision-Date: 2022-01-08 02:29+1000
Last-Translator: Ser82-png
Language-Team: Русский <gnome-cyr@gnome.org>
Language: ru
MIME-Version: 1.0
Content-Type: text/plain; charset=UTF-8
Content-Transfer-Encoding: 8bit
Plural-Forms: nplurals=3; plural=(n%10==1 && n%100!=11 ? 0 : n%10>=2 && n%10<=4 && (n%100<10 || n%100>=20) ? 1 : 2);
X-Generator: Poedit 2.3
"
"data/chess-window.ui:7","_New Game","_Новая игра"
"data/chess-window.ui:11","_Open Game…","_Открыть игру…"
"data/chess-window.ui:15","_Save Game","_Сохранить игру"
"data/chess-window.ui:19","_Save Game As…","_Сохранить игру как…"
"data/chess-window.ui:25","_Resign Game","Сд_аться"
"data/chess-window.ui:31","_Preferences","_Параметры"
"data/chess-window.ui:37","_Keyboard Shortcuts","_Комбинации клавиш"
"data/chess-window.ui:41","_Help","_Справка"
"data/chess-window.ui:45","_About Chess","_О приложении Шахматы"
"data/chess-window.ui:59 data/org.gnome.Chess.desktop.in:3 src/gnome-chess.vala:1197 src/gnome-chess.vala:1564","Chess","Шахматы"
"data/chess-window.ui:67","Undo your most recent move","Отменить последний ход"
"data/chess-window.ui:149","Rewind to the game start","Вернуться к началу игры"
"data/chess-window.ui:166","Show the previous move","Показать предыдущий ход"
"data/chess-window.ui:183","Show the next move","Показать следующий ход"
"data/chess-window.ui:200","Show the current move","Показать текущий ход"
"data/help-overlay.ui:11","General","Основное"
"data/help-overlay.ui:15","Start a new game","Начать новую игру"
"data/help-overlay.ui:21","Open a saved game","Открыть сохранённую игру"
"data/help-overlay.ui:27","Pause the game","Приостановить игру"
"data/help-overlay.ui:33","Save the game","Сохранить игру"
"data/help-overlay.ui:39","Save the game with a different name","Сохраните игру под другим именем"
"data/help-overlay.ui:45","Undo move","Отменить ход"
"data/help-overlay.ui:51","Quit","Выход"
"data/help-overlay.ui:57","Open menu","Открыть меню"
"data/help-overlay.ui:64","History","Журнал"
"data/help-overlay.ui:68","Rewind to the game start","Вернуться к началу игры"
"data/help-overlay.ui:74","Show the previous move","Показать предыдущий ход"
"data/help-overlay.ui:80","Show the next move","Показать следующий ход"
"data/help-overlay.ui:86","Show the current move","Показать текущий ход"
"data/help-overlay.ui:93","Help","Справка"
"data/help-overlay.ui:97","Show Help","Показать справку"
"data/help-overlay.ui:103","Show Keyboard Shortcuts","Показать комбинации клавиш"
"data/org.gnome.Chess.appdata.xml.in:7","GNOME Chess","Шахматы GNOME"
"data/org.gnome.Chess.appdata.xml.in:8 data/org.gnome.Chess.desktop.in:5","Play the classic two-player board game of chess","Сыграть в классические шахматы"
"data/org.gnome.Chess.appdata.xml.in:10","GNOME Chess is a simple chess game. You can play against your computer at three different difficulty levels, or against a friend at your computer.","Шахматы GNOME — это простая игра в шахматы. Вы можете играть против компьютера на трёх различных уровнях сложности, а также против другого человека за ваших компьютером."
"data/org.gnome.Chess.appdata.xml.in:14","Computer chess enthusiasts will appreciate GNOME Chess’s compatibility with nearly all modern computer chess engines, and its ability to detect several popular engines automatically if installed.","Любители компьютерных шахмат оценят совместимость «Шахмат GNOME» с другими современными компьютерными шахматными движками, а также способность автоматически определять некоторые установленные популярные движки."
"data/org.gnome.Chess.appdata.xml.in:67","The GNOME Project","Проект GNOME"
"data/org.gnome.Chess.desktop.in:4","Chess Game","Игра в шахматы"
"data/org.gnome.Chess.desktop.in:7","game;strategy;","игра;стратегия;"
"data/org.gnome.Chess.gschema.xml:38","The width of the window","Ширина окна"
"data/org.gnome.Chess.gschema.xml:39","The width of the main window in pixels.","Требуемая ширина основного окна, в пикселях."
"data/org.gnome.Chess.gschema.xml:43","The height of the window","Высота окна"
"data/org.gnome.Chess.gschema.xml:44","The height of the main window in pixels.","Требуемая высота основного, в пикселах."
"data/org.gnome.Chess.gschema.xml:48 data/org.gnome.Chess.gschema.xml:49","A flag to enable maximized mode","Разворачивать окно на весь экран"
"data/org.gnome.Chess.gschema.xml:53 data/org.gnome.Chess.gschema.xml:54","The piece theme to use","Использовать тему фигур"
"data/org.gnome.Chess.gschema.xml:58 data/org.gnome.Chess.gschema.xml:59","A flag to enable move hints","Включить подсказки ходов"
"data/org.gnome.Chess.gschema.xml:63 data/org.gnome.Chess.gschema.xml:64","A flag to enable board numbering","Включить нумерацию полей"
"data/org.gnome.Chess.gschema.xml:68 data/org.gnome.Chess.gschema.xml:69","The directory to open the save game dialog in","Каталог в котором открывать диалог сохранения игры"
"data/org.gnome.Chess.gschema.xml:73 data/org.gnome.Chess.gschema.xml:74","The directory to open the load game dialog in","Каталог в котором открывать диалог открытия игры"
"data/org.gnome.Chess.gschema.xml:78 data/org.gnome.Chess.gschema.xml:79","The format to display moves in","Формат отображения ходов"
"data/org.gnome.Chess.gschema.xml:83 data/org.gnome.Chess.gschema.xml:84","The side of the board that is in the foreground","Ближняя сторона доски"
"data/org.gnome.Chess.gschema.xml:88 data/org.gnome.Chess.gschema.xml:89","The duration of a game in seconds (0 for no limit)","Продолжительность игры в секундах (0 — неограниченная)"
"data/org.gnome.Chess.gschema.xml:93 data/org.gnome.Chess.gschema.xml:94","The type of clock (simple/fischer/bronstein)","Тип часов (простой/Фишера/Бронштейна)"
"data/org.gnome.Chess.gschema.xml:98 data/org.gnome.Chess.gschema.xml:99","The timer increment set corresponding to clock type (1 second minimum)","Увеличение таймера устанавливается в соответствии с типом часов (минимум 1 секунда)"
"data/org.gnome.Chess.gschema.xml:103 data/org.gnome.Chess.gschema.xml:104","The board side to play as","За какую сторону доски играть"
"data/org.gnome.Chess.gschema.xml:108","The last side the player played as","Последняя сторона, за которую играл игрок"
"data/org.gnome.Chess.gschema.xml:109","This is needed when play-as is set to alternate. This should only be set to black or white.","Требуется, когда ключ «play-as» имеет значение «alternate». Может иметь значение «black» (чёрные) или «white» (белые)."
"data/org.gnome.Chess.gschema.xml:113","The opponent player","Противник"
"data/org.gnome.Chess.gschema.xml:114","Can be 'human' (play against another human player), '' (use the first available chess engine) or the name of a specific engine to play against","Возможные значения: «human» (играть против другого человека), «» (выбрать первый доступный шахматный движок) или название определённого движка"
"data/org.gnome.Chess.gschema.xml:118 data/org.gnome.Chess.gschema.xml:119","Difficulty of the opponent chess engine","Сложность игры шахматного движка"
"data/preferences.ui:11 data/preferences.ui:31","minutes","минуты"
"data/preferences.ui:15","hours","часы"
"data/preferences.ui:27","seconds","секунды"
"data/preferences.ui:43","Simple","Простой"
"data/preferences.ui:47","Fischer","Фишер"
"data/preferences.ui:51","Bronstein","Бронштейн"
"data/preferences.ui:63","Easy","Лёгкий"
"data/preferences.ui:67","Normal","Обычный"
"data/preferences.ui:71","Hard","Сложный"
"data/preferences.ui:97","No limit","Без ограничения"
"data/preferences.ui:101","Five minutes","5 минут"
"data/preferences.ui:105","Ten minutes","10 минут"
"data/preferences.ui:109","Thirty minutes","30 минут"
"data/preferences.ui:113","One hour","1 час"
"data/preferences.ui:117","Two hours","2 часа"
"data/preferences.ui:121","Three hours","3 часа"
"data/preferences.ui:125","Custom","Другое"
"data/preferences.ui:137","Human","Человек"
"data/preferences.ui:141","Standard Algebraic","Стандартная алгебраическая"
"data/preferences.ui:145","Figurine","Фигурная"
"data/preferences.ui:149","Long Algebraic","Полная алгебраическая"
"data/preferences.ui:161","Human","Человек"
"data/preferences.ui:173","White Side","Сторона белых"
"data/preferences.ui:177","Black Side","Сторона чёрных"
"data/preferences.ui:181","Human Side","Сторона человека"
"data/preferences.ui:185","Current Player","Текущий игрок"
"data/preferences.ui:197","Simple","Простой"
"data/preferences.ui:201","Fancy","Причудливый"
"data/preferences.ui:213","White","Белые"
"data/preferences.ui:217","Black","Чёрные"
"data/preferences.ui:221","Alternate","Чередовать"
"data/preferences.ui:228","Preferences","Параметры"
"data/preferences.ui:252","_Clock type:","_Тип часов:"
"data/preferences.ui:265","Timer _increment:","_Увеличение таймера:"
"data/preferences.ui:296","_Play as:","_Играть за:"
"data/preferences.ui:309","_Opposing player:","_Противник:"
"data/preferences.ui:322","_Difficulty:","_Сложность:"
"data/preferences.ui:455","_Time limit:","_Ограничение по времени:"
"data/preferences.ui:499","Changes will take effect for the next game.","Изменения вступят в силу для следующей игры."
"data/preferences.ui:514","_Game","_Игра"
"data/preferences.ui:535","Board _orientation:","Положение _доски:"
"data/preferences.ui:548","Move _format:","Формат _ходов:"
"data/preferences.ui:561","_Piece style:","Стиль _фигур:"
"data/preferences.ui:625","_Board numbering","_Координаты полей"
"data/preferences.ui:636","_Move hints","_Подсказки ходов"
"data/preferences.ui:650","_Appearance","_Внешний вид"
"data/promotion-type-selector.ui:6","Select Promotion Type","Выберите фигуру продвижения"
"data/promotion-type-selector.ui:30","_Queen","_Ферзь"
"data/promotion-type-selector.ui:66","_Knight","_Конь"
"data/promotion-type-selector.ui:102","_Rook","_Ладья"
"data/promotion-type-selector.ui:138","_Bishop","_Слон"
"lib/chess-game.vala:106","Failed to load PGN: move %s is invalid.","Не удалось загрузить PGN: недопустимый ход %s."
"lib/chess-pgn.vala:248 lib/chess-pgn.vala:253 lib/chess-pgn.vala:260","Invalid %s : %s in PGN, setting timer to infinity.","Недопустимое значение %s : %s в PGN, установлен бесконечный таймер."
"lib/chess-pgn.vala:267","Invalid clock type in PGN: %s, using a simple clock.","Недопустимый тип часов в PGN: %s, используются простые часы."
"lib/chess-pgn.vala:274","Invalid timer increment in PGN: %s, using a simple clock.","Недопустимый инкремент таймера в PGN: %s, используются простые часы."
"src/chess-view.vala:319","Paused","Пауза"
"src/chess-window.vala:129","Unpause the game","Возобновить игру"
"src/chess-window.vala:134","Pause the game","Приостановить игру"
"src/chess-window.vala:302","White pawn moves from %1$s to %2$s","Белая пешка переходит с %1$s на %2$s"
"src/chess-window.vala:304","White pawn at %1$s takes the black pawn at %2$s","Белая пешка %1$s берёт чёрную пешку на %2$s"
"src/chess-window.vala:306","White pawn at %1$s takes the black rook at %2$s","Белая пешка %1$s берёт чёрную ладью на %2$s"
"src/chess-window.vala:308","White pawn at %1$s takes the black knight at %2$s","Белая пешка %1$s берёт чёрного коня на %2$s"
"src/chess-window.vala:310","White pawn at %1$s takes the black bishop at %2$s","Белая пешка %1$s берёт чёрного слона на %2$s"
"src/chess-window.vala:312","White pawn at %1$s takes the black queen at %2$s","Белая пешка %1$s берёт чёрного ферзя на %2$s"
"src/chess-window.vala:314","White rook moves from %1$s to %2$s","Белая ладья переходит с %1$s на %2$s"
"src/chess-window.vala:316","White rook at %1$s takes the black pawn at %2$s","Белая ладья %1$s берёт чёрную пешку на %2$s"
"src/chess-window.vala:318","White rook at %1$s takes the black rook at %2$s","Белая ладья %1$s берёт чёрную ладью на %2$s"
"src/chess-window.vala:320","White rook at %1$s takes the black knight at %2$s","Белая ладья %1$s берёт чёрного коня на %2$s"
"src/chess-window.vala:322","White rook at %1$s takes the black bishop at %2$s","Белая ладья %1$s берёт чёрного слона на %2$s"
"src/chess-window.vala:324","White rook at %1$s takes the black queen at %2$s","Белая ладья %1$s берёт чёрного ферзя на %2$s"
"src/chess-window.vala:326","White knight moves from %1$s to %2$s","Белый конь переходит с %1$s на %2$s"
"src/chess-window.vala:328","White knight at %1$s takes the black pawn at %2$s","Белый конь %1$s берёт чёрную пешку на %2$s"
"src/chess-window.vala:330","White knight at %1$s takes the black rook at %2$s","Белый конь %1$s берёт чёрную ладью на %2$s"
"src/chess-window.vala:332","White knight at %1$s takes the black knight at %2$s","Белый конь %1$s берёт чёрного коня на %2$s"
"src/chess-window.vala:334","White knight at %1$s takes the black bishop at %2$s","Белый конь %1$s берёт чёрного слона на %2$s"
"src/chess-window.vala:336","White knight at %1$s takes the black queen at %2$s","Белый конь %1$s берёт чёрного ферзя на %2$s"
"src/chess-window.vala:338","White bishop moves from %1$s to %2$s","Белый слон переходит с %1$s на %2$s"
"src/chess-window.vala:340","White bishop at %1$s takes the black pawn at %2$s","Белый слон %1$s берёт чёрную пешку на %2$s"
"src/chess-window.vala:342","White bishop at %1$s takes the black rook at %2$s","Белый слон %1$s берёт чёрную ладью на %2$s"
"src/chess-window.vala:344","White bishop at %1$s takes the black knight at %2$s","Белый слон %1$s берёт чёрного коня на %2$s"
"src/chess-window.vala:346","White bishop at %1$s takes the black bishop at %2$s","Белый слон %1$s берёт чёрного слона на %2$s"
"src/chess-window.vala:348","White bishop at %1$s takes the black queen at %2$s","Белый слон %1$s берёт чёрного ферзя на %2$s"
"src/chess-window.vala:350","White queen moves from %1$s to %2$s","Белый ферзь переходит с %1$s на %2$s"
"src/chess-window.vala:352","White queen at %1$s takes the black pawn at %2$s","Белый ферзь %1$s берёт чёрную пешку на %2$s"
"src/chess-window.vala:354","White queen at %1$s takes the black rook at %2$s","Белый ферзь %1$s берёт чёрную ладью на %2$s"
"src/chess-window.vala:356","White queen at %1$s takes the black knight at %2$s","Белый ферзь %1$s берёт чёрного коня на %2$s"
"src/chess-window.vala:358","White queen at %1$s takes the black bishop at %2$s","Белый ферзь %1$s берёт чёрного слона на %2$s"
"src/chess-window.vala:360","White queen at %1$s takes the black queen at %2$s","Белый ферзь %1$s берёт чёрного ферзя на %2$s"
"src/chess-window.vala:362","White king moves from %1$s to %2$s","Белый король переходит с %1$s на %2$s"
"src/chess-window.vala:364","White king at %1$s takes the black pawn at %2$s","Белый король %1$s берёт чёрную пешку на %2$s"
"src/chess-window.vala:366","White king at %1$s takes the black rook at %2$s","Белый король %1$s берёт чёрную ладью на %2$s"
"src/chess-window.vala:368","White king at %1$s takes the black knight at %2$s","Белый король %1$s берёт чёрного коня на %2$s"
"src/chess-window.vala:370","White king at %1$s takes the black bishop at %2$s","Белый король %1$s берёт чёрного слона на %2$s"
"src/chess-window.vala:372","White king at %1$s takes the black queen at %2$s","Белый король %1$s берёт чёрного ферзя на %2$s"
"src/chess-window.vala:374","Black pawn moves from %1$s to %2$s","Чёрная пешка переходит с %1$s на %2$s"
"src/chess-window.vala:376","Black pawn at %1$s takes the white pawn at %2$s","Чёрная пешка %1$s берёт белую пешку на %2$s"
"src/chess-window.vala:378","Black pawn at %1$s takes the white rook at %2$s","Чёрная пешка %1$s берёт белую ладью на %2$s"
"src/chess-window.vala:380","Black pawn at %1$s takes the white knight at %2$s","Чёрная пешка %1$s берёт белого коня на %2$s"
"src/chess-window.vala:382","Black pawn at %1$s takes the white bishop at %2$s","Чёрная пешка %1$s берёт белого слона на %2$s"
"src/chess-window.vala:384","Black pawn at %1$s takes the white queen at %2$s","Чёрная пешка %1$s берёт белого ферзя на %2$s"
"src/chess-window.vala:386","Black rook moves from %1$s to %2$s","Чёрная ладья переходит с %1$s на %2$s"
"src/chess-window.vala:388","Black rook at %1$s takes the white pawn at %2$s","Чёрная ладья %1$s берёт белую пешку на %2$s"
"src/chess-window.vala:390","Black rook at %1$s takes the white rook at %2$s","Чёрная ладья %1$s берёт белую ладью на %2$s"
"src/chess-window.vala:392","Black rook at %1$s takes the white knight at %2$s","Чёрная ладья %1$s берёт белого коня на %2$s"
"src/chess-window.vala:394","Black rook at %1$s takes the white bishop at %2$s","Чёрная ладья %1$s берёт белого слона на %2$s"
"src/chess-window.vala:396","Black rook at %1$s takes the white queen at %2$s","Чёрная ладья %1$s берёт белого ферзя на %2$s"
"src/chess-window.vala:398","Black knight moves from %1$s to %2$s","Чёрный конь переходит с %1$s на %2$s"
"src/chess-window.vala:400","Black knight at %1$s takes the white pawn at %2$s","Чёрный конь %1$s берёт белую пешку %2$s"
"src/chess-window.vala:402","Black knight at %1$s takes the white rook at %2$s","Чёрный конь %1$s берёт белую ладью %2$s"
"src/chess-window.vala:404","Black knight at %1$s takes the white knight at %2$s","Чёрный конь %1$s берёт белого коня %2$s"
"src/chess-window.vala:406","Black knight at %1$s takes the white bishop at %2$s","Чёрный конь %1$s берёт белого слона %2$s"
"src/chess-window.vala:408","Black knight at %1$s takes the white queen at %2$s","Чёрный конь %1$s берёт белого ферзя %2$s"
"src/chess-window.vala:410","Black bishop moves from %1$s to %2$s","Чёрный слон переходит с %1$s на %2$s"
"src/chess-window.vala:412","Black bishop at %1$s takes the white pawn at %2$s","Чёрный слон %1$s берёт белую пешку на %2$s"
"src/chess-window.vala:414","Black bishop at %1$s takes the white rook at %2$s","Чёрный слон %1$s берёт белую ладью на %2$s"
"src/chess-window.vala:416","Black bishop at %1$s takes the white knight at %2$s","Чёрный слон %1$s берёт белого коня на %2$s"
"src/chess-window.vala:418","Black bishop at %1$s takes the white bishop at %2$s","Чёрный слон %1$s берёт белого слона на %2$s"
"src/chess-window.vala:420","Black bishop at %1$s takes the white queen at %2$s","Чёрный слон %1$s берёт белого ферзя на %2$s"
"src/chess-window.vala:422","Black queen moves from %1$s to %2$s","Чёрный ферзь переходит с %1$s на %2$s"
"src/chess-window.vala:424","Black queen at %1$s takes the white pawn at %2$s","Чёрный ферзь %1$s берёт белую пешку %2$s"
"src/chess-window.vala:426","Black queen at %1$s takes the white rook at %2$s","Чёрный ферзь %1$s берёт белую ладью %2$s"
"src/chess-window.vala:428","Black queen at %1$s takes the white knight at %2$s","Чёрный ферзь %1$s берёт белого коня %2$s"
"src/chess-window.vala:430","Black queen at %1$s takes the white bishop at %2$s","Чёрный ферзь %1$s берёт белого слона %2$s"
"src/chess-window.vala:432","Black queen at %1$s takes the white queen at %2$s","Чёрный ферзь %1$s берёт белого ферзя %2$s"
"src/chess-window.vala:434","Black king moves from %1$s to %2$s","Чёрный король переходит с %1$s на %2$s"
"src/chess-window.vala:436","Black king at %1$s takes the white pawn at %2$s","Чёрный король %1$s берёт белую пешку на %2$s"
"src/chess-window.vala:438","Black king at %1$s takes the white rook at %2$s","Чёрный король %1$s берёт белую ладью на %2$s"
"src/chess-window.vala:440","Black king at %1$s takes the white knight at %2$s","Чёрный король %1$s берёт белого коня на %2$s"
"src/chess-window.vala:442","Black king at %1$s takes the white bishop at %2$s","Чёрный король %1$s берёт белого слона на %2$s"
"src/chess-window.vala:444","Black king at %1$s takes the white queen at %2$s","Чёрный король %1$s берёт белого ферзя на %2$s"
"src/chess-window.vala:453","White castles kingside","Белые делают короткую рокировку"
"src/chess-window.vala:455","White castles queenside","Белые делают длинную рокировку"
"src/chess-window.vala:457","Black castles kingside","Чёрные делают короткую рокировку"
"src/chess-window.vala:459","Black castles queenside","Чёрные делают длинную рокировку"
"src/chess-window.vala:481","White pawn at %1$s takes the black pawn at %2$s en passant","Белая пешка %1$s берёт чёрную пешку на %2$s на проходе"
"src/chess-window.vala:485","Black pawn at %1$s takes white pawn at %2$s en passant","Чёрная пешка %1$s берёт белую пешку на %2$s на проходе"
"src/chess-window.vala:519","Game Start","Игра начата"
"src/gnome-chess.vala:93","Show release version","Показать номер версии"
"src/gnome-chess.vala:172","GNOME Chess can only open one PGN at a time.","Приложение «Шахматы GNOME» может одновременно открыть только один PNG."
"src/gnome-chess.vala:449","No chess engine is installed. You will not be able to play against the computer.","Не найдено ни одного шахматного движка. Вы не сможете играть против компьютера."
"src/gnome-chess.vala:795","White is in Check","Белые под шахом"
"src/gnome-chess.vala:798","Black is in Check","Чёрные под шахом"
"src/gnome-chess.vala:804","White to Move","Ход белых"
"src/gnome-chess.vala:807","White is Thinking…","Белые думают…"
"src/gnome-chess.vala:813","Black to Move","Ход чёрных"
"src/gnome-chess.vala:816","Black is Thinking…","Чёрные думают…"
"src/gnome-chess.vala:827","Black captured White's pawn <span font_style='italic'>en passant</span>.","Чёрные взяли пешку Белых <span font_style='italic'>на проходе</span>."
"src/gnome-chess.vala:830","White captured Black's pawn <span font_style='italic'>en passant</span>.","Белые взяли пешку Чёрных <span font_style='italic'>на проходе</span>."
"src/gnome-chess.vala:851","White Wins","Белые победили"
"src/gnome-chess.vala:856","Black Wins","Чёрные победили"
"src/gnome-chess.vala:861","Game is Drawn","Ничья"
"src/gnome-chess.vala:866","Oops!","Ой!"
"src/gnome-chess.vala:879","Black is in check and cannot move.","Чёрные находится под шахом и не могут сделать ход."
"src/gnome-chess.vala:882","White is in check and cannot move.","Белые находится под шахом и не могут сделать ход."
"src/gnome-chess.vala:888","Player cannot move.","Противник не может сделать ход."
"src/gnome-chess.vala:892","No piece was taken or pawn moved in fifty moves.","За последние 50 ходов не было ни одного взятия и ни одного хода пешкой."
"src/gnome-chess.vala:896","No piece was taken or pawn moved in 75 moves.","За последние 75 ходов не было ни одного взятия и ни одного хода пешкой."
"src/gnome-chess.vala:901","Black has run out of time.","У чёрных закончилось время."
"src/gnome-chess.vala:904","White has run out of time.","У белых закончилось время."
"src/gnome-chess.vala:910","The same board state has occurred three times.","Троекратное повторение одной и той же позиции."
"src/gnome-chess.vala:914","The same board state has occurred five times.","Пятикратное повторение одной и той же позиции."
"src/gnome-chess.vala:918","Neither player can checkmate.","Ни один игрок не может поставить мат."
"src/gnome-chess.vala:923","Black has resigned.","Чёрные сдались."
"src/gnome-chess.vala:926","White has resigned.","Белые сдались."
"src/gnome-chess.vala:932","The game has been abandoned.","Игра оставлена."
"src/gnome-chess.vala:937","The game log says a player died!","Журнал игры сообщает, что игрок умер!"
"src/gnome-chess.vala:942","The computer player is confused. The game cannot continue.","Компьютерный игрок в замешательстве. Невозможно продолжить игру."
"src/gnome-chess.vala:972 src/gnome-chess.vala:1291 src/gnome-chess.vala:1431","_Cancel","_Отменить"
"src/gnome-chess.vala:976","_Abandon game","Забр_осить игру"
"src/gnome-chess.vala:977","_Save game for later","_Сохранить игру на будущее"
"src/gnome-chess.vala:981","_Discard game","За_бросить игру"
"src/gnome-chess.vala:982","_Save game log","_Сохранить журнал игры"
"src/gnome-chess.vala:1023","Would you like to claim a draw?","Хотите предложить предложить ничью?"
"src/gnome-chess.vala:1029","You may claim a draw because fifty moves have passed without a capture or pawn advancement. (The computer player may still choose to claim a draw even if you choose to keep playing.)","Вы можете потребовать ничью, потому что прошло пятьдесят ходов без взятия или продвижения пешки. (Компьютерный игрок все равно может объявить ничью, даже если вы решите продолжить игру.)"
"src/gnome-chess.vala:1034","You may claim a draw because the current board position has occurred three times. (The computer player may still choose to claim a draw even if you choose to keep playing.)","Вы можете заявить о ничьей, потому что текущая позиция на доске возникла три раза. (Компьютерный игрок все равно может объявить ничью, даже если вы решите продолжить игру.)"
"src/gnome-chess.vala:1042 src/gnome-chess.vala:1081","_Keep Playing","_Продолжить игру"
"src/gnome-chess.vala:1044","_Claim Draw","_Предложить ничью"
"src/gnome-chess.vala:1061","Save this game before starting a new one?","Сохранить текущую игру перед началом новой?"
"src/gnome-chess.vala:1076","Are you sure you want to resign?","Уверены, что хотите сдаться?"
"src/gnome-chess.vala:1079","This makes sense if you plan to save the game as a record of your loss.","Это имеет смысл, если вы хотите сохранить проигранную игру."
"src/gnome-chess.vala:1083","_Resign","Сд_аться"
"src/gnome-chess.vala:1201","A classic game of positional strategy","Классическая позиционная стратегия"
"src/gnome-chess.vala:1204","translator-credits","Юрий Мясоедов <ymyasoedov@yandex.ru>, 2013-2014.
Станислав Соловей <whats_up@tut.by>, 2016-2018."
"src/gnome-chess.vala:1252","This does not look like a valid PGN game.","Кажется, игра PGN некорректна."
"src/gnome-chess.vala:1253 src/gnome-chess.vala:1266 src/gnome-chess.vala:1371","_OK","_OK"
"src/gnome-chess.vala:1288","Save Chess Game","Сохранить игру"
"src/gnome-chess.vala:1290","_Save","_Сохранить"
"src/gnome-chess.vala:1322","Untitled Chess Game","Безымянная игра"
"src/gnome-chess.vala:1328 src/gnome-chess.vala:1437","PGN files","Файлы PGN"
"src/gnome-chess.vala:1334 src/gnome-chess.vala:1443","All files","Все файлы"
"src/gnome-chess.vala:1369","Failed to save game: %s","Не удалось сохранить игру: %s"
"src/gnome-chess.vala:1421","Save this game before loading another one?","Сохранить эту игру перед загрузкой другой?"
"src/gnome-chess.vala:1428","Load Chess Game","Загрузить игру"
"src/gnome-chess.vala:1430","_Open","_Открыть"
"src/preferences-dialog.vala:343 src/preferences-dialog.vala:384","minute
msgid_plural: minutes","msgstr[0]: минута
msgstr[1]: минуты
msgstr[2]: минут"
"src/preferences-dialog.vala:347","hour
msgid_plural: hours","msgstr[0]: час
msgstr[1]: часа
msgstr[2]: часов"
"src/preferences-dialog.vala:380","second
msgid_plural: seconds","msgstr[0]: секунда
msgstr[1]: секунды
msgstr[2]: секунд"
