"location","source","target"
"","po header","Project-Id-Version: gnome-games trunk
Report-Msgid-Bugs-To: https://gitlab.gnome.org/GNOME/gnome-tetravex/issues
POT-Creation-Date: 2022-01-17 12:24+0000
PO-Revision-Date: 2022-01-16 13:36+1000
Last-Translator: Ser82-png <sw@atrus.ru>
Language-Team: Russian <gnome-cyr@gnome.org>
Language: ru
MIME-Version: 1.0
Content-Type: text/plain; charset=UTF-8
Content-Transfer-Encoding: 8bit
Plural-Forms: nplurals=3; plural=(n%10==1 && n%100!=11 ? 0 : n%10>=2 && n%10<=4 && (n%100<10 || n%100>=20) ? 1 : 2);
X-Generator: Poedit 2.3
"
"data/org.gnome.Tetravex.appdata.xml.in:7","GNOME Tetravex","GNOME Тетравекс"
"data/org.gnome.Tetravex.appdata.xml.in:8","Reorder tiles to fit a square","Расположите плитки на доске в правильном порядке"
"data/org.gnome.Tetravex.appdata.xml.in:10","Each square piece has a number on each side. Position the pieces on the left side of the board so that the same numbers are next to each other. If the numbers don’t match, you can’t put the piece there. Move quickly: you’re being timed!","На каждой стороне квадратной плитки находится число. Разместите плитки на левой стороне доски так, чтобы с каждой стороны находились такие же числа. Если числа не совпадают, вы не сможете положить на это место плитку. Торопитесь — время идёт!"
"data/org.gnome.Tetravex.appdata.xml.in:16","You can make the game easier or harder by changing the size of the board.","Сложность игры можно менять, изменяя размер игрового поля."
"data/org.gnome.Tetravex.appdata.xml.in:32","The GNOME Project","Проект GNOME"
"data/org.gnome.Tetravex.desktop.in:3 src/gnome-tetravex.ui:23 src/gnome-tetravex.vala:27","Tetravex","Тетравекс"
"data/org.gnome.Tetravex.desktop.in:4","Complete the puzzle by matching numbered tiles","Разгадайте головоломку, собирая совпадающие по номерам плитки"
"data/org.gnome.Tetravex.desktop.in:8","game;logic;board;","game;logic;board;игра;логическая;настольная;"
"data/org.gnome.Tetravex.gschema.xml:13","The size of the playing grid","Размер игровой решётки"
"data/org.gnome.Tetravex.gschema.xml:15","The value of this key is used to decide the size of the playing grid.","Значение этого ключа используется для указания размеров игровой решётки."
"data/org.gnome.Tetravex.gschema.xml:20","Use “Back” and “Forward” mouse button events","Использовать события мыши ""Назад"" и ""Вперед"""
"data/org.gnome.Tetravex.gschema.xml:22","For users which have a mouse with “Forward” and “Back” buttons, this key will determine if any action is taken inside of the window when either is pressed.","Для пользователей, у которых есть мышь с кнопками ""Вперёд"" и ""Назад"", этот ключ установит, будет ли выполняться какое-либо действие внутри окна при нажатии любой из них."
"data/org.gnome.Tetravex.gschema.xml:28","Mouse button to activate the “Undo” command","Кнопка мыши для активации команды ""Отменить"""
"data/org.gnome.Tetravex.gschema.xml:30","For users which have a mouse with “Forward” and “Back” buttons, this key will set which button activates the “Undo” command. Possible values range between 6 and 14.","Для пользователей, у которых есть мышь с кнопками ""Вперед"" и ""Назад"", этот ключ установит, какая кнопка активирует команду ""Отменить"". Возможные значения варьируются от 6 до 14."
"data/org.gnome.Tetravex.gschema.xml:36","Mouse button to activate the “Redo” command","Кнопка мыши для активации команды ""Повторить"""
"data/org.gnome.Tetravex.gschema.xml:38","For users which have a mouse with “Forward” and “Back” buttons, this key will set which button activates the “Redo” command. Possible values range between 6 and 14.","Для пользователей, у которых есть мышь с кнопками ""Вперед"" и ""Назад"", этот ключ установит, какая кнопка активирует команду ""Повторить"". Возможные значения варьируются от 6 до 14."
"data/org.gnome.Tetravex.gschema.xml:43","Saved game, if any","Сохранённая игра, если такая существует"
"data/org.gnome.Tetravex.gschema.xml:45","The key has value “nothing” if there is no saved game. Else, it contains a description of the board, with its size, the number of colors, and the time elapsed, then the list of tiles, saved as properties: their current position (x and y), their colors (north, east, south and west), and their original position (x and y), and finally the history, with the last move index, and history entries saved as properties: coordinates of the two tiles swapped, and the move id.","Ключ имеет значение “nothing”, если нет сохраненной игры. Кроме того, он содержит описание доски с указанием её размера, количества цветов и прошедшего времени, а затем список плиток, сохраненных как свойства: их текущее положение (x и y), их цвета (сверху, справа, снизу и слева), и их исходное положение (x и y), и, наконец, история с последним индексом перемещения и записи истории, сохраненные как свойства: координаты двух плиток, которые поменялись местами, и идентификатор перемещения."
"data/org.gnome.Tetravex.gschema.xml:50","Theme","Тема"
"data/org.gnome.Tetravex.gschema.xml:56","The width of the window","Ширина окна"
"data/org.gnome.Tetravex.gschema.xml:58","The width of the main window in pixels.","Ширина главного окна в пикселях."
"data/org.gnome.Tetravex.gschema.xml:63","The height of the window","Высота окна"
"data/org.gnome.Tetravex.gschema.xml:65","The height of the main window in pixels.","Высота главного окна в пикселях."
"data/org.gnome.Tetravex.gschema.xml:70","A flag to enable maximized mode","Флаг для включения развернутого режима"
"data/org.gnome.Tetravex.gschema.xml:72","If “true”, the main window starts in maximized mode.","Если “true”, то главное окно запускается в развёрнутом состоянии."
"src/app-menu.ui:23 src/app-menu.ui:64","_New Game","_Новая игра"
"src/app-menu.ui:28","Si_ze","_Размер"
"src/app-menu.ui:32","_2 × 2","_2 × 2"
"src/app-menu.ui:38","_3 × 3","_3 × 3"
"src/app-menu.ui:44","_4 × 4","_4 × 4"
"src/app-menu.ui:50","_5 × 5","_5 × 5"
"src/app-menu.ui:56","_6 × 6","_6 × 6"
"src/app-menu.ui:73","_Scores","_Результаты"
"src/app-menu.ui:78","A_ppearance","_Внешний вид"
"src/app-menu.ui:82","_Extrusion","_Экструзия"
"src/app-menu.ui:88","Neo_Retro","Нео _Ретро"
"src/app-menu.ui:94","_Nostalgia","_Ностальгия"
"src/app-menu.ui:100","_Synesthesia","_Синестезия"
"src/app-menu.ui:110","_Keyboard Shortcuts","_Комбинации клавиш"
"src/app-menu.ui:115","_Help","_Справка"
"src/app-menu.ui:120","_About Tetravex","_О приложении Тетравекс"
"src/cli.vala:35","Game size and colors number can only be given for new puzzles.","Размер доски и количество цветов можно указывать только для новых головоломок."
"src/cli.vala:89","Cannot move up left-board tiles.","Невозможно переместить вверх плитки на левой доске."
"src/cli.vala:95","Cannot move down left-board tiles.","Невозможно переместить вниз плитки на левой доске."
"src/cli.vala:101","Cannot move left left-board tiles.","Невозможно переместить влево плитки на левой доске."
"src/cli.vala:107","Cannot move right left-board tiles.","Невозможно переместить вправо плитки на левой доске."
"src/cli.vala:113","Cannot move up right-board tiles.","Невозможно переместить вверх плитки на правой доске."
"src/cli.vala:118","Cannot move down right-board tiles.","Невозможно переместить вниз плитки на правой доске."
"src/cli.vala:123","Cannot move left right-board tiles.","Невозможно переместить влево плитки на правой доске."
"src/cli.vala:128","Cannot move right right-board tiles.","Невозможно переместить вправо плитки на правой доске."
"src/cli.vala:145","Cannot finish automatically. If you want to give up and view the solution, use “solve”.","Не удалось завершить игру автоматически. Если хотите сдаться и посмотреть решение, воспользуйтесь командой ""solve""."
"src/cli.vala:174","Cannot parse instruction, aborting.","Невозможно выполнить инструкцию, выполнение прервано."
"src/cli.vala:181","Both given tiles are empty, aborting.","Обе заданные плитки пусты, выполнение прервано."
"src/cli.vala:187","Cannot swap the given tiles, aborting.","Невозможно поменять местами данные плитки, выполнение прервано."
"src/cli.vala:230","Puzzle is already solved! If you want to start a new one, use “new”.","Головоломка уже решена! Если вы хотите начать новую, воспользуйтесь командой ""new""."
"src/cli.vala:233","Puzzle is solved! If you want to start a new one, use “new”.","Головоломка решена! Если вы хотите начать новую, воспользуйтесь командой ""new""."
"src/cli.vala:278","Puzzle is solved!","Головоломка решена!"
"src/gnome-tetravex-cli.vala:24","(nothing)","(ничего)"
"src/gnome-tetravex-cli.vala:44 src/gnome-tetravex.vala:78","Set number of colors (2-10)","Установить количество цветов (2-10)"
"src/gnome-tetravex-cli.vala:47 src/gnome-tetravex.vala:81","NUMBER","НОМЕР"
"src/gnome-tetravex-cli.vala:50 src/gnome-tetravex.vala:90","Set size of board (2-6)","Установить размер доски (2-6)"
"src/gnome-tetravex-cli.vala:53 src/gnome-tetravex.vala:93","SIZE","РАЗМЕР"
"src/gnome-tetravex-cli.vala:56 src/gnome-tetravex.vala:96","Print release version and exit","Показать номер версии и выйти"
"src/gnome-tetravex-cli.vala:86 src/gnome-tetravex.vala:200","Invert two tiles, the one in A1, and the one in b2.","Переставить две плитки, одна расположена в A1, а другая - в b2."
"src/gnome-tetravex-cli.vala:89 src/gnome-tetravex.vala:203","An uppercase targets a tile from the initial board.","Заглавной буквой указана плитка с исходной (правой) доски."
"src/gnome-tetravex-cli.vala:92 src/gnome-tetravex.vala:206","A lowercase targets a tile in the left/final board.","Прописной буквой указана плитка на левой/финальной доске."
"src/gnome-tetravex-cli.vala:95 src/gnome-tetravex.vala:209","Digits specify the rows of the two tiles to invert.","Цифры указывают на ряды, где расположена пара плиток для перестановки."
"src/gnome-tetravex-cli.vala:98 src/gnome-tetravex.vala:212","Show the current puzzle. Alias: “status” or “show”.","Показать текущую головоломку. Иначе: “status” или “show”."
"src/gnome-tetravex-cli.vala:101 src/gnome-tetravex.vala:215","Create a new puzzle; for changing size, use --size.","Создать новую головоломку; для изменения размера используйте --size."
"src/gnome-tetravex-cli.vala:104 src/gnome-tetravex.vala:218","Give up with current puzzle, and view the solution.","Отказаться от текущей головоломки и просмотреть решение."
"src/gnome-tetravex-cli.vala:107 src/gnome-tetravex.vala:221","Finish current puzzle, automatically. Alias: “end”.","Завершить автоматически текущую головоломку. Иначе: “end”."
"src/gnome-tetravex-cli.vala:110 src/gnome-tetravex.vala:224","Works for puzzles solved right or if one tile left.","Работает для головоломок, решённых правильно или если осталась одна плитка."
"src/gnome-tetravex-cli.vala:113 src/gnome-tetravex.vala:227","Move all left-board tiles up by one.","Переместить все плитки на левой доске на одну вверх."
"src/gnome-tetravex-cli.vala:116 src/gnome-tetravex.vala:230","Move all left-board tiles down by one.","Переместить все плитки на левой доске на одну вниз."
"src/gnome-tetravex-cli.vala:119 src/gnome-tetravex.vala:233","Move all left-board tiles left by one.","Переместить все плитки на левой доске на одну влево."
"src/gnome-tetravex-cli.vala:122 src/gnome-tetravex.vala:236","Move all left-board tiles right by one.","Переместить все плитки на левой доске на одну вправо."
"src/gnome-tetravex-cli.vala:125 src/gnome-tetravex.vala:239","Move all right-board tiles up by one.","Переместить все плитки на правой доске на одну вверх."
"src/gnome-tetravex-cli.vala:128 src/gnome-tetravex.vala:242","Move all right-board tiles down by one.","Переместить все плитки на правой доске на одну вниз."
"src/gnome-tetravex-cli.vala:131 src/gnome-tetravex.vala:245","Move all right-board tiles left by one.","Переместить все плитки на правой доске на одну влево."
"src/gnome-tetravex-cli.vala:134 src/gnome-tetravex.vala:248","Move all right-board tiles right by one.","Переместить все плитки на правой доске на одну вправо."
"src/gnome-tetravex-cli.vala:138","[COMMAND]","[КОМАНДА]"
"src/gnome-tetravex-cli.vala:141","Available commands:","Доступные команды:"
"src/gnome-tetravex-cli.vala:158 src/gnome-tetravex.vala:173","Size could only be from 2 to 6.","Размер может быть только от 2 до 6."
"src/gnome-tetravex-cli.vala:165 src/gnome-tetravex.vala:180","There could only be between 2 and 10 colors.","Цветов может быть только от 2 до 10."
"src/gnome-tetravex-cli.vala:172 src/gnome-tetravex.vala:187","Failed to parse command-line arguments.","Не удалось проанализировать аргументы командной строки."
"src/gnome-tetravex-cli.vala:182","To use `gnome-tetravex-cli`, pass as argument:","Чтобы использовать `gnome-tetravex-cli`, передайте в качестве аргумента:"
"src/gnome-tetravex.vala:72","Play in the terminal (see “--cli=help”)","Играть в терминале (смотрите “--cli=help”)"
"src/gnome-tetravex.vala:75","COMMAND","КОМАНДА"
"src/gnome-tetravex.vala:84","Start the game paused","Возобновить приостановленную игру"
"src/gnome-tetravex.vala:87","Restore last game, if any","Восстановить последнюю игру, если она существует"
"src/gnome-tetravex.vala:197","To play GNOME Tetravex in command-line:","Чтобы играть в GNOME Тетравекс в командной строке:"
"src/gnome-tetravex.vala:365","Restore last game","Возобновить последнюю игру"
"src/gnome-tetravex.vala:419","Resume the game","Возобновить игру"
"src/gnome-tetravex.vala:426","Pause the game","Приостановить игру"
"src/gnome-tetravex.vala:439","Start a new game","Начать новую игру"
"src/gnome-tetravex.vala:446","Give up and view the solution","Сдаться и показать решение"
"src/gnome-tetravex.vala:453","Move all tiles left","Переместить все плитки влево"
"src/gnome-tetravex.vala:776","Are you sure you want to start a new %u × %u game?","Вы уверены, что хотите начать новую игру с размером поля %u × %u?"
"src/gnome-tetravex.vala:779 src/gnome-tetravex.vala:837","_Keep Playing","_Продолжить игру"
"src/gnome-tetravex.vala:782","_Start New Game","_Начать новую игру"
"src/gnome-tetravex.vala:808","Looks like you haven’t finished a game yet.

Maybe try a 2 × 2 grid, they are easy. 🙂️","Похоже, что вы ещё не завершили игру.

Стоит попробовать поле 2 × 2, это легко. 🙂️"
"src/gnome-tetravex.vala:834","Are you sure you want to give up and view the solution?","Уверены, что хотите сдаться и посмотреть решение?"
"src/gnome-tetravex.vala:840","_Give Up","_Сдаться"
"src/gnome-tetravex.vala:1021","Lars Rydlinge","Lars Rydlinge"
"src/gnome-tetravex.vala:1025","Robert Ancell","Robert Ancell"
"src/gnome-tetravex.vala:1029","Rob Bradford","Rob Bradford"
"src/gnome-tetravex.vala:1033","Position pieces so that the same numbers are touching each other","Разложите плитки таким образом, чтобы числа на соприкасающихся сторонах совпали"
"src/gnome-tetravex.vala:1037","Copyright © %u-%u – Lars Rydlinge","Copyright © %u-%u – Lars Rydlinge"
"src/gnome-tetravex.vala:1041","Copyright © %u-%u – Arnaud Bonatti","Copyright © %u-%u – Arnaud Bonatti"
"src/gnome-tetravex.vala:1045","Page on GNOME wiki","Страница на GNOME wiki"
"src/gnome-tetravex.vala:1057","translator-credits","Александр Кострикин
Валек Филиппов aka frob
Дмитрий Мастрюков
Вячеслав Диконов
Михаил Яхонтов
Леонид Кантер
Ser82-png, 2022"
"src/help-overlay.ui:32","Play with keyboard","Играть с помощью клавиатуры"
"src/help-overlay.ui:37","Move keyboard highlight","Переместить подсветку с помощью клавиатуры"
"src/help-overlay.ui:45","Select, move or unselect","Выбрать, переместить или снять выделение"
"src/help-overlay.ui:53","Select the given row","Выбрать определённый ряд"
"src/help-overlay.ui:61","Select left half-board column","Выбрать столбик в левой половине доски"
"src/help-overlay.ui:69","Select right half-board column","Выбрать столбик в правой половине доски"
"src/help-overlay.ui:78","Validate right half-board","Проверить правую половину доски"
"src/help-overlay.ui:87","History","История"
"src/help-overlay.ui:93","Undo","Отменить"
"src/help-overlay.ui:101","Redo","Повторить"
"src/help-overlay.ui:109","Reload initial position","Перезагрузить исходную позицию"
"src/help-overlay.ui:118","Main functions","Основные функции"
"src/help-overlay.ui:124","Start a new game","Начать новую игру"
"src/help-overlay.ui:132","Pause the game","Приостановить игру"
"src/help-overlay.ui:140","Solve the game","Решить игру"
"src/help-overlay.ui:148","Show scores","Показать результаты"
"src/help-overlay.ui:157","Generic","Общее"
"src/help-overlay.ui:163","Toggle main menu","Переключить главное меню"
"src/help-overlay.ui:171","Show Keyboard Shortcuts","Показать комбинации клавиш"
"src/help-overlay.ui:179","Show Help","Показать справку"
"src/help-overlay.ui:187","Show About","Показать информацию о приложении"
"src/help-overlay.ui:195","Quit","Выйти"
"src/help-overlay.ui:204","Advanced gameplay","Продвинутый геймплей"
"src/help-overlay.ui:210","Move all the pieces in the left half-board up by one","Переместите все плитки на левой половине доски на одну вверх"
"src/help-overlay.ui:218","Move all the pieces in the left half-board down by one","Переместите все плитки на левой половине доски вниз на одну"
"src/help-overlay.ui:226","Move all the pieces in the left half-board left by one","Переместите все плитки на левой половине доски влево на одну"
"src/help-overlay.ui:234","Move all the pieces in the left half-board right by one","Переместите все плитки на левой половине доски вправо на одну"
"src/help-overlay.ui:242","Move all the pieces in the right half-board up by one","Переместите все плитки на правой половине доски вверх на одну"
"src/help-overlay.ui:250","Move all the pieces in the right half-board down by one","Переместите все плитки на правой половине доски вниз на одну"
"src/help-overlay.ui:258","Move all the pieces in the right half-board left by one","Переместите все плитки на правой половине доски влево на одну"
"src/help-overlay.ui:266","Move all the pieces in the right half-board right by one","Переместите все плитки на правой половине доски вправо на одну"
"src/history.vala:314","%uh %um %us","%uh %um %us"
"src/history.vala:318","%um %us","%um %us"
"src/history.vala:322","%us","%us"
"src/history.vala:326","%.0fs","%.0fs"
"src/history.vala:330","%.1fs","%.1fs"
"src/history.vala:334","%.2fs","%.2fs"
"src/history.vala:338","%.3fs","%.3fs"
"src/puzzle-view.vala:535","Paused","Приостановлено"
"src/score-dialog.vala:72","Date","Дата"
"src/score-dialog.vala:76","Time","Время"
"src/score-dialog.vala:145","%u × %u","%u × %u"
"src/score-overlay.ui:37","Congratulations!","Поздравляем!"
"src/score-overlay.ui:78","Show scores","Показать результаты"
"src/score-overlay.vala:57","New best time!","Новое лучшее время!"
"src/score-overlay.vala:61 src/score-overlay.vala:117 src/score-overlay.vala:156","Second:","Второй результат:"
"src/score-overlay.vala:68 src/score-overlay.vala:94 src/score-overlay.vala:121 src/score-overlay.vala:163","Third:","Третий результат:"
"src/score-overlay.vala:75 src/score-overlay.vala:101","Out of podium:","Вне подиума:"
"src/score-overlay.vala:86 src/score-overlay.vala:112 src/score-overlay.vala:149","Best time:","Лучшее время:"
"src/score-overlay.vala:90 src/score-overlay.vala:129","Your time:","Ваше время:"
"src/score-overlay.vala:125 src/score-overlay.vala:133","Place %u:","Место %u:"
"src/score-overlay.vala:172","Worst time:","Худшее время:"
"src/score-overlay.vala:178","Fourth:","Четвертый результат:"
"src/score-overlay.vala:205","Free!","Свободно!"
