"location","source","target"
"","po header","Project-Id-Version: gnome-shell
Report-Msgid-Bugs-To: https://gitlab.gnome.org/GNOME/gnome-shell/issues
POT-Creation-Date: 2022-07-04 23:19+0000
PO-Revision-Date: 2022-07-03 12:00+0300
Last-Translator: Aleksandr Melman <Alexmelman88@gmail.com>
Language-Team: Russian <gnome-cyr@gnome.org>
Language: ru
MIME-Version: 1.0
Content-Type: text/plain; charset=UTF-8
Content-Transfer-Encoding: 8bit
Plural-Forms: nplurals=3; plural=(n%10==1 && n%100!=11 ? 0 : n%10>=2 && n%10<=4 && (n%100<10 || n%100>=20) ? 1 : 2);
X-Generator: Poedit 3.0.1
X-DL-Team: ru
X-DL-Module: gnome-shell
X-DL-Branch: main
X-DL-Domain: po
X-DL-State: None
"
"data/50-gnome-shell-launchers.xml:6","Launchers","Ярлыки"
"data/50-gnome-shell-launchers.xml:10","Activate favorite application 1","Переключиться на избранное приложение 1"
"data/50-gnome-shell-launchers.xml:14","Activate favorite application 2","Переключиться на избранное приложение 2"
"data/50-gnome-shell-launchers.xml:18","Activate favorite application 3","Переключиться на избранное приложение 3"
"data/50-gnome-shell-launchers.xml:22","Activate favorite application 4","Переключиться на избранное приложение 4"
"data/50-gnome-shell-launchers.xml:26","Activate favorite application 5","Переключиться на избранное приложение 5"
"data/50-gnome-shell-launchers.xml:30","Activate favorite application 6","Переключиться на избранное приложение 6"
"data/50-gnome-shell-launchers.xml:34","Activate favorite application 7","Переключиться на избранное приложение 7"
"data/50-gnome-shell-launchers.xml:38","Activate favorite application 8","Переключиться на избранное приложение 8"
"data/50-gnome-shell-launchers.xml:42","Activate favorite application 9","Переключиться на избранное приложение 9"
"data/50-gnome-shell-screenshots.xml:6 js/ui/screenshot.js:2073","Screenshots","Снимки экрана"
"data/50-gnome-shell-screenshots.xml:9 data/org.gnome.shell.gschema.xml.in:235","Take a screenshot interactively","Сделать снимок экрана интерактивно"
"data/50-gnome-shell-screenshots.xml:12 data/org.gnome.shell.gschema.xml.in:247","Take a screenshot","Сделать снимок экрана"
"data/50-gnome-shell-screenshots.xml:15 data/org.gnome.shell.gschema.xml.in:243","Take a screenshot of a window","Сделать снимок окна"
"data/50-gnome-shell-screenshots.xml:18 data/org.gnome.shell.gschema.xml.in:239","Record a screencast interactively","Сделать запись экрана интерактивно"
"data/50-gnome-shell-system.xml:6","System","Система"
"data/50-gnome-shell-system.xml:9","Show the notification list","Показать список уведомлений"
"data/50-gnome-shell-system.xml:12","Focus the active notification","Передать фокус активному уведомлению"
"data/50-gnome-shell-system.xml:15","Show the overview","Показать обзор"
"data/50-gnome-shell-system.xml:18","Show all applications","Показать все приложения"
"data/50-gnome-shell-system.xml:21","Open the application menu","Открыть меню приложений"
"data/org.gnome.Shell.desktop.in.in:4","GNOME Shell","GNOME Shell"
"data/org.gnome.Shell.desktop.in.in:5","Window management and application launching","Управление окнами и запуск приложений"
"data/org.gnome.shell.gschema.xml.in:6","Enable internal tools useful for developers and testers from Alt-F2","Включить внутренние инструменты из Alt-F2 для разработчиков и тестеров"
"data/org.gnome.shell.gschema.xml.in:9","Allows access to internal debugging and monitoring tools using the Alt-F2 dialog.","Разрешает доступ к внутренней отладке и инструментам наблюдения, используя диалог Alt-F2."
"data/org.gnome.shell.gschema.xml.in:16","UUIDs of extensions to enable","UUID включённых расширений"
"data/org.gnome.shell.gschema.xml.in:17","GNOME Shell extensions have a UUID property; this key lists extensions which should be loaded. Any extension that wants to be loaded needs to be in this list. You can also manipulate this list with the EnableExtension and DisableExtension D-Bus methods on org.gnome.Shell.","У расширений GNOME Shell есть свойство UUID; в этом ключе перечислены расширения, которые должны быть загружены. Этим списком также можно управлять через методы DBus EnableExtension и DisableExtension сервиса org.gnome.Shell."
"data/org.gnome.shell.gschema.xml.in:26","UUIDs of extensions to force disabling","UUID расширений для принудительного отключения"
"data/org.gnome.shell.gschema.xml.in:27","GNOME Shell extensions have a UUID property; this key lists extensions which should be disabled, even if loaded as part of the current mode. You can also manipulate this list with the EnableExtension and DisableExtension D-Bus methods on org.gnome.Shell. This key takes precedence over the “enabled-extensions” setting.","У расширений GNOME Shell есть свойство UUID; в этом ключе перечислены расширения, которые должны быть отключены, если загружены как часть текущего режима. Этим списком также можно управлять через методы DBus EnableExtension и DisableExtension сервиса org.gnome.Shell. Этот ключ имеет приоритет над настройкой “enabled-extensions”."
"data/org.gnome.shell.gschema.xml.in:37","Disable user extensions","Выключить пользовательские расширения"
"data/org.gnome.shell.gschema.xml.in:38","Disable all extensions the user has enabled without affecting the “enabled-extension” setting.","Отключите все расширения, которые пользователь активировал, не затрагивая настройку «enabled-extension»."
"data/org.gnome.shell.gschema.xml.in:45","Disables the validation of extension version compatibility","Отключает проверку совместимости версий расширений"
"data/org.gnome.shell.gschema.xml.in:46","GNOME Shell will only load extensions that claim to support the current running version. Enabling this option will disable this check and try to load all extensions regardless of the versions they claim to support.","GNOME Shell будет загружать только те расширения, у которых заявлена поддержка текущей версии. Включение этой опции отключит эту проверку и попробует загрузить все расширения вне зависимости от версии, которую они поддерживают."
"data/org.gnome.shell.gschema.xml.in:54","List of desktop file IDs for favorite applications","Список идентификаторов desktop-файлов для избранных приложений"
"data/org.gnome.shell.gschema.xml.in:55","The applications corresponding to these identifiers will be displayed in the favorites area.","Приложения, соответствующие этих идентификаторам, будут показаны в области избранных приложений."
"data/org.gnome.shell.gschema.xml.in:62","History for command (Alt-F2) dialog","История команд диалогового окна (Alt-F2)"
"data/org.gnome.shell.gschema.xml.in:67","History for the looking glass dialog","История просмотра прозрачного диалогового окна"
"data/org.gnome.shell.gschema.xml.in:71","Always show the “Log out” menu item in the user menu.","Всегда показывать в пользовательском меню пункт «Выйти»."
"data/org.gnome.shell.gschema.xml.in:72","This key overrides the automatic hiding of the “Log out” menu item in single-user, single-session situations.","Этот ключ переопределяет автоматическое скрытие пункта «Выйти» при использовании системы с одной учётной записью пользователя."
"data/org.gnome.shell.gschema.xml.in:79","Whether to remember password for mounting encrypted or remote filesystems","Запоминать ли пароль для подключения зашифрованных или удалённых файловых систем"
"data/org.gnome.shell.gschema.xml.in:80","The shell will request a password when an encrypted device or a remote filesystem is mounted. If the password can be saved for future use a “Remember Password” checkbox will be present. This key sets the default state of the checkbox.","Gnome Shell запросит пароль при подключении зашифрованного устройства или удаленной файловой системы. Если пароль можно сохранить для последующего использования, будет установлен флажок «Запомнить пароль». Этот ключ устанавливает состояние по умолчанию для флажка."
"data/org.gnome.shell.gschema.xml.in:89","Whether the default Bluetooth adapter had set up devices associated to it","Связан ли адаптер Bluetooth по умолчанию с каким-либо устройством"
"data/org.gnome.shell.gschema.xml.in:90","The shell will only show a Bluetooth menu item if a Bluetooth adapter is powered, or if there were devices set up associated with the default adapter. This will be reset if the default adapter is ever seen not to have devices associated to it.","Пункт меню Bluetooth будет отображаться только в случае включённого адаптера Bluetooth, или если имеются установленные устройства связанные с адаптером по умолчанию. Параметр будет сброшен, если адаптер по умолчанию не имеет связанных с ним устройств."
"data/org.gnome.shell.gschema.xml.in:99","The last version the “Welcome to GNOME” dialog was shown for","В последней версии диалог “Добро пожаловать в GNOME” был показан для"
"data/org.gnome.shell.gschema.xml.in:100","This key determines for which version the “Welcome to GNOME” dialog was last shown. An empty string represents the oldest possible version, and a huge number will represent versions that do not exist yet. This huge number can be used to effectively disable the dialog.","Этот ключ определяет, для какой версии в последний раз был показан диалог “Добро пожаловать в GNOME"". Пустая строка представляет самую старую возможную версию, а большое число будет представлять версии, которые еще не существуют. Это большое число может быть использовано для эффективного отключения диалога."
"data/org.gnome.shell.gschema.xml.in:133","Layout of the app picker","Макет меню выбора приложений"
"data/org.gnome.shell.gschema.xml.in:134","Layout of the app picker. Each entry in the array is a page. Pages are stored in the order they appear in GNOME Shell. Each page contains an “application id” → 'data' pair. Currently, the following values are stored as 'data': • “position”: the position of the application icon in the page","Макет меню выбора приложений. Каждая запись в массиве представляет собой страницу. Страницы хранятся в том порядке, в котором они отображаются в оболочке GNOME. Каждая страница содержит пару “application id” → ""data"". В настоящее время в качестве “data” хранятся следующие значения: • ""position"" - положение значка приложения на странице"
"data/org.gnome.shell.gschema.xml.in:149","Keybinding to open the application menu","Комбинация клавиш для открытия меню приложения"
"data/org.gnome.shell.gschema.xml.in:150","Keybinding to open the application menu.","Комбинация клавиш для открытия меню приложения."
"data/org.gnome.shell.gschema.xml.in:156 data/org.gnome.shell.gschema.xml.in:163","Keybinding to shift between overview states","Сочетание клавиш для переключения между состояниями обзора"
"data/org.gnome.shell.gschema.xml.in:157","Keybinding to shift between session, window picker and app grid","Сочетание клавиш для переключения между сеансом, меню выбора окон и сеткой приложений"
"data/org.gnome.shell.gschema.xml.in:164","Keybinding to shift between app grid, window picker and session","Сочетание клавиш для переключения между сеткой приложений, меню выбора окон и сеансом"
"data/org.gnome.shell.gschema.xml.in:170","Keybinding to open the “Show Applications” view","Комбинация клавиш для перехода в режим просмотра приложений"
"data/org.gnome.shell.gschema.xml.in:171","Keybinding to open the “Show Applications” view of the Activities Overview.","Комбинация клавиш для перехода в режим просмотра приложений в меню «Обзор»."
"data/org.gnome.shell.gschema.xml.in:178","Keybinding to open the overview","Комбинация клавиш для перехода в режим обзора"
"data/org.gnome.shell.gschema.xml.in:179","Keybinding to open the Activities Overview.","Комбинация клавиш для перехода в режим обзора."
"data/org.gnome.shell.gschema.xml.in:185","Keybinding to toggle the visibility of the notification list","Комбинация клавиш для отображения или скрытия списка уведомлений"
"data/org.gnome.shell.gschema.xml.in:186","Keybinding to toggle the visibility of the notification list.","Комбинация клавиш для отображения или скрытия списка уведомлений."
"data/org.gnome.shell.gschema.xml.in:192","Keybinding to focus the active notification","Комбинация клавиш для перевода фокуса на текущее уведомление"
"data/org.gnome.shell.gschema.xml.in:193","Keybinding to focus the active notification.","Комбинация клавиш для перевода фокуса на текущее уведомление."
"data/org.gnome.shell.gschema.xml.in:199","Switch to application 1","Переключиться на приложение 1"
"data/org.gnome.shell.gschema.xml.in:203","Switch to application 2","Переключиться на приложение 2"
"data/org.gnome.shell.gschema.xml.in:207","Switch to application 3","Переключиться на приложение 3"
"data/org.gnome.shell.gschema.xml.in:211","Switch to application 4","Переключиться на приложение 4"
"data/org.gnome.shell.gschema.xml.in:215","Switch to application 5","Переключиться на приложение 5"
"data/org.gnome.shell.gschema.xml.in:219","Switch to application 6","Переключиться на приложение 6"
"data/org.gnome.shell.gschema.xml.in:223","Switch to application 7","Переключиться на приложение 7"
"data/org.gnome.shell.gschema.xml.in:227","Switch to application 8","Переключиться на приложение 8"
"data/org.gnome.shell.gschema.xml.in:231","Switch to application 9","Переключиться на приложение 9"
"data/org.gnome.shell.gschema.xml.in:256 data/org.gnome.shell.gschema.xml.in:283","Limit switcher to current workspace.","Ограничить переключатель текущим рабочим местом."
"data/org.gnome.shell.gschema.xml.in:257","If true, only applications that have windows on the current workspace are shown in the switcher. Otherwise, all applications are included.","Если выбрано, то в переключателе будут показываться только те приложения, чьи окна находятся на текущем рабочем месте. Иначе все приложения будут включены."
"data/org.gnome.shell.gschema.xml.in:274","The application icon mode.","Режим значка приложения."
"data/org.gnome.shell.gschema.xml.in:275","Configures how the windows are shown in the switcher. Valid possibilities are “thumbnail-only” (shows a thumbnail of the window), “app-icon-only” (shows only the application icon) or “both”.","Управляет способом отображения окон в переключателе. Доступные значения: «thumbnail-only» (показывать миниатюру окна), «app-icon-only» (показывать только значок приложения), «both» (показывать миниатюру и значок)."
"data/org.gnome.shell.gschema.xml.in:284","If true, only windows from the current workspace are shown in the switcher. Otherwise, all windows are included.","Если выбрано, то в переключателе будут показываться только окна из текущего рабочего места. Иначе все окна будут включены."
"data/org.gnome.shell.gschema.xml.in:294","Locations","Местоположения"
"data/org.gnome.shell.gschema.xml.in:295","The locations to show in world clocks","Местоположения для отображения в мировых часах"
"data/org.gnome.shell.gschema.xml.in:305","Automatic location","Автоматическое местоположение"
"data/org.gnome.shell.gschema.xml.in:306","Whether to fetch the current location or not","Определяет получать местоположение или нет"
"data/org.gnome.shell.gschema.xml.in:313","Location","Местоположение"
"data/org.gnome.shell.gschema.xml.in:314","The location for which to show a forecast","Местоположение для которого отображается прогноз погоды"
"data/org.gnome.shell.gschema.xml.in:326","Attach modal dialog to the parent window","Прикреплять модальное диалоговое окно к родительскому окну"
"data/org.gnome.shell.gschema.xml.in:327 data/org.gnome.shell.gschema.xml.in:336 data/org.gnome.shell.gschema.xml.in:344 data/org.gnome.shell.gschema.xml.in:352 data/org.gnome.shell.gschema.xml.in:360","This key overrides the key in org.gnome.mutter when running GNOME Shell.","Этот ключ переопределяет ключ в org.gnome.mutter при запуске GNOME Shell."
"data/org.gnome.shell.gschema.xml.in:335","Enable edge tiling when dropping windows on screen edges","Включить автоматическое изменение размеров окон при перемещении окон к краям экрана"
"data/org.gnome.shell.gschema.xml.in:343","Workspaces are managed dynamically","Рабочие места управляются динамически"
"data/org.gnome.shell.gschema.xml.in:351","Workspaces only on primary monitor","Рабочие места только на основном мониторе"
"data/org.gnome.shell.gschema.xml.in:359","Delay focus changes in mouse mode until the pointer stops moving","Задержка изменения фокуса в режиме мыши после остановки указателя"
"data/org.gnome.Shell.PortalHelper.desktop.in.in:3","Network Login","Сетевая авторизация"
"js/dbusServices/extensions/ui/extension-error-page.ui:15 subprojects/extensions-app/data/ui/extensions-window.ui:144","Something’s gone wrong","О, нет! Что-то пошло не так"
"js/dbusServices/extensions/ui/extension-error-page.ui:23","We’re very sorry, but there’s been a problem: the settings for this extension can’t be displayed. We recommend that you report the issue to the extension authors.","Мы очень сожалеем, но возникла проблема: настройки этого расширения не могут быть отображены. Мы рекомендуем сообщить об этой проблеме авторам расширения."
"js/dbusServices/extensions/ui/extension-error-page.ui:48","Technical Details","Технические подробности"
"js/dbusServices/extensions/ui/extension-error-page.ui:90","Homepage","Домашняя страница"
"js/dbusServices/extensions/ui/extension-error-page.ui:91","Visit extension homepage","Посетить домашнюю страницу расширения"
"js/gdm/authPrompt.js:144 js/ui/audioDeviceSelection.js:61 js/ui/components/networkAgent.js:109 js/ui/components/polkitAgent.js:141 js/ui/endSessionDialog.js:437 js/ui/extensionDownloader.js:223 js/ui/shellMountOperation.js:377 js/ui/shellMountOperation.js:387 js/ui/status/network.js:958 subprojects/extensions-app/js/main.js:175","Cancel","Отмена"
"js/gdm/authPrompt.js:307 js/ui/components/networkAgent.js:209 js/ui/components/networkAgent.js:229 js/ui/components/networkAgent.js:261 js/ui/components/networkAgent.js:294 js/ui/components/networkAgent.js:333 js/ui/components/networkAgent.js:346 js/ui/components/polkitAgent.js:283 js/ui/shellMountOperation.js:327","Password","Пароль"
"js/gdm/loginDialog.js:317","Choose Session","Выбрать сеанс"
"js/gdm/loginDialog.js:462","Not listed?","Нет в списке?"
"js/gdm/loginDialog.js:930","(e.g., user or %s)","(например, пользователь или %s)"
"js/gdm/loginDialog.js:935 js/ui/components/networkAgent.js:253 js/ui/components/networkAgent.js:288 js/ui/components/networkAgent.js:322","Username","Имя пользователя"
"js/gdm/loginDialog.js:1256","Login Window","Окно входа в систему"
"js/gdm/util.js:436","Authentication error","Ошибка проверки подлинности"
"js/gdm/util.js:608","(or swipe finger across reader)","(или проведите пальцем по считывающему устройству)"
"js/gdm/util.js:613","(or place finger on reader)","(или поместите палец на считывающее устройство)"
"js/misc/systemActions.js:84","Power Off","Выключить"
"js/misc/systemActions.js:87","power off;shutdown;halt;stop","выключение;завершение;остановка;стоп"
"js/misc/systemActions.js:92","Restart","Перезапустить"
"js/misc/systemActions.js:95","reboot;restart;","перезагрузить;перезапустить;"
"js/misc/systemActions.js:100","Lock Screen","Заблокировать экран"
"js/misc/systemActions.js:103","lock screen","заблокировать экран"
"js/misc/systemActions.js:108","Log Out","Выйти"
"js/misc/systemActions.js:111","logout;log out;sign off","logout;log out;sign off;выйти"
"js/misc/systemActions.js:116","Suspend","Режим ожидания"
"js/misc/systemActions.js:119","suspend;sleep","ждущий;спящий режим"
"js/misc/systemActions.js:124","Switch User","Сменить пользователя"
"js/misc/systemActions.js:127","switch user","переключить;сменить пользователя"
"js/misc/systemActions.js:134","lock orientation;unlock orientation;screen;rotation","заблокировать ориентацию;экран;поворот;вращение"
"js/misc/systemActions.js:139","Take a Screenshot","Сделать снимок экрана"
"js/misc/systemActions.js:142","screenshot;screencast;snip;capture;record","screenshot;screencast;snip;capture;record;скриншот;захват;запись"
"js/misc/systemActions.js:242","Unlock Screen Rotation","Разблокировать ориентацию экрана"
"js/misc/systemActions.js:243","Lock Screen Rotation","Заблокировать ориентацию экрана"
"js/misc/util.js:129","Command not found","Команда не найдена"
"js/misc/util.js:166","Could not parse command:","Не удалось разобрать команду:"
"js/misc/util.js:174","Execution of “%s” failed:","Не удалось выполнить «%s»:"
"js/misc/util.js:191","Just now","Прямо сейчас"
"js/misc/util.js:193","%d minute ago
msgid_plural: %d minutes ago","msgstr[0]: %d минута назад
msgstr[1]: %d минуты назад
msgstr[2]: %d минут назад"
"js/misc/util.js:197","%d hour ago
msgid_plural: %d hours ago","msgstr[0]: %d час назад
msgstr[1]: %d часа назад
msgstr[2]: %d часов назад"
"js/misc/util.js:201 js/ui/dateMenu.js:167","Yesterday","Вчера"
"js/misc/util.js:203","%d day ago
msgid_plural: %d days ago","msgstr[0]: %d день назад
msgstr[1]: %d дня назад
msgstr[2]: %d дней назад"
"js/misc/util.js:207","%d week ago
msgid_plural: %d weeks ago","msgstr[0]: %d неделя назад
msgstr[1]: %d недели назад
msgstr[2]: %d недель назад"
"js/misc/util.js:211","%d month ago
msgid_plural: %d months ago","msgstr[0]: %d месяц назад
msgstr[1]: %d месяца назад
msgstr[2]: %d месяцев назад"
"js/misc/util.js:214","%d year ago
msgid_plural: %d years ago","msgstr[0]: %d год назад
msgstr[1]: %d года назад
msgstr[2]: %d лет назад"
"js/misc/util.js:247","%H∶%M","%H∶%M"
"js/misc/util.js:253","Yesterday, %H∶%M","Вчера, %H∶%M"
"js/misc/util.js:259","%A, %H∶%M","%A, %H∶%M"
"js/misc/util.js:265","%B %-d, %H∶%M","%-d %B, %H∶%M"
"js/misc/util.js:271","%B %-d %Y, %H∶%M","%-d %B %Y, %H∶%M"
"js/misc/util.js:276","%l∶%M %p","%-l∶%M %p"
"js/misc/util.js:282","Yesterday, %l∶%M %p","Вчера, %-l∶%M %p"
"js/misc/util.js:288","%A, %l∶%M %p","%A, %-l∶%M %p"
"js/misc/util.js:294","%B %-d, %l∶%M %p","%-d %B, %l∶%M %p"
"js/misc/util.js:300","%B %-d %Y, %l∶%M %p","%-d %B %Y, %l∶%M %p"
"js/portalHelper/main.js:55","Hotspot Login","Авторизация в точке доступа"
"js/portalHelper/main.js:108","Your connection to this hotspot login is not secure. Passwords or other information you enter on this page can be viewed by people nearby.","Соединение с этой точкой доступа не безопасно. Пароли или другая информация, которую вы вводите на этой странице, могут просматриваться пользователями, находящимися рядом."
"js/ui/accessDialog.js:39 js/ui/status/location.js:406","Deny Access","Запретить доступ"
"js/ui/accessDialog.js:40 js/ui/status/location.js:411","Grant Access","Предоставить доступ"
"js/ui/appFavorites.js:166","%s has been pinned to the dash.","Приложение %s было прикреплено к панели приложений."
"js/ui/appFavorites.js:199","%s has been unpinned from the dash.","Приложение %s было откреплено от панели приложений."
"js/ui/appMenu.js:46","Open Windows","Открытые окна"
"js/ui/appMenu.js:54","New Window","Новое окно"
"js/ui/appMenu.js:81","Show Details","Показать подробности"
"js/ui/appMenu.js:97","Quit","Завершить"
"js/ui/appMenu.js:157 js/ui/dash.js:249","Unpin","Открепить"
"js/ui/appMenu.js:158","Pin to Dash","Прикрепить к панели приложений"
"js/ui/appMenu.js:175","Launch using Integrated Graphics Card","Запустить, используя встроенную видеокарту"
"js/ui/appMenu.js:176","Launch using Discrete Graphics Card","Запустить, используя дискретную видеокарту"
"js/ui/audioDeviceSelection.js:41","Select Audio Device","Выберите аудиоустройство"
"js/ui/audioDeviceSelection.js:56","Sound Settings","Настройки звука"
"js/ui/audioDeviceSelection.js:69","Headphones","Наушники"
"js/ui/audioDeviceSelection.js:71","Headset","Гарнитура"
"js/ui/audioDeviceSelection.js:73 js/ui/status/volume.js:272","Microphone","Микрофон"
"js/ui/backgroundMenu.js:14","Change Background…","Изменить фон…"
"js/ui/backgroundMenu.js:16 js/ui/status/nightLight.js:45","Display Settings","Настройки дисплея"
"js/ui/backgroundMenu.js:17 subprojects/extensions-app/data/ui/extension-row.ui:122","Settings","Настройки"
"js/ui/calendar.js:35","06","06"
"js/ui/calendar.js:61","S","Вс"
"js/ui/calendar.js:63","M","Пн"
"js/ui/calendar.js:65","T","Вт"
"js/ui/calendar.js:67","W","Ср"
"js/ui/calendar.js:69","T","Чт"
"js/ui/calendar.js:71","F","Пт"
"js/ui/calendar.js:73","S","Сб"
"js/ui/calendar.js:402","%OB","%OB"
"js/ui/calendar.js:412","%OB %Y","%OB %Y"
"js/ui/calendar.js:473","Previous month","Предыдущий месяц"
"js/ui/calendar.js:491","Next month","Следующий месяц"
"js/ui/calendar.js:642","%d","%d"
"js/ui/calendar.js:701","Week %V","%V неделя"
"js/ui/calendar.js:880","No Notifications","Уведомлений нет"
"js/ui/calendar.js:937","Do Not Disturb","Не беспокоить"
"js/ui/calendar.js:958","Clear","Очистить"
"js/ui/closeDialog.js:40","“%s” is not responding.","«%s» не отвечает."
"js/ui/closeDialog.js:41","You may choose to wait a short while for it to continue or force the application to quit entirely.","Вы можете подождать отклика приложения некоторое время, или принудительно завершить его работу."
"js/ui/closeDialog.js:69","Force Quit","Принудительно завершить"
"js/ui/closeDialog.js:74","Wait","Подождать"
"js/ui/components/automountManager.js:84","External drive connected","Внешний диск подключён"
"js/ui/components/automountManager.js:96","External drive disconnected","Внешний диск отключён"
"js/ui/components/automountManager.js:207","Unable to unlock volume","Не удалось разблокировать том"
"js/ui/components/automountManager.js:208","The installed udisks version does not support the PIM setting","Установленная версия udisks не поддерживает настройку PIM"
"js/ui/components/autorunManager.js:334","Open with %s","Открыть с помощью %s"
"js/ui/components/networkAgent.js:91","Alternatively you can connect by pushing the “WPS” button on your router.","В качестве альтернативы вы можете подключиться, нажав кнопку «WPS» на вашем маршрутизаторе."
"js/ui/components/networkAgent.js:103 js/ui/status/network.js:247 js/ui/status/network.js:337 js/ui/status/network.js:963","Connect","Соединиться"
"js/ui/components/networkAgent.js:218","Key","Ключ"
"js/ui/components/networkAgent.js:269 js/ui/components/networkAgent.js:308","Private key password","Пароль личного ключа"
"js/ui/components/networkAgent.js:302","Identity","Идентичность"
"js/ui/components/networkAgent.js:328","Service","Служба"
"js/ui/components/networkAgent.js:366 js/ui/components/networkAgent.js:402 js/ui/components/networkAgent.js:747 js/ui/components/networkAgent.js:768","Authentication required","Требуется подтверждение подлинности"
"js/ui/components/networkAgent.js:367 js/ui/components/networkAgent.js:748","Passwords or encryption keys are required to access the wireless network “%s”.","Для доступа к беспроводной сети «%s» требуется пароль или ключ шифрования."
"js/ui/components/networkAgent.js:371 js/ui/components/networkAgent.js:752","Wired 802.1X authentication","Аутентификация Wired 802.1X"
"js/ui/components/networkAgent.js:374","Network name","Название сети"
"js/ui/components/networkAgent.js:382 js/ui/components/networkAgent.js:756","DSL authentication","Аутентификация DSL"
"js/ui/components/networkAgent.js:389 js/ui/components/networkAgent.js:761","PIN code required","Требуется PIN-код"
"js/ui/components/networkAgent.js:390 js/ui/components/networkAgent.js:762","PIN code is needed for the mobile broadband device","Для устройства мобильной связи требуется PIN-код"
"js/ui/components/networkAgent.js:392","PIN","PIN"
"js/ui/components/networkAgent.js:403 js/ui/components/networkAgent.js:753 js/ui/components/networkAgent.js:757 js/ui/components/networkAgent.js:769 js/ui/components/networkAgent.js:773","A password is required to connect to “%s”.","Для подключения к «%s» требуется пароль."
"js/ui/components/networkAgent.js:736 js/ui/status/network.js:1821","Network Manager","Диспетчер сети"
"js/ui/components/networkAgent.js:772","VPN password","Пароль VPN"
"js/ui/components/polkitAgent.js:41","Authentication Required","Требуется подтверждение подлинности"
"js/ui/components/polkitAgent.js:81","Administrator","Администратор"
"js/ui/components/polkitAgent.js:146","Authenticate","Подтвердить"
"js/ui/components/polkitAgent.js:260 js/ui/shellMountOperation.js:403","Sorry, that didn’t work. Please try again.","Не удалось подтвердить подлинность. Попробуйте снова."
"js/ui/components/telepathyClient.js:828","%s is now known as %s","Контакт %s теперь известен как %s"
"js/ui/ctrlAltTab.js:22 js/ui/overviewControls.js:405","Windows","Окна"
"js/ui/dash.js:205 js/ui/dash.js:251","Show Applications","Показать приложения"
"js/ui/dash.js:398","Dash","Панель приложений"
"js/ui/dateMenu.js:83","%B %-d %Y","%-d %B %Y"
"js/ui/dateMenu.js:90","%A %B %e %Y","%A, %-d %B %Y"
"js/ui/dateMenu.js:156","%B %-d","%-d %B %Y"
"js/ui/dateMenu.js:159","%B %-d %Y","%-d %B %Y"
"js/ui/dateMenu.js:165","Today","Сегодня"
"js/ui/dateMenu.js:169","Tomorrow","Завтра"
"js/ui/dateMenu.js:200","All Day","Весь день"
"js/ui/dateMenu.js:222","%m/%d","%d/%m"
"js/ui/dateMenu.js:273","No Events","Событий нет"
"js/ui/dateMenu.js:396","Add world clocks…","Добавить мировые часы…"
"js/ui/dateMenu.js:397","World Clocks","Мировые часы"
"js/ui/dateMenu.js:699","Loading…","Загрузка…"
"js/ui/dateMenu.js:709","Go online for weather information","Подключите интернет для получения информации о погоде"
"js/ui/dateMenu.js:711","Weather information is currently unavailable","Информация о погоде сейчас недоступна"
"js/ui/dateMenu.js:721","Weather","Погода"
"js/ui/dateMenu.js:723","Select weather location…","Выберите ваше местоположение…"
"js/ui/endSessionDialog.js:41","Log Out %s","Выход пользователя %s"
"js/ui/endSessionDialog.js:42","Log Out","Выйти из системы"
"js/ui/endSessionDialog.js:45","%s will be logged out automatically in %d second.
msgid_plural: %s will be logged out automatically in %d seconds.","msgstr[0]: %s выйдет из системы автоматически через %d секунду.
msgstr[1]: %s выйдет из системы автоматически через %d секунды.
msgstr[2]: %s выйдет из системы автоматически через %d секунд."
"js/ui/endSessionDialog.js:51","You will be logged out automatically in %d second.
msgid_plural: You will be logged out automatically in %d seconds.","msgstr[0]: Вы автоматически выйдете из системы через %d секунду.
msgstr[1]: Вы автоматически выйдете из системы через %d секунды.
msgstr[2]: Вы автоматически выйдете из системы через %d секунд."
"js/ui/endSessionDialog.js:58","Log Out","Выйти"
"js/ui/endSessionDialog.js:64","Power Off","Выключение"
"js/ui/endSessionDialog.js:65","Install Updates & Power Off","Установить обновления и выключить"
"js/ui/endSessionDialog.js:68","The system will power off automatically in %d second.
msgid_plural: The system will power off automatically in %d seconds.","msgstr[0]: Система будет автоматически выключена через %d секунду.
msgstr[1]: Система будет автоматически выключена через %d секунды.
msgstr[2]: Система будет автоматически выключена через %d секунд."
"js/ui/endSessionDialog.js:72 js/ui/endSessionDialog.js:91","Install pending software updates","Установить отложенные обновления ПО"
"js/ui/endSessionDialog.js:76","Power Off","Выключить"
"js/ui/endSessionDialog.js:83","Restart","Перезапуск"
"js/ui/endSessionDialog.js:84","Install Updates & Restart","Установить обновления и перезапустить"
"js/ui/endSessionDialog.js:87","The system will restart automatically in %d second.
msgid_plural: The system will restart automatically in %d seconds.","msgstr[0]: Система будет автоматически перезапущена через %d секунду.
msgstr[1]: Система будет автоматически перезапущена через %d секунды.
msgstr[2]: Система будет автоматически перезапущена через %d секунд."
"js/ui/endSessionDialog.js:95","Restart","Перезапустить"
"js/ui/endSessionDialog.js:103","Restart & Install Updates","Перезапуск и установка обновлений"
"js/ui/endSessionDialog.js:106","The system will automatically restart and install updates in %d second.
msgid_plural: The system will automatically restart and install updates in %d seconds.","msgstr[0]: Система автоматически перезапустится и установит обновления через %d секунду.
msgstr[1]: Система автоматически перезапустится и установит обновления через %d секунды.
msgstr[2]: Система автоматически перезапустится и установит обновления через %d секунд."
"js/ui/endSessionDialog.js:113 js/ui/endSessionDialog.js:134","Restart &amp; Install","Перезапустить и установить"
"js/ui/endSessionDialog.js:115","Install &amp; Power Off","Установить и выключить"
"js/ui/endSessionDialog.js:116","Power off after updates are installed","Выключить после установки обновлений"
"js/ui/endSessionDialog.js:123","Restart & Install Upgrade","Перезапуск и установка обновлений"
"js/ui/endSessionDialog.js:128","%s %s will be installed after restart. Upgrade installation can take a long time: ensure that you have backed up and that the computer is plugged in.","%s %s будет установлено после перезапуска. Установка обновлений может занять продолжительное время: убедитесь, что у вас есть резервная копия и что компьютер подключен к сети."
"js/ui/endSessionDialog.js:287","Low battery power: please plug in before installing updates.","Низкий заряд батареи: перед установкой обновлений подключите зарядное устройство."
"js/ui/endSessionDialog.js:296","Some applications are busy or have unsaved work","Некоторые приложения заняты или результаты их работы не сохранены"
"js/ui/endSessionDialog.js:301","Other users are logged in","Есть открытые сеансы других пользователей"
"js/ui/endSessionDialog.js:467","Boot Options","Опции загрузки"
"js/ui/endSessionDialog.js:688","%s (remote)","%s (удалённый)"
"js/ui/endSessionDialog.js:691","%s (console)","%s (консоль)"
"js/ui/extensionDownloader.js:227","Install","Установить"
"js/ui/extensionDownloader.js:233","Install Extension","Установить расширение"
"js/ui/extensionDownloader.js:234","Download and install “%s” from extensions.gnome.org?","Загрузить и установить расширение «%s» из extensions.gnome.org?"
"js/ui/extensionSystem.js:269","Extension Updates Available","Доступны обновления расширений"
"js/ui/extensionSystem.js:270","Extension updates are ready to be installed.","Обновления расширений готовы к установке."
"js/ui/inhibitShortcutsDialog.js:79","Allow inhibiting shortcuts","Разрешить замену комбинации клавиш"
"js/ui/inhibitShortcutsDialog.js:82","The application %s wants to inhibit shortcuts","Приложение %s пытается заменить комбинации клавиш"
"js/ui/inhibitShortcutsDialog.js:83","An application wants to inhibit shortcuts","Приложение пытается заменить комбинации клавиш"
"js/ui/inhibitShortcutsDialog.js:90","You can restore shortcuts by pressing %s.","Можете восстановить комбинации клавиш, нажав %s."
"js/ui/inhibitShortcutsDialog.js:101","Deny","Отказать"
"js/ui/inhibitShortcutsDialog.js:110","Allow","Разрешить"
"js/ui/kbdA11yDialog.js:32","Slow Keys Turned On","«Медленные» клавиши включены"
"js/ui/kbdA11yDialog.js:33","Slow Keys Turned Off","«Медленные» клавиши выключены"
"js/ui/kbdA11yDialog.js:34","You just held down the Shift key for 8 seconds. This is the shortcut for the Slow Keys feature, which affects the way your keyboard works.","Вы только что удержали клавишу Shift нажатой 8 секунд. Это комбинация для включения функции «медленные» клавиши, которая влияет на способ работы с клавиатурой."
"js/ui/kbdA11yDialog.js:40","Sticky Keys Turned On","«Залипающие» клавиши включены"
"js/ui/kbdA11yDialog.js:41","Sticky Keys Turned Off","«Залипающие» клавиши выключены"
"js/ui/kbdA11yDialog.js:43","You just pressed the Shift key 5 times in a row. This is the shortcut for the Sticky Keys feature, which affects the way your keyboard works.","Вы только что нажали клавишу Shift 5 раз подряд. Это комбинация для включения функции «залипающие» клавиши, которая влияет на способ работы клавиатуры."
"js/ui/kbdA11yDialog.js:45","You just pressed two keys at once, or pressed the Shift key 5 times in a row. This turns off the Sticky Keys feature, which affects the way your keyboard works.","Вы только что нажали две клавиши одновременно или нажали клавишу Shift 5 раз подряд. Это привело к включению функции «залипающие клавиши», которая влияет на режим работы клавиатуры."
"js/ui/kbdA11yDialog.js:55","Leave On","Оставить включёнными"
"js/ui/kbdA11yDialog.js:55 js/ui/status/bluetooth.js:174 js/ui/status/network.js:1345","Turn On","Включить"
"js/ui/kbdA11yDialog.js:65 js/ui/status/bluetooth.js:174 js/ui/status/network.js:162 js/ui/status/network.js:338 js/ui/status/network.js:1345 js/ui/status/network.js:1452 js/ui/status/network.js:1523 js/ui/status/nightLight.js:41 js/ui/status/rfkill.js:82 js/ui/status/rfkill.js:111","Turn Off","Выключить"
"js/ui/kbdA11yDialog.js:65","Leave Off","Оставить выключенными"
"js/ui/keyboard.js:258","Region & Language Settings","Настройки языка и региона"
"js/ui/lookingGlass.js:713","No extensions installed","Расширения не установлены"
"js/ui/lookingGlass.js:774","%s has not emitted any errors.","%s не сообщал о каких-либо ошибках."
"js/ui/lookingGlass.js:780","Hide Errors","Скрыть ошибки"
"js/ui/lookingGlass.js:784 js/ui/lookingGlass.js:857","Show Errors","Показать ошибки"
"js/ui/lookingGlass.js:793","Enabled","Включено"
"js/ui/lookingGlass.js:796 subprojects/gvc/gvc-mixer-control.c:1900","Disabled","Выключено"
"js/ui/lookingGlass.js:798","Error","Ошибка"
"js/ui/lookingGlass.js:800","Out of date","Устарело"
"js/ui/lookingGlass.js:802","Downloading","Загрузка"
"js/ui/lookingGlass.js:835","View Source","Показать код"
"js/ui/lookingGlass.js:846","Web Page","Веб-страница"
"js/ui/main.js:266","System was put in unsafe mode","Система была переведена в небезопасный режим"
"js/ui/main.js:267","Applications now have unrestricted access","Приложения теперь имеют неограниченный доступ"
"js/ui/main.js:268 js/ui/overview.js:58","Undo","Отменить"
"js/ui/main.js:314","Logged in as a privileged user","Авторизован как привилегированный пользователь"
"js/ui/main.js:315","Running a session as a privileged user should be avoided for security reasons. If possible, you should log in as a normal user.","В целях соблюдения безопасности, не следует запускать сессию от имени привилегированного пользователя. Если это возможно, вам следует войти от имени обычного пользователя."
"js/ui/main.js:364","Screen Lock disabled","Блокировка экрана отключена"
"js/ui/main.js:365","Screen Locking requires the GNOME display manager.","Для блокировки экрана требуется менеджер дисплеев GNOME."
"js/ui/messageTray.js:1418","System Information","Системная информация"
"js/ui/mpris.js:202","Unknown artist","Неизвестный исполнитель"
"js/ui/mpris.js:212","Unknown title","Неизвестное название"
"js/ui/overviewControls.js:315","Type to search","Введите для поиска"
"js/ui/overviewControls.js:393","Applications","Приложения"
"js/ui/overview.js:71","Overview","Обзор"
"js/ui/padOsd.js:100","New shortcut…","Создать комбинацию клавиш…"
"js/ui/padOsd.js:154","Application defined","Определено приложением"
"js/ui/padOsd.js:155","Show on-screen help","Показывать экранную справку"
"js/ui/padOsd.js:156","Switch monitor","Переключить монитор"
"js/ui/padOsd.js:157","Assign keystroke","Назначение клавишь"
"js/ui/padOsd.js:226","Done","Готово"
"js/ui/padOsd.js:743","Edit…","Правка…"
"js/ui/padOsd.js:785 js/ui/padOsd.js:902","None","Нет"
"js/ui/padOsd.js:856","Press a button to configure","Нажмите кнопку для настройки"
"js/ui/padOsd.js:857","Press Esc to exit","Нажмите Esc для выхода"
"js/ui/padOsd.js:860","Press any key to exit","Нажмите любую клавишу для выхода"
"js/ui/panel.js:241","Activities","Обзор"
"js/ui/panel.js:364","System","Система"
"js/ui/panel.js:480","Top Bar","Верхняя панель"
"js/ui/runDialog.js:58","Run a Command","Выполнить команду"
"js/ui/runDialog.js:73","Press ESC to close","Нажмите Esc чтобы закрыть"
"js/ui/runDialog.js:238","Restart is not available on Wayland","Перезапуск не доступен при использовании Wayland"
"js/ui/runDialog.js:243","Restarting…","Перезапуск…"
"js/ui/screenShield.js:232","GNOME needs to lock the screen","GNOME необходимо заблокировать экран"
"js/ui/screenShield.js:272 js/ui/screenShield.js:647","Unable to lock","Не удалось заблокировать"
"js/ui/screenShield.js:273 js/ui/screenShield.js:648","Lock was blocked by an application","Блокировке помешало приложение"
"js/ui/screenshot.js:1149","Selection","Область"
"js/ui/screenshot.js:1159","Area Selection","Выбор области"
"js/ui/screenshot.js:1164","Screen","Экран"
"js/ui/screenshot.js:1174","Screen Selection","Выбор экрана"
"js/ui/screenshot.js:1179","Window","Окно"
"js/ui/screenshot.js:1189","Window Selection","Выбор окна"
"js/ui/screenshot.js:1227","Screenshot / Screencast","Снимок экрана / Запись экрана"
"js/ui/screenshot.js:1263","Show Pointer","Показать курсор мыши"
"js/ui/screenshot.js:1839","Screencasts","Записи экрана"
"js/ui/screenshot.js:1844","Screencast from %d %t.webm","Запись экрана от %d %t.webm"
"js/ui/screenshot.js:1913 js/ui/screenshot.js:2126","Screenshot","Снимок экрана"
"js/ui/screenshot.js:1919","Screencast recorded","Запись экрана сделана"
"js/ui/screenshot.js:1921","Click here to view the video.","Нажмите здесь, чтобы посмотреть видео."
"js/ui/screenshot.js:1924 js/ui/screenshot.js:2140","Show in Files","Показать в Файлах"
"js/ui/screenshot.js:2086","Screenshot from %s","Снимок экрана от %s"
"js/ui/screenshot.js:2132","Screenshot captured","Снимок экрана сделан"
"js/ui/screenshot.js:2134","You can paste the image from the clipboard.","Вы можете вставить изображение из буфера обмена."
"js/ui/screenshot.js:2187 js/ui/screenshot.js:2352","Screenshot taken","Сделан снимок экрана"
"js/ui/search.js:815","Searching…","Поиск…"
"js/ui/search.js:817","No results.","Ничего не найдено."
"js/ui/search.js:948","%d more
msgid_plural: %d more","msgstr[0]: %d ещё
msgstr[1]: %d ещё
msgstr[2]: %d ещё"
"js/ui/searchController.js:87","Search","Поиск"
"js/ui/shellEntry.js:20","Copy","Копировать"
"js/ui/shellEntry.js:25","Paste","Вставить"
"js/ui/shellEntry.js:77","Show Text","Показать текст"
"js/ui/shellEntry.js:79","Hide Text","Скрыть текст"
"js/ui/shellEntry.js:166","Caps lock is on.","Включён Caps Lock."
"js/ui/shellMountOperation.js:286","Hidden Volume","Скрытый том"
"js/ui/shellMountOperation.js:289","Windows System Volume","Системный том Windows"
"js/ui/shellMountOperation.js:292","Uses Keyfiles","Использует файлы-ключи"
"js/ui/shellMountOperation.js:299","To unlock a volume that uses keyfiles, use the <i>%s</i> utility instead.","Чтобы разблокировать том, использующий файлы-ключи, используйте вместо этого утилиту <i>%s</i>."
"js/ui/shellMountOperation.js:307","PIM Number","Номер PIM"
"js/ui/shellMountOperation.js:366","Remember Password","Запомнить пароль"
"js/ui/shellMountOperation.js:381","Unlock","Разблокировать"
"js/ui/shellMountOperation.js:392","Open %s","Открыть %s"
"js/ui/shellMountOperation.js:424","The PIM must be a number or empty.","PIM должен содержать цифры или быть пустым."
"js/ui/shellMountOperation.js:466","Unable to start %s","Не удалось запустить %s"
"js/ui/shellMountOperation.js:468","Couldn’t find the %s application","Не удалось найти приложение %s"
"js/ui/status/accessibility.js:34","Accessibility","Доступность"
"js/ui/status/accessibility.js:44","High Contrast","Высокая контрастность"
"js/ui/status/accessibility.js:47","Zoom","Масштабирование"
"js/ui/status/accessibility.js:54","Screen Reader","Экранный диктор"
"js/ui/status/accessibility.js:58","Screen Keyboard","Экранная клавиатура"
"js/ui/status/accessibility.js:62","Visual Alerts","Визуальные предупреждения"
"js/ui/status/accessibility.js:65","Sticky Keys","Залипающие клавиши"
"js/ui/status/accessibility.js:68","Slow Keys","Медленные клавиши"
"js/ui/status/accessibility.js:71","Bounce Keys","Отскакивающие клавиши"
"js/ui/status/accessibility.js:74","Mouse Keys","Клавиши мыши"
"js/ui/status/accessibility.js:131","Large Text","Крупный текст"
"js/ui/status/bluetooth.js:54","Bluetooth","Bluetooth"
"js/ui/status/bluetooth.js:67 js/ui/status/network.js:628","Bluetooth Settings","Настройки Bluetooth"
"js/ui/status/bluetooth.js:166","%d Connected
msgid_plural: %d Connected","msgstr[0]: Подключено %d
msgstr[1]: Подключено %d
msgstr[2]: Подключено %d"
"js/ui/status/bluetooth.js:170","Bluetooth On","Bluetooth включён"
"js/ui/status/bluetooth.js:172","Bluetooth Off","Bluetooth выключен"
"js/ui/status/brightness.js:39","Brightness","Яркость"
"js/ui/status/dwellClick.js:12","Single Click","Одно нажатие кнопки мыши"
"js/ui/status/dwellClick.js:17","Double Click","Двойное нажатие кнопки мыши"
"js/ui/status/dwellClick.js:22","Drag","Перетаскивание"
"js/ui/status/dwellClick.js:27","Secondary Click","Нажатие правой кнопки мыши"
"js/ui/status/dwellClick.js:36","Dwell Click","Нажатие левой кнопки мыши после задержки над кнопкой"
"js/ui/status/keyboard.js:830","Keyboard","Клавиатура"
"js/ui/status/keyboard.js:847","Show Keyboard Layout","Показать раскладку клавиатуры"
"js/ui/status/location.js:231 js/ui/status/location.js:255","Location Enabled","Геолокация включена"
"js/ui/status/location.js:232 js/ui/status/location.js:256","Disable","Выключить"
"js/ui/status/location.js:234","Privacy Settings","Настройки конфиденциальности"
"js/ui/status/location.js:254","Location In Use","Геолокация используется"
"js/ui/status/location.js:258","Location Disabled","Геолокация выключена"
"js/ui/status/location.js:259","Enable","Включить"
"js/ui/status/location.js:386","Allow location access","Разрешить доступ к местоположению"
"js/ui/status/location.js:388","The app %s wants to access your location","Приложение %s запрашивает доступ к вашему местоположению"
"js/ui/status/location.js:398","Location access can be changed at any time from the privacy settings.","Доступ к местоположению можно изменить в любое время в настройках конфиденциальности."
"js/ui/status/network.js:71","<unknown>","<неизвестно>"
"js/ui/status/network.js:438 js/ui/status/network.js:1374","%s Off","%s соединение
выключено"
"js/ui/status/network.js:441","%s Connected","%s соединение
подключено"
"js/ui/status/network.js:446","%s Unmanaged","%s соединение
не управляется"
"js/ui/status/network.js:449","%s Disconnecting","%s соединение
выключается"
"js/ui/status/network.js:456 js/ui/status/network.js:1366","%s Connecting","%s соединение
подключается"
"js/ui/status/network.js:459","%s Requires Authentication","%s соединение
требует аутентификацию"
"js/ui/status/network.js:467","Firmware Missing For %s","%s соединение:
отсутствует прошивка"
"js/ui/status/network.js:471","%s Unavailable","%s соединение
недоступно"
"js/ui/status/network.js:474","%s Connection Failed","%s соединение
не удалось подключить"
"js/ui/status/network.js:486","Wired Settings","Настройки соединения"
"js/ui/status/network.js:533","Mobile Broadband Settings","Настройки мобильной связи"
"js/ui/status/network.js:589 js/ui/status/network.js:1371","%s Hardware Disabled","%s соединение:
аппаратура отключена"
"js/ui/status/network.js:593","%s Disabled","%s соединение
отключено"
"js/ui/status/network.js:640","Connect to Internet","Подключиться к Интернету"
"js/ui/status/network.js:838","Airplane Mode is On","Включён авиарежим"
"js/ui/status/network.js:839","Wi-Fi is disabled when airplane mode is on.","Когда включён режим авиаперелёта, адаптер Wi-Fi выключен."
"js/ui/status/network.js:840","Turn Off Airplane Mode","Выключить режим авиаперелёта"
"js/ui/status/network.js:849","Wi-Fi is Off","Wi-Fi выключен"
"js/ui/status/network.js:850","Wi-Fi needs to be turned on in order to connect to a network.","Для подключения к сети, адаптер Wi-Fi должен быть включён."
"js/ui/status/network.js:851","Turn On Wi-Fi","Включить Wi-Fi"
"js/ui/status/network.js:879","Wi-Fi Networks","Сети Wi-Fi"
"js/ui/status/network.js:883","Select a network","Выберите сеть"
"js/ui/status/network.js:919","No Networks","Сети отсутствуют"
"js/ui/status/network.js:944 js/ui/status/rfkill.js:109","Use hardware switch to turn off","Отключается
механическим
переключателем"
"js/ui/status/network.js:1257","Select Network","Выбрать сеть"
"js/ui/status/network.js:1263","Wi-Fi Settings","Настройки Wi-Fi"
"js/ui/status/network.js:1362","%s Hotspot Active","Включена точка
доступа %s"
"js/ui/status/network.js:1377","%s Not Connected","%s сеть
не подключена"
"js/ui/status/network.js:1464","unknown","неизвестно"
"js/ui/status/network.js:1466","activating…","активация…"
"js/ui/status/network.js:1470","deactivating…","деактивация…"
"js/ui/status/network.js:1472","deactivated","деактивировано"
"js/ui/status/network.js:1540","connecting…","подключение…"
"js/ui/status/network.js:1543","authentication required","требуется аутентификация"
"js/ui/status/network.js:1545","connection failed","сбой подключения"
"js/ui/status/network.js:1591","VPN Settings","Настройки VPN"
"js/ui/status/network.js:1608","VPN","VPN"
"js/ui/status/network.js:1618","VPN Off","Соединение VPN
выключено"
"js/ui/status/network.js:1681 js/ui/status/rfkill.js:85","Network Settings","Настройки сети"
"js/ui/status/network.js:1709","%s Wired Connection
msgid_plural: %s Wired Connections","msgstr[0]: %s проводное соединение
msgstr[1]: %s проводных соединения
msgstr[2]: %s проводных соединений"
"js/ui/status/network.js:1713","%s Wi-Fi Connection
msgid_plural: %s Wi-Fi Connections","msgstr[0]: %s соединение Wi-Fi
msgstr[1]: %s соединения Wi-Fi
msgstr[2]: %s соединений Wi-Fi"
"js/ui/status/network.js:1717","%s Modem Connection
msgid_plural: %s Modem Connections","msgstr[0]: %s модемное соединение
msgstr[1]: %s модемных соединения
msgstr[2]: %s модемных соединений"
"js/ui/status/network.js:1862","Connection failed","Сбой подключения"
"js/ui/status/network.js:1863","Activation of network connection failed","Не удалось активировать сетевое подключение"
"js/ui/status/nightLight.js:63","Night Light Disabled","Ночной свет отключен"
"js/ui/status/nightLight.js:64","Night Light On","Ночной свет включен"
"js/ui/status/nightLight.js:66","Resume","Продолжить"
"js/ui/status/nightLight.js:67","Disable Until Tomorrow","Отключить до завтра"
"js/ui/status/power.js:51 js/ui/status/powerProfiles.js:57","Power Settings","Настройки питания"
"js/ui/status/power.js:68","Fully Charged","Полный заряд"
"js/ui/status/power.js:74","Not Charging","Не заряжается"
"js/ui/status/power.js:77 js/ui/status/power.js:83","Estimating…","Подсчитывается…"
"js/ui/status/power.js:91","%d∶%02d Remaining (%d %%)","Осталось %02d ч. %d мин.
Разряжается (%d %%)"
"js/ui/status/power.js:97","%d∶%02d Until Full (%d %%)","До полной %02d ч. %d мин.
Заряжается (%d %%)"
"js/ui/status/power.js:145","%d %%","%d %%"
"js/ui/status/powerProfiles.js:19","Performance","Производительный"
"js/ui/status/powerProfiles.js:20","Balanced","Сбалансированный"
"js/ui/status/powerProfiles.js:21","Power Saver","Энергосберегающий"
"js/ui/status/remoteAccess.js:43","Screen is Being Shared","Экран общедоступен"
"js/ui/status/remoteAccess.js:45","Turn off","Выключить"
"js/ui/status/remoteAccess.js:149","Stop Screencast","Остановить запись экрана"
"js/ui/status/rfkill.js:80","Airplane Mode On","Включён авиарежим"
"js/ui/status/system.js:104","Lock","Заблокировать"
"js/ui/status/system.js:116","Power Off / Log Out","Выключить / Выйти"
"js/ui/status/system.js:119","Suspend","Режим ожидания"
"js/ui/status/system.js:130","Restart…","Перезапуск…"
"js/ui/status/system.js:141","Power Off…","Выключение…"
"js/ui/status/system.js:154","Log Out","Выйти"
"js/ui/status/system.js:165","Switch User…","Сменить пользователя…"
"js/ui/status/thunderbolt.js:265","Thunderbolt","Thunderbolt"
"js/ui/status/thunderbolt.js:326","Unknown Thunderbolt device","Неизвестное устройство Thunderbolt"
"js/ui/status/thunderbolt.js:327","New device has been detected while you were away. Please disconnect and reconnect the device to start using it.","Новое устройство было обнаружено во время вашего отсутствия. Отключите и снова подключите устройство, Чтобы начать использовать устройство, отключите и снова подключите его."
"js/ui/status/thunderbolt.js:330","Unauthorized Thunderbolt device","Неавторизованное устройство Thunderbolt"
"js/ui/status/thunderbolt.js:331","New device has been detected and needs to be authorized by an administrator.","Новое устройство было обнаружено и должно быть авторизовано администратором."
"js/ui/status/thunderbolt.js:337","Thunderbolt authorization error","Ошибка авторизации Thunderbolt"
"js/ui/status/thunderbolt.js:338","Could not authorize the Thunderbolt device: %s","Не удалось авторизовать устройство Thunderbolt: %s"
"js/ui/status/volume.js:161","Volume changed","Громкость изменена"
"js/ui/status/volume.js:222","Volume","Громкость"
"js/ui/switchMonitor.js:20","Mirror","Зеркальное отображение"
"js/ui/switchMonitor.js:29","Join Displays","Объединить дисплеи"
"js/ui/switchMonitor.js:39","External Only","Только внешний"
"js/ui/switchMonitor.js:47","Built-in Only","Только встроенный"
"js/ui/unlockDialog.js:364","%A %B %-d","%A, %-d %B"
"js/ui/unlockDialog.js:370","Swipe up to unlock","Проведите вверх, чтобы разблокировать"
"js/ui/unlockDialog.js:371","Click or press a key to unlock","Нажмите клавишу или кнопку мыши, чтобы разблокировать"
"js/ui/unlockDialog.js:554","Unlock Window","Разблокировать окно"
"js/ui/unlockDialog.js:563","Log in as another user","Войти от имени другого пользователя"
"js/ui/welcomeDialog.js:36","Welcome to GNOME %s","Добро пожаловать в GNOME %s"
"js/ui/welcomeDialog.js:37","If you want to learn your way around, check out the tour.","Для знакомства с возможностями пройдите ознакомительный тур."
"js/ui/welcomeDialog.js:46","No Thanks","Нет, спасибо"
"js/ui/welcomeDialog.js:51","Take Tour","Просмотреть обзор"
"js/ui/windowAttentionHandler.js:20","“%s” is ready","Окно «%s» ожидает"
"js/ui/windowManager.js:62","Keep these display settings?","Сохранить эти настройки дисплея?"
"js/ui/windowManager.js:72","Revert Settings","Вернуть настройки"
"js/ui/windowManager.js:77","Keep Changes","Сохранить изменения"
"js/ui/windowManager.js:97","Settings changes will revert in %d second
msgid_plural: Settings changes will revert in %d seconds","msgstr[0]: Изменения настроек будут отменены через %d секунду
msgstr[1]: Изменения настроек будут отменены через %d секунды
msgstr[2]: Изменения настроек будут отменены через %d секунд"
"js/ui/windowManager.js:544","%d × %d","%d × %d"
"js/ui/windowMenu.js:29","Take Screenshot","Сделать снимок экрана"
"js/ui/windowMenu.js:41","Hide","Скрыть"
"js/ui/windowMenu.js:48","Restore","Восстановить"
"js/ui/windowMenu.js:52","Maximize","Развернуть"
"js/ui/windowMenu.js:59","Move","Переместить"
"js/ui/windowMenu.js:65","Resize","Изменить размер"
"js/ui/windowMenu.js:72","Move Titlebar Onscreen","Переместить панель заголовка на экран"
"js/ui/windowMenu.js:77","Always on Top","Всегда сверху"
"js/ui/windowMenu.js:96","Always on Visible Workspace","Всегда на видимом рабочем месте"
"js/ui/windowMenu.js:110","Move to Workspace Left","Переместить на рабочее место влево"
"js/ui/windowMenu.js:116","Move to Workspace Right","Переместить на рабочее место вправо"
"js/ui/windowMenu.js:122","Move to Workspace Up","Переместить на рабочее место вверх"
"js/ui/windowMenu.js:128","Move to Workspace Down","Переместить на рабочее место вниз"
"js/ui/windowMenu.js:146","Move to Monitor Up","Переместить на экран вверх"
"js/ui/windowMenu.js:155","Move to Monitor Down","Переместить на экран вниз"
"js/ui/windowMenu.js:164","Move to Monitor Left","Переместить на экран влево"
"js/ui/windowMenu.js:173","Move to Monitor Right","Переместить на экран вправо"
"js/ui/windowMenu.js:181","Close","Закрыть"
"src/calendar-server/evolution-calendar.desktop.in:3","Evolution Calendar","Календарь Evolution"
"src/main.c:419 subprojects/extensions-tool/src/main.c:321","Print version","Показать номер версии"
"src/main.c:425","Mode used by GDM for login screen","Режим, используемый GDM для окна входа в систему"
"src/main.c:431","Use a specific mode, e.g. “gdm” for login screen","Использовать для экрана входа в систему определённый режим, например «gdm»"
"src/main.c:437","List possible modes","Список возможных режимов"
"src/shell-app.c:305","Unknown","Неизвестное приложение"
"src/shell-app.c:556","Failed to launch “%s”","Не удалось запустить «%s»"
"src/shell-keyring-prompt.c:764","Passwords do not match.","Пароли не совпадают."
"src/shell-keyring-prompt.c:772","Password cannot be blank","Пароль не может быть пустым"
"src/shell-polkit-authentication-agent.c:344","Authentication dialog was dismissed by the user","Аутентификация отклонена пользователем"
"subprojects/extensions-app/data/metainfo/org.gnome.Extensions.metainfo.xml.in:5 subprojects/extensions-app/data/org.gnome.Extensions.desktop.in.in:4 subprojects/extensions-app/js/main.js:210 subprojects/extensions-app/data/ui/extensions-window.ui:18 subprojects/extensions-app/data/ui/extensions-window.ui:83","Extensions","Расширения"
"subprojects/extensions-app/data/metainfo/org.gnome.Extensions.metainfo.xml.in:6 subprojects/extensions-app/js/main.js:211","Manage your GNOME Extensions","Управление расширениями GNOME Shell"
"subprojects/extensions-app/data/metainfo/org.gnome.Extensions.metainfo.xml.in:17","The GNOME Project","Проект GNOME"
"subprojects/extensions-app/data/metainfo/org.gnome.Extensions.metainfo.xml.in:36","GNOME Extensions handles updating extensions, configuring extension preferences and removing or disabling unwanted extensions.","Приложение «Расширения GNOME» занимается обновлением расширений, настройкой параметров расширений и удалением или отключением ненужных расширений."
"subprojects/extensions-app/data/org.gnome.Extensions.desktop.in.in:7","Configure GNOME Shell Extensions","Настроить расширения GNOME Shell"
"subprojects/extensions-app/js/main.js:132 subprojects/extensions-app/js/main.js:143","No Matches","Нет совпадений"
"subprojects/extensions-app/js/main.js:171","Remove “%s”?","Удалить «%s»?"
"subprojects/extensions-app/js/main.js:172","If you remove the extension, you need to return to download it if you want to enable it again","После удаления расширения, если потребуется использовать его снова, нужно будет загрузить и установить его заново"
"subprojects/extensions-app/js/main.js:176","Remove","Удалить"
"subprojects/extensions-app/js/main.js:209","translator-credits","Stas Solovey <whats_up@tut.by>, 2011-2020
Ivan Molodetskikh <yalterz@gmail.com>, 2020
Alexey Rubtsov <rushills@gmail.com>, 2021
Aleksandr Melman <alexmelman88@gmail.com>, 2022"
"subprojects/extensions-app/js/main.js:337","%d extension will be updated on next login.
msgid_plural: %d extensions will be updated on next login.","msgstr[0]: %d расширение будет обновлено при следующем входе в систему.
msgstr[1]: %d расширения будет обновлено при следующем входе в систему.
msgstr[2]: %d расширений будет обновлено при следующем входе в систему."
"subprojects/extensions-app/js/main.js:479","The extension is incompatible with the current GNOME version","Расширение несовместимо с текущей версией GNOME"
"subprojects/extensions-app/js/main.js:482 subprojects/extensions-app/data/ui/extension-row.ui:52","The extension had an error","Расширение содержит ошибку"
"subprojects/extensions-app/data/ui/extension-row.ui:62","The extension can be updated","Расширение может быть обновлено"
"subprojects/extensions-app/data/ui/extension-row.ui:112","Website","Веб-страница"
"subprojects/extensions-app/data/ui/extension-row.ui:134","Remove…","Удалить…"
"subprojects/extensions-app/data/ui/extensions-window.ui:6","Help","Справка"
"subprojects/extensions-app/data/ui/extensions-window.ui:10","About Extensions","О приложении"
"subprojects/extensions-app/data/ui/extensions-window.ui:84","Extensions can cause performance and stability issues. Disable extensions if you encounter problems with your system.","Расширения могут вызывать проблемы с производительностью и стабильностью. Отключите расширения, если вы столкнулись с проблемами в системе."
"subprojects/extensions-app/data/ui/extensions-window.ui:98","Manually Installed","Установлены вручную"
"subprojects/extensions-app/data/ui/extensions-window.ui:99 subprojects/extensions-app/data/ui/extensions-window.ui:134","To find and add extensions, visit <a href=""https://extensions.gnome.org"">extensions.gnome.org</a>.","Чтобы найти и добавить расширения, посетите <a href=""https://extensions.gnome.org"">extensions.gnome.org</a>."
"subprojects/extensions-app/data/ui/extensions-window.ui:112","Built-In","Встроенные"
"subprojects/extensions-app/data/ui/extensions-window.ui:133","No Installed Extensions","Нет установленных расширений"
"subprojects/extensions-app/data/ui/extensions-window.ui:145","We’re very sorry, but it was not possible to get the list of installed extensions. Make sure you are logged into GNOME and try again.","Нам очень жаль, но список установленных расширений получить не удалось. Убедитесь, что вы вошли в GNOME и попробуйте снова."
"subprojects/extensions-app/data/ui/extensions-window.ui:175","Extension Updates Ready","Доступны обновления расширений"
"subprojects/extensions-app/data/ui/extensions-window.ui:190","Log Out…","Выйти…"
"subprojects/extensions-tool/src/command-create.c:222","The new extension was successfully created in %s.
","Новое расширение было успешно создано в %s.
"
"subprojects/extensions-tool/src/command-create.c:296","Name should be a very short (ideally descriptive) string.
Examples are: %s","Имя должно быть очень короткой (в идеале наглядной) строкой.
Например: %s"
"subprojects/extensions-tool/src/command-create.c:302 subprojects/extensions-tool/src/main.c:238","Name","Имя"
"subprojects/extensions-tool/src/command-create.c:316","Description is a single-sentence explanation of what your extension does.
Examples are: %s","Описание — это одно предложение, описывающее работу вашего расширения.
Например: %s"
"subprojects/extensions-tool/src/command-create.c:322 subprojects/extensions-tool/src/main.c:241","Description","Описание"
"subprojects/extensions-tool/src/command-create.c:336","UUID is a globally-unique identifier for your extension.
This should be in the format of an email address (clicktofocus@janedoe.example.com)
","UUID — это глобально уникальный идентификатор для вашего расширения.
Он должен быть в формате адреса электронной почты (clicktofocus@janedoe.example.com)
"
"subprojects/extensions-tool/src/command-create.c:363","Choose one of the available templates:
","Выберите один из доступных шаблонов:
"
"subprojects/extensions-tool/src/command-create.c:377","Template","Шаблон"
"subprojects/extensions-tool/src/command-create.c:432","The unique identifier of the new extension","Уникальный идентификатор нового расширения"
"subprojects/extensions-tool/src/command-create.c:435","NAME","ИМЯ"
"subprojects/extensions-tool/src/command-create.c:436","The user-visible name of the new extension","Имя расширения, видимое пользователю"
"subprojects/extensions-tool/src/command-create.c:438","DESCRIPTION","ОПИСАНИЕ"
"subprojects/extensions-tool/src/command-create.c:440","A short description of what the extension does","Краткое описание того, что делает расширение"
"subprojects/extensions-tool/src/command-create.c:443","TEMPLATE","ШАБЛОН"
"subprojects/extensions-tool/src/command-create.c:444","The template to use for the new extension","Шаблон, используемый для нового расширения"
"subprojects/extensions-tool/src/command-create.c:450","Enter extension information interactively","Интерактивный ввод информации о расширении"
"subprojects/extensions-tool/src/command-create.c:458","Create a new extension","Создать новое расширение"
"subprojects/extensions-tool/src/command-create.c:476 subprojects/extensions-tool/src/command-list.c:172","Unknown arguments","Неизвестные аргументы"
"subprojects/extensions-tool/src/command-create.c:501","UUID, name and description are required","Необходимо указать UUID, имя и описание"
"subprojects/extensions-tool/src/command-disable.c:46 subprojects/extensions-tool/src/command-enable.c:46 subprojects/extensions-tool/src/command-info.c:50 subprojects/extensions-tool/src/command-list.c:64 subprojects/extensions-tool/src/main.c:146","Failed to connect to GNOME Shell
","Невозможно подключиться к GNOME Shell
"
"subprojects/extensions-tool/src/command-disable.c:53 subprojects/extensions-tool/src/command-enable.c:53","Extension “%s” does not exist
","Расширение «%s» не найдено
"
"subprojects/extensions-tool/src/command-disable.c:101","Disable an extension","Выключить расширение"
"subprojects/extensions-tool/src/command-disable.c:119 subprojects/extensions-tool/src/command-enable.c:119 subprojects/extensions-tool/src/command-info.c:103 subprojects/extensions-tool/src/command-prefs.c:105 subprojects/extensions-tool/src/command-reset.c:76 subprojects/extensions-tool/src/command-uninstall.c:104","No UUID given","UUID не указан"
"subprojects/extensions-tool/src/command-disable.c:124 subprojects/extensions-tool/src/command-enable.c:124 subprojects/extensions-tool/src/command-info.c:108 subprojects/extensions-tool/src/command-prefs.c:110 subprojects/extensions-tool/src/command-reset.c:81 subprojects/extensions-tool/src/command-uninstall.c:109","More than one UUID given","Указано более одного UUID"
"subprojects/extensions-tool/src/command-enable.c:101","Enable an extension","Включить расширение"
"subprojects/extensions-tool/src/command-info.c:59 subprojects/extensions-tool/src/main.c:155","Extension “%s” doesn't exist
","Расширение «%s» не найдено
"
"subprojects/extensions-tool/src/command-info.c:85","Show extensions info","Показать сведения о расширении"
"subprojects/extensions-tool/src/command-install.c:173","Overwrite an existing extension","Перезаписать существующие расширение"
"subprojects/extensions-tool/src/command-install.c:175","EXTENSION_BUNDLE","ПАКЕТ_РАСШИРЕНИЯ"
"subprojects/extensions-tool/src/command-install.c:184","Install an extension bundle","Установить пакет расширения"
"subprojects/extensions-tool/src/command-install.c:202","No extension bundle specified","Не указан пакет расширения"
"subprojects/extensions-tool/src/command-install.c:208","More than one extension bundle specified","Указано более одного пакета расширения"
"subprojects/extensions-tool/src/command-list.c:128","Show user-installed extensions","Показать пользовательские расширения"
"subprojects/extensions-tool/src/command-list.c:131","Show system-installed extensions","Показать системные расширения"
"subprojects/extensions-tool/src/command-list.c:134","Show enabled extensions","Показать включенные расширения"
"subprojects/extensions-tool/src/command-list.c:137","Show disabled extensions","Показать отключенные расширения"
"subprojects/extensions-tool/src/command-list.c:140","Show extensions with preferences","Показать расширения имеющие настройки"
"subprojects/extensions-tool/src/command-list.c:143","Show extensions with updates","Показать расширения с обновлениями"
"subprojects/extensions-tool/src/command-list.c:146","Print extension details","Вывести сведения о расширении"
"subprojects/extensions-tool/src/command-list.c:154","List installed extensions","Показать установленные расширения"
"subprojects/extensions-tool/src/command-pack.c:450","FILE","ФАЙЛ"
"subprojects/extensions-tool/src/command-pack.c:451","Additional source to include in the bundle","Дополнительный исходный файл для включения в пакет"
"subprojects/extensions-tool/src/command-pack.c:454","SCHEMA","СХЕМА"
"subprojects/extensions-tool/src/command-pack.c:455","A GSettings schema that should be included","Схема GSettings для включения в пакет"
"subprojects/extensions-tool/src/command-pack.c:457 subprojects/extensions-tool/src/command-pack.c:468","DIRECTORY","КАТАЛОГ"
"subprojects/extensions-tool/src/command-pack.c:459","The directory where translations are found","Директория с переводами"
"subprojects/extensions-tool/src/command-pack.c:461","DOMAIN","ДОМЕН"
"subprojects/extensions-tool/src/command-pack.c:463","The gettext domain to use for translations","Домен gettext для переводов"
"subprojects/extensions-tool/src/command-pack.c:466","Overwrite an existing pack","Переписать существующий пакет"
"subprojects/extensions-tool/src/command-pack.c:470","The directory where the pack should be created","Директория, где должен быть создан пакет"
"subprojects/extensions-tool/src/command-pack.c:472","SOURCE_DIRECTORY","ИСХОДНЫЙ_КАТАЛОГ"
"subprojects/extensions-tool/src/command-pack.c:481","Create an extension bundle","Создать пакет расширения"
"subprojects/extensions-tool/src/command-pack.c:501","More than one source directory specified","Указано больше одной исходной директории"
"subprojects/extensions-tool/src/command-prefs.c:47","Extension “%s” doesn't have preferences
","Расширение «%s» не имеет настроек
"
"subprojects/extensions-tool/src/command-prefs.c:62","Failed to open prefs for extension “%s”: %s
","Не удалось открыть настройки для расширения ""%s"": %s
"
"subprojects/extensions-tool/src/command-prefs.c:87","Opens extension preferences","Открыть параметры расширения"
"subprojects/extensions-tool/src/command-reset.c:58","Reset an extension","Сбросить расширение"
"subprojects/extensions-tool/src/command-uninstall.c:49","Cannot uninstall system extensions
","Не удалось удалить системные расширения
"
"subprojects/extensions-tool/src/command-uninstall.c:64","Failed to uninstall “%s”
","Не удалось удалить «%s»
"
"subprojects/extensions-tool/src/command-uninstall.c:86","Uninstall an extension","Удалить расширение"
"subprojects/extensions-tool/src/main.c:72","Do not print error messages","Не показывать сообщения об ошибках"
"subprojects/extensions-tool/src/main.c:244","Path","Путь"
"subprojects/extensions-tool/src/main.c:247","URL","URL"
"subprojects/extensions-tool/src/main.c:250","Original author","Первый автор"
"subprojects/extensions-tool/src/main.c:253","Version","Версия"
"subprojects/extensions-tool/src/main.c:256","State","Состояние"
"subprojects/extensions-tool/src/main.c:294","“version” takes no arguments","«version» не принимает аргументов"
"subprojects/extensions-tool/src/main.c:296 subprojects/extensions-tool/src/main.c:316","Usage:","Использование:"
"subprojects/extensions-tool/src/main.c:299","Print version information and exit.","Показать информацию о версии и выйти."
"subprojects/extensions-tool/src/main.c:314 subprojects/extensions-tool/src/main.c:317","COMMAND","КОМАНДА"
"subprojects/extensions-tool/src/main.c:317","[ARGS…]","[АРГУМЕНТЫ…]"
"subprojects/extensions-tool/src/main.c:319","Commands:","Команды:"
"subprojects/extensions-tool/src/main.c:320","Print help","Показать справку"
"subprojects/extensions-tool/src/main.c:322","Enable extension","Включить расширение"
"subprojects/extensions-tool/src/main.c:323","Disable extension","Выключить расширение"
"subprojects/extensions-tool/src/main.c:324","Reset extension","Сбросить расширение"
"subprojects/extensions-tool/src/main.c:325","Uninstall extension","Удалить расширение"
"subprojects/extensions-tool/src/main.c:326","List extensions","Показать расширения"
"subprojects/extensions-tool/src/main.c:327 subprojects/extensions-tool/src/main.c:328","Show extension info","Показать сведения о расширении"
"subprojects/extensions-tool/src/main.c:329","Open extension preferences","Открыть параметры расширения"
"subprojects/extensions-tool/src/main.c:330","Create extension","Создать расширение"
"subprojects/extensions-tool/src/main.c:331","Package extension","Создать пакет расширения"
"subprojects/extensions-tool/src/main.c:332","Install extension bundle","Установить пакет расширения"
"subprojects/extensions-tool/src/main.c:334","Use “%s” to get detailed help.
","Используйте «%s» для получения подробной справки.
"
"subprojects/extensions-tool/src/templates/00-plain.desktop.in:4","Plain","Пустое"
"subprojects/extensions-tool/src/templates/00-plain.desktop.in:5","An empty extension","Пустое расширение"
"subprojects/extensions-tool/src/templates/indicator.desktop.in:4","Indicator","Индикатор"
"subprojects/extensions-tool/src/templates/indicator.desktop.in:5","Add an icon to the top bar","Добавить значок на верхнюю панель"
"subprojects/gvc/gvc-mixer-control.c:1907","%u Output
msgid_plural: %u Outputs","msgstr[0]: %u выход
msgstr[1]: %u выхода
msgstr[2]: %u выходов"
"subprojects/gvc/gvc-mixer-control.c:1917","%u Input
msgid_plural: %u Inputs","msgstr[0]: %u вход
msgstr[1]: %u входа
msgstr[2]: %u входов"
"subprojects/gvc/gvc-mixer-control.c:2867","System Sounds","Системные звуки"
