"location","source","target"
"","po header","Project-Id-Version: gnome-music master
Report-Msgid-Bugs-To: https://gitlab.gnome.org/GNOME/gnome-music/issues
POT-Creation-Date: 2022-06-18 21:22+0000
PO-Revision-Date: 2022-06-14 14:17+0300
Last-Translator: Aleksandr Melman <Alexmelman88@gmail.com>
Language-Team: Русский <gnome-cyr@gnome.org>
Language: ru
MIME-Version: 1.0
Content-Type: text/plain; charset=UTF-8
Content-Transfer-Encoding: 8bit
Plural-Forms: nplurals=3; plural=(n%10==1 && n%100!=11 ? 0 : n%10>=2 && n%10<=4 && (n%100<10 || n%100>=20) ? 1 : 2);
X-Generator: Poedit 3.0.1
"
"data/org.gnome.Music.appdata.xml.in.in:6 data/org.gnome.Music.desktop.in.in:3 gnomemusic/application.py:61 gnomemusic/window.py:71","Music","Музыка"
"data/org.gnome.Music.appdata.xml.in.in:7 data/org.gnome.Music.desktop.in.in:5","Play and organize your music collection","Воспроизведение и управление музыкальной коллекцией"
"data/org.gnome.Music.appdata.xml.in.in:9","An easy and pleasant way to play your music.","Лёгкий и приятный способ послушать вашу музыку."
"data/org.gnome.Music.appdata.xml.in.in:12","Find tracks in your local collection, use automatically generated playlists or curate a fresh one.","Ищите треки в вашей коллекции, пользуйтесь автоматическими списками воспроизведения или соберите свой свежий."
"data/org.gnome.Music.appdata.xml.in.in:167","The GNOME Music developers","Авторское право © 2018 Разработчики приложения Музыка GNOME"
"data/org.gnome.Music.desktop.in.in:4","Music Player","Музыкальный проигрыватель"
"data/org.gnome.Music.desktop.in.in:13","Music;Player;","Музыкальный;Проигрыватель;"
"data/org.gnome.Music.gschema.xml:12","Window size","Размер окна"
"data/org.gnome.Music.gschema.xml:13","Window size (width and height).","Размер окна (ширина и высота)."
"data/org.gnome.Music.gschema.xml:17","Window maximized","Развёрнутое окно"
"data/org.gnome.Music.gschema.xml:18","Window maximized state.","Режим развёрнутого окна."
"data/org.gnome.Music.gschema.xml:22","Playback repeat mode","Режим повторного воспроизведения"
"data/org.gnome.Music.gschema.xml:24","Value identifies whether to repeat or randomize playback through the collection. Allowed values are: “none” (repeat and shuffle are off), “song” (repeat current song), “all” (repeat playlist, no shuffle), “shuffle” (shuffle playlist, presumes repeat all).","Значение управляет повтором или случайным воспроизведением коллекции. Допустимые значения: «none» (повтор и случайный порядок отключены), «song» (повторять текущую композицию), «all» (повторять список воспроизведения, случайный порядок отключён), «shuffle» (случайный порядок включён)."
"data/org.gnome.Music.gschema.xml:28","Enable ReplayGain","Включить ReplayGain"
"data/org.gnome.Music.gschema.xml:29","Enables or disables ReplayGain for albums","Включает или выключает функцию ReplayGain для альбомов"
"data/org.gnome.Music.gschema.xml:33","Inhibit system suspend","Запретить переход системы в режим ожидания"
"data/org.gnome.Music.gschema.xml:34","Enables or disables inhibiting system suspend while playing music","Включает или выключает запрет перехода системы в режим ожидания при воспроизведении музыки"
"data/org.gnome.Music.gschema.xml:38","Report music history to Last.fm","Отправлять историю прослушивания на Last.fm"
"data/org.gnome.Music.gschema.xml:39","Enables or disables sending scrobbles and the “currently playing” info to Last.fm.","Включает или отключает отправку скробблов и информации о «текущем воспроизведении» на Last.fm."
"data/ui/AboutDialog.ui.in:9","Copyright © 2018 GNOME Music Developers","Авторское право © 2018 Разработчики приложения Музыка GNOME"
"data/ui/AboutDialog.ui.in:10","A music player and management application for GNOME.","Воспроизведение и управление музыкальной коллекцией в GNOME."
"data/ui/AboutDialog.ui.in:12","Visit GNOME Music website","Посетить веб-сайт приложения"
"data/ui/AboutDialog.ui.in:13","GNOME Music is free software; you can redistribute it and/or modify it under the terms of the GNU General Public License as published by the Free Software Foundation; either version 2 of the License, or (at your option) any later version.

GNOME Music is distributed in the hope that it will be useful, but WITHOUT ANY WARRANTY; without even the implied warranty of MERCHANTABILITY or FITNESS FOR A PARTICULAR PURPOSE.  See the GNU General Public License for more details.

You should have received a copy of the GNU General Public License along with GNOME Music; if not, write to the Free Software Foundation, Inc., 51 Franklin Street, Fifth Floor, Boston, MA 02110-1301 USA.

The GNOME Music authors hereby grant permission for non-GPL compatible GStreamer plugins to be used and distributed together with GStreamer and GNOME Music.  This permission is above and beyond the permissions granted by the GPL license by which GNOME Music is covered.  If you modify this code, you may extend this exception to your version of the code, but you are not obligated to do so.  If you do not wish to do so, delete this exception statement from your version.","Приложение «Музыка GNOME» является свободным программным обеспечением, вы можете распространять и/или изменять его в соответствии с условиями GNU General Public License, опубликованной Free Software Foundation, либо GNU General Public License v2, либо (на ваш выбор) любой более поздней версии.

Приложение «Музыка GNOME» распространяется в надежде, что оно будет полезным, но БЕЗ КАКИХ-ЛИБО ГАРАНТИЙ, даже без подразумеваемых гарантий КОММЕРЧЕСКОЙ ЦЕННОСТИ или ПРИГОДНОСТИ ДЛЯ КОНКРЕТНЫХ ЦЕЛЕЙ. См. GNU General Public License для более подробной информации.

Вы должны были получить копию GNU General Public License вместе с приложением «Музыка GNOME»; а если нет, напишите в Free Software Foundation, Inc, 51 Franklin Street, пятый этаж, Boston, MA 02110-1301 США.

Авторы приложения «Музыка GNOME» предоставляют разрешение на использование не-GPL совместимых модулей GStreamer, которые будут поставлены с GStreamer и «Музыка GNOME». Это разрешение выше и вне разрешений, предоставленных лицензией GPL, которой защищено приложение «Музыка GNOME». При изменении этого кода, вы можете распространить данное исключение на вашу версию кода, но вы не обязаны это делать. Если вы не хотите распространить данное исключение на вашу версию кода, просто удалите данное заявление об исключении из вашей версии кода."
"data/ui/AlbumWidget.ui:84 data/ui/PlayerToolbar.ui:87 data/ui/PlaylistControls.ui:101 gnomemusic/widgets/playertoolbar.py:170","Play","Воспроизвести"
"data/ui/AlbumWidget.ui:130 data/ui/PlaylistControls.ui:5 data/ui/SongWidgetMenu.ui:11","_Play","_Воспроизвести"
"data/ui/AlbumWidget.ui:134","Add to _Favorite Songs","Добавить в _избранные песни"
"data/ui/AlbumWidget.ui:138 data/ui/SongWidgetMenu.ui:15","_Add to Playlist…","_Добавить в список воспроизведения…"
"data/ui/AppMenu.ui:23 data/ui/LastfmDialog.ui:8","Last.fm Account","Аккаунт Last.fm"
"data/ui/AppMenu.ui:36","Report Music Listening","Отправлять историю прослушивания"
"data/ui/AppMenu.ui:58","_Keyboard Shortcuts","_Комбинации клавиш"
"data/ui/AppMenu.ui:68","_Help","_Справка"
"data/ui/AppMenu.ui:78","_About Music","_О приложении"
"data/ui/EmptyView.ui:30 data/ui/InitialState.ui:13","Welcome to Music","Добро пожаловать в Музыку"
"data/ui/HeaderBar.ui:16","Menu","Меню"
"data/ui/HeaderBar.ui:24 data/ui/SearchHeaderBar.ui:15","Select","Выбрать"
"data/ui/HeaderBar.ui:30 data/ui/PlaylistDialog.ui:211 data/ui/SearchHeaderBar.ui:20","_Cancel","_Отмена"
"data/ui/HeaderBar.ui:42 data/ui/SearchHeaderBar.ui:32","Search","Поиск"
"data/ui/HeaderBar.ui:50","Back","Назад"
"data/ui/help-overlay.ui:11","General","Основное"
"data/ui/help-overlay.ui:14","Close window","Закрыть окно"
"data/ui/help-overlay.ui:20","Search","Поиск"
"data/ui/help-overlay.ui:26","Help","Справка"
"data/ui/help-overlay.ui:32","Shortcuts","Комбинации"
"data/ui/help-overlay.ui:40","Playback","Воспроизведение"
"data/ui/help-overlay.ui:43","Play/Pause","Приостановить/Продолжить"
"data/ui/help-overlay.ui:49","Next song","Следующая композиция"
"data/ui/help-overlay.ui:55","Previous song","Предыдущая композиция"
"data/ui/help-overlay.ui:61","Toggle repeat","Переключение режима повтора"
"data/ui/help-overlay.ui:67","Toggle shuffle","Переключение режима случайного порядка"
"data/ui/help-overlay.ui:75","Navigation","Навигация"
"data/ui/help-overlay.ui:78","Go to Albums","Перейти к разделу Альбомы"
"data/ui/help-overlay.ui:84","Go to Artists","Перейти к разделу Исполнители"
"data/ui/help-overlay.ui:90","Go to Songs","Перейти к разделу Композиции"
"data/ui/help-overlay.ui:96","Go to Playlists","Перейти к разделу Списки воспроизведения"
"data/ui/help-overlay.ui:102","Go back","Перейти назад"
"data/ui/InitialState.ui:25","The contents of your Music Folder will appear here","Содержимое папки Музыка появится здесь"
"data/ui/LastfmDialog.ui:21","Last.fm is a music discovery service that gives you personalised recommendations based on the music you listen to.","Last.fm — это сервис поиска музыки, который дает вам персональные рекомендации на основе музыки, которую вы слушаете."
"data/ui/LastfmDialog.ui:31 gnomemusic/widgets/lastfmdialog.py:57","Music Reporting Not Setup","Отправка музыки не настроена"
"data/ui/LastfmDialog.ui:44 gnomemusic/widgets/lastfmdialog.py:60","Login to your Last.fm account to report your music listening.","Войдите в свою учетную запись Last.fm, чтобы отправлять историю прослушивания музыки."
"data/ui/LastfmDialog.ui:55 gnomemusic/widgets/lastfmdialog.py:58","Login","Войти"
"data/ui/PlayerToolbar.ui:74","Previous","Предыдущая"
"data/ui/PlayerToolbar.ui:106","Next","Следующая"
"data/ui/PlaylistControls.ui:9","_Delete","_Удалить"
"data/ui/PlaylistControls.ui:13","_Rename…","_Переименовать…"
"data/ui/PlaylistControls.ui:28","Playlist Name","Имя списка воспроизведения"
"data/ui/PlaylistControls.ui:62","_Done","_Готово"
"data/ui/PlaylistDialog.ui:52","Enter a name for your first playlist","Введите имя вашего первого списка воспроизведения"
"data/ui/PlaylistDialog.ui:77","C_reate","_Создать"
"data/ui/PlaylistDialog.ui:146","New Playlist…","Создать список воспроизведения…"
"data/ui/PlaylistDialog.ui:161","Add","Добавить"
"data/ui/PlaylistDialog.ui:200","Add to Playlist","Добавить в список воспроизведения"
"data/ui/PlaylistDialog.ui:220","_Add","_Добавить"
"data/ui/SearchView.ui:33 gnomemusic/views/artistsview.py:51","Artists","Исполнители"
"data/ui/SearchView.ui:42 data/ui/SearchView.ui:84","View All","Посмотреть все"
"data/ui/SearchView.ui:75 gnomemusic/views/albumsview.py:56","Albums","Альбомы"
"data/ui/SearchView.ui:117 gnomemusic/views/songsview.py:52","Songs","Композиции"
"data/ui/SelectionBarMenuButton.ui:7","Select All","Выбрать все"
"data/ui/SelectionBarMenuButton.ui:11","Select None","Снять выделение"
"data/ui/SelectionBarMenuButton.ui:19 gnomemusic/widgets/headerbar.py:69","Click on items to select them","Нажмите, чтобы выбрать"
"data/ui/SelectionToolbar.ui:8","_Add to Playlist","_Добавить в список воспроизведения"
"data/ui/SongWidgetMenu.ui:19","_Remove from Playlist","_Удалить из списка воспроизведения"
"gnomemusic/grilowrappers/grltrackerplaylists.py:894","Most Played","Часто воспроизводимое"
"gnomemusic/grilowrappers/grltrackerplaylists.py:948","Never Played","Никогда не воспроизводилось"
"gnomemusic/grilowrappers/grltrackerplaylists.py:1001","Recently Played","Недавно воспроизводилось"
"gnomemusic/grilowrappers/grltrackerplaylists.py:1064","Recently Added","Недавно добавлено"
"gnomemusic/grilowrappers/grltrackerplaylists.py:1127","Favorite Songs","Избранные песни"
"gnomemusic/gstplayer.py:408","Unable to play the file","Не удалось воспроизвести файл"
"gnomemusic/gstplayer.py:414","_Find in {}","_Найти в {}"
"gnomemusic/gstplayer.py:424"," and "," и "
"gnomemusic/gstplayer.py:427",", ",", "
"gnomemusic/gstplayer.py:429","{} is required to play the file, but is not installed.
msgid_plural: {} are required to play the file, but are not installed.","msgstr[0]: Для воспроизведения файла требуется {}, но не установлен.
msgstr[1]: Для воспроизведения файла требуются {}, но не установлены.
msgstr[2]: Для воспроизведения файла требуются {}, но не установлены."
"gnomemusic/inhibitsuspend.py:63","Playing music","Воспроизведение музыки"
"gnomemusic/player.py:44","Shuffle","В случайном порядке"
"gnomemusic/player.py:45","Repeat Song","Повторять композицию"
"gnomemusic/player.py:46","Repeat All","Повторять все"
"gnomemusic/player.py:47","Shuffle/Repeat Off","Случайный порядок/Повтор выключены"
"gnomemusic/playlisttoast.py:55","Playlist {} removed","Список воспроизведения {} удалён"
"gnomemusic/playlisttoast.py:56 gnomemusic/songtoast.py:65","Undo","Отменить"
"gnomemusic/songtoast.py:64","{} removed from {}","{} удалено из {}"
"gnomemusic/utils.py:92","Unknown album","Неизвестный альбом"
"gnomemusic/utils.py:113","Unknown Artist","Неизвестный исполнитель"
"gnomemusic/views/emptyview.py:65","Your XDG Music directory is not set.","Переменная директории XDG Музыки не установлена."
"gnomemusic/views/emptyview.py:72","Music Folder","Папка Музыка"
"gnomemusic/views/emptyview.py:76","The contents of your {} will appear here.","Содержимое {} появится здесь."
"gnomemusic/views/emptyview.py:124","No Music Found","Музыка не найдена"
"gnomemusic/views/emptyview.py:125","Try a Different Search","Попробуйте изменить параметры поиска"
"gnomemusic/views/emptyview.py:129","GNOME Music could not connect to Tracker.","Музыке GNOME не удалось подключиться к Tracker."
"gnomemusic/views/emptyview.py:131","Your music files cannot be indexed without Tracker running.","Ваши музыкальные файлы не могут быть проиндексированы без запущенного Tracker."
"gnomemusic/views/emptyview.py:137","Your system Tracker version seems outdated.","Версия вашей системы Tracker кажется устаревшей."
"gnomemusic/views/emptyview.py:139","Music needs Tracker version 3.0.0 or higher.","Для Музыки необходим Tracker версии 3.0.0 или выше."
"gnomemusic/views/playlistsview.py:45","Playlists","Списки воспроизведения"
"gnomemusic/views/searchview.py:304","Artists Results","Результаты по исполнителям"
"gnomemusic/views/searchview.py:318","Albums Results","Результаты по альбомам"
"gnomemusic/widgets/albumwidget.py:245","{} minute
msgid_plural: {} minutes","msgstr[0]: {} минута
msgstr[1]: {} минуты
msgstr[2]: {} минут"
"gnomemusic/widgets/discbox.py:75","Disc {}","Диск {}"
"gnomemusic/widgets/headerbar.py:66","Selected {} song
msgid_plural: Selected {} songs","msgstr[0]: Выбранная песня {}
msgstr[1]: Выбранные песни {}
msgstr[2]: Выбранных песен {}"
"gnomemusic/widgets/lastfmdialog.py:64","Your music listening is reported to Last.fm.","История воспроизведения отправлена на Last.fm."
"gnomemusic/widgets/lastfmdialog.py:66","Your music listening is not reported to Last.fm.","История воспроизведения не отправлена на Last.fm."
"gnomemusic/widgets/lastfmdialog.py:70","Logged in as {}","Вы вошли как {}"
"gnomemusic/widgets/lastfmdialog.py:71","Configure","Настроить"
"gnomemusic/widgets/playertoolbar.py:167","Pause","Приостановить"
"gnomemusic/widgets/playlistcontrols.py:130","{} Song
msgid_plural: {} Songs","msgstr[0]: {} композиция
msgstr[1]: {} композиции
msgstr[2]: {} композиций"
