"location","source","target"
"","po header","Project-Id-Version: gnome-games trunk
Report-Msgid-Bugs-To: https://gitlab.gnome.org/GNOME/gnome-robots/issues
POT-Creation-Date: 2022-05-09 18:06+0000
PO-Revision-Date: 2021-06-27 19:48+0300
Last-Translator: Alexey Rubtsov <rushills@gmail.com>
Language-Team: Русский <gnome-cyr@gnome.org>
Language: ru
MIME-Version: 1.0
Content-Type: text/plain; charset=UTF-8
Content-Transfer-Encoding: 8bit
Plural-Forms: nplurals=3; plural=(n%10==1 && n%100!=11 ? 0 : n%10>=2 && n%10<=4 && (n%100<10 || n%100>=20) ? 1 : 2);
X-Generator: Poedit 3.0
"
"data/app-menu.ui:7 src/application.vala:104","_New Game","_Новая игра"
"data/app-menu.ui:11","_Scores","_Результаты"
"data/app-menu.ui:17","_Preferences","_Параметры"
"data/app-menu.ui:21","_Help","_Справка"
"data/app-menu.ui:25","_About Robots","О Роботах"
"data/org.gnome.Robots.appdata.xml.in:7","GNOME Robots","Роботы GNOME"
"data/org.gnome.Robots.appdata.xml.in:8 data/org.gnome.Robots.desktop.in:4","Avoid the robots and make them crash into each other","Убегайте от роботов, заставляя их сталкиваться друг с другом"
"data/org.gnome.Robots.appdata.xml.in:11","It is the distant future: the year 2000. Evil robots are trying to kill you. Avoid the robots or face certain death.","Это далекое будущее: 2000 год. Злые роботы пытаются убить вас. Избегайте роботов или столкнитесь с верной смертью."
"data/org.gnome.Robots.appdata.xml.in:15","Fortunately, the robots are extremely stupid and will always move directly towards you. Trick them into colliding into each other, resulting in their destruction, or into the junk piles that result. You can defend yourself by moving the junk piles, or escape to safety with your handy teleportation device.","К счастью роботы чертовски глупы и будут двигаться прямо на вас. Заставьте роботов столкнуться друг с другом или с мусорной кучей, чтобы уничтожить их. Вы можете защитить себя, перемещая мусорные кучи, или скрыться с помощью портативного устройства телепорта."
"data/org.gnome.Robots.appdata.xml.in:22","Your supply of safe teleports is limited, and once you run out, teleportation could land you right next to a robot, who will kill you. Survive for as long as possible!","Количество безопасных телепортов ограничено, после того, как они закончатся, телепорт может перенести вас прямо в лапы роботам, которые не замедлят вас убить. Вы должны продержаться как можно дольше!"
"data/org.gnome.Robots.appdata.xml.in:62","The GNOME Project","Проект GNOME"
"data/org.gnome.Robots.desktop.in:3 src/application.vala:40 src/application.vala:151 src/window.vala:42","Robots","Роботы"
"data/org.gnome.Robots.desktop.in:6","game;arcade;teleport;","игра;аркада;телепорт;"
"data/org.gnome.Robots.gschema.xml:5","Show toolbar","Показывать панель инструментов"
"data/org.gnome.Robots.gschema.xml:6","Show toolbar. A standard option for toolbars.","Показывать панель инструментов. Стандартная настройка для интерфейса."
"data/org.gnome.Robots.gschema.xml:10","Robot image theme","Тема игры Роботы"
"data/org.gnome.Robots.gschema.xml:11","Robot image theme. The theme of the images to use for the robots.","Тема игры Роботы. Это используемый набор изображений роботов в игре."
"data/org.gnome.Robots.gschema.xml:15","Background color","Цвет фона"
"data/org.gnome.Robots.gschema.xml:16","Background color. The hex specification of the background color.","Цвет фона. Это шестнадцатеричное число, определяющее цвет фона."
"data/org.gnome.Robots.gschema.xml:20","Game type","Тип игры"
"data/org.gnome.Robots.gschema.xml:21","Game type. The name of the game variation to use.","Тип игры. Название используемого варианта игры."
"data/org.gnome.Robots.gschema.xml:25","Use safe moves","Использовать безопасные ходы"
"data/org.gnome.Robots.gschema.xml:26","Use safe moves. The safe moves option will help you to avoid being killed due to a mistake. If you try to make a move that would lead to your death when there is a safe move available you will not be allowed to proceed.","Использовать безопасные ходы. Параметр использования безопасных ходов помогает вам спастись от безвременной кончины из-за ошибок в тактике. Если вы попробуете сделать неудачный ход, ведущий вас прямо в могилу, и при этом есть безопасный ход, то игра не даст вам ошибиться."
"data/org.gnome.Robots.gschema.xml:30","Use super safe moves","Использовать особо безопасные ходы"
"data/org.gnome.Robots.gschema.xml:31","Use super safe moves. The player is alerted when there is no safe move and the only option is to teleport out.","Использовать особо безопасные ходы. Игрок предупреждается, если больше нет безопасных ходов и срочно необходима телепортация."
"data/org.gnome.Robots.gschema.xml:35","Enable game sounds","Включить звуки игры"
"data/org.gnome.Robots.gschema.xml:36","Enable game sounds. Play sounds for various events throughout the game.","Включить звуки игры. Воспроизводит звуки при разных событиях в игре."
"data/org.gnome.Robots.gschema.xml:40 src/controls.vala:91","Key to move NW","Клавиша для перемещения влево и вверх"
"data/org.gnome.Robots.gschema.xml:41","The key used to move north-west.","Клавиша для перемещения влево и вверх по диагонали."
"data/org.gnome.Robots.gschema.xml:45 src/controls.vala:92","Key to move N","Клавиша для перемещения вверх"
"data/org.gnome.Robots.gschema.xml:46","The key used to move north.","Клавиша для перемещения вверх."
"data/org.gnome.Robots.gschema.xml:50 src/controls.vala:93","Key to move NE","Клавиша для перемещения вправо и вверх"
"data/org.gnome.Robots.gschema.xml:51","The key used to move north-east.","Клавиша для перемещения вправо и вверх по диагонали."
"data/org.gnome.Robots.gschema.xml:56 src/controls.vala:94","Key to move W","Клавиша для перемещения влево"
"data/org.gnome.Robots.gschema.xml:57","The key used to move west.","Клавиша для перемещения влево."
"data/org.gnome.Robots.gschema.xml:61 src/controls.vala:95","Key to hold","Клавиша, чтобы остаться на месте"
"data/org.gnome.Robots.gschema.xml:62","The key used to hold still.","Клавиша для того, чтобы остаться на месте."
"data/org.gnome.Robots.gschema.xml:66 src/controls.vala:96","Key to move E","Клавиша для перемещения вправо"
"data/org.gnome.Robots.gschema.xml:67","The key used to move east.","Клавиша для перемещения вправо."
"data/org.gnome.Robots.gschema.xml:71 src/controls.vala:97","Key to move SW","Клавиша для перемещения влево и вниз"
"data/org.gnome.Robots.gschema.xml:72","The key used to move south-west.","Клавиша для перемещения влево и вниз по диагонали."
"data/org.gnome.Robots.gschema.xml:76 src/controls.vala:98","Key to move S","Клавиша для перемещения вниз"
"data/org.gnome.Robots.gschema.xml:77","The key used to move south.","Клавиша для перемещения вниз."
"data/org.gnome.Robots.gschema.xml:81 src/controls.vala:99","Key to move SE","Клавиша для перемещения вправо и вниз"
"data/org.gnome.Robots.gschema.xml:82","The key used to move south-east.","Клавиша для перемещения вправо и вниз по диагонали."
"data/org.gnome.Robots.gschema.xml:86","Width of the window in pixels","Ширина окна в пикселах"
"data/org.gnome.Robots.gschema.xml:90","Height of the window in pixels","Высота окна в пикселах"
"data/org.gnome.Robots.gschema.xml:94","true if the window is maximized","истинно, если окно имеет максимальный размер"
"src/application.vala:63","The program Robots was unable to find any valid game configuration files. Please check that the program is installed correctly.","Программа Роботы не смогла найти ни одного файла настроек. Проверьте корректность установки игры."
"src/application.vala:101","Are you sure you want to discard the current game?","Уверены, что хотите отменить текущую игру?"
"src/application.vala:103","Keep _Playing","Вернуться к _игре"
"src/application.vala:157","Based on classic BSD Robots","Основано на классических роботах из BSD"
"src/application.vala:161","translator-credits","Станислав Соловей <whats_up@tut.by>, 2013-2019.
Юрий Мясоедов <ymyasoedov@yandex.ru>, 2014.
Alexey Rubtsov <rushills@gmail.com>, 2021"
"src/game-area.vala:375","Congratulations, You Have Defeated the Robots!! 
But Can You do it Again?","Примите поздравления. Вы победили роботов!!
Но удастся ли вам это ещё раз?"
"src/game-area.vala:379","There are no teleport locations left!!","Нет больше мест для телепортации!!"
"src/properties-dialog.vala:68","Preferences","Параметры"
"src/properties-dialog.vala:84","Game Type","Тип игры"
"src/properties-dialog.vala:95","_Use safe moves","Использовать _безопасные ходы"
"src/properties-dialog.vala:97","Prevent accidental moves that result in getting killed.","Предотвращать случайные ходы, которые закончатся смертью."
"src/properties-dialog.vala:100","U_se super safe moves","Использовать _особо безопасные ходы"
"src/properties-dialog.vala:102","Prevents all moves that result in getting killed.","Предотвращать все ходы, которые закончатся смертью."
"src/properties-dialog.vala:114","_Enable sounds","Включить _звуки"
"src/properties-dialog.vala:119","Play sounds for events like winning a level and dying.","Проигрывать звук для событий победы и смерти."
"src/properties-dialog.vala:122","Game","Игра"
"src/properties-dialog.vala:128","_Image theme:","_Тема роботов:"
"src/properties-dialog.vala:138","_Background color:","_Цвет фона:"
"src/properties-dialog.vala:148","Appearance","Внешний вид"
"src/properties-dialog.vala:162","_Restore Defaults","_Восстановить параметры по умолчанию"
"src/properties-dialog.vala:166","Keyboard","Клавиатура"
"src/scores.vala:29","Game Type:","Тип игры:"
"src/scores.vala:54","Classic robots","Классические роботы"
"src/scores.vala:56","Classic robots with safe moves","Классические роботы с безопасными ходами"
"src/scores.vala:58","Classic robots with super-safe moves","Классические роботы с особо безопасными ходами"
"src/scores.vala:60","Nightmare","Кошмар"
"src/scores.vala:62","Nightmare with safe moves","Кошмар с безопасными ходами"
"src/scores.vala:64","Nightmare with super-safe moves","Кошмар с особо безопасными ходами"
"src/scores.vala:66","Robots2","Роботы2"
"src/scores.vala:68","Robots2 with safe moves","Роботы2 с безопасными ходами"
"src/scores.vala:70","Robots2 with super-safe moves","Роботы2 с особо безопасными ходами"
"src/scores.vala:72","Robots2 easy","Простые Роботы 2"
"src/scores.vala:74","Robots2 easy with safe moves","Роботы2 с безопасными ходами"
"src/scores.vala:76","Robots2 easy with super-safe moves","Роботы2 с особо безопасными ходами"
"src/scores.vala:78","Robots with safe teleport","Роботы с безопасными телепортациями"
"src/scores.vala:80","Robots with safe teleport with safe moves","Роботы с безопасными телепортациями и безопасными ходами"
"src/scores.vala:82","Robots with safe teleport with super-safe moves","Роботы с безопасными телепортациями и особо безопасными ходами"
"src/window.vala:113","Teleport _Randomly","_Случайная телепортация"
"src/window.vala:138","_Wait for Robots","_Подождать роботов"
"src/window.vala:154","Level: %d	Score: %d","Уровень: %d	Счёт: %d"
"src/window.vala:157","(Remaining: %d)","(Осталось: %d)"
"src/window.vala:159","Teleport _Safely","_Безопасная телепортация"
