"location","source","target"
"","po header","Project-Id-Version: ru
Report-Msgid-Bugs-To: https://gitlab.gnome.org/GNOME/gnome-session/issues
POT-Creation-Date: 2022-06-25 12:45+0000
PO-Revision-Date: 2021-10-16 00:48+0300
Last-Translator: Melman <Alexmelman88@gmail.com>
Language-Team: Russian <gnome-cyr@gnome.org>
Language: ru
MIME-Version: 1.0
Content-Type: text/plain; charset=UTF-8
Content-Transfer-Encoding: 8bit
Plural-Forms: nplurals=3; plural=(n%10==1 && n%100!=11 ? 0 : n%10>=2 && n%10<=4 && (n%100<10 || n%100>=20) ? 1 : 2)
X-Generator: Gtranslator 40.0
X-DL-Team: ru
X-DL-Module: gnome-session
X-DL-Branch: main
X-DL-Domain: po
X-DL-State: None
"
"data/gnome-custom-session.desktop.in.in:3","Custom","Другой сеанс"
"data/gnome-custom-session.desktop.in.in:4","This entry lets you select a saved session","Эта запись позволяет вам выбрать сохранённый сеанс"
"data/gnome.desktop.in.in:3 data/gnome.session.desktop.in.in:3","GNOME","GNOME"
"data/gnome.desktop.in.in:4 data/gnome-wayland.desktop.in.in:4 data/gnome-xorg.desktop.in.in:4","This session logs you into GNOME","Этот сеанс позволяет вам войти в GNOME"
"data/gnome-dummy.session.desktop.in.in:3","GNOME dummy","Фиктивный сеанс GNOME"
"data/gnome-wayland.desktop.in.in:3","GNOME on Wayland","GNOME на Wayland"
"data/gnome-xorg.desktop.in.in:3","GNOME on Xorg","GNOME на Xorg"
"data/org.gnome.SessionManager.gschema.xml.in:5","Save sessions","Сохранить сеанс"
"data/org.gnome.SessionManager.gschema.xml.in:6","If enabled, gnome-session will save the session automatically.","Если включено, gnome-session автоматически сохранит сеанс."
"data/org.gnome.SessionManager.gschema.xml.in:10","Save this session","Сохранить этот сеанс"
"data/org.gnome.SessionManager.gschema.xml.in:11","When enabled, gnome-session will automatically save the next session at log out even if auto saving is disabled.","Когда включено, gnome-session автоматически сохранит следующий сеанс при выходе из системы, даже если автоматическое сохранение отключено."
"data/org.gnome.SessionManager.gschema.xml.in:15","Logout prompt","Предупреждать перед завершением сеанса"
"data/org.gnome.SessionManager.gschema.xml.in:16","If enabled, gnome-session will prompt the user before ending a session.","Если включено, gnome-session будет предупреждать пользователя перед завершением сеанса."
"data/org.gnome.SessionManager.gschema.xml.in:20","Show the fallback warning","Показать аварийное предупреждение"
"data/org.gnome.SessionManager.gschema.xml.in:21","If enabled, gnome-session will display a warning dialog after login if the session was automatically fallen back.","Если включено, gnome-session отобразит диалоговое окно с предупреждением после входа в систему, если сеанс был автоматически аварийно завершён."
"data/session-selector.ui:15","Custom Session","Другой сеанс"
"data/session-selector.ui:50 tools/gnome-session-selector.c:102","Please select a custom session to run","Выберите сеанс для запуска"
"data/session-selector.ui:105","_New Session","_Создать сеанс"
"data/session-selector.ui:119","_Remove Session","_Удалить сеанс"
"data/session-selector.ui:133","Rena_me Session","П_ереименовать сеанс"
"data/session-selector.ui:168","_Continue","_Продолжить"
"gnome-session/gsm-fail-whale-dialog.c:318","Oh no!  Something has gone wrong.","О, нет! Что-то пошло не так."
"gnome-session/gsm-fail-whale-dialog.c:325","A problem has occurred and the system can’t recover. Please contact a system administrator","Произошла ошибка, и системе не удалось восстановиться. Обратитесь к системному администратору"
"gnome-session/gsm-fail-whale-dialog.c:327","A problem has occurred and the system can’t recover. All extensions have been disabled as a precaution.","Произошла ошибка, и системе не удалось восстановиться. Все расширения были отключены в целях безопасности."
"gnome-session/gsm-fail-whale-dialog.c:329","A problem has occurred and the system can’t recover.
Please log out and try again.","Произошла ошибка, и системе не удалось восстановиться.
Нужно завершить сеанс и войти снова."
"gnome-session/gsm-fail-whale-dialog.c:344","_Log Out","_Завершить сеанс"
"gnome-session/gsm-fail-whale-dialog.c:412 gnome-session/main.c:408","Enable debugging code","Включить отладочный код"
"gnome-session/gsm-fail-whale-dialog.c:413","Allow logout","Разрешить завершение сеанса"
"gnome-session/gsm-fail-whale-dialog.c:414","Show extension warning","Показывать предупреждения от расширений"
"gnome-session/gsm-manager.c:1317 gnome-session/gsm-manager.c:2058","Not responding","Не отвечает"
"gnome-session/gsm-util.c:431","_Log out","_Завершить сеанс"
"gnome-session/gsm-xsmp-client.c:557","Remembered Application","Запомненное приложение"
"gnome-session/gsm-xsmp-client.c:1216","This program is blocking logout.","Эта программа блокирует завершение сеанса."
"gnome-session/gsm-xsmp-server.c:340","Refusing new client connection because the session is currently being shut down
","Новые клиентские подключения отклоняются, т. к. сеанс завершается
"
"gnome-session/gsm-xsmp-server.c:607","Could not create ICE listening socket: %s","Не удалось создать сокет, слушающий ICE: %s"
"gnome-session/main.c:402","Running as systemd service","Запущен в качестве службы systemd"
"gnome-session/main.c:403","Use systemd session management","Использовать менеджер сеансов systemd"
"gnome-session/main.c:405","Use builtin session management (rather than the systemd based one)","Используйте встроенное управление сессиями (вместо основанного на systemd)"
"gnome-session/main.c:406","Override standard autostart directories","Заместить стандартные каталоги автозапуска"
"gnome-session/main.c:406","AUTOSTART_DIR","КАТАЛОГ_АВТОЗАПУСКА"
"gnome-session/main.c:407","Session to use","Использовать сеанс"
"gnome-session/main.c:407","SESSION_NAME","НАЗВАНИЕ_СЕАНСА"
"gnome-session/main.c:409","Do not load user-specified applications","Не загружать указанные пользователем приложения"
"gnome-session/main.c:410","Version of this application","Версия этого приложения"
"gnome-session/main.c:412","Show the fail whale dialog for testing","Показать для отладки диалог с сообщением об ошибке"
"gnome-session/main.c:413","Disable hardware acceleration check","Отключить проверку наличия аппаратного ускорения"
"gnome-session/main.c:445"," — the GNOME session manager"," — менеджер сеансов GNOME"
"tools/gnome-session-ctl.c:245","Start gnome-session-shutdown.target","Запустить gnome-session-shutdown.target"
"tools/gnome-session-ctl.c:246","Start gnome-session-shutdown.target when receiving EOF or a single byte on stdin","Запустить gnome-session-shutdown.target при получении EOF или одного байта на stdin"
"tools/gnome-session-ctl.c:247","Signal initialization done to gnome-session","Инициализация сигнала выполнена для gnome-session"
"tools/gnome-session-ctl.c:248","Restart dbus.service if it is running","Перезапустить dbus.service, если он работает"
"tools/gnome-session-ctl.c:249","Run from ExecStopPost to start gnome-session-failed.target on service failure","Запуск из ExecStopPost для запуска gnome-session-failed.target при сбое службы"
"tools/gnome-session-ctl.c:279","Program needs exactly one parameter","Программе нужен только один параметр"
"tools/gnome-session-inhibit.c:108","%s [OPTION…] COMMAND

Execute COMMAND while inhibiting some session functionality.

  -h, --help        Show this help
  --version         Show program version
  --app-id ID       The application id to use
                    when inhibiting (optional)
  --reason REASON   The reason for inhibiting (optional)
  --inhibit ARG     Things to inhibit, colon-separated list of:
                    logout, switch-user, suspend, idle, automount
  --inhibit-only    Do not launch COMMAND and wait forever instead
  -l, --list        List the existing inhibitions, and exit

If no --inhibit option is specified, idle is assumed.
","%s [ОПЦИЯ...] КОМАНДА

Выполнение команды COMMAND с блокировкой некоторых функций сеанса.

  -h, --help Показать справку
  --version Показать версию программы
  --app-id ID Идентификатор приложения для использования
                    при блокировке (необязательно)
  --reason REASON Причина запрета (необязательно)
  --inhibit ARG То, что нужно запретить, список, разделенный двоеточием:
                    logout, switch-user, suspend, idle, automount
  --inhibit-only Не запускать COMMAND и вместо этого ждать вечно
  -l, --list Список существующих запретов и выход из него

Если опция --inhibit не указана, предполагается режим ожидания.
"
"tools/gnome-session-inhibit.c:288","Failed to execute %s
","Не удалось запустить %s
"
"tools/gnome-session-inhibit.c:352 tools/gnome-session-inhibit.c:362 tools/gnome-session-inhibit.c:372","%s requires an argument
","%s требуется аргумент
"
"tools/gnome-session-quit.c:50","Log out","Завершить сеанс"
"tools/gnome-session-quit.c:51","Power off","Выключить"
"tools/gnome-session-quit.c:52","Reboot","Перезагрузить"
"tools/gnome-session-quit.c:53","Ignoring any existing inhibitors","Игнорирование любых существующих препятствий"
"tools/gnome-session-quit.c:54","Don’t prompt for user confirmation","Не требовать подтверждения от пользователя"
"tools/gnome-session-quit.c:88 tools/gnome-session-quit.c:102","Could not connect to the session manager","Не удалось соединиться с менеджером сеансов"
"tools/gnome-session-quit.c:198","Program called with conflicting options","Программа вызвана с конфликтующими параметрами"
"tools/gnome-session-selector.c:61","Session %d","Сеанс %d"
"tools/gnome-session-selector.c:107","Session names are not allowed to start with “.” or contain “/” characters","Имена сеансов не могут начинаться с символа «.» или содержать символы «/»"
"tools/gnome-session-selector.c:111","Session names are not allowed to start with “.”","Имена сеансов не могут начинаться с символа «.»"
"tools/gnome-session-selector.c:115","Session names are not allowed to contain “/” characters","Имена сеансов не могут содержать символы «/»"
"tools/gnome-session-selector.c:123","A session named “%s” already exists","Сеанс с именем «%s» уже существует"
