"location","source","target"
"","po header","Project-Id-Version: gnome-photos master
Report-Msgid-Bugs-To: https://gitlab.gnome.org/GNOME/gnome-photos/issues
POT-Creation-Date: 2022-05-25 09:33+0000
PO-Revision-Date: 2021-07-02 18:15+0300
Last-Translator: Alexey Rubtsov <rushills@gmail.com>
Language-Team: Русский <gnome-cyr@gnome.org>
Language: ru
MIME-Version: 1.0
Content-Type: text/plain; charset=UTF-8
Content-Transfer-Encoding: 8bit
Plural-Forms: nplurals=3; plural=(n%10==1 && n%100!=11 ? 0 : n%10>=2 && n%10<=4 && (n%100<10 || n%100>=20) ? 1 : 2);
X-Generator: Poedit 3.0
"
"data/org.gnome.Photos.appdata.xml.in:7 data/org.gnome.Photos.desktop.in.in:3 src/photos-application.c:3030 src/photos-embed.c:822 src/photos-main-window.c:437 src/photos-search-type-manager.c:101","Photos","Фотографии"
"data/org.gnome.Photos.appdata.xml.in:8 src/photos-main-window.c:457","Access, organize and share your photos on GNOME","Доступ, управление и обмен фотографиями в GNOME"
"data/org.gnome.Photos.appdata.xml.in:10","Access, organize and share your photos on GNOME. A simple and elegant replacement for using a file manager to deal with photos. Enhance, crop and edit in a snap. Seamless cloud integration is offered through GNOME Online Accounts.","Доступ, управление и предоставление доступа к вашим фотографиям в GNOME. Простая и элегантная замена для работы с фотографиями по сравнению с обычным файловым менеджером. Улучшение, подрезка и редактирование в одно нажатие. Бесшовная интеграция с облачными службами осуществляется через сетевые учётные записи GNOME."
"data/org.gnome.Photos.appdata.xml.in:16","You can:","Вы можете:"
"data/org.gnome.Photos.appdata.xml.in:18","Automatically find all your pictures","Автоматически находить все ваши фотографии"
"data/org.gnome.Photos.appdata.xml.in:19","View recent local and online photos","Просматривать последние локальные фотографии и фотографии в Интернете"
"data/org.gnome.Photos.appdata.xml.in:20","Access your Facebook or Flickr pictures","Получать доступ к вашим изображениям Facebook или Flickr"
"data/org.gnome.Photos.appdata.xml.in:21","View photos on TVs, laptops or other DLNA renderers on your local network","Просматривать фотографии на телевизорах, ноутбуках или других обработчиках DLNA в локальной сети"
"data/org.gnome.Photos.appdata.xml.in:23","Set pictures as your desktop background","Устанавливать фотографии в качестве фона"
"data/org.gnome.Photos.appdata.xml.in:24","Print photos","Печатать фотографии"
"data/org.gnome.Photos.appdata.xml.in:25","Select favorites","Добавлять фотографии в избранные"
"data/org.gnome.Photos.appdata.xml.in:26","Easily edit your pictures in the app, or send to a full featured editor for more advanced changes","Легко редактировать свои изображения в приложении или открывать их в полнофункциональных редакторах для расширенного изменения"
"data/org.gnome.Photos.appdata.xml.in:108","The GNOME Project","Проект GNOME"
"data/org.gnome.Photos.desktop.in.in:4","Access, organize and share photos","Доступ, управление и обмен фотографиями"
"data/org.gnome.Photos.desktop.in.in:15","Photos;Pictures;","фотографии;картинки;изображения;"
"data/org.gnome.photos.gschema.xml:5","Window size","Размер окна"
"data/org.gnome.photos.gschema.xml:6","Window size (width and height).","Размер окна (ширина и высота)."
"data/org.gnome.photos.gschema.xml:10","Window position","Положение окна"
"data/org.gnome.photos.gschema.xml:11","Window position (x and y).","Положение окна (x, y)."
"data/org.gnome.photos.gschema.xml:15","Window maximized","Окно развёрнуто"
"data/org.gnome.photos.gschema.xml:16","Window maximized state","Окно максимального размера"
"src/photos-application.c:168","Show the empty state","Показать пустое состояние"
"src/photos-application.c:169","Show the application's version","Показать версию приложения"
"src/photos-application.c:1310 src/photos-export-dialog.c:195 src/photos-import-dialog.c:134","%-d %B %Y","%-d %B %Y"
"src/photos-base-item.c:1034","Album","Альбом"
"src/photos-base-item.c:2862","Screenshots","Снимки рабочего стола"
"src/photos-delete-notification.c:156","“%s” deleted","Удалён объект «%s»"
"src/photos-delete-notification.c:159","%d item deleted
msgid_plural: %d items deleted","msgstr[0]: Удалён %d элемент
msgstr[1]: Удалено %d элемента
msgstr[2]: Удалено %d элементов"
"src/photos-delete-notification.c:166 src/photos-done-notification.c:119","Undo","Отменить"
"src/photos-dlna-renderers-dialog.ui:7","DLNA Renderer Devices","Устройства отрисовки DLNA"
"src/photos-done-notification.c:112","“%s” edited","Изменён объект «%s»"
"src/photos-embed.c:827","Collection View","Режим просмотра коллекций"
"src/photos-embed.c:830 src/photos-search-type-manager.c:83","Albums","Альбомы"
"src/photos-embed.c:835 src/photos-search-type-manager.c:92","Favorites","Избранное"
"src/photos-embed.c:840","Import","Импортировать"
"src/photos-embed.c:843 src/photos-main-toolbar.c:336","Search","Поиск"
"src/photos-empty-results-box.c:116","No Albums Found","Альбомы не найдены"
"src/photos-empty-results-box.c:120","Starred Photos Will Appear Here","Избранные фото будут отображаться здесь"
"src/photos-empty-results-box.c:130","No Photos Found","Фотографии не найдены"
"src/photos-empty-results-box.c:155","You can create albums from the Photos view","Вы можете создавать альбомы в режиме просмотра фотографий"
"src/photos-empty-results-box.c:176","Online Accounts","Сетевые учётные записи"
"src/photos-empty-results-box.c:183","Pictures folder","Папка с изображениями"
"src/photos-empty-results-box.c:190","Photos from your %s and %s will appear here.","Фото из %s и %s будут появляться здесь."
"src/photos-empty-results-box.c:200","Try a different search.","Попробуйте поискать по-другому."
"src/photos-export-dialog.ui:22","Export","_Экспортировать"
"src/photos-export-dialog.ui:38","_Folder Name","_Имя папки"
"src/photos-export-dialog.ui:66 src/photos-print-setup.c:908","Size","Размер"
"src/photos-export-dialog.ui:83","F_ull","_Полное"
"src/photos-export-dialog.ui:113","_Reduced","_Уменьшенное"
"src/photos-export-dialog.ui:160 src/photos-import-dialog.ui:185 src/photos-main-toolbar.c:488 src/photos-main-toolbar.c:524 src/photos-main-toolbar.c:635","_Cancel","_Отменить"
"src/photos-export-dialog.ui:167","_Export","_Экспортировать"
"src/photos-export-dialog.c:66","%d×%d (%s)","%d×%d (%s)"
"src/photos-export-dialog.c:252","Calculating export size…","Подсчёт размера экспорта…"
"src/photos-export-notification.c:317","Failed to export: not enough space","Не удалось экспортировать: недостаточно места"
"src/photos-export-notification.c:319","Failed to export","Не удалось экспортировать"
"src/photos-export-notification.c:326","“%s” exported","«%s» экспортирован"
"src/photos-export-notification.c:330","%d item exported
msgid_plural: %d items exported","msgstr[0]: %d объект экспортирован
msgstr[1]: %d объекта экспортировано
msgstr[2]: %d объектов экспортировано"
"src/photos-export-notification.c:347","Analyze","Анализировать"
"src/photos-export-notification.c:352","Empty Trash","Очистить корзину"
"src/photos-export-notification.c:369 src/photos-preview-menu.ui:6 src/photos-selection-toolbar.c:248 src/photos-selection-toolbar.ui:28","Open","Открыть"
"src/photos-export-notification.c:379","Export Folder","Папка экспорта"
"src/photos-facebook-item.c:100 src/photos-flickr-item.c:102 src/photos-google-item.c:98","%s — %s","%s — %s"
"src/photos-help-overlay.ui:32","General","Основное"
"src/photos-help-overlay.ui:36","Show help","Показать справку"
"src/photos-help-overlay.ui:43","Keyboard shortcuts","Комбинации клавиш"
"src/photos-help-overlay.ui:50","Quit","Завершить"
"src/photos-help-overlay.ui:59","Navigation","Навигация"
"src/photos-help-overlay.ui:63","Next photo","Следующая фотография"
"src/photos-help-overlay.ui:70","Previous photo","Предыдущая фотография"
"src/photos-help-overlay.ui:77 src/photos-help-overlay.ui:85","Go back","Назад"
"src/photos-help-overlay.ui:95","Overview","Обзор"
"src/photos-help-overlay.ui:99","Search","Поиск"
"src/photos-help-overlay.ui:106","Select all","Выбрать все"
"src/photos-help-overlay.ui:113","Export selected photo","Экспортировать выбранные фотографии"
"src/photos-help-overlay.ui:120","Print selected photo","Напечатать выбранные фотографии"
"src/photos-help-overlay.ui:127","Delete selected photos","Удалить выбранные фотографии"
"src/photos-help-overlay.ui:136","Photo view","Режим просмотра фотографий"
"src/photos-help-overlay.ui:140","Edit","Правка"
"src/photos-help-overlay.ui:147","Export","Экспорт"
"src/photos-help-overlay.ui:154","Print","Печать"
"src/photos-help-overlay.ui:161","Zoom in","Увеличить"
"src/photos-help-overlay.ui:168","Zoom out","Уменьшить"
"src/photos-help-overlay.ui:175","Best fit","Наилучшая подгонка"
"src/photos-help-overlay.ui:182","Delete","Удалить"
"src/photos-help-overlay.ui:189","Action menu","Меню действий"
"src/photos-help-overlay.ui:196","Fullscreen","Полноэкранный режим"
"src/photos-help-overlay.ui:205","Edit view","Режим редактирования"
"src/photos-help-overlay.ui:209","Cancel","Отменить"
"src/photos-import-dialog.c:194","An album with that name already exists","Альбом с таким именем уже существует"
"src/photos-import-dialog.c:211","An album for that date already exists","Альбом на эту дату уже существует"
"src/photos-import-dialog.ui:22","Name Album","Назвать альбом"
"src/photos-import-dialog.ui:54","Create _New","_Создать новый"
"src/photos-import-dialog.ui:118","Add to _Existing","Д_обавить к существующему"
"src/photos-import-dialog.ui:192 src/photos-organize-collection-dialog.c:69","_Add","_Добавить"
"src/photos-indexing-notification.c:163","Fetching photos from %s","Получение фотоснимков из %s"
"src/photos-indexing-notification.c:166","Fetching photos from online accounts","Получение фотоснимков из сетевых учётных записей"
"src/photos-indexing-notification.c:193","Your photos are being indexed","Фотографии индексируются"
"src/photos-indexing-notification.c:194","Some photos might not be available during this process","Во время этого процесса некоторые фотографии могут быть недоступны"
"src/photos-item-manager.c:845","Oops! Unable to load “%s”","Не удалось загрузить «%s»"
"src/photos-local-item.c:241 src/photos-source-manager.c:399","Local","Локальные"
"src/photos-main-toolbar.c:80","Click on items to select them","Чтобы выбрать элемент, нажмите на него"
"src/photos-main-toolbar.c:82","%d selected
msgid_plural: %d selected","msgstr[0]: Выбран %d
msgstr[1]: Выбрано %d
msgstr[2]: Выбрано %d"
"src/photos-main-toolbar.c:170","Select items for import","Выберите элементы для импорта"
"src/photos-main-toolbar.c:174","Select items for import (%u selected)
msgid_plural: Select items for import (%u selected)","msgstr[0]: Выберите элементы для импорта (%u выбран)
msgstr[1]: Выберите элементы для импорта (%u выбрано)
msgstr[2]: Выберите элементы для импорта (%u выбрано)"
"src/photos-main-toolbar.c:217","Back","Назад"
"src/photos-main-toolbar.c:351","Select Items","Выбор элементов"
"src/photos-main-toolbar.c:411 src/photos-selection-toolbar.c:245 src/photos-share-notification.c:165","Open with %s","Открыть в приложении «%s»"
"src/photos-main-toolbar.c:442 src/photos-selection-toolbar.c:254","Remove from favorites","Удалить из избранного"
"src/photos-main-toolbar.c:447 src/photos-selection-toolbar.c:259","Add to favorites","Добавить в избранное"
"src/photos-main-toolbar.c:492","Done","Готово"
"src/photos-main-toolbar.c:528","_Select","_Выбрать"
"src/photos-main-window.c:458","Copyright © 2012 – 2021 Red Hat, Inc.
Copyright © 2015 – 2018 Umang Jain","Авторское право © 2012 – 2021 Red Hat, Inc.
Авторское право © 2015 – 2018 Umang Jain"
"src/photos-main-window.c:466","translator-credits","Yuri Myasoedov <ymyasoedov@yandex.ru>, 2014.
Stas Solovey <whats_up@tut.by>, 2015-2019.
Alxey Rubtsov <rushills@gmail.com>, 2021"
"src/photos-organize-collection-dialog.c:70","_OK","_ОК"
"src/photos-organize-collection-dialog.c:121","Organize","Упорядочить"
"src/photos-preview-menu.ui:10","Export…","Экспортировать…"
"src/photos-preview-menu.ui:14","Print…","Печать…"
"src/photos-preview-menu.ui:19","Delete","Удалить"
"src/photos-preview-menu.ui:23","Display on…","Показать на…"
"src/photos-preview-menu.ui:27","Set as Background","Установить как фон рабочего стола"
"src/photos-preview-menu.ui:31","Set as Lock Screen","Установить как фон экрана блокировки"
"src/photos-preview-menu.ui:37 src/photos-properties-dialog.c:883 src/photos-selection-toolbar.ui:101","Properties","Свойства"
"src/photos-preview-menu.ui:41","Fullscreen","Полноэкранный режим"
"src/photos-primary-menu.ui:6","Keyboard Shortcuts","Комбинации клавиш"
"src/photos-primary-menu.ui:10","_Help","_Справка"
"src/photos-primary-menu.ui:14","About Photos","О приложении"
"src/photos-print-notification.c:71","Printing “%s”: %s","Печать «%s»: %s"
"src/photos-print-operation.c:241","Image Settings","Параметры изображения"
"src/photos-print-setup.c:880","Position","Положение"
"src/photos-print-setup.c:883","_Left:","С_лева:"
"src/photos-print-setup.c:884","_Right:","С_права:"
"src/photos-print-setup.c:885","_Top:","С_верху:"
"src/photos-print-setup.c:886","_Bottom:","С_низу:"
"src/photos-print-setup.c:888","C_enter:","_Центр:"
"src/photos-print-setup.c:892","None","Нет"
"src/photos-print-setup.c:893","Horizontal","По горизонтали"
"src/photos-print-setup.c:894","Vertical","По вертикали"
"src/photos-print-setup.c:895","Both","Оба направления"
"src/photos-print-setup.c:911","_Width:","_Ширина:"
"src/photos-print-setup.c:912","_Height:","_Высота:"
"src/photos-print-setup.c:914","_Scaling:","_Масштаб:"
"src/photos-print-setup.c:923","_Unit:","_Единица:"
"src/photos-print-setup.c:927","Millimeters","Миллиметры"
"src/photos-print-setup.c:928","Inches","Дюймы"
"src/photos-print-setup.c:956","Preview","Предварительный просмотр"
"src/photos-properties-dialog.c:246","Edited in Photos","Изменено в приложении Фото"
"src/photos-properties-dialog.c:259","Untouched","Нетронутый"
"src/photos-properties-dialog.c:442","Title","Заголовок"
"src/photos-properties-dialog.c:454","Author","Автор"
"src/photos-properties-dialog.c:461","Source","Источник"
"src/photos-properties-dialog.c:467","Date Modified","Дата изменения"
"src/photos-properties-dialog.c:475","Date Created","Дата создания"
"src/photos-properties-dialog.c:485","Type","Тип"
"src/photos-properties-dialog.c:495","Dimensions","Размеры"
"src/photos-properties-dialog.c:507","Location","Местоположение"
"src/photos-properties-dialog.c:525","Camera","Камера"
"src/photos-properties-dialog.c:535 src/photos-tool-colors.c:365","Exposure","Экспозиция"
"src/photos-properties-dialog.c:545","Aperture","Диафрагма"
"src/photos-properties-dialog.c:555","Focal Length","Фокусное расстояние"
"src/photos-properties-dialog.c:565","ISO Speed","ISO"
"src/photos-properties-dialog.c:575","Flash","Вспышка"
"src/photos-properties-dialog.c:584","Modifications","Изменения"
"src/photos-properties-dialog.c:656","%ld × %ld pixel
msgid_plural: %ld × %ld pixels","msgstr[0]: %ld × %ld пиксель
msgstr[1]: %ld × %ld пикселя
msgstr[2]: %ld × %ld пикселей"
"src/photos-properties-dialog.c:721","Off, did not fire","Выключена, не сработала"
"src/photos-properties-dialog.c:723","On, fired","Включена, сработала"
"src/photos-properties-dialog.c:760","Discard all Edits","Отменить все правки"
"src/photos-removable-devices-button.ui:48","Devices","Устройства"
"src/photos-search-match-manager.c:149 src/photos-search-type-manager.c:74 src/photos-source-manager.c:396","All","Все"
"src/photos-search-match-manager.c:155","Title","Заголовок"
"src/photos-search-match-manager.c:161","Author","Автор"
"src/photos-search-match-manager.c:213","Match","Совпадает"
"src/photos-search-type-manager.c:126","Type","Тип"
"src/photos-selection-menu.ui:6","Select All","Выбрать все"
"src/photos-selection-menu.ui:11","Select None","Отменить выбор"
"src/photos-selection-toolbar.ui:19","Export","Экспортировать"
"src/photos-selection-toolbar.ui:111","Add to Album","Добавить в альбом"
"src/photos-share-dialog.ui:25","Share","Поделиться"
"src/photos-share-notification.c:148","“%s” shared","«%s» в общем доступе"
"src/photos-share-point-email.c:78","E-Mail","E-Mail"
"src/photos-share-point-google.c:103","Failed to upload photo: Service not authorized","Не удалось отправить фото: сервис не авторизован"
"src/photos-share-point-google.c:105","Failed to upload photo","Не удалось отправить фото"
"src/photos-source-manager.c:465","Sources","Источники"
"src/photos-source-notification.c:171","New device discovered","Обнаружено новое устройство"
"src/photos-source-notification.c:184","Import…","Импортировать…"
"src/photos-source-notification.c:214","Your %s credentials have expired","Срок действия ваших учётных данных %s истёк"
"src/photos-source-notification.c:221","Settings","Параметры"
"src/photos-thumbnailer.c:74","D-Bus address to use","Используемый адрес D-Bus"
"src/photos-tool-colors.c:386","Contrast","Контрастность"
"src/photos-tool-colors.c:407","Blacks","Чёрный"
"src/photos-tool-colors.c:428","Saturation","Насыщенность"
"src/photos-tool-colors.c:447","Shadows","Тени"
"src/photos-tool-colors.c:466","Highlights","Световой эффект"
"src/photos-tool-colors.c:495","Colors","Цвета"
"src/photos-tool-crop.c:192","Free","Свободно"
"src/photos-tool-crop.c:193","Original","Оригинал"
"src/photos-tool-crop.c:194","1×1 (Square)","1×1 (Квадрат)"
"src/photos-tool-crop.c:195","10×8 / 5×4","10×8 / 5×4"
"src/photos-tool-crop.c:196","4×3 / 8×6 (1024×768)","4×3 / 8×6 (1024×768)"
"src/photos-tool-crop.c:197","7×5","7×5"
"src/photos-tool-crop.c:198","3×2 / 6×4","3×2 / 6×4"
"src/photos-tool-crop.c:199","16×10 (1280×800)","16×10 (1280×800)"
"src/photos-tool-crop.c:200","16×9 (1920×1080)","16×9 (1920×1080)"
"src/photos-tool-crop.c:1459","Lock aspect ratio","Заблокировать соотношение сторон"
"src/photos-tool-crop.c:1529","Landscape","Ландшафтное"
"src/photos-tool-crop.c:1540","Portrait","Портретное"
"src/photos-tool-crop.c:1551","Reset","Сбросить"
"src/photos-tool-crop.c:1569","Crop","Обрезать"
"src/photos-tool-enhance.c:197","Sharpen","Увеличить резкость"
"src/photos-tool-enhance.c:218","Denoise","Убрать шум"
"src/photos-tool-enhance.c:245","Enhance","Усилить"
"src/photos-tool-filters.c:182","None","Нет"
"src/photos-tool-filters.c:189","1947","1947"
"src/photos-tool-filters.c:196","Calistoga","Калистога"
"src/photos-tool-filters.c:202","Trencin","Тренчин"
"src/photos-tool-filters.c:209","Mogadishu","Могадишу"
"src/photos-tool-filters.c:215","Caap","Кейп-Таун"
"src/photos-tool-filters.c:222","Hometown","Родина"
"src/photos-tool-filters.c:239","Filters","Фильтры"
"src/photos-tracker-controller.c:174","Unable to find Tracker on your operating system","Не удалось найти приложение Tracker в вашей операционной системе"
"src/photos-tracker-controller.c:176","Unable to fetch the list of photos","Не удалось получить список фотографий"
