"location","source","target"
"","po header","Project-Id-Version: gnome-games trunk
Report-Msgid-Bugs-To: https://gitlab.gnome.org/GNOME/gnome-klotski/issues
POT-Creation-Date: 2022-06-25 09:11+0000
PO-Revision-Date: 2022-01-11 10:19+1000
Last-Translator: Ser82-png
Language-Team: Русский <gnome-cyr@gnome.org>
Language: ru
MIME-Version: 1.0
Content-Type: text/plain; charset=UTF-8
Content-Transfer-Encoding: 8bit
Plural-Forms: nplurals=3; plural=(n%10==1 && n%100!=11 ? 0 : n%10>=2 && n%10<=4 && (n%100<10 || n%100>=20) ? 1 : 2);
X-Generator: Poedit 2.3
"
"data/ui/help-overlay.ui:31","Puzzle-related","Головоломка"
"data/ui/help-overlay.ui:36","Toggle game menu","Переключить меню игры"
"data/ui/help-overlay.ui:44","Restart","Начать заново"
"data/ui/help-overlay.ui:54","Change Puzzle popover","Всплывающее окно замены головоломки"
"data/ui/help-overlay.ui:59","Select new puzzle","Выбрать новую головоломку"
"data/ui/help-overlay.ui:67","Previous puzzle","Предыдущая головоломка"
"data/ui/help-overlay.ui:75","Next puzzle","Следующая головоломка"
"data/ui/help-overlay.ui:83","Previous puzzles group","Предыдущая группа головоломок"
"data/ui/help-overlay.ui:91","Next puzzles group","Следующая группа головоломок"
"data/ui/help-overlay.ui:101","Scores","Результаты"
"data/ui/help-overlay.ui:106","Scores dialog","Окно результатов"
"data/ui/help-overlay.ui:116","Generic","Общее"
"data/ui/help-overlay.ui:121","Toggle main menu","Переключить главное меню"
"data/ui/help-overlay.ui:129","Keyboard shortcuts","Комбинации клавиш"
"data/ui/help-overlay.ui:137","Help","Справка"
"data/ui/help-overlay.ui:145","About","О приложении"
"data/ui/help-overlay.ui:153","Quit","Выход"
"data/ui/klotski.ui:24","_Scores","_Результаты"
"data/ui/klotski.ui:31","_Keyboard Shortcuts","_Комбинации клавиш"
"data/ui/klotski.ui:36","_Help","_Справка"
"data/ui/klotski.ui:41","_About Klotski","_О приложении Клоцки"
"data/ui/klotski.ui:50","_Start Over","_Начать сначала"
"data/ui/klotski.ui:94","Huarong Trail","Путь Хуаронг"
"data/ui/klotski.ui:106","Challenge Pack","Набор для любителей"
"data/ui/klotski.ui:118","Skill Pack","Набор для опытных"
"data/ui/klotski.ui:300","Previous","Предыдущая"
"data/ui/klotski.ui:313","Next","Следующая"
"data/ui/klotski.ui:328 data/ui/klotski.ui:339 data/org.gnome.Klotski.desktop.in:3 src/gnome-klotski.vala:25","Klotski","Клоцки"
"data/ui/klotski.ui:346","_Change Puzzle","_Заменить головоломку"
"data/ui/klotski.ui:351","Choose an other puzzle","Выбрать другую головоломку"
"data/ui/klotski.ui:364","Moves counter","Счётчик ходов"
"data/org.gnome.Klotski.appdata.xml.in:7","GNOME Klotski","Клоцки GNOME"
"data/org.gnome.Klotski.appdata.xml.in:8 data/org.gnome.Klotski.desktop.in:4","Slide blocks to solve the puzzle","Сдвиньте блоки, чтобы решить головоломку"
"data/org.gnome.Klotski.appdata.xml.in:10","GNOME Klotski is a set of block sliding puzzles. The objective is to move the patterned block to the area bordered by green markers. To do so, you’ll need to slide other blocks out of the way. Complete each puzzle in as few moves as possible!","Клоцки GNOME — это набор головоломок на перемещение блоков. Цель игры — переместить блок на область с зелёными метками. Для этого необходимо убрать с пути другие блоки. На решение головоломки необходимо потратить минимальное количество ходов!"
"data/org.gnome.Klotski.appdata.xml.in:16","GNOME Klotski comes with nearly thirty different puzzle layouts of varying difficulty. Some of the layouts are similar and only the size of one or more blocks differ. Other layouts have more variety.","Клоцки GNOME включают в себя около тридцати различных головоломок. Некоторые головоломки похожи друг на друга, различны только некоторые блоки. Некоторые головоломки сильно отличаются от остальных."
"data/org.gnome.Klotski.appdata.xml.in:44","The GNOME Project","Проект GNOME"
"data/org.gnome.Klotski.desktop.in:6","game;strategy;logic;move;","game;strategy;logic;move;игра;стратегия;логическая;пошаговая;"
"data/org.gnome.Klotski.gschema.xml:6","The puzzle in play","Текущая головоломка"
"data/org.gnome.Klotski.gschema.xml:8","The number of the puzzle being played.","Номер текущей головоломки."
"data/org.gnome.Klotski.gschema.xml:13","The width of the window","Ширина окна"
"data/org.gnome.Klotski.gschema.xml:15","Width of the window in pixels","Ширина окна в пикселах"
"data/org.gnome.Klotski.gschema.xml:20","The height of the window","Высота окна"
"data/org.gnome.Klotski.gschema.xml:22","Height of the window in pixels","Высота окна в пикселах"
"data/org.gnome.Klotski.gschema.xml:27","A flag to enable maximized mode","Флаг для включения развернутого режима"
"data/org.gnome.Klotski.gschema.xml:29","If “true”, the main window starts in maximized mode.","Если “true”, то главное окно запускается в развёрнутом состоянии."
"src/gnome-klotski.vala:32","Print release version and exit","Показать номер версии и выйти"
"src/klotski-window.vala:91","Only 18 Steps","Только 18 шагов"
"src/klotski-window.vala:104","Daisy","Маргаритка"
"src/klotski-window.vala:117","Violet","Фиалка"
"src/klotski-window.vala:130","Poppy","Мак"
"src/klotski-window.vala:143","Pansy","Анютины глазки"
"src/klotski-window.vala:156","Snowdrop","Подснежник"
"src/klotski-window.vala:169","Red Donkey","Красный осёл"
"src/klotski-window.vala:182","Trail","Тропа"
"src/klotski-window.vala:195","Ambush","Засада"
"src/klotski-window.vala:208","Agatka","Агатка"
"src/klotski-window.vala:219","Success","Успех"
"src/klotski-window.vala:229","Bone","Кость"
"src/klotski-window.vala:242","Fortune","Удача"
"src/klotski-window.vala:256","Fool","Дурак"
"src/klotski-window.vala:266","Solomon","Соломон"
"src/klotski-window.vala:279","Cleopatra","Клеопатра"
"src/klotski-window.vala:291","Shark","Акула"
"src/klotski-window.vala:303","Rome","Рим"
"src/klotski-window.vala:315","Pennant Puzzle","Головоломка Вымпел"
"src/klotski-window.vala:328","Ithaca","Итака"
"src/klotski-window.vala:351","Pelopones","Пелопонес"
"src/klotski-window.vala:363","Transeuropa","Европа"
"src/klotski-window.vala:375","Lodzianka","Лодзянка"
"src/klotski-window.vala:386","Polonaise","Полонез"
"src/klotski-window.vala:397","Baltic Sea","Балтийское море"
"src/klotski-window.vala:409","American Pie","Американский пирог"
"src/klotski-window.vala:425","Traffic Jam","Пробка"
"src/klotski-window.vala:436","Sunshine","Солнечное сияние"
"src/klotski-window.vala:554","Puzzle","Головоломка"
"src/klotski-window.vala:894","Level completed.","Уровень пройден."
"src/klotski-window.vala:1119","Lars Rydlinge (original author)","Lars Rydlinge (автор начальной версии)"
"src/klotski-window.vala:1123","Robert Ancell (port to vala)","Robert Ancell (портирование на vala)"
"src/klotski-window.vala:1127","John Cheetham (port to vala)","John Cheetham (портирование на vala)"
"src/klotski-window.vala:1131","Andrew Sobala","Andrew Sobala"
"src/klotski-window.vala:1139","Sliding block puzzles","Головоломки на перемещение блоков"
"src/klotski-window.vala:1143","Copyright © 1999-2008 – Lars Rydlinge","Copyright © 1999-2008 – Lars Rydlinge"
"src/klotski-window.vala:1147","Copyright © %u-%u – Michael Catanzaro","Copyright © %u-%u – Michael Catanzaro"
"src/klotski-window.vala:1151","Copyright © %u-%u – Arnaud Bonatti","Copyright © %u-%u – Arnaud Bonatti"
"src/klotski-window.vala:1157","translator-credits","Yuri Myasoedov <ymyasoedov@yandex.ru>, 2012-2015.
Stas Solovey <whats_up@tut.by>, 2016.
Ser82-png <sw@atrus.ru>, 2022."
