"location","source","target"
"","po header","Project-Id-Version: gnome-calendar master
Report-Msgid-Bugs-To: https://gitlab.gnome.org/GNOME/gnome-calendar/issues
POT-Creation-Date: 2022-05-16 12:22+0000
PO-Revision-Date: 2022-04-07 20:32+0300
Last-Translator: Aleksandr Melman <Alexmelman88@gmail.com>
Language-Team: Russian <Alexmelman88@gmail.com>
Language: ru
MIME-Version: 1.0
Content-Type: text/plain; charset=UTF-8
Content-Transfer-Encoding: 8bit
Plural-Forms: nplurals=3; plural=(n%10==1 && n%100!=11 ? 0 : n%10>=2 && n%10<=4 && (n%100<10 || n%100>=20) ? 1 : 2);
X-Generator: Poedit 3.0.1
X-DL-Team: ru
X-DL-Module: gnome-calendar
X-DL-Branch: master
X-DL-Domain: po
X-DL-State: Translated
"
"data/appdata/org.gnome.Calendar.appdata.xml.in.in:7 data/org.gnome.Calendar.desktop.in.in:3 src/main.c:35 src/gui/gcal-application.c:193 src/gui/gcal-quick-add-popover.ui:135 src/gui/gcal-window.ui:4","Calendar","Календарь"
"data/appdata/org.gnome.Calendar.appdata.xml.in.in:8","Calendar for GNOME","Календарь для среды рабочего стола GNOME"
"data/appdata/org.gnome.Calendar.appdata.xml.in.in:11","GNOME Calendar is a simple and beautiful calendar application designed to perfectly fit the GNOME desktop. By reusing the components which the GNOME desktop is built on, Calendar nicely integrates with the GNOME ecosystem.","Календарь GNOME представляет собой простое и красивое приложение календаря, разработанное, чтобы полностью соответствовать рабочему столу GNOME. За счет использования тех же компонентов из которых состоит рабочий стол GNOME, календарь красиво интегрируется с экосистемой среды GNOME."
"data/appdata/org.gnome.Calendar.appdata.xml.in.in:16","We aim to find the perfect balance between nicely crafted features and user-centred usability. No excess, nothing missing. You’ll feel comfortable using Calendar, like you’ve been using it for ages!","Мы стремимся найти идеальный баланс между хорошо созданными функциями и ориентированным на пользователя удобством использования. Нет излишеств, ничего не упущено. Вы будете чувствовать себя комфортно, используя календарь, будто вы используете его уже годы!"
"data/appdata/org.gnome.Calendar.appdata.xml.in.in:27","Week view","Просмотр недели"
"data/appdata/org.gnome.Calendar.appdata.xml.in.in:31","Year view","Просмотр года"
"data/org.gnome.Calendar.desktop.in.in:4","Access and manage your calendars","Доступ и управление календарями"
"data/org.gnome.Calendar.desktop.in.in:13","Calendar;Event;Reminder;","Календарь;Событие;Напоминание;"
"data/org.gnome.calendar.gschema.xml.in:6","Window maximized","Окно развёрнуто"
"data/org.gnome.calendar.gschema.xml.in:7","Window maximized state","Окно имеет максимальный размер"
"data/org.gnome.calendar.gschema.xml.in:11","Window size","Размер окна"
"data/org.gnome.calendar.gschema.xml.in:12","Window size (width and height).","Размер окна (ширина и высота)."
"data/org.gnome.calendar.gschema.xml.in:16","Window position","Расположение окна"
"data/org.gnome.calendar.gschema.xml.in:17","Window position (x and y).","Расположение окна (x и y)."
"data/org.gnome.calendar.gschema.xml.in:21","Type of the active view","Текущий режим просмотра"
"data/org.gnome.calendar.gschema.xml.in:22","Type of the active window view, default value is: monthly view","Текущий режим просмотра, по умолчанию используется месячный просмотр"
"data/org.gnome.calendar.gschema.xml.in:26","Weather Service Configuration","Конфигурация службы погоды"
"data/org.gnome.calendar.gschema.xml.in:27","Whether weather reports are shown, automatic locations are used and a location-name","Отображаются ли отчеты о погоде, используются автоматические местоположения и имя местопложения"
"src/core/gcal-event.c:1906 src/gui/gcal-event-popover.c:395","%1$s — %2$s","%1$s — %2$s"
"src/core/gcal-event.c:1914","%1$s %2$s — %3$s %4$s","%1$s %2$s — %3$s %4$s"
"src/core/gcal-event.c:1930 src/gui/gcal-quick-add-popover.c:461","%1$s, %2$s – %3$s","%1$s, %2$s — %3$s"
"src/gui/calendar-management/gcal-calendar-management-dialog.ui:4","Calendar Settings","Параметры календаря"
"src/gui/calendar-management/gcal-calendars-page.c:354","Manage Calendars","Управление календарями"
"src/gui/calendar-management/gcal-calendars-page.c:384","Calendar <b>%s</b> removed","Календарь <b>%s</b> удалён"
"src/gui/calendar-management/gcal-calendars-page.ui:24","Undo","Вернуть"
"src/gui/calendar-management/gcal-calendars-page.ui:78","Add Calendar…","Добавить календарь…"
"src/gui/calendar-management/gcal-edit-calendar-page.ui:19","Account","Учётная запись"
"src/gui/calendar-management/gcal-edit-calendar-page.ui:46","Settings","Параметры"
"src/gui/calendar-management/gcal-edit-calendar-page.ui:57 src/gui/event-editor/gcal-summary-section.ui:35 src/gui/gcal-event-popover.ui:111 src/gui/importer/gcal-import-file-row.c:151","Location","Местоположение"
"src/gui/calendar-management/gcal-edit-calendar-page.ui:84","Calendar name","Имя календаря"
"src/gui/calendar-management/gcal-edit-calendar-page.ui:109 src/gui/calendar-management/gcal-new-calendar-page.ui:33","Color","Цвет"
"src/gui/calendar-management/gcal-edit-calendar-page.ui:134","Display calendar","Показать календарь"
"src/gui/calendar-management/gcal-edit-calendar-page.ui:146","Add new events to this calendar by default","Добавлять новые события в этот календарь по умолчанию"
"src/gui/calendar-management/gcal-edit-calendar-page.ui:158","Remove Calendar","Удалить календарь"
"src/gui/calendar-management/gcal-file-chooser-button.c:49","Select a file","Выбрать файл"
"src/gui/calendar-management/gcal-file-chooser-button.c:94 src/gui/calendar-management/gcal-new-calendar-page.ui:248 src/gui/calendar-management/gcal-new-calendar-page.ui:284 src/gui/event-editor/gcal-event-editor-dialog.ui:15","Cancel","Отмена"
"src/gui/calendar-management/gcal-file-chooser-button.c:96","Open","Открыть"
"src/gui/calendar-management/gcal-new-calendar-page.c:512","New Calendar","Создать календарь"
"src/gui/calendar-management/gcal-new-calendar-page.c:690","Calendar files","Файлы календаря"
"src/gui/calendar-management/gcal-new-calendar-page.ui:16 src/gui/calendar-management/gcal-new-calendar-page.ui:22","Calendar Name","Имя календаря"
"src/gui/calendar-management/gcal-new-calendar-page.ui:55","Import a Calendar","Импортировать календарь"
"src/gui/calendar-management/gcal-new-calendar-page.ui:72","Alternatively, enter the web address of an online calendar you want to import, or open a supported calendar file.","Либо введите веб-адрес онлайн-календаря, который хотите импортировать, или откройте поддерживаемый файл календаря."
"src/gui/calendar-management/gcal-new-calendar-page.ui:100","Open a File","Открыть файл"
"src/gui/calendar-management/gcal-new-calendar-page.ui:124","Calendars","Календари"
"src/gui/calendar-management/gcal-new-calendar-page.ui:148","If the calendar belongs to one of your online accounts, you can add it through the <a href=""GOA"">online account settings</a>.","Если календарь относится к одной из сетевых учётных записей, его можно добавить через <a href=""GOA"">параметры сетевых учётных записей</a>."
"src/gui/calendar-management/gcal-new-calendar-page.ui:194","User","Пользователь"
"src/gui/calendar-management/gcal-new-calendar-page.ui:207","Password","Пароль"
"src/gui/calendar-management/gcal-new-calendar-page.ui:255","Connect","Подключить"
"src/gui/calendar-management/gcal-new-calendar-page.ui:288 src/gui/gcal-quick-add-popover.ui:98","Add","Добавить"
"src/gui/event-editor/gcal-alarm-row.c:84","%1$u day, %2$u hour, and %3$u minute before
msgid_plural: %1$u day, %2$u hour, and %3$u minutes before","msgstr[0]: %1$u день, %2$u час, и %3$u минута до
msgstr[1]: %1$u день, %2$u час, и %3$u минуты до
msgstr[2]: %1$u день, %2$u час, и %3$u минут до"
"src/gui/event-editor/gcal-alarm-row.c:88","%1$u day, %2$u hours, and %3$u minute before
msgid_plural: %1$u day, %2$u hours, and %3$u minutes before","msgstr[0]: %1$u день, %2$u часа, и %3$u минута до
msgstr[1]: %1$u день, %2$u часа, и %3$u минуты до
msgstr[2]: %1$u день, %2$u часа, и %3$u минут до"
"src/gui/event-editor/gcal-alarm-row.c:94","%1$u days, %2$u hour, and %3$u minute before
msgid_plural: %1$u days, %2$u hour, and %3$u minutes before","msgstr[0]: %1$u дня, %2$u час, и %3$u минута до
msgstr[1]: %1$u дня, %2$u час, и %3$u минуты до
msgstr[2]: %1$u дня, %2$u час, и %3$u минут до"
"src/gui/event-editor/gcal-alarm-row.c:98","%1$u days, %2$u hours, and %3$u minute before
msgid_plural: %1$u days, %2$u hours, and %3$u minutes before","msgstr[0]: %1$u дня, %2$u часа, и %3$u минута до
msgstr[1]: %1$u дня, %2$u часа, и %3$u минуты до
msgstr[2]: %1$u дня, %2$u часа, и %3$u минут до"
"src/gui/event-editor/gcal-alarm-row.c:113","%1$u day and %2$u hour before
msgid_plural: %1$u day and %2$u hours before","msgstr[0]: %1$u день и %2$u час до
msgstr[1]: %1$u день и %2$u часа до
msgstr[2]: %1$u день и %2$u часов до"
"src/gui/event-editor/gcal-alarm-row.c:117","%1$u days and %2$u hour before
msgid_plural: %1$u days and %2$u hours before","msgstr[0]: %1$u дня и %2$u час до
msgstr[1]: %1$u дня и %2$u часа до
msgstr[2]: %1$u дня и %2$u часов до"
"src/gui/event-editor/gcal-alarm-row.c:133","%1$u day and %2$u minute before
msgid_plural: %1$u day and %2$u minutes before","msgstr[0]: %1$u день и %2$u минута до
msgstr[1]: %1$u день и %2$u минуты до
msgstr[2]: %1$u день и %2$u минут до"
"src/gui/event-editor/gcal-alarm-row.c:137","%1$u days and %2$u minute before
msgid_plural: %1$u days and %2$u minutes before","msgstr[0]: %1$u дня и %2$u минута до
msgstr[1]: %1$u дня и %2$u минуты до
msgstr[2]: %1$u дня и %2$u минут до"
"src/gui/event-editor/gcal-alarm-row.c:147","%1$u day before
msgid_plural: %1$u days before","msgstr[0]: %1$u день до
msgstr[1]: %1$u дня до
msgstr[2]: %1$u дней до"
"src/gui/event-editor/gcal-alarm-row.c:165","%1$u hour and %2$u minute before
msgid_plural: %1$u hour and %2$u minutes before","msgstr[0]: %1$u час и %2$u минута до
msgstr[1]: %1$u час и %2$u минуты до
msgstr[2]: %1$u час и %2$u минут до"
"src/gui/event-editor/gcal-alarm-row.c:169","%1$u hours and %2$u minute before
msgid_plural: %1$u hours and %2$u minutes before","msgstr[0]: %1$u часа и %2$u минута до
msgstr[1]: %1$u часа и %2$u минуты до
msgstr[2]: %1$u часа и %2$u минут до"
"src/gui/event-editor/gcal-alarm-row.c:179","%1$u hour before
msgid_plural: %1$u hours before","msgstr[0]: %1$u час до
msgstr[1]: %1$u часа до
msgstr[2]: %1$u часов до"
"src/gui/event-editor/gcal-alarm-row.c:191","%1$u minute before
msgid_plural: %1$u minutes before","msgstr[0]: %1$u минута до
msgstr[1]: %1$u минуты до
msgstr[2]: %1$u минут до"
"src/gui/event-editor/gcal-alarm-row.c:198","Event start time","Время начала события"
"src/gui/event-editor/gcal-alarm-row.ui:11","Toggles the sound of the alarm","Переключает режим звука будильника"
"src/gui/event-editor/gcal-alarm-row.ui:21","Remove the alarm","Удалить будильник"
"src/gui/event-editor/gcal-event-editor-dialog.c:196","Save","Сохранить"
"src/gui/event-editor/gcal-event-editor-dialog.c:196 src/gui/event-editor/gcal-event-editor-dialog.ui:86","Done","Готово"
"src/gui/event-editor/gcal-event-editor-dialog.ui:29","Click to select the calendar","Нажмите, чтобы выбрать календарь"
"src/gui/event-editor/gcal-event-editor-dialog.ui:115","Schedule","Расписание"
"src/gui/event-editor/gcal-event-editor-dialog.ui:127","Reminders","Напоминания"
"src/gui/event-editor/gcal-event-editor-dialog.ui:139","Notes","Примечания"
"src/gui/event-editor/gcal-event-editor-dialog.ui:158","Delete Event","Удалить событие"
"src/gui/event-editor/gcal-reminders-section.ui:26","Add a Reminder…","Добавить напоминание…"
"src/gui/event-editor/gcal-reminders-section.ui:52","5 minutes","5 минут"
"src/gui/event-editor/gcal-reminders-section.ui:58","10 minutes","10 минут"
"src/gui/event-editor/gcal-reminders-section.ui:64","15 minutes","15 минут"
"src/gui/event-editor/gcal-reminders-section.ui:70","30 minutes","30 минут"
"src/gui/event-editor/gcal-reminders-section.ui:76","1 hour","1 час"
"src/gui/event-editor/gcal-reminders-section.ui:82","1 day","1 день"
"src/gui/event-editor/gcal-reminders-section.ui:88","2 days","2 дня"
"src/gui/event-editor/gcal-reminders-section.ui:94","3 days","3 дня"
"src/gui/event-editor/gcal-reminders-section.ui:100","1 week","1 неделю"
"src/gui/event-editor/gcal-schedule-section.c:238","Last %A","%A на прошлой недели"
"src/gui/event-editor/gcal-schedule-section.c:242 src/gui/gcal-event-popover.c:207 src/gui/gcal-event-popover.c:321","Yesterday","Вчера"
"src/gui/event-editor/gcal-schedule-section.c:246 src/gui/gcal-event-popover.c:199 src/gui/gcal-event-popover.c:313 src/gui/gcal-window.ui:120","Today","Сегодня"
"src/gui/event-editor/gcal-schedule-section.c:250 src/gui/gcal-event-popover.c:203 src/gui/gcal-event-popover.c:317","Tomorrow","Завтра"
"src/gui/event-editor/gcal-schedule-section.c:255","This %A","%A на этой недели"
"src/gui/event-editor/gcal-schedule-section.c:285","%1$s, %2$s","%1$s %2$s"
"src/gui/event-editor/gcal-schedule-section.ui:17","All Day","Весь день"
"src/gui/event-editor/gcal-schedule-section.ui:34 src/gui/importer/gcal-import-file-row.c:152","Starts","Начало"
"src/gui/event-editor/gcal-schedule-section.ui:77 src/gui/importer/gcal-import-file-row.c:153","Ends","Конец"
"src/gui/event-editor/gcal-schedule-section.ui:120","Repeat","Повторять"
"src/gui/event-editor/gcal-schedule-section.ui:128","No Repeat","Не повторять"
"src/gui/event-editor/gcal-schedule-section.ui:129","Daily","Каждый день"
"src/gui/event-editor/gcal-schedule-section.ui:130","Monday – Friday","С понедельника по пятницу"
"src/gui/event-editor/gcal-schedule-section.ui:131","Weekly","Каждую неделю"
"src/gui/event-editor/gcal-schedule-section.ui:132","Monthly","Каждый месяц"
"src/gui/event-editor/gcal-schedule-section.ui:133","Yearly","Каждый год"
"src/gui/event-editor/gcal-schedule-section.ui:146","End Repeat","Конец повтора"
"src/gui/event-editor/gcal-schedule-section.ui:154","Forever","Всегда"
"src/gui/event-editor/gcal-schedule-section.ui:155","No. of occurrences","Количество повторений"
"src/gui/event-editor/gcal-schedule-section.ui:156","Until Date","До даты"
"src/gui/event-editor/gcal-schedule-section.ui:169","Number of Occurrences","Число повторений"
"src/gui/event-editor/gcal-schedule-section.ui:188","End Repeat Date","Дата окончания повтора"
"src/gui/event-editor/gcal-summary-section.c:99 src/gui/gcal-quick-add-popover.c:676","Unnamed event","Безымянное событие"
"src/gui/event-editor/gcal-summary-section.ui:16 src/gui/importer/gcal-import-file-row.c:150","Title","Заголовок"
"src/gui/event-editor/gcal-time-selector.ui:22",":",":"
"src/gui/event-editor/gcal-time-selector.ui:46 src/gui/views/gcal-week-hour-bar.c:57","AM","AM"
"src/gui/event-editor/gcal-time-selector.ui:47 src/gui/views/gcal-week-hour-bar.c:57","PM","PM"
"src/gui/gcal-application.c:58","Quit GNOME Calendar","Завершить календарь GNOME"
"src/gui/gcal-application.c:63","Display version number","Показать номер версии"
"src/gui/gcal-application.c:68","Enable debug messages","Включить отладочные сообщения"
"src/gui/gcal-application.c:73","Open calendar on the passed date","Открыть календарь на прошедшей дате"
"src/gui/gcal-application.c:78","Open calendar showing the passed event","Открыть календарь на прошедшем событии"
"src/gui/gcal-application.c:150","Copyright © 2012–%d The Calendar authors","Авторское право © 2012–%d авторы приложения «Календарь»"
"src/gui/gcal-application.c:204","translator-credits","Юрий Мясоедов <ymyasoedov@yandex.ru>, 2012-2017.
Станислав Соловей <whats_up@tut.by>, 2014-2019.
Роман Верменко <dargodet@gmail.com>, 2017
Aleksandr Melman <alexmelman88@gmail.com>, 2022"
"src/gui/gcal-calendar-button.ui:6","Manage your calendars","Управление календарями"
"src/gui/gcal-calendar-button.ui:32","Synchronizing remote calendars…","Синхронизировать удалённые календари…"
"src/gui/gcal-calendar-button.ui:62","_Synchronize Calendars","_Синхронизировать календари"
"src/gui/gcal-calendar-button.ui:66","Manage Calendars…","Управление календарями…"
"src/gui/gcal-event-popover.c:122 src/gui/gcal-quick-add-popover.c:255","January","Январь"
"src/gui/gcal-event-popover.c:123 src/gui/gcal-quick-add-popover.c:256","February","Февраль"
"src/gui/gcal-event-popover.c:124 src/gui/gcal-quick-add-popover.c:257","March","Март"
"src/gui/gcal-event-popover.c:125 src/gui/gcal-quick-add-popover.c:258","April","Апрель"
"src/gui/gcal-event-popover.c:126 src/gui/gcal-quick-add-popover.c:259","May","Май"
"src/gui/gcal-event-popover.c:127 src/gui/gcal-quick-add-popover.c:260","June","Июнь"
"src/gui/gcal-event-popover.c:128 src/gui/gcal-quick-add-popover.c:261","July","Июль"
"src/gui/gcal-event-popover.c:129 src/gui/gcal-quick-add-popover.c:262","August","Август"
"src/gui/gcal-event-popover.c:130 src/gui/gcal-quick-add-popover.c:263","September","Сентябрь"
"src/gui/gcal-event-popover.c:131 src/gui/gcal-quick-add-popover.c:264","October","Октябрь"
"src/gui/gcal-event-popover.c:132 src/gui/gcal-quick-add-popover.c:265","November","Ноябрь"
"src/gui/gcal-event-popover.c:133 src/gui/gcal-quick-add-popover.c:266","December","Декабрь"
"src/gui/gcal-event-popover.c:158","Today %s","Сегодня %s"
"src/gui/gcal-event-popover.c:162","Tomorrow %s","Завтра %s"
"src/gui/gcal-event-popover.c:166","Yesterday %s","Вчера %s"
"src/gui/gcal-event-popover.c:175","%1$s %2$d, %3$s","%1$s %2$d, %3$s"
"src/gui/gcal-event-popover.c:187","%1$s %2$d, %3$d, %4$s","%1$s %2$d, %3$d, %4$s"
"src/gui/gcal-event-popover.c:216 src/gui/gcal-event-popover.c:330","%1$s %2$d","%1$s %2$d"
"src/gui/gcal-event-popover.c:227 src/gui/gcal-event-popover.c:341","%1$s %2$d, %3$d","%1$s %2$d, %3$d"
"src/gui/gcal-event-popover.c:261","Today, %1$s — %2$s","Сегодня, %1$s — %2$s"
"src/gui/gcal-event-popover.c:269","Tomorrow, %1$s – %2$s","Завтра, %1$s – %2$s"
"src/gui/gcal-event-popover.c:277","Yesterday, %1$s – %2$s","Вчера, %1$s – %2$s"
"src/gui/gcal-event-popover.c:286","%1$s %2$d, %3$s – %4$s","%1$s %2$d, %3$s – %4$s"
"src/gui/gcal-event-popover.c:301","%1$s %2$d, %3$d, %4$s – %5$s","%1$s %2$d, %3$d, %4$s – %5$s"
"src/gui/gcal-event-popover.ui:71","No event information","Нет информации о событии"
"src/gui/gcal-event-popover.ui:169","Edit…","Редактировать…"
"src/gui/gcal-event-widget.c:409","At %s","В %s"
"src/gui/gcal-meeting-row.c:65","Google Meet","Google Meet"
"src/gui/gcal-meeting-row.c:66","Jitsi","Jitsi"
"src/gui/gcal-meeting-row.c:67","Whereby","Whereby"
"src/gui/gcal-meeting-row.c:68","Zoom","Zoom"
"src/gui/gcal-meeting-row.c:78","Unknown Service","Неизвестный сервис"
"src/gui/gcal-meeting-row.ui:12","Join","Присоединиться"
"src/gui/gcal-quick-add-popover.c:118","%s (this calendar is read-only)","%s (данный календарь в режиме «только чтение»)"
"src/gui/gcal-quick-add-popover.c:233","from next Monday","со следующего понедельника"
"src/gui/gcal-quick-add-popover.c:234","from next Tuesday","со следующего вторника"
"src/gui/gcal-quick-add-popover.c:235","from next Wednesday","со следующей среды"
"src/gui/gcal-quick-add-popover.c:236","from next Thursday","со следующего четверга"
"src/gui/gcal-quick-add-popover.c:237","from next Friday","со следующей пятницы"
"src/gui/gcal-quick-add-popover.c:238","from next Saturday","со следующей субботы"
"src/gui/gcal-quick-add-popover.c:239","from next Sunday","со следующего воскресенья"
"src/gui/gcal-quick-add-popover.c:244","to next Monday","до следующего понедельника"
"src/gui/gcal-quick-add-popover.c:245","to next Tuesday","до следующего вторника"
"src/gui/gcal-quick-add-popover.c:246","to next Wednesday","до следующей среды"
"src/gui/gcal-quick-add-popover.c:247","to next Thursday","до следующего четверга"
"src/gui/gcal-quick-add-popover.c:248","to next Friday","до следующей пятницы"
"src/gui/gcal-quick-add-popover.c:249","to next Saturday","до следующей субботы"
"src/gui/gcal-quick-add-popover.c:250","to next Sunday","до следующего воскресенья"
"src/gui/gcal-quick-add-popover.c:275","from Today","с сегодняшнего дня"
"src/gui/gcal-quick-add-popover.c:279","from Tomorrow","с завтрашнего дня"
"src/gui/gcal-quick-add-popover.c:283","from Yesterday","со вчерашнего дня"
"src/gui/gcal-quick-add-popover.c:301","from %1$s %2$s","от %1$s %2$s"
"src/gui/gcal-quick-add-popover.c:312","to Today","к сегодняшнему дню"
"src/gui/gcal-quick-add-popover.c:316","to Tomorrow","к завтрашнему дню"
"src/gui/gcal-quick-add-popover.c:320","to Yesterday","к вчерашнему дню"
"src/gui/gcal-quick-add-popover.c:338","to %1$s %2$s","до %1$s %2$s"
"src/gui/gcal-quick-add-popover.c:345","New Event %1$s %2$s","Создать событие %1$s %2$s"
"src/gui/gcal-quick-add-popover.c:362","New Event Today","Создать событие сегодня"
"src/gui/gcal-quick-add-popover.c:366","New Event Tomorrow","Создать событие завтра"
"src/gui/gcal-quick-add-popover.c:370","New Event Yesterday","Создать событие вчера"
"src/gui/gcal-quick-add-popover.c:376","New Event next Monday","Создать событие в следующий понедельник"
"src/gui/gcal-quick-add-popover.c:377","New Event next Tuesday","Создать событие в следующий вторник"
"src/gui/gcal-quick-add-popover.c:378","New Event next Wednesday","Создать событие в следующую среду"
"src/gui/gcal-quick-add-popover.c:379","New Event next Thursday","Создать событие в следующий четверг"
"src/gui/gcal-quick-add-popover.c:380","New Event next Friday","Создать событие в следующую пятницу"
"src/gui/gcal-quick-add-popover.c:381","New Event next Saturday","Создать событие в следующую субботу"
"src/gui/gcal-quick-add-popover.c:382","New Event next Sunday","Создать событие в следующее воскресенье"
"src/gui/gcal-quick-add-popover.c:394","New Event on January %d","Создать событие на  %d Января"
"src/gui/gcal-quick-add-popover.c:395","New Event on February %d","Создать событие на %d Февраля"
"src/gui/gcal-quick-add-popover.c:396","New Event on March %d","Создать событие на %d Марта"
"src/gui/gcal-quick-add-popover.c:397","New Event on April %d","Создать событие на %d Апреля"
"src/gui/gcal-quick-add-popover.c:398","New Event on May %d","Создать событие на %d Мая"
"src/gui/gcal-quick-add-popover.c:399","New Event on June %d","Создать событие на %d Июня"
"src/gui/gcal-quick-add-popover.c:400","New Event on July %d","Создать событие на %d Июля"
"src/gui/gcal-quick-add-popover.c:401","New Event on August %d","Создать событие на %d Августа"
"src/gui/gcal-quick-add-popover.c:402","New Event on September %d","Создать событие на %d Сентября"
"src/gui/gcal-quick-add-popover.c:403","New Event on October %d","Создать событие на %d Октября"
"src/gui/gcal-quick-add-popover.c:404","New Event on November %d","Создать событие на %d Ноября"
"src/gui/gcal-quick-add-popover.c:405","New Event on December %d","Создать событие на %d Декабря"
"src/gui/gcal-quick-add-popover.ui:87","Edit Details…","Редактировать подробности…"
"src/gui/gcal-weather-settings.ui:17","Show Weather","Показывать погоду"
"src/gui/gcal-weather-settings.ui:34","Automatic Location","Автоматическое местоположение"
"src/gui/gcal-window.c:706","Another event deleted","Ещё одно событие удалено"
"src/gui/gcal-window.c:706","Event deleted","Событие удалено"
"src/gui/gcal-window.c:708","_Undo","_Вернуть"
"src/gui/gcal-window.ui:130","Add a new event","Добавить новое событие"
"src/gui/gcal-window.ui:150","Search for events","Поиск событий"
"src/gui/gcal-window.ui:175","Week","Неделя"
"src/gui/gcal-window.ui:189","Month","Месяц"
"src/gui/gcal-window.ui:228","_Online Accounts…","_Сетевые учётные записи…"
"src/gui/gcal-window.ui:232","Weather","Погода"
"src/gui/gcal-window.ui:240","_Keyboard Shortcuts","_Комбинации клавиш"
"src/gui/gcal-window.ui:244","_About Calendar","_О приложении"
"src/gui/gtk/help-overlay.ui:11","General","Основное"
"src/gui/gtk/help-overlay.ui:14","New event","Новое событие"
"src/gui/gtk/help-overlay.ui:20","Close window","Закрыть окно"
"src/gui/gtk/help-overlay.ui:26","Search","Поиск"
"src/gui/gtk/help-overlay.ui:32","Show help","Показать справку"
"src/gui/gtk/help-overlay.ui:38","Shortcuts","Комбинации"
"src/gui/gtk/help-overlay.ui:46","Navigation","Навигация"
"src/gui/gtk/help-overlay.ui:49","Go back","Назад"
"src/gui/gtk/help-overlay.ui:55","Go forward","Далее"
"src/gui/gtk/help-overlay.ui:61","Show today","Показать сегодня"
"src/gui/gtk/help-overlay.ui:67","Next view","Следующий вид"
"src/gui/gtk/help-overlay.ui:73","Previous view","Предыдущий вид"
"src/gui/gtk/help-overlay.ui:81","View","Вид"
"src/gui/gtk/help-overlay.ui:84","Week view","Просмотр недели"
"src/gui/gtk/help-overlay.ui:90","Month view","Просмотр месяца"
"src/gui/importer/gcal-import-dialog.c:396","Import %d event
msgid_plural: Import %d events","msgstr[0]: Импортировать %d событие
msgstr[1]: Импортировать %d события
msgstr[2]: Импортировать %d событий"
"src/gui/importer/gcal-import-dialog.ui:4","Import Files…","Импортировать файлы…"
"src/gui/importer/gcal-import-dialog.ui:20 src/utils/gcal-utils.c:1323","_Cancel","_Отмена"
"src/gui/importer/gcal-import-dialog.ui:29","_Import","_Импортировать"
"src/gui/importer/gcal-import-dialog.ui:50","C_alendar","К_алендарь"
"src/gui/importer/gcal-importer.c:33","No error","Ошибок нет"
"src/gui/importer/gcal-importer.c:36","Bad argument to function","Плохой аргумент для функции"
"src/gui/importer/gcal-importer.c:40","Failed to allocate a new object in memory","Не удалось выделить новый объект в памяти"
"src/gui/importer/gcal-importer.c:43","File is malformed, invalid, or corrupted","Файл искажен, недействителен или поврежден"
"src/gui/importer/gcal-importer.c:46","Failed to parse the calendar contents","Не удалось разобрать содержимое календаря"
"src/gui/importer/gcal-importer.c:49","Failed to read file","Не удалось прочитать файл"
"src/gui/importer/gcal-importer.c:56","Internal error","Внутренняя ошибка"
"src/gui/importer/gcal-importer.c:94","File is not an iCalendar (.ics) file","Файл не является файлом iCalendar (.ics)"
"src/gui/importer/gcal-import-file-row.c:154","Description","Описание"
"src/gui/views/gcal-month-popover.ui:59","New Event…","Создать событие…"
"src/gui/views/gcal-week-grid.c:580","00 AM","00 AM"
"src/gui/views/gcal-week-grid.c:583","00:00","00:00"
"src/gui/views/gcal-week-header.c:478","Other event
msgid_plural: Other %d events","msgstr[0]: Другое %d событие
msgstr[1]: Другие %d события
msgstr[2]: Другие %d событий"
"src/gui/views/gcal-week-header.c:1006","week %d","%d неделя"
"src/utils/gcal-utils.c:1320","The event you are trying to modify is recurring. The changes you have selected should be applied to:","Событие, которое вы пытаетесь изменить, повторяется. Выбранные вами изменения должны применяться к:"
"src/utils/gcal-utils.c:1325","_Only This Event","_Только это событие"
"src/utils/gcal-utils.c:1332","_Subsequent events","_Последующие события"
"src/utils/gcal-utils.c:1334","_All events","_Все события"
