"location","source","target"
"","po header","Project-Id-Version: gnome-games trunk
Report-Msgid-Bugs-To: https://gitlab.gnome.org/GNOME/gnome-sudoku/issues
POT-Creation-Date: 2022-07-04 23:01+0000
PO-Revision-Date: 2021-06-29 19:54+0300
Last-Translator: Alexey Rubtsov <rushills@gmail.com>
Language-Team: Русский <gnome-cyr@gnome.org>
Language: ru
MIME-Version: 1.0
Content-Type: text/plain; charset=UTF-8
Content-Transfer-Encoding: 8bit
Plural-Forms: nplurals=3; plural=(n%10==1 && n%100!=11 ? 0 : n%10>=2 && n%10<=4 && (n%100<10 || n%100>=20) ? 1 : 2);
X-Generator: Poedit 3.0
"
"data/sudoku-window.ui:7","_New Puzzle","_Новая головоломка"
"data/sudoku-window.ui:11","_Clear Board","_Очистить доску"
"data/sudoku-window.ui:17 data/print-dialog.ui:38","_Print","_Печать"
"data/sudoku-window.ui:20","Print _Current Puzzle…","Печать _текущей головоломки…"
"data/sudoku-window.ui:24","Print _Multiple Puzzles…","Печать _нескольких головоломок…"
"data/sudoku-window.ui:32","High_lighter","_Выделять ячейки"
"data/sudoku-window.ui:36","_Warnings","_Предупреждения"
"data/sudoku-window.ui:42","_Help","_Справка"
"data/sudoku-window.ui:46","_About Sudoku","_О Судоку"
"data/sudoku-window.ui:52 data/sudoku-window.ui:57 data/org.gnome.Sudoku.desktop.in:3 src/gnome-sudoku.vala:495 src/sudoku-window.vala:213","Sudoku","Судоку"
"data/sudoku-window.ui:73","Undo your last action","Отменить последний ход"
"data/sudoku-window.ui:94","Redo your last action","Вернуть последний ход"
"data/sudoku-window.ui:126","Pause","Приостановить"
"data/sudoku-window.ui:147","Start playing the custom puzzle you have created","Начать игру в созданную вами головоломку"
"data/sudoku-window.ui:189","Go back to the current game","Вернуться к текущей игре"
"data/sudoku-window.ui:233 data/print-dialog.ui:157","_Easy","_Лёгкий"
"data/sudoku-window.ui:241 data/print-dialog.ui:172","_Medium","_Средний"
"data/sudoku-window.ui:249 data/print-dialog.ui:188","_Hard","_Тяжелый"
"data/sudoku-window.ui:257 data/print-dialog.ui:204","_Very Hard","_Очень тяжёлый"
"data/sudoku-window.ui:265","_Create your own puzzle","Со_здать свою головоломку"
"data/org.gnome.Sudoku.appdata.xml.in:7","GNOME Sudoku","Судоку GNOME"
"data/org.gnome.Sudoku.appdata.xml.in:8 data/org.gnome.Sudoku.desktop.in:4","Test your logic skills in this number grid puzzle","Проверьте логические способности в этой головоломке расстановки чисел"
"data/org.gnome.Sudoku.appdata.xml.in:10","Play the popular Japanese logic game. GNOME Sudoku is a must-install for Sudoku lovers, with a simple, unobtrusive interface that makes playing Sudoku fun for players of any skill level.","Популярная японская логическая игра. Судоку GNOME понравится ценителям судоку — простой и ненавязчивый интерфейс позволяет получить удовольствие от игры игрокам с любым уровнем навыков."
"data/org.gnome.Sudoku.appdata.xml.in:15","Each game is assigned a difficulty similar to those given by newspapers and websites, so your game will be as easy or as difficult as you want it to be.","Каждая игра относится к тому или иному уровню сложности. Можно управлять тем, насколько простой или сложной будет головоломка."
"data/org.gnome.Sudoku.appdata.xml.in:20","If you like to play on paper, you can print games out. You can choose how many games you want to print per page and what difficulty of games you want to print: as a result, GNOME Sudoku can act a renewable Sudoku book for you.","Если вам нравится бумажный вариант игры, вы можете распечатать игру. Вы можете выбрать, сколько игр и какой сложности нужно распечатать на странице. Судоку GNOME может служить вам бесконечной книгой Судоку."
"data/org.gnome.Sudoku.appdata.xml.in:30","A GNOME sudoku game preview","Предварительный просмотр игры судоку GNOME"
"data/org.gnome.Sudoku.appdata.xml.in:72","The GNOME Project","Проект GNOME"
"data/org.gnome.Sudoku.desktop.in:6","magic;square;","магический;квадрат;"
"data/org.gnome.Sudoku.gschema.xml:11","Difficulty level of sudokus to be printed","Уровень сложности печатаемых судоку"
"data/org.gnome.Sudoku.gschema.xml:12","Set the difficulty level of the sudokus you want to print. Possible values are: ""easy"", ""medium"", ""hard"", ""very_hard""","Уровень сложности судоку, используемый при печати. Возможные значения: «easy» (простой), «medium» (средний), «hard» (сложный), «very_hard» (очень сложный)"
"data/org.gnome.Sudoku.gschema.xml:17","Number of Sudokus to print","Количество судоку для печати"
"data/org.gnome.Sudoku.gschema.xml:18","Set the number of sudokus you want to print","Введите количество судоку для печати"
"data/org.gnome.Sudoku.gschema.xml:23","Number of Sudokus to print per page","Количество судоку для печати на одной странице"
"data/org.gnome.Sudoku.gschema.xml:24","Set the number of sudokus you want to print per page","Установите количество судоку, которое вы хотите напечатать на одной странице"
"data/org.gnome.Sudoku.gschema.xml:28","Warn about unfillable squares and duplicate numbers","Предупреждать о незаполняемых полях и совпадающих числах"
"data/org.gnome.Sudoku.gschema.xml:29","Displays a big red X in a square if it cannot possibly be filled by any number and duplicate numbers are highlighted in red","Показывает большой красный крестик в поле, если его нельзя заполнить каким-то либо числом, совпадающие числа выделяются красным цветом"
"data/org.gnome.Sudoku.gschema.xml:33","Highlight row, column and square that contain the selected cell","Выделять строку, столбец и квадрат с выбранной ячейкой"
"data/org.gnome.Sudoku.gschema.xml:37","Width of the window in pixels","Ширина окна в пикселах"
"data/org.gnome.Sudoku.gschema.xml:41","Height of the window in pixels","Высота окна в пикселах"
"data/org.gnome.Sudoku.gschema.xml:45","true if the window is maximized","отмечено, если окно имеет максимальный размер"
"data/org.gnome.Sudoku.gschema.xml:49","Initialize the earmarks with the possible values for each cell","Показывать доступные значения для каждой ячейки"
"data/print-dialog.ui:18","Print Multiple Puzzles","Печать нескольких головоломок"
"data/print-dialog.ui:27","_Cancel","_Отмена"
"data/print-dialog.ui:65","_Number of puzzles","_Количество головоломок"
"data/print-dialog.ui:101","_Number of puzzles per page","Количество головоломок на странице"
"data/print-dialog.ui:138","Difficulty","Сложность"
"lib/sudoku-board.vala:591","Unknown Difficulty","Неизвестный уровень сложности"
"lib/sudoku-board.vala:593","Easy Difficulty","Простая сложность"
"lib/sudoku-board.vala:595","Medium Difficulty","Средняя сложность"
"lib/sudoku-board.vala:597","Hard Difficulty","Высокая сложность"
"lib/sudoku-board.vala:599","Very Hard Difficulty","Очень высокая сложность"
"lib/sudoku-board.vala:601","Custom Puzzle","Пользовательская головоломка"
"src/gnome-sudoku.vala:72","Show release version","Показать номер версии"
"src/gnome-sudoku.vala:76","Show the possible values for each cell","Показывать доступные значения для каждой ячейки"
"src/gnome-sudoku.vala:231","The puzzle you have entered is not a valid Sudoku.","Введенная головоломка не является правильной головоломкой Судоку."
"src/gnome-sudoku.vala:231","Please enter a valid puzzle.","Введите правильную головоломку."
"src/gnome-sudoku.vala:240","The puzzle you have entered has multiple solutions.","Введенная головоломка имеет несколько решений."
"src/gnome-sudoku.vala:240","Valid Sudoku puzzles have exactly one solution.","Правильная головоломка Судоку имеет только одно решение."
"src/gnome-sudoku.vala:242","_Back","_Назад"
"src/gnome-sudoku.vala:243","Play _Anyway","Сыграть все _равно"
"src/gnome-sudoku.vala:286","Well done, you completed the puzzle in %d minute!
msgid_plural: Well done, you completed the puzzle in %d minutes!","msgstr[0]: Очень хорошо, вы решили головоломку за %d минуту!
msgstr[1]: Очень хорошо, вы решили головоломку за %d минуты!
msgstr[2]: Очень хорошо, вы решили головоломку за %d минут!"
"src/gnome-sudoku.vala:290","_Quit","_Завершить"
"src/gnome-sudoku.vala:291","Play _Again","Сыграть _ещё раз"
"src/gnome-sudoku.vala:397","Reset the board to its original state?","Вернуть игровую доску к исходному состоянию?"
"src/gnome-sudoku.vala:492","The popular Japanese logic puzzle

Puzzles generated by QQwing %s","Популярная японская логическая головоломка

Головоломки создаются с помощью QQwing %s"
"src/gnome-sudoku.vala:503","translator-credits","Stas Solovey <whats_up@tut.by>, 2015-2018.
Yuri Myasoedov <ymyasoedov@yandex.ru>, 2012-2015."
"src/number-picker.vala:85","Clear","Очистить"
"src/sudoku-printer.vala:47","Error printing file:","Ошибка печати в файл:"
"src/sudoku-view.vala:667","Paused","Приостановлено"
"src/sudoku-window.vala:154","Select Difficulty","Выбрать сложность"
"src/sudoku-window.vala:215","Create Puzzle","Создать головоломку"
