"location","source","target"
"","po header","Project-Id-Version: unnamed project
Report-Msgid-Bugs-To: https://gitlab.gnome.org/GNOME/gnome-text-editor/issues
POT-Creation-Date: 2022-06-28 20:21+0000
PO-Revision-Date: 2022-06-21 23:47+1000
Last-Translator: Ser82-png <asvmail.as@gmail.com>
Language-Team: Russian <gnome-cyr@gnome.org>
Language: ru
MIME-Version: 1.0
Content-Type: text/plain; charset=UTF-8
Content-Transfer-Encoding: 8bit
Plural-Forms: nplurals=3; plural=(n%10==1 && n%100!=11 ? 0 : n%10>=2 && n%10<=4 && (n%100<10 || n%100>=20) ? 1 : 2);
X-Generator: Poedit 2.3
X-DL-Team: ru
X-DL-Module: gnome-text-editor
X-DL-Branch: main
X-DL-Domain: po
X-DL-State: None
"
"data/org.gnome.TextEditor.appdata.xml.in.in:6","Christian Hergert, et al.","Christian Hergert и др."
"data/org.gnome.TextEditor.appdata.xml.in.in:8 data/org.gnome.TextEditor.desktop.in.in:7 data/org.gnome.TextEditor.desktop.in.in:8 src/editor-application-actions.c:192","Text Editor","Текстовый редактор"
"data/org.gnome.TextEditor.appdata.xml.in.in:10","A Text Editor for GNOME","Текстовый редактор для GNOME"
"data/org.gnome.TextEditor.appdata.xml.in.in:12","GNOME Text Editor is a simple text editor focused on a pleasing default experience.","GNOME Text Editor - это простой текстовый редактор, нацеленный на положительный опыт использования."
"data/org.gnome.TextEditor.desktop.in.in:9","View and edit text files","Просмотр и редактирование текстовых файлов"
"data/org.gnome.TextEditor.gschema.xml:16","Auto Save Delay","Задержка автосохранения"
"data/org.gnome.TextEditor.gschema.xml:17","The delay in seconds to wait before auto-saving a draft.","Задержка в секундах до автоматического сохранения черновика."
"data/org.gnome.TextEditor.gschema.xml:26","Style Variant","Вариант стиля"
"data/org.gnome.TextEditor.gschema.xml:27","Use the light or dark variant of the GTK theme and/or GtkSourceView style scheme.","Используйте светлый или тёмный вариант темы GTK и/или схемы стиля GtkSourceView."
"data/org.gnome.TextEditor.gschema.xml:35","Indentation Style","Стиль отступа"
"data/org.gnome.TextEditor.gschema.xml:36","If the editor should insert multiple spaces characters instead of tabs.","Если редактор должен вставить несколько пробелов вместо табуляции."
"data/org.gnome.TextEditor.gschema.xml:40","Auto Indent","Автоматический отступ"
"data/org.gnome.TextEditor.gschema.xml:41","Automatically indent new lines copying the previous line's indentation.","Автоматически делать отступ для новых строк, копируя отступ предыдущей строки."
"data/org.gnome.TextEditor.gschema.xml:46","Tab Width","Ширина табуляции"
"data/org.gnome.TextEditor.gschema.xml:47","The number of spaces represented by a tab.","Количество пробелов, представленных табуляцией."
"data/org.gnome.TextEditor.gschema.xml:52","Indent Width","Ширина отступа"
"data/org.gnome.TextEditor.gschema.xml:53","The number of spaces to indent or -1 to use tab-width.","Число пробелов для отступа или -1 для использования ширины табуляции."
"data/org.gnome.TextEditor.gschema.xml:57","Show Line Numbers","Показывать номера строк"
"data/org.gnome.TextEditor.gschema.xml:58","If line numbers should be displayed next to each line.","Если номера строк должны отображаться рядом с каждой строкой."
"data/org.gnome.TextEditor.gschema.xml:62","Show Right Margin","Показывать правый край"
"data/org.gnome.TextEditor.gschema.xml:63","If a margin line should be displayed on the right of the editor.","Если линия края должна отображаться в правой части редактора."
"data/org.gnome.TextEditor.gschema.xml:68","Right Margin Position","Положение правого края"
"data/org.gnome.TextEditor.gschema.xml:69","The position in characters at which the right margin should be displayed.","Позиция в символах, на которую должен быть отображён правый края."
"data/org.gnome.TextEditor.gschema.xml:73","Show Overview Map","Показывать обзорную карту"
"data/org.gnome.TextEditor.gschema.xml:74","If enabled, an overview map of the file will be displayed to the side of the editor.","Если включено, обзорная карта файла будет отображаться сбоку от редактора."
"data/org.gnome.TextEditor.gschema.xml:78","Show Background Grid","Показывать фоновую сетку"
"data/org.gnome.TextEditor.gschema.xml:79","If enabled, a blueprint style grid is printed on the editor background.","Если включено, то на фоне редактора будет отображена сетка."
"data/org.gnome.TextEditor.gschema.xml:83","Highlight current line","Выделять текущую строку"
"data/org.gnome.TextEditor.gschema.xml:84","If enabled, the current line will be highlighted.","Если включено, текущая строка будет выделена."
"data/org.gnome.TextEditor.gschema.xml:88","Text Wrapping","Переносить текст"
"data/org.gnome.TextEditor.gschema.xml:89","If text should be wrapped.","Требуется ли переносить текст."
"data/org.gnome.TextEditor.gschema.xml:93","Use System Font","Использовать системный шрифт"
"data/org.gnome.TextEditor.gschema.xml:94","If the default system monospace font should be used.","Если требуется использовать по умолчанию системный моноширинный шрифт."
"data/org.gnome.TextEditor.gschema.xml:98 src/editor-preferences-dialog.ui:57","Custom Font","Текущий шрифт"
"data/org.gnome.TextEditor.gschema.xml:99","A custom font to use in the editor.","Текущий шрифт для использования в редакторе."
"data/org.gnome.TextEditor.gschema.xml:103","Style Scheme","Схема стиля"
"data/org.gnome.TextEditor.gschema.xml:104","The style scheme to use by the editor. It may translate this into a dark format when available.","Схема стилей, используемая редактором. Можно перевести в темный формат, если таковой имеется."
"data/org.gnome.TextEditor.gschema.xml:108","Discover File Settings","Определить параметры файла"
"data/org.gnome.TextEditor.gschema.xml:109","If enabled then Text Editor will try to discover file settings from modelines, editorconfig, or per-language defaults.","Если этот параметр включен, текстовый редактор будет пытаться обнаружить настройки файла из modelines, editorconfig или значений по умолчанию для каждого языка."
"data/org.gnome.TextEditor.gschema.xml:113","Automatically check spelling","Автоматически проверять орфографию"
"data/org.gnome.TextEditor.gschema.xml:114","If enabled, then Text Editor will check spelling as you type.","Если этот параметр включен, текстовый редактор будет проверять орфографию по мере ввода."
"data/org.gnome.TextEditor.gschema.xml:118","Restore session","Восстанавливать сеанс"
"data/org.gnome.TextEditor.gschema.xml:119","When Text Editor is run, restore the previous session.","Восстанавливается предыдущий сеанс при запуске текстового редактора."
"data/org.gnome.TextEditor.gschema.xml:123","Recolor Window","Перекрасить окно"
"data/org.gnome.TextEditor.gschema.xml:124","Use the style-scheme to recolor the application window.","Используйте схему стиля, чтобы перекрасить окно приложения."
"data/org.gnome.TextEditor.gschema.xml:132","Keybindings","Назначение клавиш"
"data/org.gnome.TextEditor.gschema.xml:133","The keybindings to use within Text Editor.","Привязки клавиш для использования в текстовом редакторе."
"data/org.gnome.TextEditor.gschema.xml:137","Last Save Directory","Каталог последнего сохранения"
"data/org.gnome.TextEditor.gschema.xml:138","The directory last used in a save or save-as dialog.","Каталог, который последний раз использовался в диалоговом окне «Сохранить как»."
"data/org.gnome.TextEditor.gschema.xml:142","Draw Spaces","Отображение пробелов"
"data/org.gnome.TextEditor.gschema.xml:143","The various types of spaces to draw in the editor.","Различные типы пробелов для отображения в редакторе."
"data/org.gnome.TextEditor.gschema.xml:147","Enable Snippets","Включить сниппеты"
"data/org.gnome.TextEditor.gschema.xml:148","Enable the use of snippets registered with GtkSourceView from within the editor.","Включить использование сниппетов, зарегистрированных в GtkSourceView,  в редакторе."
"data/org.gnome.TextEditor.gschema.xml:153","Line Height","Высота строки"
"data/org.gnome.TextEditor.gschema.xml:154","The line height to use for the selected font.","Высота строки для выбранного шрифта."
"src/editor-animation.c:1038","Failed to find property %s in %s","Не удалось найти свойство %s в %s"
"src/editor-animation.c:1047","Failed to retrieve va_list value: %s","Не удалось получить значение va_list: %s"
"src/editor-application-actions.c:206","Learn More about Text Editor","Узнать больше о текстовом редакторе"
"src/editor-application-actions.c:207","translator-credits","Ser82-png <asvmail.as@gmail.com>, 2022"
"src/editor-application.c:460","Standard input was requested multiple times. Ignoring request.","Стандартный ввод был запрошен несколько раз. Запрос проигнорирован."
"src/editor-application.c:464","Standard input is not supported on this platform. Ignoring request.","Стандартный ввод не поддерживается на этой платформе. Запрос проигнорирован."
"src/editor-application.c:552","Bugs may be reported at:","Об ошибках можно сообщать по адресу:"
"src/editor-application.c:666","Do not restore session at startup","Не восстанавливать сеанс при запуске"
"src/editor-application.c:667","Open provided files in a new window","Открыть предоставленные файлы в новом окне"
"src/editor-application.c:668","Run a new instance of Text Editor (implies --ignore-session)","Запустить новый экземпляр текстового редактора (подразумевается --ignore-session)"
"src/editor-application.c:669","Print version information and exit","Напечатать информацию о версии и выйти"
"src/editor-document.c:1948","[Read-Only]","[Только чтение]"
"src/editor-document.c:2236 src/editor-page.c:987 src/editor-sidebar-item.c:489","New Document","Новый документ"
"src/editor-file-manager.c:99","File path is NULL","Путь к файлу равен NULL"
"src/editor-file-manager.c:108 src/editor-file-manager.c:119","Error converting UTF-8 filename to wide char","Ошибка преобразования имени файла UTF-8 в широкий символ"
"src/editor-file-manager.c:127","ILCreateFromPath() failed","Ошибка ILCreateFromPath()"
"src/editor-file-manager.c:164","Cannot convert “%s” into a valid NSURL.","Не удается преобразовать «%s» в действительный NSURL."
"src/editor-info-bar.c:76","_Discard Changes and Reload","_Отменить изменения и перезагрузить"
"src/editor-info-bar.c:79","File Has Changed on Disk","Файл на диске был изменен"
"src/editor-info-bar.c:80","The file has been changed by another program.","Этот файл был изменен другой программой."
"src/editor-info-bar.c:89 src/editor-window.ui:216","Save _As…","Сохранить _как…"
"src/editor-info-bar.c:91 src/editor-info-bar.ui:63","Document Restored","Документ восстановлен"
"src/editor-info-bar.c:92 src/editor-info-bar.ui:73","Unsaved document has been restored.","Несохраненный документ был восстановлен."
"src/editor-info-bar.c:98","_Save…","С_охранить…"
"src/editor-info-bar.c:100 src/editor-info-bar.ui:81","_Discard…","_Сбросить…"
"src/editor-info-bar.c:102","Draft Changes Restored","Черновик изменений восстановлен"
"src/editor-info-bar.c:103","Unsaved changes to the document have been restored.","Несохраненные изменения в документе восстановлены."
"src/editor-info-bar.ui:19","Could Not Open File","Не удалось открыть файл"
"src/editor-info-bar.ui:29","You do not have permission to open the file.","У вас нет прав на открытие файла."
"src/editor-info-bar.ui:37","_Retry","_Повторить"
"src/editor-info-bar.ui:44","Open As _Administrator","Открыть как _Администратор"
"src/editor-language-dialog.ui:6 src/editor-window.c:194","Document Type","Тип документа"
"src/editor-language-dialog.ui:52","No Matches","Нет совпадений"
"src/editor-open-popover.ui:67","No Recent Documents","Отсутствуют недавно открытые документы"
"src/editor-open-popover.ui:94","No Results Found","Результатов не найдено"
"src/editor-page.c:1009 src/editor-properties-dialog.c:74 src/editor-sidebar-item.c:84","Draft","Черновик"
"src/editor-page.c:1021","%s (Administrator)","%s (Администратор)"
"src/editor-page.c:1029 src/editor-sidebar-item.c:98","Document Portal","Портал документов"
"src/editor-page.c:1075","Failed to save document","Ошибка при сохранении документа"
"src/editor-page.c:1076 src/editor-window.ui:359","_Close","_Закрыть"
"src/editor-page.c:1160","Save As","Сохранить как"
"src/editor-page.c:1163","Save","Сохранить"
"src/editor-page.c:1164 src/editor-window-actions.c:352","Cancel","Отмена"
"src/editor-page.c:1310","Ln %u, Col %u","Стр. %u, Поз. %u"
"src/editor-page.ui:98","Go to Line","Перейти к строке"
"src/editor-page.ui:116","Go","Перейти"
"src/editor-page.ui:153 src/editor-window.ui:277","Indentation","Отступ"
"src/editor-page.ui:156 src/editor-window.ui:279","_Automatic Indentation","_Автоматический отступ"
"src/editor-page.ui:162 src/editor-window.ui:283","_Tabs","_Табуляция"
"src/editor-page.ui:167 src/editor-window.ui:288","_Spaces","_Пробелы"
"src/editor-page.ui:174 src/editor-window.ui:293","Spaces _Per Tab","Пробелов на _табуляцию"
"src/editor-page.ui:176 src/editor-page.ui:204","2","2"
"src/editor-page.ui:181 src/editor-page.ui:209","4","4"
"src/editor-page.ui:186 src/editor-page.ui:214","6","6"
"src/editor-page.ui:191 src/editor-page.ui:219","8","8"
"src/editor-page.ui:197","Spaces Per Indent","Пробелов на отступ"
"src/editor-page.ui:199","Use Tab Size","Использовать размер табуляции"
"src/editor-position-label.ui:15","Ln","Стр."
"src/editor-position-label.ui:35","Col","Поз."
"src/editor-preferences-dialog.ui:17","Appearance","Внешний вид"
"src/editor-preferences-dialog.ui:79","Display Grid Pattern","Показывать сетку"
"src/editor-preferences-dialog.ui:85","Highlight Current Line","Выделять текущую строку"
"src/editor-preferences-dialog.ui:91","Display Overview Map","Показывать обзорную карту"
"src/editor-preferences-dialog.ui:99","Right Margin","Правый край"
"src/editor-preferences-dialog.ui:102","Margin Position","Положение края"
"src/editor-preferences-dialog.ui:110","Behavior","Поведение"
"src/editor-preferences-dialog.ui:113","Discover Document Settings","Автоматически определять настройки документа"
"src/editor-preferences-dialog.ui:114","Apply settings using modelines, editorconfig, or sensible defaults","Применять настройки из modeline, editorconfig или использовать разумные значения по умолчанию"
"src/editor-preferences-dialog.ui:120","Restore Session","Восстанавливать сеанс"
"src/editor-preferences-dialog.ui:121","Return to your previous session when Text Editor is started","Возвращаться к предыдущему сеансу при запуске текстового редактора"
"src/editor-preferences-dialog.ui:136","_Clear History","Очистить _историю"
"src/editor-preferences-font.c:100","Select Font","Выбрать шрифт"
"src/editor-print-operation.c:176","Draft: %s","Черновик: %s"
"src/editor-print-operation.c:178","File: %s","Файл: %s"
"src/editor-print-operation.c:189","Page %N of %Q","Страница %N из %Q"
"src/editor-properties-dialog.ui:6","Properties","Свойства"
"src/editor-properties-dialog.ui:27","File","Файл"
"src/editor-properties-dialog.ui:30","Name","Название"
"src/editor-properties-dialog.ui:45","Location","Расположение"
"src/editor-properties-dialog.ui:63","Statistics","Статистика"
"src/editor-properties-dialog.ui:66","Lines","Строк"
"src/editor-properties-dialog.ui:81","Words","Слов"
"src/editor-properties-dialog.ui:96","Characters, No Spaces","Символов без пробелов"
"src/editor-properties-dialog.ui:111","All Characters","Всего символов"
"src/editor-save-changes-dialog.c:254 src/editor-window-actions.c:242","_Discard","_Не сохранять"
"src/editor-save-changes-dialog.c:254","_Discard All","Не сохранять _все"
"src/editor-save-changes-dialog.c:257","Save Changes?","Сохранить изменения?"
"src/editor-save-changes-dialog.c:258","Open documents contain unsaved changes. Changes which are not saved will be permanently lost.","В открытых документах есть несохраненные изменения. Изменения, которые не были сохранены, будут безвозвратно потеряны."
"src/editor-save-changes-dialog.c:261 src/editor-window-actions.c:116 src/editor-window-actions.c:241","_Cancel","_Отменить"
"src/editor-save-changes-dialog.c:263 src/editor-window-actions.c:117 src/editor-window.ui:210","_Save","Со_хранить"
"src/editor-save-changes-dialog.c:293","Untitled Document","Безымянный документ"
"src/editor-save-changes-dialog.c:296","%s (new)","%s (новый)"
"src/editor-save-changes-dialog.c:317","Save changes for this document","Сохранить изменения для этого документа"
"src/editor-search-bar.ui:33","Replace","Заменить"
"src/editor-search-bar.ui:51","Move to previous match (Ctrl+Shift+G)","Перейти к предыдущему совпадению (Ctrl+Shift+G)"
"src/editor-search-bar.ui:59","Move to next match (Ctrl+G)","Перейти к следующему совпадению (Ctrl+G)"
"src/editor-search-bar.ui:71","Search & Replace (Ctrl+H)","Найти и заменить (Ctrl+H)"
"src/editor-search-bar.ui:81","Toggle search options","Переключить параметры поиска"
"src/editor-search-bar.ui:95","Close search","Закрыть поиск"
"src/editor-search-bar.ui:112","_Replace","_Заменить"
"src/editor-search-bar.ui:124","Replace _All","Заменить _все"
"src/editor-search-bar.ui:140","Re_gular expressions","_Регулярные выражения"
"src/editor-search-bar.ui:146","_Case sensitive","_Учитывать регистр"
"src/editor-search-bar.ui:152","Match whole _word only","Искать только слово _целиком"
"src/editor-search-entry.c:197","%u of %u","%u из %u"
"src/editor-spell-menu.c:248","Add to Dictionary","Добавить в словарь"
"src/editor-spell-menu.c:249","Ignore","Игнорировать"
"src/editor-spell-menu.c:250","Check Spelling","Проверять орфографию"
"src/editor-spell-menu.c:259","Languages","Языки"
"src/editor-theme-selector.ui:22 src/editor-theme-selector.ui:24","Follow system style","Системный стиль"
"src/editor-theme-selector.ui:39 src/editor-theme-selector.ui:41","Light style","Светлый стиль"
"src/editor-theme-selector.ui:57 src/editor-theme-selector.ui:59","Dark style","Тёмный стиль"
"src/editor-utils.c:348","Just now","Прямо сейчас"
"src/editor-utils.c:350","An hour ago","Час назад"
"src/editor-utils.c:352","Yesterday","Вчера"
"src/editor-utils.c:358","About a year ago","Около года назад"
"src/editor-utils.c:362","About %u year ago
msgid_plural: About %u years ago","msgstr[0]: Около %u года назад
msgstr[1]: Около %u лет назад
msgstr[2]: Около %u лет назад"
"src/editor-utils.c:370","Unix/Linux (LF)","Unix/Linux (LF)"
"src/editor-utils.c:371","Mac OS Classic (CR)","Mac OS Classic (CR)"
"src/editor-utils.c:372","Windows (CR+LF)","Windows (CR+LF)"
"src/editor-utils.c:402","Automatically Detected","Автоопределение"
"src/editor-utils.c:418","Character Encoding:","Кодировка символов:"
"src/editor-utils.c:453","Line Ending:","Окончание строки:"
"src/editor-window-actions.c:110","Saving changes will replace the previously saved version.","Сохранение изменений заменит ранее сохраненную версию."
"src/editor-window-actions.c:113","Save Changes to “%s”?","Сохранить изменения в «%s»?"
"src/editor-window-actions.c:235","Unsaved changes will be permanently lost.","Несохраненные изменения будут безвозвратно утеряны."
"src/editor-window-actions.c:238","Discard Changes to “%s”?","Отменить изменения в «%s»?"
"src/editor-window-actions.c:348","Open File","Открыть файл"
"src/editor-window-actions.c:351","Open","Открыть"
"src/editor-window-actions.c:376","All Files","Все файлы"
"src/editor-window-actions.c:381","Text Files","Текстовые файлы"
"src/editor-window.c:206","Document Type: %s","Тип документа: %s"
"src/editor-window.c:727","%s (%s) - Text Editor","%s (%s) - текстовый редактор"
"src/editor-window.c:1130","There are unsaved documents","Имеются несохранённые документы"
"src/editor-window.ui:78","_Open","_Открыть"
"src/editor-window.ui:80","Open recent document (Ctrl+K)","Открыть недавний документ (Ctrl+K)"
"src/editor-window.ui:92 src/editor-window.ui:94","New tab (Ctrl+T)","Новая вкладка (Ctrl+T)"
"src/editor-window.ui:120 src/editor-window.ui:124","View","Вид"
"src/editor-window.ui:133","Menu","Меню"
"src/editor-window.ui:166","Start or Open a Document","Создать или открыть документ"
"src/editor-window.ui:169","• Press the Open button
• Press the New tab button
• Press Ctrl+N to start a new document
• Press Ctrl+O to browse for a document

Or, press Ctrl+W to close the window.","• Нажмите кнопку «Открыть»
• Нажмите кнопку «Новая вкладка»
• Нажмите Ctrl+N, чтобы создать новый документ
• Нажмите Ctrl+O, чтобы открыть документ

Или нажмите Ctrl+W, чтобы закрыть окно."
"src/editor-window.ui:202","_New Window","_Создать окно"
"src/editor-window.ui:222","_Discard Changes","_Отменить изменения"
"src/editor-window.ui:228","_Find/Replace…","_Найти/Заменить…"
"src/editor-window.ui:234","_Print","_Печать"
"src/editor-window.ui:240","Documen_t Properties","Свойства докум_ента"
"src/editor-window.ui:246","P_references","_Параметры"
"src/editor-window.ui:251","_Keyboard Shortcuts","_Комбинации клавиш"
"src/editor-window.ui:255","_Help","_Справка"
"src/editor-window.ui:259","A_bout Text Editor","_О текстовом редакторе"
"src/editor-window.ui:266","Show","Показывать"
"src/editor-window.ui:268","_Line Numbers","_Номера строк"
"src/editor-window.ui:272","_Right Margin","Правый _край"
"src/editor-window.ui:296","_2","_2"
"src/editor-window.ui:301","_4","_4"
"src/editor-window.ui:306","_6","_6"
"src/editor-window.ui:311","_8","_8"
"src/editor-window.ui:320","T_ext Wrapping","Перенос т_екста"
"src/editor-window.ui:324","Chec_k Spelling","Проверять _орфографию"
"src/editor-window.ui:328","_Document Type","Тип _документа"
"src/editor-window.ui:336","Move _Left","Переместить в_лево"
"src/editor-window.ui:341","Move _Right","Переместить в_право"
"src/editor-window.ui:348","_Move to New Window","Переместить в _новое окно"
"src/editor-window.ui:355","Close _Other Tabs","Закрыть _остальные вкладки"
"src/enchant/editor-enchant-spell-provider.c:123","Enchant 2","Enchant 2"
"src/help-overlay.ui:9","Editor Shortcuts","Редактор комбинации клавиш"
"src/help-overlay.ui:12","Windows","Окна"
"src/help-overlay.ui:15","New window","Создать окно"
"src/help-overlay.ui:21","Move document to new window","Переместить документ в новое окно"
"src/help-overlay.ui:28","Move to next tab","Перейти к следующей вкладке"
"src/help-overlay.ui:34","Move to previous tab","Перейти к предыдущей вкладке"
"src/help-overlay.ui:40","Reorder after next tab","Перегруппировать после следующей вкладки"
"src/help-overlay.ui:46","Reorder before previous tab","Перегруппировать перед предыдущей вкладкой"
"src/help-overlay.ui:52","Restore previously closed tab","Восстановить ранее закрытую вкладку"
"src/help-overlay.ui:59","Zoom","Масштаб"
"src/help-overlay.ui:63","Zoom In","Увеличить"
"src/help-overlay.ui:69","Zoom Out","Уменьшить"
"src/help-overlay.ui:75","Reset Zoom","Сбросить масштаб"
"src/help-overlay.ui:82","Documents","Документы"
"src/help-overlay.ui:85","New document","Создать документ"
"src/help-overlay.ui:91","Browse to open document","Обзор для открытия документа"
"src/help-overlay.ui:97","Find document by name","Искать документ по названию"
"src/help-overlay.ui:103","Save","Сохранить"
"src/help-overlay.ui:109","Save As","Сохранить как"
"src/help-overlay.ui:115","Find/Replace","Найти/Заменить"
"src/help-overlay.ui:121","Close document","Закрыть документ"
"src/help-overlay.ui:129","Copy and Paste","Копировать и вставить"
"src/help-overlay.ui:133","Copy selected text to clipboard","Копировать выделенный текст в буфер обмена"
"src/help-overlay.ui:139","Cut selected text to clipboard","Вырезать выделенный текст в буфер обмена"
"src/help-overlay.ui:145","Paste text from clipboard","Вставить текст из буфера обмена"
"src/help-overlay.ui:150","Copy all to clipboard","Копировать все в буфер обмена"
"src/help-overlay.ui:158","Undo and Redo","Отменить и вернуть"
"src/help-overlay.ui:162","Undo previous command","Отменить предыдущую команду"
"src/help-overlay.ui:168","Redo previous command","Вернуть предыдущую команду"
"src/help-overlay.ui:175","Editing","Редактирование"
"src/help-overlay.ui:179","Insert emoji into document","Вставить emoji в документ"
"src/help-overlay.ui:185","Search within the document","Поиск в документе"
"src/help-overlay.ui:191","Search and replace within the document","Поиск и замена в документе"
"src/help-overlay.ui:197","Increment number at cursor","Увеличить число под курсором"
"src/help-overlay.ui:203","Decrement number at cursor","Уменьшить число под курсором"
"src/help-overlay.ui:209","Toggle overwrite","Переключить перезапись"
"src/help-overlay.ui:215","Toggle visibility of insertion caret","Переключить видимость символа вставки"
"src/help-overlay.ui:222","Selections","Выделение"
"src/help-overlay.ui:226","Select all","Выделить все"
"src/help-overlay.ui:232","Unselect all","Снять выделение со всего"
"src/help-overlay.ui:238","Select current line","Выделить текущую строку"
"src/help-overlay.ui:245","Movements","Перемещения"
"src/help-overlay.ui:249","Move to beginning of document","Перейти к началу документа"
"src/help-overlay.ui:255","Move to end of document","Перейти в конец документа"
"src/help-overlay.ui:261","Move to start of previous paragraph","Перейти к началу предыдущего абзаца"
"src/help-overlay.ui:267","Move to end of next paragraph","Перейти к концу следующего абзаца"
"src/help-overlay.ui:273","Move current or selected lines up","Переместить текущую или выбранную строку вверх"
"src/help-overlay.ui:279","Move current or selected lines down","Переместить текущую или выбранную строку вниз"
"src/help-overlay.ui:285","Go to line","Перейти к строке"
"src/help-overlay.ui:292","Deletion","Удаление"
"src/help-overlay.ui:296","Delete from cursor to word start","Удалить от курсора до начала слова"
"src/help-overlay.ui:302","Delete from cursor to word end","Удалить от курсора до конца слова"
"src/help-overlay.ui:308","Delete from cursor to paragraph start","Удалить от курсора до начала абзаца"
"src/help-overlay.ui:314","Delete from cursor to paragraph end","Удалить от курсора до конца абзаца"
"src/help-overlay.ui:320","Delete the current line","Удалить текущую строку"
