"location","source","target"
"","po header","Project-Id-Version: gnome-weather master
Report-Msgid-Bugs-To: https://gitlab.gnome.org/GNOME/gnome-weather/issues
POT-Creation-Date: 2022-06-14 15:27+0000
PO-Revision-Date: 2022-05-30 14:48+0300
Last-Translator: Aleksandr Melman <Alexmelman88@gmail.com>
Language-Team: Russian <Alexmelman88@gmail.com>
Language: ru
MIME-Version: 1.0
Content-Type: text/plain; charset=UTF-8
Content-Transfer-Encoding: 8bit
Plural-Forms: nplurals=3; plural=(n%10==1 && n%100!=11 ? 0 : n%10>=2 && n%10<=4 && (n%100<10 || n%100>=20) ? 1 : 2);
X-Generator: Poedit 3.0.1
X-DL-Team: ru
X-DL-Module: gnome-weather
X-DL-Branch: master
X-DL-Domain: po
X-DL-State: Translated
"
"data/org.gnome.Weather.appdata.xml.in.in:5 data/org.gnome.Weather.desktop.in.in:4 data/window.ui:73 src/app/application.js:43 src/app/window.js:169 src/service/main.js:49","Weather","Погода"
"data/org.gnome.Weather.appdata.xml.in.in:6 data/org.gnome.Weather.desktop.in.in:5","Show weather conditions and forecast","Показать погодные условия и прогноз"
"data/org.gnome.Weather.appdata.xml.in.in:16","A small application that allows you to monitor the current weather conditions for your city, or anywhere in the world.","Небольшое приложение, которое позволяет отслеживать текущее состояние погоды для вашего города или любой точки мира."
"data/org.gnome.Weather.appdata.xml.in.in:20","It provides access to detailed forecasts, up to 7 days, with hourly details for the current and next day, using various internet services.","Оно также предоставляет доступ к подробному прогнозу погоды (до 7 дней) от различных Интернет-служб."
"data/org.gnome.Weather.appdata.xml.in.in:24","It also optionally integrates with the GNOME Shell, allowing you to see the current conditions of the most recently searched cities by just typing the name in the Activities Overview.","Приложение также опционально интегрируется с GNOME Shell, позволяя вам видеть текущие условия в городах, в которых недавно проводился поиск, просто набрав название города в Обзорном режиме."
"data/org.gnome.Weather.appdata.xml.in.in:199","The GNOME Project","Проект GNOME"
"data/org.gnome.Weather.desktop.in.in:13","Weather;Forecast;","Погода;Прогноз;"
"data/org.gnome.Weather.desktop.in.in:14","Allows weather information to be displayed for your location.","Позволяет показывать информацию о погоде для вашего местоположения."
"data/org.gnome.Weather.gschema.xml:6","Configured cities to show weather for","Настроенные местоположения для прогноза погоды"
"data/org.gnome.Weather.gschema.xml:7","The locations shown in the world view of gnome-weather. Each value is a GVariant returned by gweather_location_serialize().","Местоположения отображаемые в gnome-weather. Каждое значение GVariant возвращается gweather_location_serialize ()."
"data/city.ui:24","Loading…","Загрузка…"
"data/day-entry.ui:20","Night","Ночь"
"data/day-entry.ui:33","Morning","Утро"
"data/day-entry.ui:46","Afternoon","Полдень"
"data/day-entry.ui:59","Evening","Вечер"
"data/places-popover.ui:15 data/places-popover.ui:76","Search for a city","Поиск по городу"
"data/weather-widget.ui:42","Places","Местоположения"
"data/weather-widget.ui:92","Hourly","Почасовой"
"data/weather-widget.ui:123","Daily","Ежедневный"
"data/window.ui:6","Temperature Unit","Единица измерения"
"data/window.ui:8","_Celsius","_Цельсий"
"data/window.ui:13","_Fahrenheit","_Фаренгейт"
"data/window.ui:21","_About Weather","_О приложении"
"data/window.ui:40","Refresh","Обновить"
"data/window.ui:60","Select Location","Выбрать местоположение"
"data/window.ui:100","Welcome to Weather!","Добро пожаловать в  приложение Погода!"
"data/window.ui:101","To get started, select a location.","Чтобы начать, выберите местоположение."
"data/window.ui:107","Search for a city or country","Поиск по городу или стране"
"src/app/city.js:203","Feels like %.0f°","По ощущениям, %.0f°"
"src/app/city.js:233","Updated just now.","Обновлено только что."
"src/app/city.js:238","Updated %d minute ago.
msgid_plural: Updated %d minutes ago.","msgstr[0]: Обновлено %d минуту назад.
msgstr[1]: Обновлено %d минуты назад.
msgstr[2]: Обновлено %d минут назад."
"src/app/city.js:244","Updated %d hour ago.
msgid_plural: Updated %d hours ago.","msgstr[0]: Обновлено %d час назад.
msgstr[1]: Обновлено %d часа назад.
msgstr[2]: Обновлено %d часов назад."
"src/app/city.js:250","Updated %d day ago.
msgid_plural: Updated %d days ago.","msgstr[0]: Обновлено %d день назад.
msgstr[1]: Обновлено %d дня назад.
msgstr[2]: Обновлено %d дней назад."
"src/app/city.js:256","Updated %d week ago.
msgid_plural: Updated %d weeks ago.","msgstr[0]: Обновлено %d неделю назад.
msgstr[1]: Обновлено %d недели назад.
msgstr[2]: Обновлено %d недель назад."
"src/app/city.js:261","Updated %d month ago.
msgid_plural: Updated %d months ago.","msgstr[0]: Обновлено %d месяц назад.
msgstr[1]: Обновлено %d месяца назад.
msgstr[2]: Обновлено %d месяцев назад."
"src/app/dailyForecast.js:36","Daily Forecast","Прогноз на день"
"src/app/dailyForecast.js:101 src/app/hourlyForecast.js:90","Forecast not Available","Прогноз недоступен"
"src/app/dailyForecast.js:219","%b %e","%e %b"
"src/app/hourlyForecast.js:41","Hourly Forecast","Прогноз на час"
"src/app/hourlyForecast.js:107","Now","Сейчас"
"src/app/hourlyForecast.js:114","%l∶%M %p","%l∶%M %p"
"src/app/window.js:168","translator-credits","Stas Solovey <whats_up@tut.by>, 2012-2019.
Yuri Myasoedov <ymyasoedov@yandex.ru>, 2014-2016.
Aleksandr Melman <alexmelman88@gmail.com>, 2022"
"src/app/window.js:170","A weather application","Программа просмотра погоды"
"src/app/world.js:39","World view","Глобальный режим просмотра"
"src/misc/util.js:103","%s / %s","%s / %s"
"src/service/searchProvider.js:182","%s, %s","%s, %s"
