"location","source","target"
"","po header","Project-Id-Version: gcalctool trunk
Report-Msgid-Bugs-To: https://gitlab.gnome.org/GNOME/gnome-calculator/issues
POT-Creation-Date: 2022-05-06 20:18+0000
PO-Revision-Date: 2022-02-13 20:07+0300
Last-Translator: Aleksandr Melman <Alexmelman88@gmail.com>
Language-Team: Русский <gnome-cyr@gnome.org>
Language: ru
MIME-Version: 1.0
Content-Type: text/plain; charset=UTF-8
Content-Transfer-Encoding: 8bit
Plural-Forms: nplurals=3; plural=(n%10==1 && n%100!=11 ? 0 : n%10>=2 && n%10<=4 && (n%100<10 || n%100>=20) ? 1 : 2);
X-Generator: Poedit 3.0.1
"
"data/org.gnome.Calculator.appdata.xml.in:7 data/org.gnome.Calculator.desktop.in:3 src/gnome-calculator.vala:81 src/gnome-calculator.vala:324 src/ui/math-window.ui:107","Calculator","Калькулятор"
"data/org.gnome.Calculator.appdata.xml.in:8 data/org.gnome.Calculator.desktop.in:4","Perform arithmetic, scientific or financial calculations","Вычисления: арифметические, научные и финансовые"
"data/org.gnome.Calculator.appdata.xml.in:10","Calculator is an application that solves mathematical equations. Though it at first appears to be a simple calculator with only basic arithmetic operations, you can switch into Advanced, Financial, or Programming mode to find a surprising set of capabilities.","Калькулятор - это приложение, которое решает математические уравнения. Хотя на первый взгляд это простой калькулятор с базовыми арифметическими операциями, вы можете переключиться в расширенный режим, финансовый режим или режим программирования, чтобы обнаружить удивительный набор возможностей."
"data/org.gnome.Calculator.appdata.xml.in:16","The Advanced calculator supports many operations, including: logarithms, factorials, trigonometric and hyperbolic functions, modulus division, complex numbers, random number generation, prime factorization and unit conversions.","Расширенный режим поддерживает многие операции, включая: логарифмы, факториалы, тригонометрические и гиперболические функции, деление по модулю, комплексные числа, генератор случайных чисел, разложение на простые множители и преобразование единиц измерений."
"data/org.gnome.Calculator.appdata.xml.in:22","Financial mode supports several computations, including periodic interest rate, present and future value, double declining and straight line depreciation, and many others.","Финансовый режим поддерживает несколько вычислений, включая периодическую процентную ставку, текущую и будущую стоимость, удвоенная и равномерная амортизация и многие другие."
"data/org.gnome.Calculator.appdata.xml.in:27","Programming mode supports conversion between common bases (binary, octal, decimal, and hexadecimal), boolean algebra, one’s and two’s complementation, character to character code conversion, and more.","Программный режим поддерживает преобразования между распространёнными системами счисления (двоичной, восьмеричной, десятичной и шестнадцатиричной), булеву алгебру, обратный и дополнительный код числа, преобразование кодов символов и другие возможности."
"data/org.gnome.Calculator.appdata.xml.in:66","The GNOME Project","Проект GNOME"
"data/org.gnome.Calculator.desktop.in:6","calculation;arithmetic;scientific;financial;","вычисление;арифметические;научные;финансовые;"
"data/org.gnome.calculator.gschema.xml:25","Accuracy value","Точность значения"
"data/org.gnome.calculator.gschema.xml:26","The number of digits displayed after the numeric point","Количество знаков после запятой"
"data/org.gnome.calculator.gschema.xml:31","Word size","Размер слова"
"data/org.gnome.calculator.gschema.xml:32","The size of the words used in bitwise operations","Размер слова, используемый в побитовых операциях"
"data/org.gnome.calculator.gschema.xml:37","Numeric Base","Основание системы счисления"
"data/org.gnome.calculator.gschema.xml:38","The numeric base","Основание системы счисления"
"data/org.gnome.calculator.gschema.xml:42","Show Thousands Separators","Показывать разделители тысяч"
"data/org.gnome.calculator.gschema.xml:43","Indicates whether thousands separators are shown in large numbers.","Определяет, показывать ли разделители тысяч в больших числах."
"data/org.gnome.calculator.gschema.xml:47","Show Trailing Zeroes","Показывать незначащие нули после запятой"
"data/org.gnome.calculator.gschema.xml:48","Indicates whether any trailing zeroes after the numeric point should be shown in the display value.","Определяет, показываются ли незначащие нули после десятичной запятой."
"data/org.gnome.calculator.gschema.xml:52 src/ui/math-window.ui:56","Number format","Формат чисел"
"data/org.gnome.calculator.gschema.xml:53","The format to display numbers in","Показывать числа в формате"
"data/org.gnome.calculator.gschema.xml:57","Angle units","Единицы измерения углов"
"data/org.gnome.calculator.gschema.xml:58","The angle units to use","Использовать ед. изм. углов"
"data/org.gnome.calculator.gschema.xml:62","Currency update interval","Интервал обновления курсов"
"data/org.gnome.calculator.gschema.xml:63","How often the currency exchange rates should be updated. A value of 0 means the currency exchange rates won't be fetched from the network at all.","Как часто должны обновляться курсы валют. Значение 0 означает, что курсы валют не будут извлекаться из сети вообще."
"data/org.gnome.calculator.gschema.xml:67","Button mode","Кнопочный режим"
"data/org.gnome.calculator.gschema.xml:68","The button mode","Кнопочный режим"
"data/org.gnome.calculator.gschema.xml:72","Source currency","Исходная валюта"
"data/org.gnome.calculator.gschema.xml:73","Currency of the current calculation","Валюта текущего вычисления"
"data/org.gnome.calculator.gschema.xml:77","Target currency","Целевая валюта"
"data/org.gnome.calculator.gschema.xml:78","Currency to convert the current calculation into","Преобразовать текущее вычисление в валюту"
"data/org.gnome.calculator.gschema.xml:82","Source units","Исходные единицы"
"data/org.gnome.calculator.gschema.xml:83","Units of the current calculation","Единицы текущего вычисления"
"data/org.gnome.calculator.gschema.xml:87","Target units","Единицы результата"
"data/org.gnome.calculator.gschema.xml:88","Units to convert the current calculation into","Преобразовать текущее вычисление в единицы"
"data/org.gnome.calculator.gschema.xml:92","Internal precision","Точность"
"data/org.gnome.calculator.gschema.xml:93","The internal precision used with the MPFR library","Внутренняя точность для библиотеки MPFR"
"data/org.gnome.calculator.gschema.xml:97","Window position","Положение окна"
"data/org.gnome.calculator.gschema.xml:98","Window position (x and y) of the last closed window.","Положение (x ; y) последнего закрытого окна."
"lib/currency.vala:55","UAE Dirham","Дирхам ОАЭ"
"lib/currency.vala:56","Australian Dollar","Австралийский доллар"
"lib/currency.vala:57","Bangladeshi Taka","Бангладешская така"
"lib/currency.vala:58","Bulgarian Lev","Болгарский лев"
"lib/currency.vala:59","Bahraini Dinar","Бахрейнский динар"
"lib/currency.vala:60","Brunei Dollar","Брунейский доллар"
"lib/currency.vala:61","Brazilian Real","Бразильский реал"
"lib/currency.vala:62","Botswana Pula","Ботсванская пула"
"lib/currency.vala:63","Canadian Dollar","Канадский доллар"
"lib/currency.vala:64","CFA Franc","Франк КФА"
"lib/currency.vala:65","Swiss Franc","Швейцарский франк"
"lib/currency.vala:66","Chilean Peso","Чилийское песо"
"lib/currency.vala:67","Chinese Yuan","Китайский юань"
"lib/currency.vala:68","Colombian Peso","Колумбийское песо"
"lib/currency.vala:69","Czech Koruna","Чешская крона"
"lib/currency.vala:70","Danish Krone","Датская крона"
"lib/currency.vala:71","Algerian Dinar","Алжирский динар"
"lib/currency.vala:72","Estonian Kroon","Эстонская крона"
"lib/currency.vala:73","Euro","Евро"
"lib/currency.vala:74","British Pound Sterling","Британский фунт стерлингов"
"lib/currency.vala:75","Hong Kong Dollar","Гонконгский доллар"
"lib/currency.vala:76","Croatian Kuna","Хорватская куна"
"lib/currency.vala:77","Hungarian Forint","Венгерский форинт"
"lib/currency.vala:78","Indonesian Rupiah","Индонезийская рупия"
"lib/currency.vala:79","Israeli New Shekel","Новый израильский шекель"
"lib/currency.vala:80","Indian Rupee","Индийская рупия"
"lib/currency.vala:81","Iranian Rial","Иранский реал"
"lib/currency.vala:82","Icelandic Krona","Исландская крона"
"lib/currency.vala:83","Japanese Yen","Японская иена"
"lib/currency.vala:84","South Korean Won","Южнокорейская вона"
"lib/currency.vala:85","Kuwaiti Dinar","Кувейтский динар"
"lib/currency.vala:86","Kazakhstani Tenge","Казахстанский тенге"
"lib/currency.vala:87","Sri Lankan Rupee","Ланкийская рупия"
"lib/currency.vala:88","Libyan Dinar","Ливийский динар"
"lib/currency.vala:89","Mauritian Rupee","Маврикийская рупия"
"lib/currency.vala:90","Mexican Peso","Мексиканское песо"
"lib/currency.vala:91","Malaysian Ringgit","Малайзийский ринггит"
"lib/currency.vala:92","Norwegian Krone","Норвежская крона"
"lib/currency.vala:93","Nepalese Rupee","Непальская рупия"
"lib/currency.vala:94","New Zealand Dollar","Новозеландский доллар"
"lib/currency.vala:95","Omani Rial","Оманский риал"
"lib/currency.vala:96","Peruvian Nuevo Sol","Перуанский новый соль"
"lib/currency.vala:97","Philippine Peso","Филиппинское песо"
"lib/currency.vala:98","Pakistani Rupee","Пакистанская рупия"
"lib/currency.vala:99","Polish Zloty","Польский злотый"
"lib/currency.vala:100","Qatari Riyal","Катарский риял"
"lib/currency.vala:101","New Romanian Leu","Новый румынский лей"
"lib/currency.vala:102","Russian Rouble","Российский рубль"
"lib/currency.vala:103","Saudi Riyal","Саудовский риял"
"lib/currency.vala:104","Serbian Dinar","Сербский динар"
"lib/currency.vala:105","Swedish Krona","Шведская крона"
"lib/currency.vala:106","Singapore Dollar","Сингапурский доллар"
"lib/currency.vala:107","Thai Baht","Тайский бат"
"lib/currency.vala:108","Tunisian Dinar","Тунисский динар"
"lib/currency.vala:109","Turkish Lira","Турецкая лира"
"lib/currency.vala:110","T&T Dollar (TTD)","Доллар Тринидада и Тобаго"
"lib/currency.vala:111","US Dollar","Доллар США"
"lib/currency.vala:112","Uruguayan Peso","Уругвайское песо"
"lib/currency.vala:113","Venezuelan Bolívar","Венесуэльский боливар фуэрте"
"lib/currency.vala:114","South African Rand","Южноафриканский рэнд"
"lib/equation-lexer.vala:734 src/math-converter.vala:231","in","в"
"lib/equation-lexer.vala:734","to","к"
"lib/equation-parser.vala:735 lib/number.vala:434","The zeroth root of a number is undefined","Корень нулевой степени из числа не определён"
"lib/financial.vala:114","Error: the number of periods must be positive","Ошибка: количество периодов, должно быть положительным"
"lib/math-equation.vala:176","0,1,2,3,4,5,6,7,8,9,A,B,C,D,E,F","0,1,2,3,4,5,6,7,8,9,A,B,C,D,E,F"
"lib/math-equation.vala:543","No undo history","Нет истории отмены изменений"
"lib/math-equation.vala:564","No redo history","Нет истории отмены изменений"
"lib/math-equation.vala:795","No sane value to store","Отсутствует разумное значение для сохранения"
"lib/math-equation.vala:1056","Overflow. Try a bigger word size","Переполнение. Попробуйте установить большее значение размера слова"
"lib/math-equation.vala:1061","Unknown variable “%s”","Неизвестная переменная «%s»"
"lib/math-equation.vala:1068","Function “%s” is not defined","Функция «%s» не определена"
"lib/math-equation.vala:1075","Unknown conversion","Неизвестное преобразование"
"lib/math-equation.vala:1085","%s","%s"
"lib/math-equation.vala:1090 lib/math-equation.vala:1095","Malformed expression","Некорректное выражение"
"lib/math-equation.vala:1106","Calculating","Вычисление"
"lib/math-equation.vala:1299","Need an integer to factorize","Для разложения на простые множители необходимо целое число"
"lib/math-equation.vala:1363","No sane value to bitwise shift","Отсутствует разумное значение для побитового сдвига"
"lib/math-equation.vala:1385","Displayed value not an integer","Значение не является целым числом"
"lib/number.vala:201","Underflow error","Ошибка исчезновения порядка"
"lib/number.vala:206","Overflow error","Ошибка переполнения"
"lib/number.vala:256","Argument not defined for zero","Аргумент не определён для нуля"
"lib/number.vala:372 lib/number.vala:402","The power of zero is undefined for a negative exponent","Функция возведения в степень нуля не определена для отрицательных показателей степени"
"lib/number.vala:380 lib/number.vala:410","Zero raised to zero is undefined","Нуль в нулевой степени не определён"
"lib/number.vala:464 lib/number.vala:495","Logarithm of zero is undefined","Логарифм нуля не определён"
"lib/number.vala:517","Factorial is only defined for non-negative real numbers","Факториал определён только для натуральных чисел"
"lib/number.vala:577","Division by zero is undefined","Деление на ноль не определено"
"lib/number.vala:598","Modulus division is only defined for integers","Деление по модулю определено только для целых чисел"
"lib/number.vala:671","Tangent is undefined for angles that are multiples of π (180°) from π∕2 (90°)","Тангенс не определён для углов с периодом π (180°), начиная с π∕2 (90°)"
"lib/number.vala:690","Inverse sine is undefined for values outside [-1, 1]","Обратный синус не определён для значений вне диапазона [-1, 1]"
"lib/number.vala:707","Inverse cosine is undefined for values outside [-1, 1]","Обратный косинус не определён для значений вне диапазона [-1, 1]"
"lib/number.vala:725","Arctangent function is undefined for values i and -i","Функция арктангенса не определена для значений i и -i"
"lib/number.vala:775","Inverse hyperbolic cosine is undefined for values less than one","Обратный гиперболический косинус не определён для значений, меньших единицы"
"lib/number.vala:791","Inverse hyperbolic tangent is undefined for values outside [-1, 1]","Обратный гиперболический тангенс не определён для значений вне диапазона [-1, 1]"
"lib/number.vala:807","Boolean AND is only defined for positive integers","Логическое побитовое И определено только для положительных целых чисел"
"lib/number.vala:819","Boolean OR is only defined for positive integers","Логическое побитовое ИЛИ определено только для положительных целых чисел"
"lib/number.vala:831","Boolean XOR is only defined for positive integers","Логическое побитовое исключающее ИЛИ определено только для положительных целых чисел"
"lib/number.vala:843","Boolean NOT is only defined for positive integers","Логическое побитовое НЕ определено только для положительных целых чисел"
"lib/number.vala:866","Shift is only possible on integer values","Сдвиг возможен только для целых чисел"
"lib/serializer.vala:345","Overflow: the result couldn’t be calculated","Переполнение: результат не может быть рассчитан"
"lib/unit.vala:29","Angle","Угол"
"lib/unit.vala:30","Length","Длина"
"lib/unit.vala:31","Speed","Скорость"
"lib/unit.vala:32","Area","Площадь"
"lib/unit.vala:33","Volume","Объём"
"lib/unit.vala:34","Mass","Масса"
"lib/unit.vala:35","Duration","Время"
"lib/unit.vala:36","Frequency","Частота"
"lib/unit.vala:37","Temperature","Температура"
"lib/unit.vala:38","Digital Storage","Объём данных"
"lib/unit.vala:41 src/math-preferences.vala:110","Degrees","Градусы"
"lib/unit.vala:41","%s degrees","%s градусов"
"lib/unit.vala:41","degree,degrees,deg","градус, градусы, °"
"lib/unit.vala:42 src/math-preferences.vala:112","Radians","Радианы"
"lib/unit.vala:42","%s radians","%s радиан"
"lib/unit.vala:42","radian,radians,rad","радиан, радианы, рад"
"lib/unit.vala:43 src/math-preferences.vala:114","Gradians","Грады"
"lib/unit.vala:43","%s gradians","%s град"
"lib/unit.vala:43","gradian,gradians,grad","град, грады, град"
"lib/unit.vala:44","Parsecs","Парсеки"
"lib/unit.vala:44","%s pc","%s пк"
"lib/unit.vala:44","parsec,parsecs,pc","парсек, парсеки, пк"
"lib/unit.vala:45","Light Years","Световые годы"
"lib/unit.vala:45","%s ly","%s св. г."
"lib/unit.vala:45","lightyear,lightyears,ly","световой год, световые годы, св.г."
"lib/unit.vala:46","Astronomical Units","Астрономические единицы"
"lib/unit.vala:46","%s au","%s а. е."
"lib/unit.vala:46","au","а. е."
"lib/unit.vala:47","Rack Units","В долях дюйма"
"lib/unit.vala:47","%sU","%sU"
"lib/unit.vala:47","U","U"
"lib/unit.vala:48","Nautical Miles","Морские мили"
"lib/unit.vala:48","%s nmi","%s морских миль"
"lib/unit.vala:48","nmi","морская миля"
"lib/unit.vala:49","Miles","Мили"
"lib/unit.vala:49","%s mi","%s миль"
"lib/unit.vala:49","mile,miles,mi","миля, мили"
"lib/unit.vala:50","Kilometers","Километры"
"lib/unit.vala:50","%s km","%s км"
"lib/unit.vala:50","kilometer,kilometers,km,kms","километр, километры, км"
"lib/unit.vala:51","Cables","Кабельтовы"
"lib/unit.vala:51","%s cb","%s кабельтовых"
"lib/unit.vala:51","cable,cables,cb","кабельтов, кабельтовы"
"lib/unit.vala:52","Fathoms","Морские сажени"
"lib/unit.vala:52","%s ftm","%s мор. саженей"
"lib/unit.vala:52","fathom,fathoms,ftm","морская сажень, морские сажени"
"lib/unit.vala:53","Meters","Метры"
"lib/unit.vala:53","%s m","%s м"
"lib/unit.vala:53","meter,meters,m","метр, метры, м"
"lib/unit.vala:54","Yards","Ярды"
"lib/unit.vala:54","%s yd","%s ярдов"
"lib/unit.vala:54","yard,yards,yd","ярд, ярды"
"lib/unit.vala:55","Feet","Футы"
"lib/unit.vala:55","%s ft","%s футов"
"lib/unit.vala:55","foot,feet,ft","фут, футы"
"lib/unit.vala:56","Inches","Дюймы"
"lib/unit.vala:56","%s in","%s дюймов"
"lib/unit.vala:56","inch,inches,in","дюйм, дюймы"
"lib/unit.vala:57","Centimeters","Сантиметры"
"lib/unit.vala:57","%s cm","%s см"
"lib/unit.vala:57","centimeter,centimeters,cm,cms","сантиметр, сантиметры, см"
"lib/unit.vala:58","Millimeters","Миллиметры"
"lib/unit.vala:58","%s mm","%s мм"
"lib/unit.vala:58","millimeter,millimeters,mm","миллиметр, миллиметры, мм"
"lib/unit.vala:59","Micrometers","Микрометры"
"lib/unit.vala:59","%s μm","%s мкм"
"lib/unit.vala:59","micrometer,micrometers,um","микрометр, микрометры, мкм"
"lib/unit.vala:60","Nanometers","Нанометры"
"lib/unit.vala:60","%s nm","%s нм"
"lib/unit.vala:60","nanometer,nanometers,nm","нанометр, нанометры, нм"
"lib/unit.vala:61","Desktop Publishing Point","Компьютерный пункт"
"lib/unit.vala:61 lib/unit.vala:77","%s pt","%s пункт"
"lib/unit.vala:61","point,pt,points,pts","пункт,пункты"
"lib/unit.vala:62","Kilometers per hour","Километр в час"
"lib/unit.vala:62","%s km/h","%s км/ч"
"lib/unit.vala:62","kilometers per hour,kmph,kmh,kph","километров в час, км/ч, кмч, км/ч, км/ч"
"lib/unit.vala:63","Miles per hour","Миль в час"
"lib/unit.vala:63","%s miles/h","%s миль/ч"
"lib/unit.vala:63","milesph,miles per hour,mi/h,miph,mph","миль в час, миль/ч"
"lib/unit.vala:64","Meters per second","Метр в секунду"
"lib/unit.vala:64","%s m/s","%s м/с"
"lib/unit.vala:64","meters per second,mps","метров в секунду, м/с"
"lib/unit.vala:65","Feet per second","Фут в секунду"
"lib/unit.vala:65","%s feet/s","%s фут/с"
"lib/unit.vala:65","fps,feet per second,feetps","футов в секунду"
"lib/unit.vala:66","Knots","Узлы"
"lib/unit.vala:66","%s kt","%s уз"
"lib/unit.vala:66","kt,kn,nd,knot,knots","уз, узел, узлы"
"lib/unit.vala:67","Hectares","Гектары"
"lib/unit.vala:67","%s ha","%s га"
"lib/unit.vala:67","hectare,hectares,ha","гектар, гектары, га"
"lib/unit.vala:68","Acres","Акры"
"lib/unit.vala:68","%s acres","%s акров"
"lib/unit.vala:68","acre,acres","акр, акры"
"lib/unit.vala:69","Square Foot","Квадратный фут"
"lib/unit.vala:69","%s ft²","%s фут²"
"lib/unit.vala:69","ft²","фт²"
"lib/unit.vala:70","Square Meters","Квадратные метры"
"lib/unit.vala:70","%s m²","%s м²"
"lib/unit.vala:70","m²","м²"
"lib/unit.vala:71","Square Centimeters","Квадратные сантиметры"
"lib/unit.vala:71","%s cm²","%s см²"
"lib/unit.vala:71","cm²","см²"
"lib/unit.vala:72","Square Millimeters","Квадратные миллиметры"
"lib/unit.vala:72","%s mm²","%s мм²"
"lib/unit.vala:72","mm²","мм²"
"lib/unit.vala:73","Cubic Meters","Кубические метры"
"lib/unit.vala:73","%s m³","%s м³"
"lib/unit.vala:73","m³","м³"
"lib/unit.vala:74","US Gallons","Галлоны США"
"lib/unit.vala:74","%s gal","%s галлонов"
"lib/unit.vala:74","gallon,gallons,gal","галлон, галлоны"
"lib/unit.vala:75","Liters","Литры"
"lib/unit.vala:75","%s L","%s л"
"lib/unit.vala:75","litre,litres,liter,liters,L","литр, литры, л"
"lib/unit.vala:76","US Quarts","Кварты США"
"lib/unit.vala:76","%s qt","%s кварт"
"lib/unit.vala:76","quart,quarts,qt","кварта, кварты"
"lib/unit.vala:77","US Pints","Пинты США"
"lib/unit.vala:77","pint,pints,pt","пинта, пинты"
"lib/unit.vala:78","Metric Cups","Метрические чашки"
"lib/unit.vala:78","%s cup","%s чашка"
"lib/unit.vala:78","cup,cups,cp","чашка, чашки"
"lib/unit.vala:79","Milliliters","Милилитры"
"lib/unit.vala:79","%s mL","%s мл"
"lib/unit.vala:79","millilitre,millilitres,milliliter,milliliters,mL,cm³","миллилитр, миллилитры, мл, см³"
"lib/unit.vala:80","Microliters","Микролитры"
"lib/unit.vala:80","%s μL","%s мкл"
"lib/unit.vala:80","mm³,μL,uL","мм³, мкл"
"lib/unit.vala:81","Tonnes","Тонны"
"lib/unit.vala:81","%s T","%s т"
"lib/unit.vala:81","tonne,tonnes","тонна, тонны"
"lib/unit.vala:82","Kilograms","Килограммы"
"lib/unit.vala:82","%s kg","%s кг"
"lib/unit.vala:82","kilogram,kilograms,kilogramme,kilogrammes,kg,kgs","килограмм, килограммы, кг"
"lib/unit.vala:83","Pounds","Фунты"
"lib/unit.vala:83","%s lb","%s фунтов"
"lib/unit.vala:83","pound,pounds,lb,lbs","фунт, фунты, фунты, фунты"
"lib/unit.vala:84","Ounces","Унции"
"lib/unit.vala:84","%s oz","%s унций"
"lib/unit.vala:84","ounce,ounces,oz","унция, унции"
"lib/unit.vala:85","Grams","Граммы"
"lib/unit.vala:85","%s g","%s г"
"lib/unit.vala:85","gram,grams,gramme,grammes,g","грамм, граммы, г"
"lib/unit.vala:86","Stone","Стоун"
"lib/unit.vala:86","%s st","%s ст"
"lib/unit.vala:86","stone,st,stones","стоун,ст,стоуны"
"lib/unit.vala:87","Centuries","Столетия"
"lib/unit.vala:87","%s centuries","%s веков"
"lib/unit.vala:87","century,centuries","век, века"
"lib/unit.vala:88","Decades","Десятилетия"
"lib/unit.vala:88","%s decades","%s десятилетия"
"lib/unit.vala:88","decade,decades","десятилетие, десятилетия"
"lib/unit.vala:89","Years","Годы"
"lib/unit.vala:89","%s years","%s years"
"lib/unit.vala:89","year,years","год, годы"
"lib/unit.vala:90","Months","Месяцев"
"lib/unit.vala:90","%s months","%s месяцев"
"lib/unit.vala:90","month,months","месяц, месяцы"
"lib/unit.vala:91","Weeks","Недель"
"lib/unit.vala:91","%s weeks","%s недели"
"lib/unit.vala:91","week,weeks","неделя, недели"
"lib/unit.vala:92","Days","Дни"
"lib/unit.vala:92","%s days","%s дней"
"lib/unit.vala:92","day,days","день, дни"
"lib/unit.vala:93","Hours","Часы"
"lib/unit.vala:93","%s hours","%s часов"
"lib/unit.vala:93","hour,hours","час, часы"
"lib/unit.vala:94","Minutes","Минуты"
"lib/unit.vala:94","%s minutes","%s минут"
"lib/unit.vala:94","minute,minutes","минута, минуты"
"lib/unit.vala:95","Seconds","Секунды"
"lib/unit.vala:95","%s s","%s с"
"lib/unit.vala:95","second,seconds,s","секунда, секунды, с"
"lib/unit.vala:96","Milliseconds","Миллисекунды"
"lib/unit.vala:96","%s ms","%s мс"
"lib/unit.vala:96","millisecond,milliseconds,ms","миллисекунда, миллисекунды, мс"
"lib/unit.vala:97","Microseconds","Микросекунды"
"lib/unit.vala:97","%s μs","%s мкс"
"lib/unit.vala:97","microsecond,microseconds,us,μs","микросекунда, микросекунды, мкc"
"lib/unit.vala:98","Celsius","Цельсий"
"lib/unit.vala:98","%s ˚C","%s ˚C"
"lib/unit.vala:98","degC,˚C,C,c,Celsius,celsius","˚C,C,c,Цельсий,цельсий"
"lib/unit.vala:99","Fahrenheit","Фаренгейт"
"lib/unit.vala:99","%s ˚F","%s ˚F"
"lib/unit.vala:99","degF,˚F,F,f,Fahrenheit,fahrenheit","˚F,F,f,Фаренгейт,фаренгейт"
"lib/unit.vala:100","Kelvin","Кельвины"
"lib/unit.vala:100","%s K","%s K"
"lib/unit.vala:100","k,K,Kelvin,kelvin","к,К,Кельвин,кельвин"
"lib/unit.vala:101","Rankine","Ранкин"
"lib/unit.vala:101","%s ˚R","%s ˚R"
"lib/unit.vala:101","degR,˚R,˚Ra,r,R,Rankine,rankine","˚R,˚Ra,r,R,Ранкин,ранкин"
"lib/unit.vala:103","Bits","Биты"
"lib/unit.vala:103","%s b","%s бит"
"lib/unit.vala:103","bit,bits,b","бит,биты,бит"
"lib/unit.vala:104","Bytes","Байты"
"lib/unit.vala:104","%s B","%s Б"
"lib/unit.vala:104","byte,bytes,B","байт,байты,Б"
"lib/unit.vala:105","Nibbles","Полубайт"
"lib/unit.vala:105","%s nibble","%s полубайт"
"lib/unit.vala:105","nibble,nibbles","полубайт,полубайты"
"lib/unit.vala:107","Kilobits","Килобиты"
"lib/unit.vala:107","%s kb","%s кбит"
"lib/unit.vala:107","kilobit,kilobits,kb,Kb","килобит, килобиты, кбит, Кбит"
"lib/unit.vala:108","Kilobytes","Килобайты"
"lib/unit.vala:108","%s kB","%s кБ"
"lib/unit.vala:108","kilobyte,kilobytes,kB,KB","килобайт, килобайты, кБ, КБ"
"lib/unit.vala:109","Kibibits","Кибибиты"
"lib/unit.vala:109","%s Kib","%s Kибит"
"lib/unit.vala:109","kibibit,kibibits,Kib","кибибит,кибибиты,Кибит"
"lib/unit.vala:110","Kibibytes","Кибибайты"
"lib/unit.vala:110","%s KiB","%s KиБ"
"lib/unit.vala:110","kibibyte,kibibytes,KiB","кибибайт,кибибайты,КиБ"
"lib/unit.vala:111","Megabits","Мегабиты"
"lib/unit.vala:111","%s Mb","%s Мбит"
"lib/unit.vala:111","megabit,megabits,Mb","мегабит,мегабиты,Мбит"
"lib/unit.vala:112","Megabytes","Мегабайты"
"lib/unit.vala:112","%s MB","%s МБ"
"lib/unit.vala:112","megabyte,megabytes,MB","мегабайт,мегабайты,МБ"
"lib/unit.vala:113","Mebibits","Мебибиты"
"lib/unit.vala:113","%s Mib","%s Мибит"
"lib/unit.vala:113","mebibit,mebibits,Mib","мебибит,мебибиты,Мибит"
"lib/unit.vala:114","Mebibytes","Мебибайты"
"lib/unit.vala:114","%s MiB","%s МиБ"
"lib/unit.vala:114","mebibyte,mebibytes,MiB","мебибайт,мебибайты,МиБ"
"lib/unit.vala:115","Gigabits","Гигабиты"
"lib/unit.vala:115","%s Gb","%s Гб"
"lib/unit.vala:115","gigabit,gigabits,Gb","гигабит,гигабиты,Гбит"
"lib/unit.vala:116","Gigabytes","Гигабайты"
"lib/unit.vala:116","%s GB","%s ГБ"
"lib/unit.vala:116","gigabyte,gigabytes,GB","гигабайт,гигабайты,ГБ"
"lib/unit.vala:117","Gibibits","Гибибиты"
"lib/unit.vala:117","%s Gib","%s Гибит"
"lib/unit.vala:117","gibibit,gibibits,Gib","гибибит,гибибиты,Гибит"
"lib/unit.vala:118","Gibibytes","Гибибайт"
"lib/unit.vala:118","%s GiB","%s ГиБ"
"lib/unit.vala:118","gibibyte,gibibytes,GiB","гибибайт,гибибайты,ГиБ"
"lib/unit.vala:119","Terabits","Терабиты"
"lib/unit.vala:119","%s Tb","%s Тбит"
"lib/unit.vala:119","terabit,terabits,Tb","терабит,терабиты,Тбит"
"lib/unit.vala:120","Terabytes","Терабайты"
"lib/unit.vala:120","%s TB","%s ТБ"
"lib/unit.vala:120","terabyte,terabytes,TB","терабайт,терабайты,ТБ"
"lib/unit.vala:121","Tebibits","Тебибиты"
"lib/unit.vala:121","%s Tib","%s Тибит"
"lib/unit.vala:121","tebibit,tebibits,Tib","тебибит,тебибиты,Тибит"
"lib/unit.vala:122","Tebibytes","Тебибайты"
"lib/unit.vala:122","%s TiB","%s ТиБ"
"lib/unit.vala:122","tebibyte,tebibytes,TiB","тебибайт,тебибайты,ТиБ"
"lib/unit.vala:123","Petabits","Петабиты"
"lib/unit.vala:123","%s Pb","%s Пбит"
"lib/unit.vala:123","petabit,petabits,Pb","петабит,петабиты,Пбит"
"lib/unit.vala:124","Petabytes","Петабайты"
"lib/unit.vala:124","%s PB","%s ПБ"
"lib/unit.vala:124","petabyte,petabytes,PB","петабайт,петабайты,ПБ"
"lib/unit.vala:125","Pebibits","Пебибиты"
"lib/unit.vala:125","%s Pib","%s Пибит"
"lib/unit.vala:125","pebibit,pebibits,Pib","пебибит,пебибиты,Пибит"
"lib/unit.vala:126","Pebibytes","Пебибайты"
"lib/unit.vala:126","%s PiB","%s ПБ"
"lib/unit.vala:126","pebibyte,pebibytes,PiB","пебибайт,пебибайты,ПБ"
"lib/unit.vala:127","Exabits","Эксабиты"
"lib/unit.vala:127 lib/unit.vala:131","%s Eb","%s Эбит"
"lib/unit.vala:127","exabit,exabits,Eb","эксабит,эксабиты,Эбит"
"lib/unit.vala:128","Exabytes","Эксабайты"
"lib/unit.vala:128 lib/unit.vala:132","%s EB","%s ЭБ"
"lib/unit.vala:128","exabyte,exabytes,EB","эксабайт,эксабайты,ЭБ"
"lib/unit.vala:129","Exbibits","Эксбибиты"
"lib/unit.vala:129","%s Eib","%s Эибит"
"lib/unit.vala:129","exbibit,exbibits,Eib","эксбибит,эксбибиты,Эибит"
"lib/unit.vala:130","Exbibytes","Эксбибайты"
"lib/unit.vala:130","%s EiB","%s ЭиБ"
"lib/unit.vala:130","exbibyte,exbibytes,EiB","эксбибайт,эксбибайты,ЭиБ"
"lib/unit.vala:131","Zettabits","Зеттабиты"
"lib/unit.vala:131","zettabit,zettabits,Zb","зеттабит,зеттабиты,Збит"
"lib/unit.vala:132","Zettabytes","Зеттабайты"
"lib/unit.vala:132","zettabyte,zettabytes,ZB","зеттабайт,зеттабайты,ЗБ"
"lib/unit.vala:133","Zebibits","Зебибиты"
"lib/unit.vala:133","%s Zib","%s Зибит"
"lib/unit.vala:133","zebibit,zebibits,Zib","зебибит,зебибиты,Зибит"
"lib/unit.vala:134","Zebibytes","Зебибайты"
"lib/unit.vala:134","%s ZiB","%s ЗиБ"
"lib/unit.vala:134","zebibyte,zebibytes,ZiB","зебибайт,зебибайты,ЗиБ"
"lib/unit.vala:135","Yottabits","Йоттабиты"
"lib/unit.vala:135","%s Yb","%s Йбит"
"lib/unit.vala:135","yottabit,yottabits,Yb","йоттабит,йоттабиты,Йбит"
"lib/unit.vala:136","Yottabytes","Йоттабайты"
"lib/unit.vala:136","%s YB","%s ЙБ"
"lib/unit.vala:136","yottabyte,yottabytes,YB","йоттабайт,йоттабайты,ЙБ"
"lib/unit.vala:137","Yobibits","Йобибиты"
"lib/unit.vala:137","%s Yib","%s Йибит"
"lib/unit.vala:137","yobibit,yobibits,Yib","йобибит,йобибиты,Йибит"
"lib/unit.vala:138","Yobibytes","Йобибайты"
"lib/unit.vala:138","%s YiB","%s ЙиБ"
"lib/unit.vala:138","yobibyte,yobibytes,YiB","йобибайт,йобибайты,ЙиБ"
"lib/unit.vala:139","Hertz","Герц"
"lib/unit.vala:139","%s Hz","%s Hz"
"lib/unit.vala:139","hertz,Hz","герц, Гц"
"lib/unit.vala:140","Kilohertz","Килогерц"
"lib/unit.vala:140","%s kHz","%s кГц"
"lib/unit.vala:140","kilohertz,kHz","килогерц, кГц"
"lib/unit.vala:141","Megahertz","Мегагерц"
"lib/unit.vala:141","%s MHz","%s МГц"
"lib/unit.vala:141","megahertz,MHz","мегагерц, МГц"
"lib/unit.vala:142","Gigahertz","Гигагерц"
"lib/unit.vala:142","%s GHz","%s ГГц"
"lib/unit.vala:142","gigahertz,GHz","гигагерц, ГГц"
"lib/unit.vala:143","Terahertz","Терагерц"
"lib/unit.vala:143","%s THz","%s ТГц"
"lib/unit.vala:143","terahertz,THz","терагерц, ТГц"
"lib/unit.vala:145","Currency","Валюта"
"lib/unit.vala:151","%s%%s","%s%%s"
"search-provider/search-provider.vala:189","Copy","Копировать"
"search-provider/search-provider.vala:190","Copy result to clipboard","Копировать результат в буфер обмена"
"src/ui/buttons-advanced.ui:122 src/ui/buttons-basic.ui:127 src/ui/buttons-financial.ui:1290 src/ui/buttons-programming.ui:1649","Modulus divide","Остаток от деления"
"src/ui/buttons-advanced.ui:139 src/ui/buttons-basic.ui:145 src/ui/buttons-financial.ui:1307 src/ui/buttons-programming.ui:1269","Divide [/]","Разделить [/]"
"src/ui/buttons-advanced.ui:235 src/ui/buttons-basic.ui:247 src/ui/buttons-financial.ui:1403 src/ui/buttons-programming.ui:1286","Multiply [*]","Умножить [*]"
"src/ui/buttons-advanced.ui:252 src/ui/buttons-basic.ui:265 src/ui/buttons-financial.ui:1420 src/ui/buttons-programming.ui:1303","Subtract [-]","Вычесть [-]"
"src/ui/buttons-advanced.ui:268 src/ui/buttons-basic.ui:282 src/ui/buttons-financial.ui:1436 src/ui/buttons-programming.ui:1319","Add [+]","Сложить [+]"
"src/ui/buttons-advanced.ui:284 src/ui/buttons-basic.ui:299 src/ui/buttons-programming.ui:1247","Pi [Ctrl+P]","Число Пи [Ctrl+P]"
"src/ui/buttons-advanced.ui:307 src/ui/buttons-basic.ui:323 src/ui/buttons-financial.ui:1453 src/ui/buttons-programming.ui:1231","Root [Ctrl+R]","Корень [Ctrl+R]"
"src/ui/buttons-advanced.ui:322 src/ui/buttons-basic.ui:339","Square [Ctrl+2]","Квадрат [Ctrl+2]"
"src/ui/buttons-advanced.ui:343 src/ui/buttons-basic.ui:361 src/ui/buttons-financial.ui:1469 src/ui/buttons-programming.ui:1352","Clear Display [Escape]","Очистить дисплей [Escape]"
"src/ui/buttons-advanced.ui:359 src/ui/buttons-basic.ui:378 src/ui/buttons-financial.ui:1485 src/ui/buttons-programming.ui:1665","Start Group [(]","Начать блок [(]"
"src/ui/buttons-advanced.ui:376 src/ui/buttons-basic.ui:396 src/ui/buttons-financial.ui:1502 src/ui/buttons-programming.ui:1681","End Group [)]","Закончить блок [)]"
"src/ui/buttons-advanced.ui:393 src/ui/buttons-basic.ui:414 src/ui/buttons-financial.ui:1519","Percentage [%]","Процент [%]"
"src/ui/buttons-advanced.ui:407 src/ui/buttons-basic.ui:428 src/ui/buttons-financial.ui:1533 src/ui/buttons-programming.ui:1333","=","="
"src/ui/buttons-advanced.ui:410 src/ui/buttons-basic.ui:432 src/ui/buttons-financial.ui:1536 src/ui/buttons-programming.ui:1336","Calculate Result","Вычислить результат"
"src/ui/buttons-advanced.ui:439 src/ui/buttons-programming.ui:1709","Subscript mode [Alt]","Подстрочный режим [Alt]"
"src/ui/buttons-advanced.ui:460 src/ui/buttons-programming.ui:1730","Superscript mode [Ctrl]","Надстрочный режим [Ctrl]"
"src/ui/buttons-advanced.ui:483 src/ui/buttons-programming.ui:2032","Factorize [Ctrl+F]","Разложить на множители [Ctrl+F]"
"src/ui/buttons-advanced.ui:498","Scientific exponent [Ctrl+E]","Экспоненциальная запись [Ctrl+E]"
"src/ui/buttons-advanced.ui:519","Cosine","Косинус"
"src/ui/buttons-advanced.ui:535","Sine","Синус"
"src/ui/buttons-advanced.ui:551","Tangent","Тангенс"
"src/ui/buttons-advanced.ui:567","Hyperbolic Cosine","Гиперболический косинус"
"src/ui/buttons-advanced.ui:583","Hyperbolic Sine","Гиперболический синус"
"src/ui/buttons-advanced.ui:599","Hyperbolic Tangent","Гиперболический тангенс"
"src/ui/buttons-advanced.ui:614 src/ui/buttons-financial.ui:1551 src/ui/buttons-programming.ui:1877","Exponent [^ or **]","Возвести в степень [^ или **]"
"src/ui/buttons-advanced.ui:635 src/ui/buttons-programming.ui:1898","Inverse [Ctrl+I]","Инвертировать [Ctrl+I]"
"src/ui/buttons-advanced.ui:658","Euler’s Number","Число Эйлера"
"src/ui/buttons-advanced.ui:681","Natural Logarithm","Натуральный логарифм"
"src/ui/buttons-advanced.ui:697 src/ui/buttons-financial.ui:1573 src/ui/buttons-programming.ui:1921","Logarithm","Логарифм"
"src/ui/buttons-advanced.ui:712 src/ui/buttons-programming.ui:1953","Factorial [!]","Факториал [!]"
"src/ui/buttons-advanced.ui:734 src/ui/buttons-programming.ui:1975","Absolute Value [|]","Модуль [|]"
"src/ui/buttons-advanced.ui:778","Real Component","Действительная часть"
"src/ui/buttons-advanced.ui:795","Imaginary Component","Мнимая часть"
"src/ui/buttons-advanced.ui:812","Complex conjugate","Комплексное сопряжение"
"src/ui/buttons-advanced.ui:829","Complex argument","Комплексный аргумент"
"src/ui/buttons-advanced.ui:844 src/ui/buttons-financial.ui:1602 src/ui/buttons-programming.ui:2063","Memory","Память"
"src/ui/buttons-advanced.ui:845 src/ui/buttons-financial.ui:1603 src/ui/buttons-programming.ui:2062","x","x"
"src/ui/buttons-advanced.ui:859","Additional Functions","Дополнительные функции"
"src/ui/buttons-financial.ui:5 src/ui/buttons-financial.ui:1619","Compounding Term","Составной период"
"src/ui/buttons-financial.ui:55 src/ui/buttons-financial.ui:727","Present _Value:","Текущее _значение:"
"src/ui/buttons-financial.ui:67 src/ui/buttons-financial.ui:282 src/ui/buttons-financial.ui:493 src/ui/buttons-financial.ui:610 src/ui/buttons-financial.ui:1106","Periodic Interest _Rate:","Периодическая проц_ентная ставка:"
"src/ui/buttons-financial.ui:80","Calculates the number of compounding periods necessary to increase an investment of present value to a future value, at a fixed interest rate per compounding period.","Вычислить число периодов оплаты, необходимых, чтобы в течение периода периодической оплаты с фиксированной ставкой увеличить текущее значение до необходимого."
"src/ui/buttons-financial.ui:91 src/ui/buttons-financial.ui:715","_Future Value:","_Будущая стоимость:"
"src/ui/buttons-financial.ui:110 src/ui/buttons-financial.ui:227 src/ui/buttons-financial.ui:343 src/ui/buttons-financial.ui:437 src/ui/buttons-financial.ui:554 src/ui/buttons-financial.ui:671 src/ui/buttons-financial.ui:788 src/ui/buttons-financial.ui:905 src/ui/buttons-financial.ui:1044 src/ui/buttons-financial.ui:1161 src/ui/buttons-programming.ui:2139","_Cancel","_Отменить"
"src/ui/buttons-financial.ui:116 src/ui/buttons-financial.ui:233 src/ui/buttons-financial.ui:349 src/ui/buttons-financial.ui:443 src/ui/buttons-financial.ui:560 src/ui/buttons-financial.ui:677 src/ui/buttons-financial.ui:794 src/ui/buttons-financial.ui:911 src/ui/buttons-financial.ui:1050 src/ui/buttons-financial.ui:1167","C_alculate","В_ычислить"
"src/ui/buttons-financial.ui:122","Double-Declining Depreciation","Отброс двойного остатка"
"src/ui/buttons-financial.ui:143","Calculates the depreciation allowance on an asset for a specified period of time, using the double-declining balance method.","Вычислить амортизацию ресурса за заданный период с использованием метода двойного уменьшения остатка."
"src/ui/buttons-financial.ui:154 src/ui/buttons-financial.ui:386","C_ost:","_Цена:"
"src/ui/buttons-financial.ui:166 src/ui/buttons-financial.ui:844 src/ui/buttons-financial.ui:949","_Life:","_Жизненный цикл:"
"src/ui/buttons-financial.ui:198 src/ui/buttons-financial.ui:937","_Period:","_Период:"
"src/ui/buttons-financial.ui:239 src/ui/buttons-financial.ui:1651","Future Value","Будущая стоимость"
"src/ui/buttons-financial.ui:259","Calculates the future value of an investment based on a series of equal payments at a periodic interest rate over the number of payment periods in the term.","Вычислить объём инвестиций на основе серии периодических платежей по ставке в течение некоторого периода оплаты."
"src/ui/buttons-financial.ui:270 src/ui/buttons-financial.ui:598 src/ui/buttons-financial.ui:1130","_Periodic Payment:","Период_ическая оплата:"
"src/ui/buttons-financial.ui:294 src/ui/buttons-financial.ui:622","_Number of Periods:","_Число периодов:"
"src/ui/buttons-financial.ui:355 src/ui/buttons-financial.ui:1769","Gross Profit Margin","Валовый доход"
"src/ui/buttons-financial.ui:375","Calculates the resale price of a product, based on the product cost and the wanted gross profit margin.","Вычислить необходимую переоценку продукта, используя цену продукта и необходимый валовой доход."
"src/ui/buttons-financial.ui:398","_Margin:","_Маржа:"
"src/ui/buttons-financial.ui:449 src/ui/buttons-financial.ui:1752","Periodic Payment","Периодическая оплата"
"src/ui/buttons-financial.ui:470","Calculates the amount of the periodic payment of a loan, where payments are made at the end of each payment period. ","Вычислить периодическую оплату займа, когда оплата производится в конце каждого периода. "
"src/ui/buttons-financial.ui:481","_Principal:","_Основной капитал:"
"src/ui/buttons-financial.ui:505 src/ui/buttons-financial.ui:739","_Term:","_Срок:"
"src/ui/buttons-financial.ui:566 src/ui/buttons-financial.ui:1735","Present Value","Текущее значение"
"src/ui/buttons-financial.ui:587","Calculates the present value of an investment based on a series of equal payments discounted at a periodic interest rate over the number of payment periods in the term. ","Вычислить объём инвестиций на основе серии равных периодических платежей в течение некоторого срока. "
"src/ui/buttons-financial.ui:683 src/ui/buttons-financial.ui:1718","Periodic Interest Rate","Периодическая процентная ставка"
"src/ui/buttons-financial.ui:704","Calculates the periodic interest necessary to increase an investment to a future value, over the number of compounding periods. ","Вычислить платёж, необходимый для увеличения инвестиций до некоторого значения в течение нескольких последовательных периодов. "
"src/ui/buttons-financial.ui:800","Straight-Line Depreciation","Линейная амортизация"
"src/ui/buttons-financial.ui:820 src/ui/buttons-financial.ui:973","_Cost:","Ц_ена:"
"src/ui/buttons-financial.ui:832 src/ui/buttons-financial.ui:961","_Salvage:","_Вторсырьё:"
"src/ui/buttons-financial.ui:887","Calculates the straight-line depreciation of an asset for one period. The straight-line method of depreciation divides the depreciable cost evenly over the useful life of an asset. The useful life is the number of periods, typically years, over which an asset is depreciated. ","Вычислить прямолинейную амортизацию ресурса за один период. Прямой метод делит стоимость амортизации на весь период жизни ресурса. Полезная жизнь ресурса — это число периодов, обычно лет, в течение которых ресурс устаревает. "
"src/ui/buttons-financial.ui:917","Sum-of-the-Years’-Digits Depreciation","Амортизация Сумма-Лет-Цифр"
"src/ui/buttons-financial.ui:1026","Calculates the depreciation allowance on an asset for a specified period of time, using the Sum-of-the-Years’-Digits method. This method of depreciation accelerates the rate of depreciation, so that more depreciation expense occurs in earlier periods than in later ones. The useful life is the number of periods, typically years, over which an asset is depreciated. ","Вычислить амортизацию ресурса с помощью метода Сумма-Лет-Цифр за заданный период времени. Этот метод оценки старости учитывает ускорение амортизации, то есть стоимость в ранний период больше, чем в поздний. Полезная жизнь ресурса — это число периодов, обычно лет, в течение которых ресурс устаревает. "
"src/ui/buttons-financial.ui:1056","Payment Period","Период оплаты"
"src/ui/buttons-financial.ui:1118","Future _Value:","Будущая _стоимость:"
"src/ui/buttons-financial.ui:1143","Calculates the number of payment periods that are necessary during the term of an ordinary annuity, to accumulate a future value, at a periodic interest rate.","Вычислить число периодов оплаты, необходимых, чтобы в течение периода периодической оплаты с фиксированной ставкой получить необходимое значение."
"src/ui/buttons-financial.ui:1616","Ctrm","Ctrm"
"src/ui/buttons-financial.ui:1632","Ddb","Ddb"
"src/ui/buttons-financial.ui:1635","Double Declining Depreciation","Отброс двойного остатка"
"src/ui/buttons-financial.ui:1648","Fv","Fv"
"src/ui/buttons-financial.ui:1664","Term","Term"
"src/ui/buttons-financial.ui:1667","Financial Term","Финансовое условие"
"src/ui/buttons-financial.ui:1681","Syd","Syd"
"src/ui/buttons-financial.ui:1684","Sum of the Years Digits Depreciation","Амортизация Сумма-Лет-Цифр"
"src/ui/buttons-financial.ui:1698","Sln","Sln"
"src/ui/buttons-financial.ui:1701","Straight Line Depreciation","Линейная амортизация"
"src/ui/buttons-financial.ui:1715","Rate","Rate"
"src/ui/buttons-financial.ui:1732","Pv","Pv"
"src/ui/buttons-financial.ui:1749","Pmt","Pmt"
"src/ui/buttons-financial.ui:1766","Gpm","Gpm"
"src/ui/buttons-programming.ui:16","Binary","Двоичный"
"src/ui/buttons-programming.ui:17","Octal","Восьмеричный"
"src/ui/buttons-programming.ui:18","Decimal","Десятичный"
"src/ui/buttons-programming.ui:19","Hexadecimal","Шестнадцатеричный"
"src/ui/buttons-programming.ui:1751","Shift Left","Сдвинуть влево"
"src/ui/buttons-programming.ui:1764","Shift Right","Сдвинуть вправо"
"src/ui/buttons-programming.ui:1778","Boolean Exclusive OR","Логическое исключающее ИЛИ"
"src/ui/buttons-programming.ui:1794","Boolean OR","Логическое побитовое ИЛИ"
"src/ui/buttons-programming.ui:1811","Boolean AND","Логическое побитовое И"
"src/ui/buttons-programming.ui:1828","Boolean NOT","Логическое побитовое НЕ"
"src/ui/buttons-programming.ui:1845","Ones’ Complement","Дополнение до единицы"
"src/ui/buttons-programming.ui:1862","Two’s Complement","Дополнение до двух"
"src/ui/buttons-programming.ui:1938","Binary Logarithm","Двоичный логарифм"
"src/ui/buttons-programming.ui:1998","Integer Component","Целая часть"
"src/ui/buttons-programming.ui:2015","Fractional Component","Дробная часть"
"src/ui/buttons-programming.ui:2047 src/ui/buttons-programming.ui:2101","Insert Character Code","Вставить код символа"
"src/ui/buttons-programming.ui:2078","Change word size","Изменить размер слова"
"src/ui/buttons-programming.ui:2115","Ch_aracter:","С_имвол:"
"src/ui/buttons-programming.ui:2145","_Insert","Вс_тавить"
"src/gnome-calculator.vala:24","Start in given mode (basic, advanced, financial, programming, keyboard)","Запуск в заданном режиме (основной, расширенный, финансовый, программирование, клавиатура)"
"src/gnome-calculator.vala:25","Solve given equation","Вычислить заданное выражение"
"src/gnome-calculator.vala:26","Start with given equation","Запустить с заданным выражением"
"src/gnome-calculator.vala:27","Show release version","Показать версию выпуска"
"src/gnome-calculator.vala:319","translator-credits","Yuri Myasoedov <ymyasoedov@yandex.ru>, 2012-2015.
Stas Solovey <whats_up@tut.by>, 2012-2019."
"src/gnome-calculator.vala:325 src/ui/math-window.ui:101","About Calculator","О программе"
"src/gnome-calculator.vala:334","Calculator with financial and scientific modes.","Калькулятор с финансовым и научным режимами."
"src/gnome-calculator.vala:347","Are you sure you want to close all open windows?","Вы уверены, что хотите закрыть все открытые окна?"
"src/gnome-calculator.vala:348","Close _All","Закрыть _все"
"src/math-buttons.vala:227 src/math-buttons.vala:609 src/math-buttons.vala:625","%d-bit
msgid_plural: %d-bit","msgstr[0]: %d-бит
msgstr[1]: %d-бита
msgstr[2]: %d-битов"
"src/math-buttons.vala:594","%d place
msgid_plural: %d places","msgstr[0]: %d разряд
msgstr[1]: %d разряда
msgstr[2]: %d разрядов"
"src/ui/math-converter.ui:41"," to "," к "
"src/ui/math-converter.ui:59","Switch conversion units","Поменять местами конвертируемые единицы"
"src/ui/math-converter.ui:98","=","="
"src/math-display.vala:606","Defined Functions","Определенные функции"
"src/math-display.vala:651","Built-in keywords","Встроенные ключевые слова"
"src/math-display.vala:695","Defined currencies","Определенные валюты"
"src/math-display.vala:745","Defined Variables","Определенные переменные"
"src/ui/math-function-popover.ui:27","New function","Создать функцию"
"src/ui/math-function-popover.ui:37","Select no. of arguments","Выберите количество аргументов"
"src/math-preferences.vala:123","8-bit","8-бит"
"src/math-preferences.vala:125","16-bit","16-бит"
"src/math-preferences.vala:127","32-bit","32-бита"
"src/math-preferences.vala:129","64-bit","64-бит"
"src/math-preferences.vala:138","Never","Никогда"
"src/math-preferences.vala:140","Daily","Ежедневно"
"src/math-preferences.vala:142","Weekly","Еженедельно"
"src/ui/math-preferences.ui:19","Number of _decimals","Количество _десятичных знаков"
"src/ui/math-preferences.ui:34","Trailing _zeroes","Незначащие _нули после запятой"
"src/ui/math-preferences.ui:46","_Thousands separators","Разделители _тысяч"
"src/ui/math-preferences.ui:58","_Angle units","_Угловые единицы"
"src/ui/math-preferences.ui:64","Word _size","_Размер слова"
"src/ui/math-preferences.ui:70","E_xchange rate refresh interval","_Интервал обновления обменного курса"
"src/ui/math-shortcuts.ui:15","General","Общие"
"src/ui/math-shortcuts.ui:20","Open a new window","Открыть новое окно"
"src/ui/math-shortcuts.ui:27","Close current window","Закрыть текущее окно"
"src/ui/math-shortcuts.ui:34","Quit the application","Закрыть приложение"
"src/ui/math-shortcuts.ui:41","Show help","Показать справку"
"src/ui/math-shortcuts.ui:48","Open menu","Открыть меню"
"src/ui/math-shortcuts.ui:55","Keyboard shortcuts","Комбинации клавиш"
"src/ui/math-shortcuts.ui:62","Clear history","Очистить историю"
"src/ui/math-shortcuts.ui:70","Switching modes","Переключение режимов"
"src/ui/math-shortcuts.ui:75","Switch to Basic mode","Перейти в простой режим"
"src/ui/math-shortcuts.ui:82","Switch to Advanced mode","Перейти в расширенный режим"
"src/ui/math-shortcuts.ui:89","Switch to Financial mode","Перейти в финансовый режим"
"src/ui/math-shortcuts.ui:96","Switch to Programming mode","Перейти в режим программирования"
"src/ui/math-shortcuts.ui:103","Switch to Keyboard mode","Перейти в клавиатурный режим"
"src/ui/math-shortcuts.ui:111","Keyboard entry","Ввод с клавиатуры"
"src/ui/math-shortcuts.ui:116","Multiply (×)","Умножить (×)"
"src/ui/math-shortcuts.ui:123","Divide (÷)","Разделить (÷)"
"src/ui/math-shortcuts.ui:130","Square root (√)","Квадратный корень (√)"
"src/ui/math-shortcuts.ui:137","Inverse","Инвертировать"
"src/ui/math-shortcuts.ui:144","Pi (π)","Пи (π)"
"src/ui/math-shortcuts.ui:151","Enter numbers in scientific format","Ввод чисел в экспоненциальном формате"
"src/ui/math-shortcuts.ui:159","Programming mode","Режим программирования"
"src/ui/math-shortcuts.ui:164","Switch to binary","Двоичный"
"src/ui/math-shortcuts.ui:171","Switch to octal","Восьмеричный"
"src/ui/math-shortcuts.ui:178","Switch to decimal","Десятичный"
"src/ui/math-shortcuts.ui:185","Switch to hexadecimal","Шестнадцатеричный"
"src/ui/math-shortcuts.ui:193","Others","Другие"
"src/ui/math-shortcuts.ui:198","Copy","Скопировать"
"src/ui/math-shortcuts.ui:205","Paste","Вставить"
"src/ui/math-shortcuts.ui:212","Undo","Отменить"
"src/ui/math-shortcuts.ui:219","Redo","Возвратить"
"src/ui/math-shortcuts.ui:226","Previous result","Предыдущий результат"
"src/ui/math-shortcuts.ui:233","Next result","Следующий результат"
"src/ui/math-shortcuts.ui:240","Switch to Keyboard mode (alt.)","Переключение в режим клавиатуры (alt.)"
"src/ui/math-variable-popover.ui:31","Variable name","Имя переменной"
"src/ui/math-variable-popover.ui:40","Store value into existing or new variable","Сохранить значение в новой или существующей переменной"
"src/ui/math-window.ui:20 src/math-window.vala:113","Basic","Базовый"
"src/ui/math-window.ui:25 src/math-window.vala:119","Advanced","Расширенный"
"src/ui/math-window.ui:30 src/math-window.vala:125","Financial","Финансы"
"src/ui/math-window.ui:35 src/math-window.vala:131","Programming","Программированние"
"src/ui/math-window.ui:40 src/math-window.vala:137","Keyboard","Клавиатурный режим"
"src/ui/math-window.ui:49","_New Window","_Создать окно"
"src/ui/math-window.ui:61","_Automatic","_Автоматически"
"src/ui/math-window.ui:67","_Fixed","_Фиксированный"
"src/ui/math-window.ui:73","_Scientific","_Научный"
"src/ui/math-window.ui:79","_Engineering","_Инженерный"
"src/ui/math-window.ui:89","Preferences","Параметры"
"src/ui/math-window.ui:93","Keyboard Shortcuts","Комбинации клавиш"
"src/ui/math-window.ui:97","_Help","Спра_вка"
"src/ui/math-window.ui:117","Mode selection","Выбор режима"
"src/ui/math-window.ui:128","Undo [Ctrl+Z]","Отменить [Ctrl+Z]"
"src/ui/math-window.ui:132","Undo","Отменить"
"src/ui/math-window.ui:143","Primary menu","Главное меню"
"src/math-window.vala:166","_Quit","_Закончить"
