"location","source","target"
"","po header","Project-Id-Version: gnome-shell-extensions gnome-3-0
Report-Msgid-Bugs-To: https://gitlab.gnome.org/GNOME/gnome-shell-extensions/issues
POT-Creation-Date: 2022-05-06 11:44+0000
PO-Revision-Date: 2021-12-11 15:12+0300
Last-Translator: Aleksandr Melman <Alexmelman88@gmail.com>
Language-Team: Русский <gnome-cyr@gnome.org>
Language: ru
MIME-Version: 1.0
Content-Type: text/plain; charset=UTF-8
Content-Transfer-Encoding: 8bit
Plural-Forms: nplurals=3; plural=(n%10==1 && n%100!=11 ? 0 : n%10>=2 && n%10<=4 && (n%100<10 || n%100>=20) ? 1 : 2);
X-Generator: Poedit 3.0
"
"data/gnome-classic.desktop.in:3","GNOME Classic","Классический GNOME"
"data/gnome-classic.desktop.in:4 data/gnome-classic-wayland.desktop.in:4 data/gnome-classic-xorg.desktop.in:4","This session logs you into GNOME Classic","Данный сеанс использует классический рабочий стол GNOME"
"data/gnome-classic-wayland.desktop.in:3","GNOME Classic on Wayland","Классический GNOME на Wayland"
"data/gnome-classic-xorg.desktop.in:3","GNOME Classic on Xorg","Классический GNOME на Xorg"
"extensions/apps-menu/extension.js:118","Favorites","Избранное"
"extensions/apps-menu/extension.js:379","Applications","Приложения"
"extensions/auto-move-windows/org.gnome.shell.extensions.auto-move-windows.gschema.xml:6","Application and workspace list","Приложение и список рабочих областей"
"extensions/auto-move-windows/org.gnome.shell.extensions.auto-move-windows.gschema.xml:7","A list of strings, each containing an application id (desktop file name), followed by a colon and the workspace number","Список строк, содержащих идентификатор приложения (имя desktop-файла), за которым следует двоеточие и номер рабочего места"
"extensions/auto-move-windows/prefs.js:152","Workspace Rules","Правила для рабочей области"
"extensions/auto-move-windows/prefs.js:306","Add Rule","Добавить правило"
"extensions/drive-menu/extension.js:126 extensions/places-menu/placeDisplay.js:210","Ejecting drive “%s” failed:","Не удалось извлечь диск «%s»:"
"extensions/drive-menu/extension.js:145","Removable devices","Съёмные устройства"
"extensions/drive-menu/extension.js:167","Open Files","Открыть файлы"
"extensions/native-window-placement/org.gnome.shell.extensions.native-window-placement.gschema.xml:5","Use more screen for windows","Использовать дополнительную область экрана для окон"
"extensions/native-window-placement/org.gnome.shell.extensions.native-window-placement.gschema.xml:6","Try to use more screen for placing window thumbnails by adapting to screen aspect ratio, and consolidating them further to reduce the bounding box. This setting applies only with the natural placement strategy.","Использовать дополнительную область экрана для расположения миниатюр, изменяя соотношение сторон экрана и уплотняя размещение для уменьшения размеров ограничивающей рамки. Этот параметр применяется только при использовании алгоритма расположения миниатюр «natural»."
"extensions/native-window-placement/org.gnome.shell.extensions.native-window-placement.gschema.xml:11","Place window captions on top","Размещать заголовки окон сверху"
"extensions/native-window-placement/org.gnome.shell.extensions.native-window-placement.gschema.xml:12","If true, place window captions on top the respective thumbnail, overriding shell default of placing it at the bottom. Changing this setting requires restarting the shell to have any effect.","Если выбрано, то заголовки будет располагаться в верхней части миниатюры (по умолчанию заголовки располагаются снизу). При изменении этого параметра, чтобы оно вступило в силу, необходимо перезапустить Shell."
"extensions/places-menu/extension.js:94 extensions/places-menu/extension.js:97","Places","Места"
"extensions/places-menu/placeDisplay.js:49","Failed to launch “%s”","Не удалось запустить «%s»"
"extensions/places-menu/placeDisplay.js:64","Failed to mount volume for “%s”","Не удалось смонтировать том для «%s»"
"extensions/places-menu/placeDisplay.js:125 extensions/places-menu/placeDisplay.js:148","Computer","Компьютер"
"extensions/places-menu/placeDisplay.js:336","Home","Домашняя папка"
"extensions/places-menu/placeDisplay.js:381","Browse Network","Обзор сети"
"extensions/screenshot-window-sizer/org.gnome.shell.extensions.screenshot-window-sizer.gschema.xml:7","Cycle Screenshot Sizes","Сменять размеры снимка экрана"
"extensions/screenshot-window-sizer/org.gnome.shell.extensions.screenshot-window-sizer.gschema.xml:11","Cycle Screenshot Sizes Backward","Сменять размеры снимка экрана в обратном направлении"
"extensions/user-theme/org.gnome.shell.extensions.user-theme.gschema.xml:5","Theme name","Название темы"
"extensions/user-theme/org.gnome.shell.extensions.user-theme.gschema.xml:6","The name of the theme, to be loaded from ~/.themes/name/gnome-shell","Название темы, загружаемой из ~/.themes/name/gnome-shell"
"extensions/window-list/extension.js:72","Close","Закрыть"
"extensions/window-list/extension.js:92","Unminimize","Вернуть"
"extensions/window-list/extension.js:92","Minimize","Свернуть"
"extensions/window-list/extension.js:99","Unmaximize","Восстановить"
"extensions/window-list/extension.js:99","Maximize","Развернуть"
"extensions/window-list/extension.js:441","Minimize all","Свернуть все"
"extensions/window-list/extension.js:447","Unminimize all","Вернуть все"
"extensions/window-list/extension.js:453","Maximize all","Развернуть все"
"extensions/window-list/extension.js:461","Unmaximize all","Восстановить все"
"extensions/window-list/extension.js:469","Close all","Закрыть все"
"extensions/window-list/extension.js:753","Window List","Список окон"
"extensions/window-list/org.gnome.shell.extensions.window-list.gschema.xml:12","When to group windows","Когда группировать окна"
"extensions/window-list/org.gnome.shell.extensions.window-list.gschema.xml:13","Decides when to group windows from the same application on the window list. Possible values are “never”, “auto” and “always”.","Определяет, когда группировать окна одного и того же приложения в списке окон. Возможные значения: «never» — никогда; «auto» — автоматически; «always» — всегда."
"extensions/window-list/org.gnome.shell.extensions.window-list.gschema.xml:20 extensions/window-list/prefs.js:79","Show windows from all workspaces","Отображать окна со всех рабочих областей"
"extensions/window-list/org.gnome.shell.extensions.window-list.gschema.xml:21","Whether to show windows from all workspaces or only the current one.","Показывать ли список окон со всех рабочих областей или только с текущей."
"extensions/window-list/org.gnome.shell.extensions.window-list.gschema.xml:27","Show the window list on all monitors","Показывать список окон на всех мониторах"
"extensions/window-list/org.gnome.shell.extensions.window-list.gschema.xml:28","Whether to show the window list on all connected monitors or only on the primary one.","Показывать ли список окон на всех подключенных мониторах или только на основном."
"extensions/window-list/prefs.js:35","Window Grouping","Группировка окон"
"extensions/window-list/prefs.js:40","Never group windows","Никогда не группировать окна"
"extensions/window-list/prefs.js:41","Group windows when space is limited","Группировать окна, если место ограничено"
"extensions/window-list/prefs.js:42","Always group windows","Всегда группировать окна"
"extensions/window-list/prefs.js:66","Show on all monitors","Показывать на всех мониторах"
"extensions/window-list/workspaceIndicator.js:261 extensions/workspace-indicator/extension.js:266","Workspace Indicator","Индикатор рабочей области"
"extensions/workspace-indicator/prefs.js:62","Workspace %d","Рабочая область %d"
"extensions/workspace-indicator/prefs.js:129","Workspace Names","Названия рабочих областей"
"extensions/workspace-indicator/prefs.js:255","Add Workspace","Добавить рабочую область"
