"location","source","target"
"","po header","Project-Id-Version: gnome-games trunk
Report-Msgid-Bugs-To: https://gitlab.gnome.org/GNOME/gnome-mines/issues
POT-Creation-Date: 2022-06-19 10:07+0000
PO-Revision-Date: 2021-11-30 14:55+0200
Last-Translator: Alexey Rubtsov <rushills@gmail.com>
Language-Team: Русский <gnome-cyr@gnome.org>
Language: ru
MIME-Version: 1.0
Content-Type: text/plain; charset=UTF-8
Content-Transfer-Encoding: 8bit
Plural-Forms: nplurals=3; plural=(n%10==1 && n%100!=11 ? 0 : n%10>=2 && n%10<=4 && (n%100<10 || n%100>=20) ? 1 : 2);
X-Generator: Poedit 3.0
"
"data/org.gnome.Mines.appdata.xml.in:8","GNOME Mines","Сапёр GNOME"
"data/org.gnome.Mines.appdata.xml.in:9 data/org.gnome.Mines.desktop.in:4","Clear hidden mines from a minefield","Поиск мин на минном поле"
"data/org.gnome.Mines.appdata.xml.in:11","GNOME Mines is a puzzle game where you search for hidden mines. Flag the spaces with mines as quickly as possible to make the board a safer place. You win the game when you’ve flagged every mine on the board. Be careful not to trigger one, or the game is over!","Сапёр GNOME — это игра, в которой нужно найти скрытые мины. Установите флажки на все поля, где находятся мины, затратив минимальное количество времени. Вы побеждаете, если все мины на поле отмечены флажками. Не нажимайте на мины, иначе игра закончится!"
"data/org.gnome.Mines.appdata.xml.in:17","You can select the size of the field you want to play on at the start of the game. If you get stuck, you can ask for a hint: there’s a time penalty, but that’s better than hitting a mine!","В начале игры вы можете выбрать размер игрового поля. Если вы попали в затруднительное положение, вы можете получить подсказку, за получение подсказки начисляется штрафное время, но это лучше, чем нарваться на мину!"
"data/org.gnome.Mines.appdata.xml.in:47","The GNOME Project","Проект GNOME"
"data/org.gnome.Mines.desktop.in:3 src/interface.ui:46 src/interface.ui:52 src/gnome-mines.vala:168 src/gnome-mines.vala:845","Mines","Сапёр"
"data/org.gnome.Mines.desktop.in:12","minesweeper;","сапёр;"
"data/org.gnome.Mines.desktop.in:17","Small board","Маленькое поле"
"data/org.gnome.Mines.desktop.in:21","Medium board","Среднее поле"
"data/org.gnome.Mines.desktop.in:25","Big board","Большое поле"
"data/org.gnome.Mines.gschema.xml:5","The theme to use","Используемая тема"
"data/org.gnome.Mines.gschema.xml:6","The title of the tile theme to use.","Название используемой темы."
"data/org.gnome.Mines.gschema.xml:10","Use the unknown flag","Использовать флаг «неизвестно»"
"data/org.gnome.Mines.gschema.xml:11","Set to true to be able to mark squares as unknown.","Установите значение «true», чтобы включить возможность ставить отметки «неизвестно» для квадратов."
"data/org.gnome.Mines.gschema.xml:15","Enable automatic placing of flags","Включить автоматическое открытие мин"
"data/org.gnome.Mines.gschema.xml:16","Set to true to automatically flag squares as mined when enough squares are revealed","Установите значение «true», чтобы квадраты с минами автоматически помечались, когда вокруг открыто достаточное количество квадратов"
"data/org.gnome.Mines.gschema.xml:20","Enable animations","Включить анимацию"
"data/org.gnome.Mines.gschema.xml:21","Set to false to disable theme-defined transition animations","Установите значение «false», чтобы отключить установленную темой анимацию"
"data/org.gnome.Mines.gschema.xml:26","Number of columns in a custom game","Число столбцов в настраиваемой игре"
"data/org.gnome.Mines.gschema.xml:31","Number of rows in a custom game","Число строк в настраиваемой игре"
"data/org.gnome.Mines.gschema.xml:35","The number of mines in a custom game","Число мин в настраиваемой игре"
"data/org.gnome.Mines.gschema.xml:40","Board size","Размер игрового поля"
"data/org.gnome.Mines.gschema.xml:41","Size of the board (0-2 = small-large, 3 = custom)","Размер доски (0-2 = маленькая-большая, 3 = настраиваемая)"
"data/org.gnome.Mines.gschema.xml:45","Width of the window in pixels","Ширина окна в пикселах"
"data/org.gnome.Mines.gschema.xml:49","Height of the window in pixels","Высота окна в пикселах"
"data/org.gnome.Mines.gschema.xml:53","true if the window is maximized","истинно, если окно имеет максимальный размер"
"src/help-overlay.ui:12","Window and game","Окно и игра"
"src/help-overlay.ui:17","Start a new game","Начать новую игру"
"src/help-overlay.ui:24","Restart game with current settings","Начать игру с начала с последними заданными правилами"
"src/help-overlay.ui:31","Pause the game","Приостановить игру"
"src/help-overlay.ui:38","Show Help","Показать справку"
"src/help-overlay.ui:45","Open Menu","Открыть меню"
"src/help-overlay.ui:52","Show Keyboard Shortcuts","Показать комбинации клавиш"
"src/help-overlay.ui:59","Quit","Завершить"
"src/help-overlay.ui:67","Game size selection","Выбор размера"
"src/help-overlay.ui:72","Game size: small","Размер игры: маленькая"
"src/help-overlay.ui:79","Game size: medium","Размер игры: средняя"
"src/help-overlay.ui:86","Game size: large","Размер игры: большая"
"src/help-overlay.ui:93","Game size: custom","Размер игры: настраиваемая"
"src/help-overlay.ui:101","In-game","В игре"
"src/help-overlay.ui:106 src/help-overlay.ui:113","Move the keyboard cursor","Переместить фокус клавиатуры"
"src/help-overlay.ui:120","Reveal field","Выделить поле"
"src/help-overlay.ui:127","Toggle field flag state","Переключить состояние флага на поле"
"src/interface.ui:15","_Scores","_Результаты"
"src/interface.ui:19","A_ppearance","_Внешний вид"
"src/interface.ui:25","_Use Question Flags","_Использовать флаги-вопросы"
"src/interface.ui:31","_Keyboard Shortcuts","Комбинации _клавиш"
"src/interface.ui:35","_Help","_Справка"
"src/interface.ui:39","_About Mines","_О приложении"
"src/interface.ui:205","_Width","_Ширина"
"src/interface.ui:229","_Height","_Высота"
"src/interface.ui:253","Percent _mines","Процент _мин"
"src/interface.ui:279","_Cancel","_Отмена"
"src/interface.ui:296","_Play Game","_Начать игру"
"src/interface.ui:477","Paused","Пауза"
"src/gnome-mines.vala:91","Print release version and exit","Показать версию программы и выйти"
"src/gnome-mines.vala:92","Small game","Маленькая игра"
"src/gnome-mines.vala:93","Medium game","Средняя игра"
"src/gnome-mines.vala:94","Big game","Большая игра"
"src/gnome-mines.vala:265","Minefield:","Минное поле:"
"src/gnome-mines.vala:301","%d × %d, %d mine
msgid_plural: %d × %d, %d mines","msgstr[0]: %d × %d, %d мина
msgstr[1]: %d × %d, %d мины
msgstr[2]: %d × %d, %d мин"
"src/gnome-mines.vala:352","Custom","Пользовательская"
"src/gnome-mines.vala:452","<b>%d</b> mine
msgid_plural: <b>%d</b> mines","msgstr[0]: <b>%d</b> мина
msgstr[1]: <b>%d</b> мины
msgstr[2]: <b>%d</b> мин"
"src/gnome-mines.vala:563","Do you want to start a new game?","Хотите начать новую игру?"
"src/gnome-mines.vala:564","If you start a new game, your current progress will be lost.","Если начать новую игру, текущие результаты не будут учтены."
"src/gnome-mines.vala:565","Keep Current Game","Продолжить игру"
"src/gnome-mines.vala:566","Start New Game","Начать новую игру"
"src/gnome-mines.vala:616","St_art Over","На_чать сначала"
"src/gnome-mines.vala:672","_Pause","_Пауза"
"src/gnome-mines.vala:677","_Resume","_Продолжить"
"src/gnome-mines.vala:760","Play _Again","_Сыграть снова"
"src/gnome-mines.vala:821","Main game:","Основная игра:"
"src/gnome-mines.vala:826","Score:","Счёт:"
"src/gnome-mines.vala:829","Resizing and SVG support:","Изменение размера и поддержка изображений SVG:"
"src/gnome-mines.vala:848","Clear explosive mines off the board","Очистить поле от мин"
"src/gnome-mines.vala:855","translator-credits","Yuri Myasoedov <ymyasoedov@yandex.ru>, 2012-2015.
Stas Solovey <whats_up@tut.by>, 2017-2020.
Артемий Судаков <finziyr@yandex.ru>, 2020."
"src/theme-selector-dialog.vala:104","Select Theme","Выбрать тему"
