"location","source","target"
"","po header","Project-Id-Version: cheese gnome-2-22
Report-Msgid-Bugs-To: https://gitlab.gnome.org/GNOME/gnome-video-effects/issues
POT-Creation-Date: 2022-07-03 04:09+0000
PO-Revision-Date: 2014-07-05 18:50+0400
Last-Translator: Yuri Myasoedov <ymyasoedov@yandex.ru>
Language-Team: Russian <gnome-cyr@gnome.org>
Language: ru
MIME-Version: 1.0
Content-Type: text/plain; charset=UTF-8
Content-Transfer-Encoding: 8bit
Plural-Forms: nplurals=3; plural=(n%10==1 && n%100!=11 ? 0 : n%10>=2 && n%10<=4 && (n%100<10 || n%100>=20) ? 1 : 2);
X-Generator: Poedit 1.6.5
"
"effects/bulge.effect.desktop.in:4","Bulge","Выпуклость"
"effects/bulge.effect.desktop.in:5","Bulges the center of the video","Выпуклость по центру"
"effects/cartoon.effect.desktop.in:4","Cartoon","Комикс"
"effects/cartoon.effect.desktop.in:5","Cartoonify video input","Стилизовать под комикс"
"effects/cheguevara.effect.desktop.in:4","Che Guevara","Че Гевара"
"effects/cheguevara.effect.desktop.in:5","Transform video input into typical Che Guevara style","Преобразовать в стиль «Че Гевара»"
"effects/chrome.effect.desktop.in:4","Chrome","Хром"
"effects/chrome.effect.desktop.in:5","Transform video input into a metallic look","Придать металлический вид"
"effects/dicetv.effect.desktop.in:4","Dice","Кусочки"
"effects/dicetv.effect.desktop.in:5","Dices the video input into many small squares","Разбивает видео на множество кусочков"
"effects/distortion.effect.desktop.in:4","Distortion","Искажение"
"effects/distortion.effect.desktop.in:5","Distort the video input","Исказить видеопоток"
"effects/edgetv.effect.desktop.in:4","Edge","Границы"
"effects/edgetv.effect.desktop.in:5","Display video input like good old low resolution computer way","Старый добрый стиль низкого разрешения"
"effects/flip.effect.desktop.in:3","Flip","Переворот"
"effects/flip.effect.desktop.in:4","Flip the image, as if looking at a mirror","Перевернуть изображение, как будто вы смотрите в зеркало"
"effects/heat.effect.desktop.in:4","Heat","Температура"
"effects/heat.effect.desktop.in:5","Fake heat camera toning","Температурное фиктивное тонирование"
"effects/historical.effect.desktop.in:4","Historical","Исторический"
"effects/historical.effect.desktop.in:5","Add age to video input using scratches and dust","Добавить возраст с помощью царапин и пыли"
"effects/hulk.effect.desktop.in:4","Hulk","Зомби"
"effects/hulk.effect.desktop.in:5","Transform yourself into the amazing Hulk","Превращение в изумительного зомби."
"effects/inversion.effect.desktop.in:4","Inversion","Инверсия"
"effects/inversion.effect.desktop.in:5","Invert colors of the video input","Инвертировать цвета"
"effects/kaleidoscope.effect.desktop.in:4","Kaleidoscope","Калейдоскоп"
"effects/kaleidoscope.effect.desktop.in:5","A triangle Kaleidoscope","Треугольный калейдоскоп"
"effects/mauve.effect.desktop.in:4","Mauve","Лиловость"
"effects/mauve.effect.desktop.in:5","Transform video input into a mauve color","Добавить лилового цвета"
"effects/mirror.effect.desktop.in:4","Mirror","Зеркало"
"effects/mirror.effect.desktop.in:5","Mirrors the video","Зеркальное отражение"
"effects/noir.effect.desktop.in:4","Noir/Blanc","Чёрное и белое"
"effects/noir.effect.desktop.in:5","Transform video input into grayscale","Преобразовать в оттенки серого"
"effects/optv.effect.desktop.in:4","Optical Illusion","Оптический обман"
"effects/optv.effect.desktop.in:5","Traditional black-white optical animation","Традиционная чёрно-белая оптическая анимация"
"effects/pinch.effect.desktop.in:4","Pinch","Щепок"
"effects/pinch.effect.desktop.in:5","Pinches the center of the video","Защипнуть видео по центру"
"effects/quarktv.effect.desktop.in:4","Quark","Кварк"
"effects/quarktv.effect.desktop.in:5","Dissolves moving objects in the video input","Растворить движущиеся объекты"
"effects/radioactv.effect.desktop.in:4","Radioactive","Излучение"
"effects/radioactv.effect.desktop.in:5","Detect radioactivity and show it","Обнаружение радиоактивности"
"effects/revtv.effect.desktop.in:4","Waveform","Колебания"
"effects/revtv.effect.desktop.in:5","Transform video input into a waveform monitor","Преобразовать видео в колебания"
"effects/ripple.effect.desktop.in:4","Ripple","Рябь"
"effects/ripple.effect.desktop.in:5","Add the ripple mark effect on the video input","Добавить эффект ряби"
"effects/saturation.effect.desktop.in:4","Saturation","Насыщенность"
"effects/saturation.effect.desktop.in:5","Add more saturation to the video input","Увеличить насыщенность"
"effects/sepia.effect.desktop.in:4","Sepia","Сепия"
"effects/sepia.effect.desktop.in:5","Sepia toning","Сепия"
"effects/shagadelictv.effect.desktop.in:4","Shagadelic","Психоделия"
"effects/shagadelictv.effect.desktop.in:5","Add some hallucination to the video input","Добавить галлюцинации"
"effects/sobel.effect.desktop.in:4","Sobel","Собель"
"effects/sobel.effect.desktop.in:5","Extracts edges in the video input through using the Sobel operator","Выделить границы с помощью оператора Собеля"
"effects/square.effect.desktop.in:4","Square","Квадрат"
"effects/square.effect.desktop.in:5","Makes a square out of the center of the video","Выделяет по центру  квадрат"
"effects/streaktv.effect.desktop.in:4","Kung-Fu","Кун-фу"
"effects/streaktv.effect.desktop.in:5","Transform motions into Kung-Fu style","Преобразует движения в стиль кун-фу"
"effects/stretch.effect.desktop.in:4","Stretch","Растянуть"
"effects/stretch.effect.desktop.in:5","Stretches the center of the video","Растягивает центр видео"
"effects/timedelay.effect.desktop.in:4","Time delay","Задержка времени"
"effects/timedelay.effect.desktop.in:5","Show what was happening in the past","Показать, что случилось в прошлом"
"effects/twirl.effect.desktop.in:4","Twirl","Вихрь"
"effects/twirl.effect.desktop.in:5","Twirl the center of the video","Закрутить центр видео"
"effects/vertigotv.effect.desktop.in:4","Vertigo","Головокружение"
"effects/vertigotv.effect.desktop.in:5","Add a loopback alpha blending effector with rotating and scaling","Добавить петлевой эффект альфа-смешивания с вращением и масштабированием"
"effects/warptv.effect.desktop.in:4","Warp","Искривление"
"effects/warptv.effect.desktop.in:5","Transform video input into realtime goo’ing","Вязкое видео"
"effects/xray.effect.desktop.in:4","X-Ray","Рентген"
"effects/xray.effect.desktop.in:5","Invert and slightly shade to blue","Инвертировать и добавить синего"
