"location","source","target"
"","po header","Project-Id-Version: gnome-nettool trunk
Report-Msgid-Bugs-To: https://gitlab.gnome.org/GNOME/gnome-nettool/issues
POT-Creation-Date: 2022-06-28 16:45+0000
PO-Revision-Date: 2017-12-14 13:29+0300
Last-Translator: Stas Solovey <whats_up@tut.by>
Language-Team: русский <gnome-cyr@gnome.org>
Language: ru
MIME-Version: 1.0
Content-Type: text/plain; charset=UTF-8
Content-Transfer-Encoding: 8bit
Plural-Forms: nplurals=3; plural=(n%10==1 && n%100!=11 ? 0 : n%10>=2 && n%10<=4 && (n%100<10 || n%100>=20) ? 1 : 2);
X-Generator: Poedit 2.0.5
"
"data/gnome-nettool.appdata.xml.in:10 data/gnome-nettool.desktop.in.in:3 src/callbacks.c:343 src/callbacks.c:344","Network Tools","Сетевые инструменты"
"data/gnome-nettool.appdata.xml.in:11","Perform advanced networking analysis","Выполнить расширенный сетевой анализ"
"data/gnome-nettool.appdata.xml.in:13","Network Tools is a utility to perform advanced networking analysis operations. It features a range of networking tools that are typically done on the command line, but allows you to perform them with a graphical interface.","Сетевые инструменты — это набор утилит для выполнения операций расширенного сетевого анализа. Приложение содержит набор сетевых инструментов, обычно запускаемых в командной строке, но позволяет выполнять их используя графический интерфейс."
"data/gnome-nettool.appdata.xml.in:20","With Network Tools, you can perform the following: ping, netstat, traceroute, port scans, lookup, finger and whois.","Используя сетевые инструменты можно выполнять следующие команды: ping, netstat, traceroute, port scans, lookup, finger и whois."
"data/gnome-nettool.appdata.xml.in:39","The GNOME Project","Проект GNOME"
"data/gnome-nettool.desktop.in.in:4","Network information tools","Сетевые информационные инструменты"
"data/gnome-nettool.desktop.in.in:5","View information about your network","Просмотреть информацию о сети"
"data/gnome-nettool.desktop.in.in:7","network;monitor;remote;","сеть;монитор;удалённый;"
"data/gnome-nettool.ui:18 data/gnome-nettool.ui:28 data/gnome-nettool.ui:38 data/gnome-nettool.ui:48 data/gnome-nettool.ui:58 data/gnome-nettool.ui:78","Host","Узел"
"data/gnome-nettool.ui:68","User","Пользователь"
"data/gnome-nettool.ui:88","_Tool","_Инструмент"
"data/gnome-nettool.ui:94","Beep on ping","Сигнал при запросе ping"
"data/gnome-nettool.ui:107","_Edit","_Правка"
"data/gnome-nettool.ui:113","Copy as text _report","Копировать как текстовый _отчёт"
"data/gnome-nettool.ui:121","Clear _History","_Очистить историю"
"data/gnome-nettool.ui:128","_Help","_Справка"
"data/gnome-nettool.ui:135","_Contents","_Содержание"
"data/gnome-nettool.ui:170","Devices — Network Tools","Сетевые инструменты — Устройства"
"data/gnome-nettool.ui:202","_Network device:","Сетевое _устройство:"
"data/gnome-nettool.ui:250","_Configure","_Настроить"
"data/gnome-nettool.ui:308","IP Information","Информация об IP"
"data/gnome-nettool.ui:348","Hardware address:","Аппаратный адрес:"
"data/gnome-nettool.ui:362","Multicast:","Multicast:"
"data/gnome-nettool.ui:378","MTU:","MTU:"
"data/gnome-nettool.ui:394","Link speed:","Скорость соединения:"
"data/gnome-nettool.ui:410","State:","Состояние:"
"data/gnome-nettool.ui:426 data/gnome-nettool.ui:444 data/gnome-nettool.ui:463 data/gnome-nettool.ui:482 data/gnome-nettool.ui:501 data/gnome-nettool.ui:590 data/gnome-nettool.ui:609 data/gnome-nettool.ui:626 data/gnome-nettool.ui:661 data/gnome-nettool.ui:696 data/gnome-nettool.ui:731 data/gnome-nettool.ui:766","Not Available","Нет данных"
"data/gnome-nettool.ui:523","Interface Information","Информация об интерфейсе"
"data/gnome-nettool.ui:560","Transmitted bytes:","Передано байт:"
"data/gnome-nettool.ui:574","Received bytes:","Получено байт:"
"data/gnome-nettool.ui:645","Transmission errors:","Ошибки передачи:"
"data/gnome-nettool.ui:680","Transmitted packets:","Передано пакетов:"
"data/gnome-nettool.ui:715","Received packets:","Получено пакетов:"
"data/gnome-nettool.ui:750","Reception errors:","Ошибки приёма:"
"data/gnome-nettool.ui:785","Collisions:","Коллизии:"
"data/gnome-nettool.ui:805","Interface Statistics","Статистика интерфейса"
"data/gnome-nettool.ui:835","Devices","Устройства"
"data/gnome-nettool.ui:870","Only","Только"
"data/gnome-nettool.ui:898","requests","запросов"
"data/gnome-nettool.ui:916","Unlimited requests","Неограниченное число запросов"
"data/gnome-nettool.ui:941","Send:","Отправлено:"
"data/gnome-nettool.ui:961","Enter the network address to ping. For example: www.domain.com or 192.168.2.1","Введите сетевой адрес для пинга. Например: www.domain.com или 192.168.2.1"
"data/gnome-nettool.ui:967 data/gnome-nettool.ui:981 data/gnome-nettool.ui:1851 data/gnome-nettool.ui:2028 data/gnome-nettool.ui:2201","Network address","Сетевой адрес"
"data/gnome-nettool.ui:994 data/gnome-nettool.ui:1674 data/gnome-nettool.ui:1829 data/gnome-nettool.ui:2051 data/gnome-nettool.ui:2260","_Network address:","Сетевой _адрес:"
"data/gnome-nettool.ui:1042 data/gnome-nettool.ui:1457 src/main.c:288","Ping","Связность"
"data/gnome-nettool.ui:1100 data/gnome-nettool.ui:1119 data/gnome-nettool.ui:1138","0.0","0.0"
"data/gnome-nettool.ui:1155 data/gnome-nettool.ui:1170 data/gnome-nettool.ui:1185","ms","мс"
"data/gnome-nettool.ui:1198","Maximum:","Наибольшее:"
"data/gnome-nettool.ui:1214","Average:","Среднее:"
"data/gnome-nettool.ui:1230","Minimum:","Наименьшее:"
"data/gnome-nettool.ui:1247","Round Trip Time Statistics","Статистика задержек"
"data/gnome-nettool.ui:1280","Packets transmitted:","Передано пакетов:"
"data/gnome-nettool.ui:1294","0%","0%"
"data/gnome-nettool.ui:1313 data/gnome-nettool.ui:1332","0","0"
"data/gnome-nettool.ui:1349","Successful packets:","Успешных пакетов:"
"data/gnome-nettool.ui:1365","Packets received:","Получено пакетов:"
"data/gnome-nettool.ui:1384","Transmission Statistics","Статистика переданных/принятых пакетов"
"data/gnome-nettool.ui:1441","Details","Подробности"
"data/gnome-nettool.ui:1482","Display:","Показать:"
"data/gnome-nettool.ui:1497","Routing Table Information","Таблица маршрутизации"
"data/gnome-nettool.ui:1511","Active Network Services","Активные сетевые сервисы"
"data/gnome-nettool.ui:1526","Multicast Information","Данные широковещательной рассылки"
"data/gnome-nettool.ui:1581 data/gnome-nettool.ui:1649 src/main.c:442","Netstat","Сеть"
"data/gnome-nettool.ui:1625","Output for net stat","Вывод команды netstat"
"data/gnome-nettool.ui:1632","Netstat output","Результат запроса сетевой конфигурации"
"data/gnome-nettool.ui:1690","Enter the network address to trace a path to. For example: www.domain.com or 192.168.2.1","Введите сетевой адрес для трассировки пути. Например: www.domain.com или 192.168.2.1"
"data/gnome-nettool.ui:1741 src/main.c:373","Trace","Трассировать"
"data/gnome-nettool.ui:1778","Output for traceroute","Вывод команды traceroute"
"data/gnome-nettool.ui:1785","Traceroute output","Результат трассировки маршрута"
"data/gnome-nettool.ui:1803","Enter the network address to trace a route to. For example: www.domain.com or 192.168.2.1","Введите сетевой адрес для трассировки. Например: www.domain.com или 192.168.2.1"
"data/gnome-nettool.ui:1804","Traceroute","Трассировка маршрута"
"data/gnome-nettool.ui:1845","Enter the network address to scan for open ports. For example: www.domain.com or 192.168.2.1","Введите сетевой адрес для сканирования открытых портов. Например: www.domain.com или 192.168.2.1"
"data/gnome-nettool.ui:1901 src/main.c:613","Scan","Сканировать"
"data/gnome-nettool.ui:1938","Output for port scan","Вывод сканирования портов"
"data/gnome-nettool.ui:1945","Port scan output","Результат сканирования портов"
"data/gnome-nettool.ui:1962","Port Scan","Сканирование портов"
"data/gnome-nettool.ui:2004","_Information type:","_Тип информации:"
"data/gnome-nettool.ui:2022","Enter the domain to lookup. For example: domain.com or ftp.domain.com.","Введите домен для поиска. Например: domain.com или ftp.domain.com."
"data/gnome-nettool.ui:2096 data/gnome-nettool.ui:2163 src/main.c:736","Lookup","Преобразование имён"
"data/gnome-nettool.ui:2140","Output for lookup","Вывод команды lookup"
"data/gnome-nettool.ui:2146","Lookup output","Результат преобразования имён"
"data/gnome-nettool.ui:2195","Enter the network address to finger that user. For example: www.domain.com or 192.168.2.1","Введите сетевой адрес для тестирования фингер по пользователю . Например: www.domain.com или 192.168.2.1"
"data/gnome-nettool.ui:2231","Enter the user to finger","Введите пользователя"
"data/gnome-nettool.ui:2237","User name","Имя пользователя"
"data/gnome-nettool.ui:2274","_Username:","Имя _пользователя:"
"data/gnome-nettool.ui:2319 data/gnome-nettool.ui:2387 src/main.c:814","Finger","Пользователи"
"data/gnome-nettool.ui:2363","Output for finger","Вывод команды finger"
"data/gnome-nettool.ui:2370","Finger output","Результат запроса пользователей"
"data/gnome-nettool.ui:2412","_Domain address:","_Доменный адрес:"
"data/gnome-nettool.ui:2428","Enter a domain address to lookup its whois information. For example: www.domain.com or 192.168.2.1","Введите адрес домена для поиска информации whois. Например: www.domain.com или 192.168.2.1"
"data/gnome-nettool.ui:2434","Domain address","Адрес домена"
"data/gnome-nettool.ui:2484 data/gnome-nettool.ui:2548 src/main.c:918","Whois","Домены"
"data/gnome-nettool.ui:2521 data/gnome-nettool.ui:2547","Output for whois","Вывод команды whois"
"data/gnome-nettool.ui:2529 data/gnome-nettool.ui:2530 data/gnome-nettool.ui:2554","Whois output","Результат запроса информации о сетевом имени"
"data/org.gnome.gnome-nettool.gschema.xml:6","Historically used hostnames","Использовавшиеся ранее имена узлов"
"data/org.gnome.gnome-nettool.gschema.xml:7","A list of hostnames previously used","Список использовавшихся ранее узлов"
"data/org.gnome.gnome-nettool.gschema.xml:11","Historically used usernames","Использовавшиеся ранее имена пользователей"
"data/org.gnome.gnome-nettool.gschema.xml:12","A list of usernames previously used","Список предыдущих имён пользователей"
"data/org.gnome.gnome-nettool.gschema.xml:16","Historically used domains","Использовавшиеся ранее домены"
"data/org.gnome.gnome-nettool.gschema.xml:17","A list of domains previously used","Список предыдущих доменов"
"src/callbacks.c:332","translator-credits","Stas Solovey <whats_up@tut.by>, 2017.
Yuri Myasoedov <omerta13@yandex.ru>, 2013-2017."
"src/callbacks.c:339","Copyright © 2003-2008 %s","Авторское право © 2003-2008 %s"
"src/callbacks.c:346","Graphical user interface for common network utilities","Графический пользовательский интерфейс для сетевых инструментов"
"src/callbacks.c:458 src/main.c:140 src/nettool.c:524","Idle","Бездействует"
"src/callbacks.c:463","%s — Network Tools","%s — Сетевые инструменты"
"src/callbacks.c:487","Unable to open help file","Не удалось открыть файл справки"
"src/finger.c:65","Getting information of %s on “%s”","Получение информации о %s на «%s»"
"src/finger.c:69","Getting information of all users on “%s”","Получение информации обо всех пользователях на «%s»"
"src/info.c:60","Other type","Другой тип"
"src/info.c:61","Ethernet Interface","Сетевой интерфейс"
"src/info.c:62","Wireless Interface","Интерфейс беспроводного доступа"
"src/info.c:63","Modem Interface","Модемный интерфейс"
"src/info.c:64","Parallel Line Interface","Параллельный интерфейс"
"src/info.c:65","Infrared Interface","Инфракрасный интерфейс"
"src/info.c:66","Infiniband Interface","Интерфейс Infiniband"
"src/info.c:67","Loopback Interface","Локальный интерфейс"
"src/info.c:68","Unknown Interface","Неизвестный интерфейс"
"src/info.c:166","Network Devices Not Found","Сетевые устройства не найдены"
"src/info.c:397 src/info.c:400","Unknown","Неизвестно"
"src/info.c:472","Active","Активен"
"src/info.c:474","Inactive","Неактивен"
"src/info.c:479","Loopback","Локальный"
"src/info.c:489","Enabled","Включено"
"src/info.c:491","Disabled","Выключено"
"src/info.c:580","Network device:	%s
","Сетевое устройство:	%s
"
"src/info.c:581","Hardware address:	%s
","Аппаратный адрес:	%s
"
"src/info.c:582","Multicast:	%s
","Multicast:	%s
"
"src/info.c:583","MTU:	%s
","MTU:	%s
"
"src/info.c:584","Link speed:	%s
","Скорость соединения:	%s
"
"src/info.c:585","State:	%s
","Состояние:	%s
"
"src/info.c:587","Transmitted packets:	%s
","Передано пакетов:	%s
"
"src/info.c:588","Transmission errors:	%s
","Ошибки передачи:	%s
"
"src/info.c:589","Received packets:	%s
","Получено пакетов:	%s
"
"src/info.c:590","Reception errors:	%s
","Ошибки приёма:	%s
"
"src/info.c:591","Collisions:	%s
","Коллизии:	%s
"
"src/info.h:23","not available","нет данных"
"src/lookup.c:85","Looking up %s","Ищу информацию об %s"
"src/lookup.c:279","Name","Имя"
"src/lookup.c:288","TTL","TTL"
"src/lookup.c:297","Address Type","Тип адреса"
"src/lookup.c:307","Record Type","Тип записи"
"src/lookup.c:316","Address","Адрес"
"src/lookup.c:344","Source	TTL	Address Type	Record Type1	Resolution
","Исходный	TTL	Тип адреса	Тип записи 1	Результат
"
"src/main.c:82","Load information for a network device","Загрузить информацию про сетевое устройство"
"src/main.c:83","DEVICE","УСТРОЙСТВО"
"src/main.c:86","Send a ping to a network address","Послать ping запрос на адрес"
"src/main.c:87 src/main.c:95 src/main.c:99 src/main.c:103","HOST","УЗЕЛ"
"src/main.c:90","Get netstat information.  Valid options are: route, active, multicast.","Получить информацию netstat. Возможные опции: route, active, multicast."
"src/main.c:91","COMMAND","КОМАНДА"
"src/main.c:94","Trace a route to a network address","Произвести трассировку маршрута к сетевому адресу"
"src/main.c:98","Port scan a network address","Произвести сканирование портов сетевого адреса"
"src/main.c:102","Look up a network address","Произвести поиск в DNS реверсного имени адреса"
"src/main.c:106","Finger command to run","Команда для запуска finger"
"src/main.c:107","USER","ПОЛЬЗОВАТЕЛЬ"
"src/main.c:110","Perform a whois lookup for a network domain","Показать информацию RIPE базы о сетевом домене"
"src/main.c:111","DOMAIN","ДОМЕН"
"src/main.c:128","The file %s doesn’t exist, please check if gnome-nettool is correctly installed","Файл %s отсутствует, удостоверьтесь в корректной установке gnome-nettool"
"src/main.c:476 src/netstat.c:464","Protocol","Протокол"
"src/main.c:483","IP Address","IP адрес"
"src/main.c:490","Netmask / Prefix","Маска подсети / префикс"
"src/main.c:497","Broadcast","Широковещательный"
"src/main.c:504","Scope","Область"
"src/main.c:663","Default Information","Информация по умолчанию"
"src/main.c:664","Internet Address","IP адрес"
"src/main.c:665","Canonical Name","Каноническое имя"
"src/main.c:666","CPU / OS Type","Тип ЦП и операционная система"
"src/main.c:673","Mailbox Exchange","Запись MX почтовой службы"
"src/main.c:674","Mailbox Information","Информация о почтовой доставке"
"src/main.c:676","Name Server","Сервер имён"
"src/main.c:677","Host name for Address","Имя узла для адреса IP"
"src/main.c:681","Start of Authority","Start of Authority (SOA)"
"src/main.c:682","Text Information","Текстовая информация"
"src/main.c:683","Well Known Services","Доступные сервисы"
"src/main.c:684","Any / All Information","Вся информация"
"src/netstat.c:134","Getting routing table","Получаю таблицу маршрутизации"
"src/netstat.c:149","Getting active Internet connections","Изучаю какие сетевые соединения активны"
"src/netstat.c:158","Getting group memberships","Получения членства в группах"
"src/netstat.c:471","IP Source","Исходный IP"
"src/netstat.c:479","Port/Service","Порт/Служба"
"src/netstat.c:487 src/scan.c:213","State","Состояние"
"src/netstat.c:640","Destination/Prefix","Назначение/Префикс"
"src/netstat.c:642","Destination","Назначение"
"src/netstat.c:649","Gateway","Шлюз"
"src/netstat.c:657","Netmask","Маска"
"src/netstat.c:665 src/netstat.c:771","Interface","Интерфейс"
"src/netstat.c:778","Member","Участник"
"src/netstat.c:786","Group","Группа"
"src/netstat.c:826","Protocol	IP Source	Port/Service	State
","Протокол	Исходный IP	Порт/Служба	Состояние
"
"src/netstat.c:832","Destination	Gateway	Netmask	Interface
","Получатель	Шлюз	Маска	Интерфейс
"
"src/netstat.c:837","Interface	Member	Group
","Интерфейс	Участник	Группа
"
"src/nettool.c:204","A network address was not specified","Сетевой адрес не был указан"
"src/nettool.c:205 src/nettool.c:214","Please enter a valid network address and try again.","Пожалуйста, введите корректный сетевой адрес, а затем попробуйте ещё раз."
"src/nettool.c:212","The address “%s” cannot be found","Невозможно найти адрес «%s»"
"src/nettool.c:241","A domain address was not specified","Доменный адрес не был указан"
"src/nettool.c:242","Please enter a valid domain address and try again.","Пожалуйста введите корректный доменный адрес, а затем попробуйте ещё раз."
"src/nettool.c:290","An error occurred when try to run “%s”","Произошла ошибка при попытке запуска «%s»"
"src/nettool.c:464","Information not available","Информация не доступна"
"src/nettool.c:589","Stop","Остановить"
"src/nettool.c:595","Run","Запустить"
"src/ping.c:155","Time (ms):","Время (мс)"
"src/ping.c:176","Seq. No.:","Номер:"
"src/ping.c:261","Sending ping requests to %s","Отправка пинг-запросов на %s"
"src/ping.c:577","Bytes","Байты"
"src/ping.c:584","Source","Цель"
"src/ping.c:592","Seq","Запрос"
"src/ping.c:602 src/traceroute.c:336","Time","Время"
"src/ping.c:610","Units","Единицы измерения"
"src/ping.c:636","Bytes	Source	Seq	Time	Units
","Байты	Цель	Запрос	Время	Единицы измерения
"
"src/ping.c:651","Time minimum:	%s ms
","Минимальное время:	%s мс
"
"src/ping.c:652","Time average:	%s ms
","Среднее время:	%s мс
"
"src/ping.c:653","Time maximum:	%s ms
","Максимальное время:	%s мс
"
"src/ping.c:655","Packets transmitted:	%s
","Передано пакетов:	%s
"
"src/ping.c:657","Packets received:	%s
","Получено пакетов:	%s
"
"src/ping.c:660","Successful packets:	%s
","Успешные пакеты:	%s
"
"src/scan.c:68","Scanning %s for open ports","Сканирование %s на наличие открытых портов"
"src/scan.c:205","Port","Порт"
"src/scan.c:221","Service","Сервис"
"src/scan.c:243","Port	State	Service
","Порт	Состояние	Сервис
"
"src/traceroute.c:67","Tracing route to %s","Трассировка маршрута до %s"
"src/traceroute.c:309","Hop","Шаг"
"src/traceroute.c:317","Hostname","Имя узла"
"src/traceroute.c:325","IP","IP"
"src/traceroute.c:360","Hop	Hostname	IP	Time 1
","Хоп	Имя узла	IP	Время 1
"
"src/utils.c:239","In order to use this feature of the program, %s must be installed in your system","Необходимо установить %s для того, чтобы использовать эту возможность программы"
"src/whois.c:62","Getting the whois information of %s","Получение информацию о домене %s"
