"location","source","target"
"","po header","Project-Id-Version: gnome-bluetooth.master.ru
Report-Msgid-Bugs-To: https://gitlab.gnome.org/GNOME/gnome-bluetooth/issues
POT-Creation-Date: 2022-05-07 13:16+0000
PO-Revision-Date: 2022-01-05 16:00+0200
Last-Translator: Alexey Rubtsov <rushills@gmail.com>
Language-Team: русский <gnome-cyr@gnome.org>
Language: ru
MIME-Version: 1.0
Content-Type: text/plain; charset=UTF-8
Content-Transfer-Encoding: 8bit
Plural-Forms: nplurals=3; plural=(n%10==1 && n%100!=11 ? 0 : n%10>=2 && n%10<=4 && (n%100<10 || n%100>=20) ? 1 : 2);
X-Launchpad-Export-Date: 2009-04-14 23:23+0000
X-Generator: Poedit 3.0.1
"
"lib/bluetooth-pairing-dialog.c:81 lib/bluetooth-pairing-dialog.c:88 lib/bluetooth-pairing-dialog.c:102","Confirm Bluetooth PIN","Подтвердите Bluetooth PIN"
"lib/bluetooth-pairing-dialog.c:82","Please confirm the PIN that was entered on “%s”.","Подтвердите PIN-код, который был введён на «%s»."
"lib/bluetooth-pairing-dialog.c:86 lib/bluetooth-pairing-dialog.c:99 lib/bluetooth-pairing-dialog.c:147","Confirm","Подтвердить"
"lib/bluetooth-pairing-dialog.c:89","Confirm the Bluetooth PIN for “%s”. This can usually be found in the device’s manual.","Подтвердить Bluetooth PIN для «%s». Как это сделать можно найти в руководстве для устройства."
"lib/bluetooth-pairing-dialog.c:95","Pairing “%s”","Сопряжение «%s»"
"lib/bluetooth-pairing-dialog.c:103","Please confirm that the following PIN matches the one displayed on “%s”.","Подтвердите, что PIN-код, отображаемый на «%s», соответствует этому."
"lib/bluetooth-pairing-dialog.c:108","Bluetooth Pairing Request","Запрос на сопряжение Bluetooth"
"lib/bluetooth-pairing-dialog.c:109","“%s” wants to pair with this device. Do you want to allow pairing?","«%s» хочет установить сопряжение с этим устройством. Разрешить сопряжение?"
"lib/bluetooth-pairing-dialog.c:114","Confirm Bluetooth Connection","Подтверждение подключения по Bluetooth"
"lib/bluetooth-pairing-dialog.c:115","“%s” wants to connect with this device. Do you want to allow it?","«%s» хочет подключиться к этому устройству. Разрешить подключение?"
"lib/bluetooth-pairing-dialog.c:123","Please enter the following PIN on “%s”.","Введите следующий PIN на «%s»."
"lib/bluetooth-pairing-dialog.c:126","Please enter the following PIN on “%s”. Then press “Return” on the keyboard.","Введите следующий PIN на «%s». Затем нажмите «Ввод» на клавиатуре."
"lib/bluetooth-pairing-dialog.c:129","Please move the joystick of your iCade in the following directions. Then press any of the white buttons.","Переместите джойстик iCade в следующих направлениях. Затем нажмите любую из белых кнопок."
"lib/bluetooth-pairing-dialog.c:137","Allow","Разрешить"
"lib/bluetooth-pairing-dialog.c:141","Dismiss","Отклонить"
"lib/bluetooth-pairing-dialog.c:151 lib/bluetooth-pairing-dialog.c:304","Cancel","Отмена"
"lib/bluetooth-pairing-dialog.c:286 lib/bluetooth-settings-obexpush.c:247","Accept","Принять"
"lib/bluetooth-settings-row.c:78 lib/bluetooth-settings-row.ui:14","Not Set Up","Не настроено"
"lib/bluetooth-settings-row.c:80","Connected","Подключено"
"lib/bluetooth-settings-row.c:82","Disconnected","Отключено"
"lib/bluetooth-settings-widget.c:1138","Yes","Да"
"lib/bluetooth-settings-widget.c:1138","No","Нет"
"lib/bluetooth-settings-widget.c:1237","Visible as “%s” and available for Bluetooth file transfers. Transferred files are placed in the <a href=""%s"">Downloads</a> folder.","Виден как «%s», доступен для передачи файлов по Bluetooth. Полученные файлы сохраняются в каталог <a href=""%s"">Загрузки</a>."
"lib/bluetooth-settings-widget.c:1313","Remove “%s” from the list of devices?","Удалить «%s» из списка устройств?"
"lib/bluetooth-settings-widget.c:1315","If you remove the device, you will have to set it up again before next use.","Если вы удалите устройство, вам необходимо будет снова настроить его перед следующим использованием."
"lib/bluetooth-settings-widget.c:1318 sendto/main.c:446 sendto/main.c:694","_Cancel","_Отмена"
"lib/bluetooth-settings-widget.c:1319","_Remove","_Удалить"
"lib/bluetooth-settings-obexpush.c:145","You received “%s” via Bluetooth","Через Bluetooth получен файл «%s»"
"lib/bluetooth-settings-obexpush.c:147","You received a file","Получен файл"
"lib/bluetooth-settings-obexpush.c:158","Open File","Открыть файл"
"lib/bluetooth-settings-obexpush.c:162","Open Containing Folder","Открыть содержащую папку"
"lib/bluetooth-settings-obexpush.c:179","File reception complete","Получение файла завершено"
"lib/bluetooth-settings-obexpush.c:234","Bluetooth file transfer from %s","Передача файла по Bluetooth от %s"
"lib/bluetooth-settings-obexpush.c:244","Decline","Отклонить"
"lib/bluetooth-utils.c:56","Phone","Телефон"
"lib/bluetooth-utils.c:58","Modem","Модем"
"lib/bluetooth-utils.c:60","Computer","Компьютер"
"lib/bluetooth-utils.c:62","Network","Сеть"
"lib/bluetooth-utils.c:65","Headset","Гарнитура"
"lib/bluetooth-utils.c:67","Headphones","Наушники"
"lib/bluetooth-utils.c:69","Audio device","Звуковое устройство"
"lib/bluetooth-utils.c:71","Keyboard","Клавиатура"
"lib/bluetooth-utils.c:73","Mouse","Мышь"
"lib/bluetooth-utils.c:75","Camera","Камера"
"lib/bluetooth-utils.c:77","Printer","Принтер"
"lib/bluetooth-utils.c:79","Joypad","Геймпад"
"lib/bluetooth-utils.c:81","Tablet","Планшет"
"lib/bluetooth-utils.c:83","Video device","Видеоустройство"
"lib/bluetooth-utils.c:85","Remote control","Пульт управления"
"lib/bluetooth-utils.c:87","Scanner","Сканер"
"lib/bluetooth-utils.c:89","Display","Дисплей"
"lib/bluetooth-utils.c:91","Wearable","Носимое устройство"
"lib/bluetooth-utils.c:93","Toy","Игрушка"
"lib/bluetooth-utils.c:95","Speakers","Динамики"
"lib/bluetooth-utils.c:97","Unknown","Неизвестный"
"lib/settings.ui:29","Connection","Подключение"
"lib/settings.ui:71","Paired","Сопряжённые"
"lib/settings.ui:94","Type","Тип"
"lib/settings.ui:117","Address","Адрес"
"lib/settings.ui:143","_Mouse & Touchpad Settings","Настройки _мыши и тачпада"
"lib/settings.ui:150","_Sound Settings","Настройки _звука"
"lib/settings.ui:157","_Keyboard Settings","_Настройки клавиатуры"
"lib/settings.ui:164","Send _Files…","Отправить _файлы…"
"lib/settings.ui:171","_Remove Device","_Удалить устройство"
"lib/settings.ui:185 lib/settings.ui:200","Devices","Устройства"
"lib/settings.ui:214","Searching for devices…","Поиск устройств…"
"sendto/bluetooth-sendto.desktop.in.in:3","Bluetooth Transfer","Передача данных по Bluetooth"
"sendto/bluetooth-sendto.desktop.in.in:4","Send files via Bluetooth","Отправка файлов через Bluetooth"
"sendto/main.c:117","An unknown error occurred","Произошла неизвестная ошибка"
"sendto/main.c:130","Make sure that the remote device is switched on and that it accepts Bluetooth connections","Убедитесь, что удалённое устройство включено, и что оно принимает соединения Bluetooth"
"sendto/main.c:363","%'d second
msgid_plural: %'d seconds","msgstr[0]: %'d секунда
msgstr[1]: %'d секунды
msgstr[2]: %'d секунд"
"sendto/main.c:368 sendto/main.c:381","%'d minute
msgid_plural: %'d minutes","msgstr[0]: %'d минута
msgstr[1]: %'d минуты
msgstr[2]: %'d минут"
"sendto/main.c:379","%'d hour
msgid_plural: %'d hours","msgstr[0]: %'d час
msgstr[1]: %'d часа
msgstr[2]: %'d часов"
"sendto/main.c:389","approximately %'d hour
msgid_plural: approximately %'d hours","msgstr[0]: примерно %'d час
msgstr[1]: примерно %'d часа
msgstr[2]: примерно %'d часов"
"sendto/main.c:402 sendto/main.c:498","Connecting…","Подключение…"
"sendto/main.c:443","Bluetooth File Transfer","Передача данных по Bluetooth"
"sendto/main.c:447","_Retry","П_овторить"
"sendto/main.c:464","From:","От:"
"sendto/main.c:480","To:","До:"
"sendto/main.c:562","Sending %s","Передача %s"
"sendto/main.c:569 sendto/main.c:618","Sending file %d of %d","Передача файла %d из %d"
"sendto/main.c:614","%d kB/s","%d КБ/с"
"sendto/main.c:616","%d B/s","%d Б/с"
"sendto/main.c:647","%u transfer complete
msgid_plural: %u transfers complete","msgstr[0]: %u передача завершена
msgstr[1]: %u передачи завершены
msgstr[2]: %u передач завершено"
"sendto/main.c:654","_Close","_Закрыть"
"sendto/main.c:664","There was an error","Произошла ошибка"
"sendto/main.c:688","Choose files to send","Выберите файлы для отправки"
"sendto/main.c:695","Select","Выбрать"
"sendto/main.c:731","Remote device to use","Используемое удалённое устройство"
"sendto/main.c:731","ADDRESS","АДРЕС"
"sendto/main.c:733","Remote device’s name","Имя удалённого устройства"
"sendto/main.c:733","NAME","ИМЯ"
