"location","source","target"
"","po header","Project-Id-Version: gnome-todo gnome-3-18
Report-Msgid-Bugs-To: https://gitlab.gnome.org/GNOME/gnome-todo/issues
POT-Creation-Date: 2022-07-04 18:57+0000
PO-Revision-Date: 2021-11-05 18:35+0200
Last-Translator: Alexey Rubtsov <rushills@gmail.com>
Language-Team: Russian <kde-i18n-doc@kde.org>
Language: ru
MIME-Version: 1.0
Content-Type: text/plain; charset=UTF-8
Content-Transfer-Encoding: 8bit
Plural-Forms: nplurals=3; plural=(n%10==1 && n%100!=11 ? 0 : n%10>=2 && n%10<=4 && (n%100<10 || n%100>=20) ? 1 : 2);
X-Generator: Poedit 3.0
"
"data/appdata/org.gnome.Todo.appdata.xml.in.in:7 data/org.gnome.Todo.desktop.in.in:3 src/gui/gtd-application.c:131 src/gui/gtd-omni-area.ui:44 src/main.c:37","Endeavour",""
"data/appdata/org.gnome.Todo.appdata.xml.in.in:8","Task manager for GNOME","Менеджер задач для GNOME"
"data/appdata/org.gnome.Todo.appdata.xml.in.in:11","Endeavour is a task management application designed to integrate with GNOME. Save and order your todos. Manage multiple todo lists. Keep your todos on your computer or sync them with cloud providers. Customize your experience with plugins.","GNOME To Do — приложение для управления задачами, разработанное для использования в GNOME. Сохраняйте и сортируйте свои задачи. Управляйте несколькими списками задач. Храните задачи на компьютере или синхронизируйте их с облаком. Расширяйте возможности с помощью модулей расширения."
"data/appdata/org.gnome.Todo.appdata.xml.in.in:25","Welcome screen","Экран приветствия"
"data/appdata/org.gnome.Todo.appdata.xml.in.in:29","Empty state","Пустое состояние"
"data/appdata/org.gnome.Todo.appdata.xml.in.in:33","Task lists","Списки задач"
"data/org.gnome.Todo.desktop.in.in:4","Manage your personal tasks","Управляйте своими персональными задачами"
"data/org.gnome.Todo.desktop.in.in:13","Task;Productivity;Todo;","Задачи;Продуктивность;Todo;"
"data/org.gnome.todo.gschema.xml:6","Window maximized","Окно развёрнуто"
"data/org.gnome.todo.gschema.xml:7","Window maximized state","Окно имеет максимальный размер"
"data/org.gnome.todo.gschema.xml:11","Window size","Размер окна"
"data/org.gnome.todo.gschema.xml:12","Window size (width and height).","Размер окна (ширина и высота)."
"data/org.gnome.todo.gschema.xml:16","First run of Endeavour","Первый запуск GNOME To Do"
"data/org.gnome.todo.gschema.xml:17","Whether it’s the first run of Endeavour (to run the initial setup) or not","Является ли это первым запуском GNOME To Do (запускать начальную настройку) или нет"
"data/org.gnome.todo.gschema.xml:21","Default provider to add new lists to","Служба по умолчанию, в которую добавляются списки"
"data/org.gnome.todo.gschema.xml:22","The identifier of the default provider to add new lists to","Идентификатор службы по умолчанию, в которую добавляются новые списки"
"data/org.gnome.todo.gschema.xml:26","List of active extensions","Список активных расширений"
"data/org.gnome.todo.gschema.xml:27","The list of active extensions","Список активных расширений"
"data/org.gnome.todo.gschema.xml:31","Sidebar revealed","Показывать боковую панель"
"data/org.gnome.todo.gschema.xml:32","Whether the sidebar is revealed or not","Определяет отображается боковая панель или нет"
"data/org.gnome.todo.gschema.xml:41","Style Variant","Вариант стиля"
"data/org.gnome.todo.gschema.xml:42","Use the light or dark variant of the GTK theme and/or GtkSourceView style scheme.","Использовать тёмный или светлый вариант темы GTK и/или стиль темы GtkSourceView."
"src/gui/gtd-application.c:73","Quit Endeavour",""
"src/gui/gtd-application.c:74","Enable debug messages","Включить отладочные сообщения"
"src/gui/gtd-application.c:133","Copyright © 2015–2020 The Endeavour authors","Copyright © 2015–2020 Авторы приложения To Do"
"src/gui/gtd-application.c:138","translator-credits","Stas Solovey <whats_up@tut.by>, 2015
Ivan Komaritsyn <vantu5z@mail.ru>, 2015
Yuri Myasoedov <ymyasoedov@yandex.ru>, 2017
Alexey Rubtsov <rushills@gmail.com>, 2021"
"src/gui/gtd-edit-pane.c:93 src/plugins/all-tasks-panel/gtd-all-tasks-panel.c:112 src/plugins/next-week-panel/gtd-next-week-panel.c:140 src/plugins/scheduled-panel/gtd-panel-scheduled.c:103","No date set","Дата не установлена"
"src/gui/gtd-edit-pane.ui:16","D_ue Date","_Дата выполнения"
"src/gui/gtd-edit-pane.ui:30","_Today","_Сегодня"
"src/gui/gtd-edit-pane.ui:39","To_morrow","_Завтра"
"src/gui/gtd-edit-pane.ui:75","_Notes","_Заметки"
"src/gui/gtd-edit-pane.ui:121","_Delete","_Удалить"
"src/gui/gtd-edit-pane.ui:158","None","Нет"
"src/gui/gtd-empty-list-widget.c:50 src/plugins/today-panel/gtd-today-omni-area-addin.c:53","No more tasks left","Задач больше нет"
"src/gui/gtd-empty-list-widget.c:51 src/plugins/today-panel/gtd-today-omni-area-addin.c:54","Nothing else to do here","Здесь больше нечего делать"
"src/gui/gtd-empty-list-widget.c:52 src/plugins/today-panel/gtd-today-omni-area-addin.c:55","You made it!","Вы сделали это!"
"src/gui/gtd-empty-list-widget.c:53 src/plugins/today-panel/gtd-today-omni-area-addin.c:56","Looks like there’s nothing else left here","Кажется, здесь больше ничего не осталось"
"src/gui/gtd-empty-list-widget.c:58","Get some rest now","Передохните немного"
"src/gui/gtd-empty-list-widget.c:59","Enjoy the rest of your day","Наслаждайтесь остатком дня"
"src/gui/gtd-empty-list-widget.c:60","Good job!","Хорошая работа!"
"src/gui/gtd-empty-list-widget.c:61","Meanwhile, spread the love","А пока дарите любовь"
"src/gui/gtd-empty-list-widget.c:62 src/plugins/peace/gtd-peace-omni-area-addin.c:78","Working hard is always rewarded","Тяжкие труды всегда вознаграждаются"
"src/gui/gtd-empty-list-widget.c:72","Tasks Will Appear Here","Задачи появятся здесь"
"src/gui/gtd-empty-list-widget.c:74","Add Tasks…","Добавить задачи…"
"src/gui/gtd-empty-list-widget.c:85","Add More Tasks…","Добавить больше задач…"
"src/gui/gtd-initial-setup-window.ui:20","Welcome","Добро пожаловать"
"src/gui/gtd-initial-setup-window.ui:31","Log in to online accounts to access your tasks","Войдите в сетевые учётные записи, чтобы получить доступ к задачам"
"src/gui/gtd-initial-setup-window.ui:53","Endeavour Setup",""
"src/gui/gtd-initial-setup-window.ui:56 src/gui/gtd-provider-popover.ui:42","_Cancel","_Отменить"
"src/gui/gtd-initial-setup-window.ui:65","_Done","_Готово"
"src/gui/gtd-new-task-row.c:90","%1$s 	 <small>%2$s</small>","%1$s 	 <small>%2$s</small>"
"src/gui/gtd-new-task-row.c:127","An error occurred while creating a task","Ошибка при создании задачи"
"src/gui/gtd-new-task-row.ui:14","New task…","Создать задачу…"
"src/gui/gtd-provider-popover.c:97","An error occurred while creating a task list","Ошибка при создании списка задач"
"src/gui/gtd-provider-popover.ui:25","Create _List","_Создать список"
"src/gui/gtd-provider-popover.ui:55","List Name","Имя списка"
"src/gui/gtd-provider-popover.ui:115","Select a storage location","Выберите место хранения"
"src/gui/gtd-provider-row.ui:60","Off","Выключено"
"src/gui/gtd-provider-selector.ui:19","Click to add a new Google account","Нажмите для добавления новой учётной записи Google"
"src/gui/gtd-provider-selector.ui:35","Google","Google"
"src/gui/gtd-provider-selector.ui:45","Click to add a new ownCloud account","Нажмите для добавления новой учётной записи ownCloud"
"src/gui/gtd-provider-selector.ui:61","ownCloud","ownCloud"
"src/gui/gtd-provider-selector.ui:71","Click to add a new Microsoft Exchange account","Нажмите для добавления новой учётной записи Microsoft Exchange"
"src/gui/gtd-provider-selector.ui:87","Microsoft Exchange","Microsoft Exchange"
"src/gui/gtd-provider-selector.ui:100","Or you can just store your tasks on this computer","Также можно хранить задания на компьютере"
"src/gui/gtd-task-list-view.c:443","Task <b>%s</b> removed","Задача <b>%s</b> удалена"
"src/gui/gtd-task-list-view.c:462 src/plugins/task-lists-workspace/gtd-sidebar.c:422","Undo","Отменить"
"src/gui/gtd-task-row.c:127 src/plugins/all-tasks-panel/gtd-all-tasks-panel.c:133 src/plugins/next-week-panel/gtd-next-week-panel.c:152 src/plugins/scheduled-panel/gtd-panel-scheduled.c:124 src/plugins/today-panel/gtd-panel-today.c:177 src/plugins/today-panel/gtd-panel-today.c:295 src/plugins/welcome/gtd-welcome-workspace.ui:64","Today","Сегодня"
"src/gui/gtd-task-row.c:131 src/plugins/all-tasks-panel/gtd-all-tasks-panel.c:137 src/plugins/next-week-panel/gtd-next-week-panel.c:156 src/plugins/scheduled-panel/gtd-panel-scheduled.c:128","Tomorrow","Завтра"
"src/gui/gtd-task-row.c:135 src/plugins/all-tasks-panel/gtd-all-tasks-panel.c:129 src/plugins/scheduled-panel/gtd-panel-scheduled.c:120","Yesterday","Вчера"
"src/gui/gtd-theme-selector.ui:22","Use system style","Используйте системный стиль"
"src/gui/gtd-theme-selector.ui:35","Light style","Светлый стиль"
"src/gui/gtd-theme-selector.ui:49","Dark style","Тёмный стиль"
"src/gui/gtd-window.c:99","This is a development build of Endeavour. You may experience errors, wrong behaviors, and data loss.","Это разрабатываемая версия программы. Могут встречаться ошибки, нелогичное поведение, а также потеря данных."
"src/gui/gtd-window.c:298","Details","Подробности"
"src/gui/menus.ui:13","_Help","_Справка"
"src/gui/menus.ui:17","_About Endeavour",""
"src/plugins/all-tasks-panel/gtd-all-tasks-panel.c:125 src/plugins/scheduled-panel/gtd-panel-scheduled.c:116","%d day ago
msgid_plural: %d days ago","msgstr[0]: %d день назад
msgstr[1]: %d дня назад
msgstr[2]: %d дней назад"
"src/plugins/all-tasks-panel/gtd-all-tasks-panel.c:335","All","Все"
"src/plugins/background/gtd-plugin-background.c:238","%1$s and one more task
msgid_plural: %1$s and %2$d other tasks","msgstr[0]: %1$s и ещё %2$d задача
msgstr[1]: %1$s и %2$d других задачи
msgstr[2]: %1$s и %2$d других задач"
"src/plugins/background/gtd-plugin-background.c:342","You have %d task for today
msgid_plural: You have %d tasks for today","msgstr[0]: Имеется %d задача на сегодня
msgstr[1]: Имеется %d задачи на сегодня
msgstr[2]: Имеется %d задач на сегодня"
"src/plugins/background/org.gnome.todo.background.gschema.xml:6","Run Endeavour on startup","Запускать To Do при загрузке системы"
"src/plugins/background/org.gnome.todo.background.gschema.xml:7","Whether Endeavour should run on startup","Должен ли GNOME To Do запускаться при загрузке системы"
"src/plugins/background/org.gnome.todo.background.gschema.xml:11","Show notifications on startup","Показывать уведомления при загрузке"
"src/plugins/background/org.gnome.todo.background.gschema.xml:12","Whether Endeavour should show notifications or not","Должен ли GNOME To Do показывать уведомления или нет"
"src/plugins/background/ui/preferences.ui:41","Run on Startup","Запуск при загрузке системы"
"src/plugins/background/ui/preferences.ui:52","Run Endeavour automatically when you log in","Запускать To Do автоматически при входе в систему"
"src/plugins/background/ui/preferences.ui:101","Show Notifications","Показывать уведомления"
"src/plugins/background/ui/preferences.ui:112","When Endeavour runs, show a startup notification","При запуске To Do показать уведомление о загрузке"
"src/plugins/eds/gtd-plugin-eds.c:181","Error loading GNOME Online Accounts","Ошибка загрузки сетевых учётных записей GNOME"
"src/plugins/eds/gtd-provider-eds.c:190","Failed to connect to task list","Ошибка подключения к списку задач"
"src/plugins/eds/gtd-provider-local.c:50","On This Computer","На этом компьютере"
"src/plugins/eds/gtd-provider-local.c:62","Local","Локальные"
"src/plugins/eds/gtd-task-list-eds.c:407 src/plugins/eds/gtd-task-list-eds.c:434 src/plugins/eds/gtd-task-list-eds.c:458","Error fetching tasks from list","Ошибка получения задач из списка"
"src/plugins/eds/gtd-task-list-eds.c:828 src/plugins/inbox-panel/gtd-inbox-panel.c:111 src/plugins/welcome/gtd-welcome-workspace.ui:55","Inbox","Входящие"
"src/plugins/next-week-panel/gtd-next-week-panel.c:148 src/plugins/today-panel/gtd-panel-today.c:168","Overdue","Просроченные"
"src/plugins/next-week-panel/gtd-next-week-panel.c:388","Next 7 Days","Следующие 7 дней"
"src/plugins/peace/gtd-peace-omni-area-addin.c:56","Did you drink some water today?","Вы сегодня пили хотя бы немного воды?"
"src/plugins/peace/gtd-peace-omni-area-addin.c:57","What are your goals for today?","Какие планы на сегодня?"
"src/plugins/peace/gtd-peace-omni-area-addin.c:58","Can you let your creativity flow?","Может добавить немного креатива?"
"src/plugins/peace/gtd-peace-omni-area-addin.c:59","How are you feeling right now?","Как Вы себя чувствуете?"
"src/plugins/peace/gtd-peace-omni-area-addin.c:60","At what point is it good enough?","Когда это будет достаточно хорошо?"
"src/plugins/peace/gtd-peace-omni-area-addin.c:65","Remember to breathe. Good. Don't stop.","Не забывайте дышать. Вот так, хорошо. Не останавливайтесь."
"src/plugins/peace/gtd-peace-omni-area-addin.c:66","Don't forget to drink some water","Не забывайте пить воду"
"src/plugins/peace/gtd-peace-omni-area-addin.c:67","Remember to take some time off","Не забывайте отдыхать время от времени"
"src/plugins/peace/gtd-peace-omni-area-addin.c:68","Eat fruits if you can 🍐️","Съешьте фруктик, если можете 🍐️"
"src/plugins/peace/gtd-peace-omni-area-addin.c:69","Take care of yourself","Займитесь собой"
"src/plugins/peace/gtd-peace-omni-area-addin.c:70","Remember to have some fun","Получать удовольствие тоже важно"
"src/plugins/peace/gtd-peace-omni-area-addin.c:71","You're doing great","Похоже всё идёт отлично"
"src/plugins/peace/gtd-peace-omni-area-addin.c:76","Smile, breathe and go slowly","Улыбнитесь, отдышитесь и не спеша продолжайте"
"src/plugins/peace/gtd-peace-omni-area-addin.c:77","Wherever you go, there you are","От себя не убежишь"
"src/plugins/peace/gtd-peace-omni-area-addin.c:79","Keep calm","Сохраняйте спокойствие"
"src/plugins/peace/gtd-peace-omni-area-addin.c:80","You can do it","Вы можете это сделать"
"src/plugins/peace/gtd-peace-omni-area-addin.c:81","Meanwhile, spread the love ♥️","А пока дарите любовь ♥️"
"src/plugins/scheduled-panel/gtd-panel-scheduled.c:345","Scheduled","Запланировано"
"src/plugins/task-lists-workspace/gtd-sidebar.c:419","Task list <b>%s</b> removed","Список задач <b>%s</b> удалён"
"src/plugins/task-lists-workspace/gtd-sidebar-provider-row.ui:64","Loading…","Загрузка…"
"src/plugins/task-lists-workspace/gtd-sidebar.ui:90","Archived","Архивировано"
"src/plugins/task-lists-workspace/gtd-sidebar.ui:127","No Archived Lists","Нет списков в архиве"
"src/plugins/task-lists-workspace/gtd-task-list-panel.c:208","Unarchive","Разархивировать"
"src/plugins/task-lists-workspace/gtd-task-list-panel.c:208 src/plugins/task-lists-workspace/gtd-task-list-panel.ui:52","Archive","Архивировать"
"src/plugins/task-lists-workspace/gtd-task-list-panel.c:233","An error occurred while updating a task","Ошибка при обновлении задачи"
"src/plugins/task-lists-workspace/gtd-task-list-panel.ui:37 src/plugins/task-lists-workspace/gtd-task-list-panel.ui:81 src/plugins/task-lists-workspace/gtd-task-list-panel.ui:96","Rename","Переименовать"
"src/plugins/task-lists-workspace/gtd-task-list-panel.ui:43 src/plugins/unscheduled-panel/unscheduled-panel/__init__.py:62","Clear completed tasks…","Очистить завершённые задачи…"
"src/plugins/task-lists-workspace/gtd-task-list-panel.ui:58","Delete","Удалить"
"src/plugins/task-lists-workspace/gtd-task-lists-workspace.c:313","Task Lists","Списки задач"
"src/plugins/task-lists-workspace/gtd-task-lists-workspace.ui:26","New List","Создать список"
"src/plugins/today-panel/gtd-today-omni-area-addin.c:94","%d task for today
msgid_plural: %d tasks for today","msgstr[0]: %d задача на сегодня
msgstr[1]: %d задачи на сегодня
msgstr[2]: %d задач на сегодня"
"src/plugins/today-panel/gtd-today-omni-area-addin.c:109","No tasks scheduled for today","На сегодня не запланировано ни одной задачи"
"src/plugins/todoist/gtd-plugin-todoist.c:109","Endeavour cannot connect to Todoist due to network issue","Не удалось подключиться к Todoist из-за проблем с сетью"
"src/plugins/todoist/gtd-plugin-todoist.c:110","Not able to communicate with Todoist. Please check your internet connectivity.","Отсутствует связь с Todoist. Проверьте интернет соединение."
"src/plugins/todoist/gtd-provider-todoist.c:213","Error fetching Todoist account key","Ошибка получения ключа учётной записи Todoist"
"src/plugins/todoist/gtd-provider-todoist.c:214","Please ensure that Todoist account is correctly configured.","Проверьте правильность настройки учётной записи Todoist."
"src/plugins/todoist/gtd-provider-todoist.c:555","Endeavour doesn’t have the necessary permissions to perform this action: %s","Отсутствуют необходимые разрешения для выполнения этого действия: %s"
"src/plugins/todoist/gtd-provider-todoist.c:563","Invalid response received from Todoist servers. Please reload Endeavour.","От сервера Todoist получен неверный ответ. Необходимо перезапустить приложение."
"src/plugins/todoist/gtd-provider-todoist.c:850","An error occurred while updating a Todoist task","Ошибка при обновлении задачи Todoist"
"src/plugins/todoist/gtd-provider-todoist.c:965","An error occurred while retrieving Todoist data","Ошибка при получении данных от Todoist"
"src/plugins/todoist/gtd-provider-todoist.c:1040","An error occurred while updating Todoist","Ошибка при обновлении Todoist"
"src/plugins/todoist/gtd-provider-todoist.c:1100","Todoist","Todoist"
"src/plugins/todoist/gtd-provider-todoist.c:1411","Todoist: %s","Todoist: %s"
"src/plugins/todoist/ui/preferences.ui:65","No Todoist accounts found","Учётная запись Todoist не найдена"
"src/plugins/todoist/ui/preferences.ui:74","Add a Todoist account","Добавить учётную запись Todoist"
"src/plugins/todo-txt/gtd-plugin-todo-txt.c:87 src/plugins/todo-txt/gtd-plugin-todo-txt.c:124","Cannot create Todo.txt file","Не удалось создать файл Todo.txt"
"src/plugins/todo-txt/gtd-plugin-todo-txt.c:161","Select a Todo.txt-formatted file:","Выберите файл в формате Todo.txt:"
"src/plugins/todo-txt/gtd-plugin-todo-txt.c:165","Select a file","Выберите файл"
"src/plugins/todo-txt/gtd-plugin-todo-txt.c:191","Error opening Todo.txt file","Ошибка при открытии файла Todo.txt"
"src/plugins/todo-txt/gtd-plugin-todo-txt.c:201","<b>Warning!</b> Todo.txt support is experimental and unstable. You may experience instability, errors and eventually data loss. It is not recommended to use Todo.txt integration on production systems.","<b>Внимание!</b> Поддержка Todo.txt является экспериментальной и нестабильной. Могут встречаться ошибки и вероятна потеря данных. Не рекомендуется использовать Todo.txt на рабочих системах."
"src/plugins/todo-txt/gtd-provider-todo-txt.c:574","Error while opening the file monitor. Todo.txt will not be monitored","Ошибка при открытии файлового монитора. Todo.txt не будет отслеживаться"
"src/plugins/todo-txt/gtd-provider-todo-txt.c:643","Todo.txt","Todo.txt"
"src/plugins/todo-txt/gtd-provider-todo-txt.c:655","On the Todo.txt file","В файле Todo.txt"
"src/plugins/todo-txt/org.gnome.todo.txt.gschema.xml:6","Todo.txt File","Файл Todo.txt"
"src/plugins/todo-txt/org.gnome.todo.txt.gschema.xml:7","Source of the Todo.txt file","Источник файла Todo.txt"
"src/plugins/unscheduled-panel/unscheduled-panel/__init__.py:41 src/plugins/unscheduled-panel/unscheduled-panel/__init__.py:112","Unscheduled","Не запланировано"
"src/plugins/unscheduled-panel/unscheduled-panel/__init__.py:115","Unscheduled (%d)","Не запланировано (%d)"
"src/plugins/welcome/gtd-welcome-workspace.c:68","Good Morning, %s","Доброе утро, %s"
"src/plugins/welcome/gtd-welcome-workspace.c:70","Good Afternoon, %s","Добрый день, %s"
"src/plugins/welcome/gtd-welcome-workspace.c:72","Good Evening, %s","Добрый вечер, %s"
"src/plugins/welcome/gtd-welcome-workspace.c:206","Home","Домой"
