"location","source","target"
"","po header","Project-Id-Version: gnome-menus trunk
Report-Msgid-Bugs-To: https://gitlab.gnome.org/GNOME/gnome-menus/issues
POT-Creation-Date: 2020-05-30 11:44+0000
PO-Revision-Date: 2019-02-24 23:50+0300
Last-Translator: Stas Solovey <whats_up@tut.by>
Language-Team: русский <gnome-cyr@gnome.org>
Language: ru
MIME-Version: 1.0
Content-Type: text/plain; charset=UTF-8
Content-Transfer-Encoding: 8bit
Plural-Forms: nplurals=3; plural=(n%10==1 && n%100!=11 ? 0 : n%10>=2 && n%10<=4 && (n%100<10 || n%100>=20) ? 1 : 2);
X-Generator: Poedit 2.2.1
"
"desktop-directories/AudioVideo.directory.desktop.in:3","Sound & Video","Аудио и видео"
"desktop-directories/AudioVideo.directory.desktop.in:4","Multimedia menu","Мультимедиа"
"desktop-directories/Development.directory.desktop.in:3","Programming","Программирование"
"desktop-directories/Development.directory.desktop.in:4","Tools for software development","Средства для разработки программ"
"desktop-directories/Education.directory.desktop.in:3","Education","Образовательные"
"desktop-directories/Game.directory.desktop.in:3","Games","Игры"
"desktop-directories/Game.directory.desktop.in:4","Games and amusements","Игры и развлечения"
"desktop-directories/Graphics.directory.desktop.in:3","Graphics","Графика"
"desktop-directories/Graphics.directory.desktop.in:4","Graphics applications","Графические приложения"
"desktop-directories/Network.directory.desktop.in:3","Internet","Интернет"
"desktop-directories/Network.directory.desktop.in:4","Programs for Internet access such as web and email","Программы для работы с Интернетом (почта, браузер и т.п.)"
"desktop-directories/Office.directory.desktop.in:3","Office","Офис"
"desktop-directories/Office.directory.desktop.in:4","Office Applications","Офисные приложения"
"desktop-directories/System-Tools.directory.desktop.in:3","System Tools","Системные"
"desktop-directories/System-Tools.directory.desktop.in:4","System configuration and monitoring","Средства конфигурации и мониторинга системы"
"desktop-directories/Utility-Accessibility.directory.desktop.in:3","Universal Access","Специальные возможности"
"desktop-directories/Utility-Accessibility.directory.desktop.in:4","Universal Access Settings","Параметры специальных возможностей"
"desktop-directories/Utility.directory.desktop.in:3","Accessories","Стандартные"
"desktop-directories/Utility.directory.desktop.in:4","Desktop accessories","Стандартные приложения"
"desktop-directories/X-GNOME-Menu-Applications.directory.desktop.in:3 desktop-directories/X-GNOME-Menu-Applications.directory.desktop.in:4","Applications","Приложения"
"desktop-directories/X-GNOME-Other.directory.desktop.in:3","Other","Прочие"
"desktop-directories/X-GNOME-Other.directory.desktop.in:4","Applications that did not fit in other categories","Приложения, не подпадающие ни под какие категории"
"desktop-directories/X-GNOME-Sundry.directory.desktop.in:3","Sundry","Разное"
"desktop-directories/X-GNOME-Utilities.directory.desktop.in:3","Utilities","Утилиты"
"desktop-directories/X-GNOME-Utilities.directory.desktop.in:4","Small but useful GNOME tools","Полезные инструменты GNOME"
"desktop-directories/X-GNOME-WebApplications.directory.desktop.in:3","Web Applications","Веб-приложения"
"desktop-directories/X-GNOME-WebApplications.directory.desktop.in:4","Applications and sites saved from Web","Приложения и сайты, сохранённые из Интернета"
