"location","source","target"
"","po header","Project-Id-Version: gnome-system-monitor trunk
Report-Msgid-Bugs-To: https://gitlab.gnome.org/GNOME/gnome-system-monitor/issues
POT-Creation-Date: 2022-06-13 06:51+0000
PO-Revision-Date: 2021-06-29 10:01+0300
Last-Translator: Alexey Rubtsov <rushills@gmail.com>
Language-Team: Русский <gnome-cyr@gnome.org>
Language: ru
MIME-Version: 1.0
Content-Type: text/plain; charset=UTF-8
Content-Transfer-Encoding: 8bit
Plural-Forms: nplurals=3; plural=(n%10==1 && n%100!=11 ? 0 : n%10>=2 && n%10<=4 && (n%100<10 || n%100>=20) ? 1 : 2);
X-Generator: Poedit 3.0
"
"gnome-system-monitor.desktop.in.in:3 gnome-system-monitor.appdata.xml.in:6 data/interface.ui:6 src/application.cpp:346 src/interface.cpp:418","System Monitor","Системный монитор"
"gnome-system-monitor.desktop.in.in:4 gnome-system-monitor-kde.desktop.in.in:4 src/interface.cpp:419","View current processes and monitor system state","Программа для просмотра текущих процессов и мониторинга состояния системы"
"gnome-system-monitor.desktop.in.in:19","Monitor;System;Process;CPU;Memory;Network;History;Usage;Performance;Task;Manager;Activity;","Монитор;Система;Процесс;ЦПУ;Процессор;Память;Сеть;История;Использование;Производительность;Задача;Менеджер;Диспетчер;"
"gnome-system-monitor-kde.desktop.in.in:3 src/application.cpp:405","GNOME System Monitor","Системный монитор среды GNOME"
"gnome-system-monitor-kde.desktop.in.in:19","Monitor;System;Process;CPU;Memory;Network;History;Usage;","Монитор;Система;Процесс;Процессор;Память;Сеть;История;Использование;"
"gnome-system-monitor.appdata.xml.in:7","View and manage system resources","Просмотр и управление ресурсами системы"
"gnome-system-monitor.appdata.xml.in:9","System Monitor is a process viewer and system monitor with an attractive, easy-to-use interface.","Системный монитор — простой инструмент для просмотра и управления процессами."
"gnome-system-monitor.appdata.xml.in:13","System Monitor can help you find out what applications are using the processor or the memory of your computer, can manage the running applications, force stop processes not responding, and change the state or priority of existing processes.","Системный монитор поможет определить, какие приложения используют процессор или память компьютера, может управлять запущенными приложениями, останавливать зависшие процессы и изменять состояние или приоритет выполняющихся процессов."
"gnome-system-monitor.appdata.xml.in:19","The resource graphs feature shows you a quick overview of what is going on with your computer displaying recent network, memory and processor usage.","Функция отображения графика ресурсов предоставляет краткий обзор того, что происходит с компьютером, показывая использования сети, памяти и процессора."
"gnome-system-monitor.appdata.xml.in:27","Process list view","Вид списка процессов"
"gnome-system-monitor.appdata.xml.in:31","Resources overview","Обзор ресурсов"
"gnome-system-monitor.appdata.xml.in:35","File Systems view","Обзор файловых систем"
"gnome-system-monitor.appdata.xml.in:44","The GNOME Project","Проект GNOME"
"org.gnome.gnome-system-monitor.policy.in.in:11","Kill process","Завершить процесс"
"org.gnome.gnome-system-monitor.policy.in.in:12","Privileges are required to control other users’ processes","Привилегии, необходимые для управления процессами других пользователей"
"org.gnome.gnome-system-monitor.policy.in.in:22","Renice process","Изменить уступчивость процесса"
"org.gnome.gnome-system-monitor.policy.in.in:23","Privileges are required to change the priority of processes","Привилегии, необходимые для изменения приоритета процессов"
"data/help-overlay.ui:13","General","Основное"
"data/help-overlay.ui:18","Show help","Показать справку"
"data/help-overlay.ui:25","Open menu","Открыть меню"
"data/help-overlay.ui:32","Keyboard shortcuts","Комбинации клавиш"
"data/help-overlay.ui:39","Quit","Завершить"
"data/help-overlay.ui:46","Search","Поиск"
"data/help-overlay.ui:53","Show Processes","Показать процессы"
"data/help-overlay.ui:60","Show Resources","Показать ресурсы"
"data/help-overlay.ui:67","Show File Systems","Показать файловые системы"
"data/help-overlay.ui:74","Refresh","Обновить"
"data/help-overlay.ui:82","Processes","Процессы"
"data/help-overlay.ui:87","Show dependencies","Показать зависимости"
"data/help-overlay.ui:94","Show process properties","Показать свойства процесса"
"data/help-overlay.ui:101","Memory maps","Память"
"data/help-overlay.ui:108","Open files","Открытые файлы"
"data/help-overlay.ui:115","Send stop signal","Подать сигнал остановки"
"data/help-overlay.ui:122","Send continue signal","Послать сигнал продолжения"
"data/help-overlay.ui:129","Send End signal","Подать сигнал окончания"
"data/help-overlay.ui:136","Send Kill signal","Послать сигнал «Убить»"
"data/interface.ui:156 src/procdialogs.cpp:138 src/proctable.cpp:147","_End Process
msgid_plural: _End Processes","msgstr[0]: Завер_шить процесс
msgstr[1]: Завер_шить процессы
msgstr[2]: Завер_шить процессы"
"data/interface.ui:170","Show process properties","Показать свойства процесса"
"data/interface.ui:185 data/preferences.ui:14","Processes","Процессы"
"data/interface.ui:250 src/interface.cpp:253 src/procproperties.cpp:78","CPU","ЦП"
"data/interface.ui:301 src/interface.cpp:303 src/procproperties.cpp:70 src/proctable.cpp:350","Memory","Память"
"data/interface.ui:316 src/interface.cpp:315","Swap","Подкачка"
"data/interface.ui:354","Memory and Swap","Память и своп"
"data/interface.ui:406 src/interface.cpp:347","Receiving","Приём"
"data/interface.ui:421","Total Received","Всего принято"
"data/interface.ui:436 src/interface.cpp:365","Sending","Отправка"
"data/interface.ui:451","Total Sent","Всего отправлено"
"data/interface.ui:498","Network","Сеть"
"data/interface.ui:524 data/preferences.ui:132","Resources","Ресурсы"
"data/interface.ui:552 data/preferences.ui:293","File Systems","Файловые системы"
"data/lsof.ui:7","Search for Open Files","Поиск открытых файлов"
"data/lsof.ui:31","Filter files by name","Фильтровать файлы по имени"
"data/lsof.ui:41","Case insensitive","Не учитывать регистр"
"data/menus.ui:6 data/menus.ui:61","Search for Open Files","Поиск открытых файлов"
"data/menus.ui:12 data/menus.ui:67 data/preferences.ui:7","Preferences","Параметры"
"data/menus.ui:16 data/menus.ui:71","Help","Справка"
"data/menus.ui:20 data/menus.ui:75","Keyboard Shortcuts","Комбинации клавиш"
"data/menus.ui:24 data/menus.ui:79","About System Monitor","О приложении"
"data/menus.ui:32","_Refresh","_Обновить"
"data/menus.ui:38","_Active Processes","_Активные процессы"
"data/menus.ui:43","A_ll Processes","В_се процессы"
"data/menus.ui:48","M_y Processes","_Мои процессы"
"data/menus.ui:55","Show _Dependencies","_Показать зависимости"
"data/menus.ui:87","_Properties","_Свойства"
"data/menus.ui:93","_Memory Maps","_Карты памяти"
"data/menus.ui:97","Open _Files","Открытые _файлы"
"data/menus.ui:103","_Change Priority","И_зменить приоритет"
"data/menus.ui:106 src/util.cpp:169","Very High","Очень высокий"
"data/menus.ui:111 src/util.cpp:171","High","Высокий"
"data/menus.ui:116 src/util.cpp:173","Normal","Обычный"
"data/menus.ui:121 src/util.cpp:175","Low","Низкий"
"data/menus.ui:126 src/util.cpp:177","Very Low","Очень низкий"
"data/menus.ui:133","Custom","Другой"
"data/menus.ui:140","Set _Affinity","Установить _Affinity"
"data/menus.ui:146","_Stop","Ос_тановить"
"data/menus.ui:151","_Continue","_Продолжить"
"data/menus.ui:156","_End","Завер_шить"
"data/menus.ui:161","_Kill","_Убить"
"data/openfiles.ui:8","Open Files","Открытые файлы"
"data/preferences.ui:19 data/preferences.ui:298","Behavior","Поведение"
"data/preferences.ui:24 data/preferences.ui:142 data/preferences.ui:303","_Update Interval in Seconds","_Интервал обновления в секундах"
"data/preferences.ui:42","Enable _Smooth Refresh","Включить _Плавное обновление"
"data/preferences.ui:58","Alert Before Ending or _Killing Processes","Предупреждение перед завершением или _убийством процессов"
"data/preferences.ui:74","_Divide CPU Usage by CPU Count","Разделите использование ЦП на количество ЦП"
"data/preferences.ui:90","Show Memory in IEC","Показать память в IEC"
"data/preferences.ui:107 data/preferences.ui:338","Information Fields","Информационные поля"
"data/preferences.ui:108","Process information shown in list:","Информация о процессе отображается в списке:"
"data/preferences.ui:137","Graphs","Графики"
"data/preferences.ui:160","_Chart Data Points","Точки данных диаграммы"
"data/preferences.ui:177","_Draw CPU Chart as Stacked Area Chart","Построить диаграмму ЦП в виде _стопок"
"data/preferences.ui:193","Draw Charts as S_mooth Graphs","Построение графиков в виде сглаженных _линий"
"data/preferences.ui:209","Show Memory and Swap in IEC","Показать память и подкачку в IEC"
"data/preferences.ui:225","Show Memory in Logarithmic Scale","Показать память в логарифмической шкале"
"data/preferences.ui:241","_Show Network Speed in Bits","_Показать скорость сети в битах"
"data/preferences.ui:257","Set Network Totals _Unit Separately","Установите итоговые показатели сети _по отдельности"
"data/preferences.ui:273","Show Network _Totals in Bits","Показать суммарные показатели сети в битах"
"data/preferences.ui:321","Show _All File Systems","Показать _Все файловые системы"
"data/preferences.ui:339","File system information shown in list","Информация о файловой системе отображается в списке"
"data/renice.ui:27 src/procdialogs.cpp:162 src/setaffinity.cpp:312","_Cancel","_Отмена"
"data/renice.ui:43","Change _Priority","_Изменить приоритет"
"data/renice.ui:87","_Nice value:","_Фактор уступчивости (nice):"
"data/renice.ui:142","<small><i><b>Note:</b> The priority of a process is given by its nice value. A lower nice value corresponds to a higher priority.</i></small>","<small><i><b>Примечание:</b> приоритет процесса задаётся фактором уступчивости (nice). Меньшее значение «nice» соответствует более высокому приоритету.</i></small>"
"src/application.cpp:387","A simple process and system monitor.","Простой диспетчер процессов и системы."
"src/argv.cpp:22","Show the Processes tab","Показывать вкладку «Процессы»"
"src/argv.cpp:27","Show the Resources tab","Показывать вкладку «Ресурсы»"
"src/argv.cpp:32","Show the File Systems tab","Показывать вкладку «Файловые системы»"
"src/argv.cpp:36","Show the application’s version","Показать версию приложения"
"src/disks.cpp:353 src/memmaps.cpp:329","Device","Устройство"
"src/disks.cpp:354","Directory","Каталог"
"src/disks.cpp:355 src/legacy/gsm_color_button.c:165 src/openfiles.cpp:253","Type","Тип"
"src/disks.cpp:356","Total","Всего"
"src/disks.cpp:357","Free","Свободно"
"src/disks.cpp:358","Available","Доступно"
"src/disks.cpp:359","Used","Использовано"
"src/interface.cpp:217","Pick a Color for “%s”","Выбрать цвет для «%s»"
"src/interface.cpp:255","CPU%d","ЦП%d"
"src/interface.cpp:430","translator-credits","Stas Solovey <whats_up@tut.by>, 2011-2019.
Julia Dronova <juliette.tux@gmail.com>, 2015.
Yuri Myasoedov <ymyasoedov@yandex.ru>, 2012-2015."
"src/legacy/e_date.c:156","?","?"
"src/legacy/e_date.c:163","Today %l∶%M %p","Сегодня %H:%M"
"src/legacy/e_date.c:172","Yesterday %l∶%M %p","Вчера %H:%M"
"src/legacy/e_date.c:184","%a %l∶%M %p","%a %H:%M"
"src/legacy/e_date.c:192","%b %d %l∶%M %p","%-d %B %H:%M"
"src/legacy/e_date.c:194","%b %d %Y","%-d %B %Y"
"src/legacy/gsm_color_button.c:141","Fraction","Доля"
"src/legacy/gsm_color_button.c:143","Percentage full for pie color pickers","Доля заполнения для полос выбора цвета"
"src/legacy/gsm_color_button.c:150","Title","Заголовок"
"src/legacy/gsm_color_button.c:151","The title of the color selection dialog","Заголовок диалогового окна выбора цвета"
"src/legacy/gsm_color_button.c:152 src/legacy/gsm_color_button.c:514","Pick a Color","Выбрать цвет"
"src/legacy/gsm_color_button.c:158","Current Color","Текущий цвет"
"src/legacy/gsm_color_button.c:159","The selected color","Выбранный цвет"
"src/legacy/gsm_color_button.c:166","Type of color picker","Вид диалога выбора цвета"
"src/legacy/gsm_color_button.c:436","Received invalid color data
","Получены некорректные данные о цвете
"
"src/legacy/gsm_color_button.c:537","Click to set graph colors","Нажмите для изменения цветов графика"
"src/load-graph.cpp:88 src/load-graph.cpp:94","%.0f %%","%.0f %%"
"src/load-graph.cpp:136","%u hr
msgid_plural: %u hrs","msgstr[0]: %u ч
msgstr[1]: %u ч
msgstr[2]: %u ч"
"src/load-graph.cpp:137","%u min
msgid_plural: %u mins","msgstr[0]: %u мин
msgstr[1]: %u мин
msgstr[2]: %u мин"
"src/load-graph.cpp:139","%u sec
msgid_plural: %u secs","msgstr[0]: %u сек
msgstr[1]: %u сек
msgstr[2]: %u сек"
"src/load-graph.cpp:505","%.1f%%","%.1f%%"
"src/load-graph.cpp:530","not available","недоступно"
"src/load-graph.cpp:533","%s (%.1f%%) of %s","%s (%.1f%%) из %s"
"src/load-graph.cpp:537","Cache %s","Кэш %s"
"src/lsof.cpp:118","%d open file
msgid_plural: %d open files","msgstr[0]: %d открытый файл
msgstr[1]: %d открытых файла
msgstr[2]: %d открытых файлов"
"src/lsof.cpp:120","%d matching open file
msgid_plural: %d matching open files","msgstr[0]: %d совпадающий открытый файл
msgstr[1]: %d совпадающих открытых файла
msgstr[2]: %d совпадающих открытых файлов"
"src/lsof.cpp:245","Process","Процесс"
"src/lsof.cpp:257","PID","PID"
"src/lsof.cpp:267 src/memmaps.cpp:307","Filename","Имя файла"
"src/memmaps.cpp:309","VM Start","Начало ВП"
"src/memmaps.cpp:311","VM End","Окончание ВП"
"src/memmaps.cpp:313","VM Size","Размер ВП"
"src/memmaps.cpp:314","Flags","Флаги"
"src/memmaps.cpp:316","VM Offset","Смещение ВП"
"src/memmaps.cpp:319","Private clean","Неразделяемая, чистая"
"src/memmaps.cpp:322","Private dirty","Неразделяемая, использованная"
"src/memmaps.cpp:325","Shared clean","Разделяемая, чистая"
"src/memmaps.cpp:328","Shared dirty","Разделяемая, использованная"
"src/memmaps.cpp:330","Inode","Inode"
"src/memmaps.cpp:443","Memory Maps","Карты памяти"
"src/memmaps.cpp:457","_Memory maps for process “%s” (PID %u):","_Карты памяти для процесса «%s» (PID %u):"
"src/openfiles.cpp:40","file","файл"
"src/openfiles.cpp:42","pipe","канал"
"src/openfiles.cpp:44","IPv6 network connection","Сетевое соединение IPv6"
"src/openfiles.cpp:46","IPv4 network connection","Сетевое соединение IPv4"
"src/openfiles.cpp:48","local socket","локальный сокет"
"src/openfiles.cpp:50","unknown type","неизвестный тип"
"src/openfiles.cpp:252","FD","FD"
"src/openfiles.cpp:254","Object","Объект"
"src/openfiles.cpp:337","_Files opened by process “%s” (PID %u):","Файлы, открытые процессом «%s» (PID %u):"
"src/org.gnome.gnome-system-monitor.gschema.xml.in:5","Main window size and position in the form (width, height, xpos, ypos)","Размер главного окна и положение на форме (ширина, высота, x, y)"
"src/org.gnome.gnome-system-monitor.gschema.xml.in:11","Main Window should open maximized","Главное окно должно открываться с максимальным размеров"
"src/org.gnome.gnome-system-monitor.gschema.xml.in:18","Show process dependencies in tree form","Показывать зависимости процессов в виде дерева"
"src/org.gnome.gnome-system-monitor.gschema.xml.in:25","Solaris mode for CPU percentage","Режим Solaris для загрузки ЦПУ в процентах"
"src/org.gnome.gnome-system-monitor.gschema.xml.in:27","If TRUE, system-monitor operates in “Solaris mode” where a task’s CPU usage is divided by the total number of CPUs. Otherwise, it operates in “Irix mode”.","Если установлено, системный монитор работает в «режиме Solaris», при котором загрузка ЦПУ для задачи делится на общее число ЦПУ. В противном случае используется «режим Irix»."
"src/org.gnome.gnome-system-monitor.gschema.xml.in:34","Show memory in IEC","Показать память в IEC"
"src/org.gnome.gnome-system-monitor.gschema.xml.in:41","Enable/Disable smooth refresh","Включить/выключить плавное обновление"
"src/org.gnome.gnome-system-monitor.gschema.xml.in:48","Show warning dialog when killing processes","Выводить диалог предупреждения при снятии процессов"
"src/org.gnome.gnome-system-monitor.gschema.xml.in:55","Time in milliseconds between updates of the process view","Время в миллисекундах между обновлением обзора процессов"
"src/org.gnome.gnome-system-monitor.gschema.xml.in:61","Time in milliseconds between updates of the graphs","Время в миллисекундах между обновлением графиков"
"src/org.gnome.gnome-system-monitor.gschema.xml.in:67","Whether information about all file systems should be displayed","Должны ли отображаться сведения о файловой системе"
"src/org.gnome.gnome-system-monitor.gschema.xml.in:69","Whether to display information about all file systems (including types like “autofs” and “procfs”). Useful for getting a list of all currently mounted file systems.","Должны ли отображаться сведения обо всех файловых системах (включая такие, как autofs и procfs). Полезно для получения полного списка всех смонтированных файловых систем."
"src/org.gnome.gnome-system-monitor.gschema.xml.in:76","Time in milliseconds between updates of the devices list","Время в миллисекундах между обновлениями списка устройств"
"src/org.gnome.gnome-system-monitor.gschema.xml.in:82","Time amount of data points in the resource graphs","Временное количество точек данных в графиках ресурсов"
"src/org.gnome.gnome-system-monitor.gschema.xml.in:92","Determines which processes to show.","Определяет, какие процессы показывать."
"src/org.gnome.gnome-system-monitor.gschema.xml.in:102","Saves the currently viewed tab","Сохраняет текущую активную вкладку"
"src/org.gnome.gnome-system-monitor.gschema.xml.in:125","CPU colors","Цвета ЦПУ"
"src/org.gnome.gnome-system-monitor.gschema.xml.in:127","Each entry is in the format (CPU#, Hexadecimal color value)","Каждая запись имеет формат (№ ЦПУ, шестнадцатеричное значение цвета)"
"src/org.gnome.gnome-system-monitor.gschema.xml.in:134","Default graph memory color","Цвет графика памяти по умолчанию"
"src/org.gnome.gnome-system-monitor.gschema.xml.in:141","Default graph swap color","Цвет графика подкачки по умолчанию"
"src/org.gnome.gnome-system-monitor.gschema.xml.in:148","Default graph incoming network traffic color","Цвет графика приёма по сети"
"src/org.gnome.gnome-system-monitor.gschema.xml.in:155","Default graph outgoing network traffic color","Цвет графика отправки по сети"
"src/org.gnome.gnome-system-monitor.gschema.xml.in:162","Show network traffic in bits","Показывать траффик сети в битах"
"src/org.gnome.gnome-system-monitor.gschema.xml.in:169","Set network totals unit separately","Установите сетевой суммарный блок отдельно"
"src/org.gnome.gnome-system-monitor.gschema.xml.in:176","Show network totals in bits","Показать суммарные показатели сети в битах"
"src/org.gnome.gnome-system-monitor.gschema.xml.in:183","Show memory in logarithmic scale","Показать память в логарифмическом масштабе"
"src/org.gnome.gnome-system-monitor.gschema.xml.in:185 src/org.gnome.gnome-system-monitor.gschema.xml.in:194","If TRUE, system-monitor shows the CPU chart as a stacked area chart instead of a line chart.","Если установлено, то системный монитор будет показывать динамику ЦПУ в виде диаграммы с накоплением вместо диаграммы в виде линии."
"src/org.gnome.gnome-system-monitor.gschema.xml.in:192","Show CPU chart as stacked area chart","Показывать динамику ЦПУ в виде диаграммы с накоплением"
"src/org.gnome.gnome-system-monitor.gschema.xml.in:201","Show CPU, Memory, and Network charts as smooth graphs using Bezier curves","Отображение графиков ЦПУ, памяти и сети в виде плавных графиков с использованием кривых Безье"
"src/org.gnome.gnome-system-monitor.gschema.xml.in:203","If TRUE, system-monitor shows the CPU, Memory, and Network charts as smoothed graphs, otherwise as line charts.","Если TRUE, system-monitor показывает графики CPU, памяти и сети в виде сглаженных графиков, в противном случае - в виде линейных графиков."
"src/org.gnome.gnome-system-monitor.gschema.xml.in:210","Show memory and swap in IEC","Показать память и подкачку в IEC"
"src/org.gnome.gnome-system-monitor.gschema.xml.in:224","Process view sort column","Столбец сортировки списка процессов"
"src/org.gnome.gnome-system-monitor.gschema.xml.in:231","Process view columns order","Порядок столбцов просмотра процессов"
"src/org.gnome.gnome-system-monitor.gschema.xml.in:238","Process view sort order","Порядок сортировки списка процессов"
"src/org.gnome.gnome-system-monitor.gschema.xml.in:245","Width of process “Name” column","Ширина столбца имени процесса"
"src/org.gnome.gnome-system-monitor.gschema.xml.in:252","Show process “Name” column on startup","Показывать при запуске столбец имени процесса"
"src/org.gnome.gnome-system-monitor.gschema.xml.in:259","Width of process “User” column","Ширина столбца пользователя процесса"
"src/org.gnome.gnome-system-monitor.gschema.xml.in:266","Show process “User” column on startup","Показывать при запуске столбец пользователя процесса"
"src/org.gnome.gnome-system-monitor.gschema.xml.in:273","Width of process “Status” column","Ширина столбца состояния процесса"
"src/org.gnome.gnome-system-monitor.gschema.xml.in:280","Show process “Status” column on startup","Показывать при запуске столбец состояния процесса"
"src/org.gnome.gnome-system-monitor.gschema.xml.in:287","Width of process “Virtual Memory” column","Ширина столбца виртуальной памяти процесса"
"src/org.gnome.gnome-system-monitor.gschema.xml.in:294","Show process “Virtual Memory” column on startup","Показывать при запуске столбец виртуальной памяти процесса"
"src/org.gnome.gnome-system-monitor.gschema.xml.in:301","Width of process “Resident Memory” column","Ширина столбца резидентной памяти процесса"
"src/org.gnome.gnome-system-monitor.gschema.xml.in:308","Show process “Resident Memory” column on startup","Показывать при запуске столбец резидентной памяти процесса"
"src/org.gnome.gnome-system-monitor.gschema.xml.in:315","Width of process “Writable Memory” column","Ширина столбца доступной для записи памяти процесса"
"src/org.gnome.gnome-system-monitor.gschema.xml.in:322","Show process “Writable Memory” column on startup","Показывать при запуске столбец доступной для записи памяти процесса"
"src/org.gnome.gnome-system-monitor.gschema.xml.in:329","Width of process “Shared Memory” column","Ширина столбца разделяемой памяти процесса"
"src/org.gnome.gnome-system-monitor.gschema.xml.in:336","Show process “Shared Memory” column on startup","Показывать при запуске столбец разделяемой памяти процесса"
"src/org.gnome.gnome-system-monitor.gschema.xml.in:343","Width of process “X Server Memory” column","Ширина столбца памяти X-сервера для процесса"
"src/org.gnome.gnome-system-monitor.gschema.xml.in:350","Show process “X Server Memory” column on startup","Показывать при запуске столбец памяти X-сервера для процесса"
"src/org.gnome.gnome-system-monitor.gschema.xml.in:357","Width of process “CPU %” column","Ширина столбца процентной загрузки ЦПУ"
"src/org.gnome.gnome-system-monitor.gschema.xml.in:364","Show process “CPU %” column on startup","Показывать при запуске столбец загрузки ЦПУ процессом в процентах"
"src/org.gnome.gnome-system-monitor.gschema.xml.in:371","Width of process “CPU Time” column","Ширина столбца времени занятости ЦПУ процессом"
"src/org.gnome.gnome-system-monitor.gschema.xml.in:378","Show process “CPU Time” column on startup","Показывать при запуске столбец времени занятости ЦПУ процессом"
"src/org.gnome.gnome-system-monitor.gschema.xml.in:385","Width of process “Started” column","Ширина столбца времени запуска процесса"
"src/org.gnome.gnome-system-monitor.gschema.xml.in:392","Show process “Started” column on startup","Показывать при запуске столбец времени запуска процесса"
"src/org.gnome.gnome-system-monitor.gschema.xml.in:399","Width of process “Nice” column","Ширина столбца фактора уступчивости (nice) процесса"
"src/org.gnome.gnome-system-monitor.gschema.xml.in:406","Show process “Nice” column on startup","Показывать при запуске столбец фактора уступчивости (nice) процесса"
"src/org.gnome.gnome-system-monitor.gschema.xml.in:413","Width of process “ID” column","Ширина столбца «ID» процесса"
"src/org.gnome.gnome-system-monitor.gschema.xml.in:420","Show process “ID” column on startup","Показывать столбец «ID» процесса при запуске"
"src/org.gnome.gnome-system-monitor.gschema.xml.in:427","Width of process “SELinux Security Context” column","Ширина столбца контекста SELinux процесса"
"src/org.gnome.gnome-system-monitor.gschema.xml.in:433","Show process “SELinux Security Context” column on startup","Показывать при запуске столбец контекста SELinux процесса"
"src/org.gnome.gnome-system-monitor.gschema.xml.in:440","Width of process “Command Line” column","Ширина столбца командной строки"
"src/org.gnome.gnome-system-monitor.gschema.xml.in:447","Show process “Command Line” column on startup","Показывать при запуске столбец командной строки"
"src/org.gnome.gnome-system-monitor.gschema.xml.in:454","Width of process “Memory” column","Ширина столбца памяти процесса"
"src/org.gnome.gnome-system-monitor.gschema.xml.in:461","Show process “Memory” column on startup","Показывать при запуске столбец памяти"
"src/org.gnome.gnome-system-monitor.gschema.xml.in:468","Width of process “Waiting Channel” column","Ширина столбца ожидания в ядре"
"src/org.gnome.gnome-system-monitor.gschema.xml.in:475","Show process “Waiting Channel” column on startup","Показывать при запуске столбец ожидания в ядре"
"src/org.gnome.gnome-system-monitor.gschema.xml.in:482","Width of process “Control Group” column","Ширина столбца контрольной группы"
"src/org.gnome.gnome-system-monitor.gschema.xml.in:489","Show process “Control Group” column on startup","Показывать при запуске столбец контрольной группы"
"src/org.gnome.gnome-system-monitor.gschema.xml.in:496","Width of process “Unit” column","Ширина столбца единицы измерения процесса"
"src/org.gnome.gnome-system-monitor.gschema.xml.in:503","Show process “Unit” column on startup","Показывать при запуске столбец единицы измерения процесса"
"src/org.gnome.gnome-system-monitor.gschema.xml.in:510","Width of process “Session” column","Ширина столбца сеанса процесса"
"src/org.gnome.gnome-system-monitor.gschema.xml.in:517","Show process “Session” column on startup","Показывать при запуске столбец сеанса процесса"
"src/org.gnome.gnome-system-monitor.gschema.xml.in:524","Width of process “Seat” column","Ширина столбца рабочего места процесса"
"src/org.gnome.gnome-system-monitor.gschema.xml.in:531","Show process “Seat” column on startup","Показывать при запуске столбец рабочего места процесса"
"src/org.gnome.gnome-system-monitor.gschema.xml.in:538","Width of process “Owner” column","Ширина столбца владельца процесса"
"src/org.gnome.gnome-system-monitor.gschema.xml.in:545","Show process “Owner” column on startup","Показывать при запуске столбец владельца процесса"
"src/org.gnome.gnome-system-monitor.gschema.xml.in:552","Width of process “Total disk read” column","Ширина столбца суммарного чтения диска"
"src/org.gnome.gnome-system-monitor.gschema.xml.in:559","Show process “Total disk read” column on startup","Показывать при запуске столбец суммарного чтения диска"
"src/org.gnome.gnome-system-monitor.gschema.xml.in:566","Width of process “Total disk write” column","Ширина столбца процесса суммарного чтения диска"
"src/org.gnome.gnome-system-monitor.gschema.xml.in:573","Show process “Total disk write” column on startup","Показывать при запуске столбец процесса суммарного чтения диска"
"src/org.gnome.gnome-system-monitor.gschema.xml.in:580","Width of process “Disk read” column","Ширина столбца процесса чтения диска"
"src/org.gnome.gnome-system-monitor.gschema.xml.in:587","Show process “Disk read” column on startup","Показывать при запуске столбец процесса чтения диска"
"src/org.gnome.gnome-system-monitor.gschema.xml.in:594","Width of process “Disk write” column","Ширина столбца процесса записи диска"
"src/org.gnome.gnome-system-monitor.gschema.xml.in:601","Show process “Disk write” column on startup","Показывать при запуске столбец процесса записи диска"
"src/org.gnome.gnome-system-monitor.gschema.xml.in:608","Width of process “Priority” column","Ширина столбца приоритета"
"src/org.gnome.gnome-system-monitor.gschema.xml.in:615","Show process “Priority” column on startup","Показывать при запуске столбец приоритета"
"src/org.gnome.gnome-system-monitor.gschema.xml.in:626","Disk view sort column","Столбец для упорядочивания списка дисков"
"src/org.gnome.gnome-system-monitor.gschema.xml.in:633","Disk view sort order","Порядок списка дисков"
"src/org.gnome.gnome-system-monitor.gschema.xml.in:640","Disk view columns order","Порядок столбцов при просмотре дисков"
"src/org.gnome.gnome-system-monitor.gschema.xml.in:647","Width of disk view “Device” column","Ширина столбца «Устройство» при просмотре дисков"
"src/org.gnome.gnome-system-monitor.gschema.xml.in:654","Show disk view “Device” column on startup","Показывать столбец «Устройство» после запуска"
"src/org.gnome.gnome-system-monitor.gschema.xml.in:661","Width of disk view “Directory” column","Ширина столбца «Каталог» при просмотре дисков"
"src/org.gnome.gnome-system-monitor.gschema.xml.in:668","Show disk view “Directory” column on startup","Показывать столбец «Каталог» после запуска"
"src/org.gnome.gnome-system-monitor.gschema.xml.in:675","Width of disk view “Type” column","Ширина столбца «Тип» при просмотре дисков"
"src/org.gnome.gnome-system-monitor.gschema.xml.in:682","Show disk view “Type” column on startup","Показывать столбец «Тип» после запуска"
"src/org.gnome.gnome-system-monitor.gschema.xml.in:689","Width of disk view “Total” column","Ширина столбца «Всего» при просмотре дисков"
"src/org.gnome.gnome-system-monitor.gschema.xml.in:696","Show disk view “Total” column on startup","Показывать столбец «Всего» после запуска"
"src/org.gnome.gnome-system-monitor.gschema.xml.in:703","Width of disk view “Free” column","Ширина столбца «Свободно» при просмотре дисков"
"src/org.gnome.gnome-system-monitor.gschema.xml.in:710","Show disk view “Free” column on startup","Показывать столбец «Свободно» после запуска"
"src/org.gnome.gnome-system-monitor.gschema.xml.in:717","Width of disk view “Available” column","Ширина столбца «Доступно» при просмотре дисков"
"src/org.gnome.gnome-system-monitor.gschema.xml.in:724","Show disk view “Available” column on startup","Показывать столбец «Доступно» после запуска"
"src/org.gnome.gnome-system-monitor.gschema.xml.in:731","Width of disk view “Used” column","Ширина столбца «Используется» при просмотре дисков"
"src/org.gnome.gnome-system-monitor.gschema.xml.in:738","Show disk view “Used” column on startup","Показывать столбец «Используется» после запуска"
"src/org.gnome.gnome-system-monitor.gschema.xml.in:748","Memory map sort column","Столбец сортировки отображения памяти"
"src/org.gnome.gnome-system-monitor.gschema.xml.in:755","Memory map sort order","Порядок сортировки отображения памяти"
"src/org.gnome.gnome-system-monitor.gschema.xml.in:764","Open files sort column","Столбец сортировки открытых файлов"
"src/org.gnome.gnome-system-monitor.gschema.xml.in:771","Open files sort order","Порядок сортировки списка открытых файлов"
"src/prefsdialog.cpp:195","Icon","Значок"
"src/procactions.cpp:78","Cannot change the priority of process with PID %d to %d.
%s","Не удаётся изменить приоритет процесса с PID %d на %d.
%s"
"src/procactions.cpp:153","Cannot kill process with PID %d with signal %d.
%s","Не удаётся завершить процесс с PID %d при помощи сигнала %d.
%s"
"src/procdialogs.cpp:85","Are you sure you want to kill the selected process “%s” (PID: %u)?","Действительно убить выбранный процесс «%s» (PID: %u)?"
"src/procdialogs.cpp:91","Are you sure you want to end the selected process “%s” (PID: %u)?","Действительно завершить выбранный процесс «%s» (PID: %u)?"
"src/procdialogs.cpp:97","Are you sure you want to stop the selected process “%s” (PID: %u)?","Действительно остановить выбранный процесс «%s» (PID: %u)?"
"src/procdialogs.cpp:106","Are you sure you want to kill the selected process?
msgid_plural: Are you sure you want to kill the %d selected processes?","msgstr[0]: Действительно убить %d выбранный процесс?
msgstr[1]: Действительно убить %d выбранных процесса?
msgstr[2]: Действительно убить %d выбранных процессов?"
"src/procdialogs.cpp:112","Are you sure you want to end the selected process?
msgid_plural: Are you sure you want to end the %d selected processes?","msgstr[0]: Действительно завершить %d выбранный процесс?
msgstr[1]: Действительно завершить %d выбранных процесса?
msgstr[2]: Действительно завершить %d выбранных процессов?"
"src/procdialogs.cpp:118","Are you sure you want to stop the selected process?
msgid_plural: Are you sure you want to stop the %d selected processes?","msgstr[0]: Действительно остановить %d выбранный процесс?
msgstr[1]: Действительно остановить %d выбранных процесса?
msgstr[2]: Действительно остановить %d выбранных процессов?"
"src/procdialogs.cpp:128","Killing a process may destroy data, break the session or introduce a security risk. Only unresponsive processes should be killed.","Завершение процесса может привести к повреждению данных, прерыванию сеанса, а также может представлять угрозу для безопасности системы. Рекомендуется завершать только те процессы, которые не отвечают на действия пользователя."
"src/procdialogs.cpp:131","_Kill Process
msgid_plural: _Kill Processes","msgstr[0]: _Убить процесс
msgstr[1]: _Убить процессы
msgstr[2]: _Убить процессы"
"src/procdialogs.cpp:135","Ending a process may destroy data, break the session or introduce a security risk. Only unresponsive processes should be ended.","Завершение процесса может привести к повреждению данных, прерыванию сеанса или представлять угрозу для безопасности системы. Только не отвечающие процессы должны быть завершены."
"src/procdialogs.cpp:142","Stopping a process may destroy data, break the session or introduce a security risk. Only unresponsive processes should be stopped.","Остановка процесса может привести к повреждению данных, прерыванию сеанса или представлять угрозу для безопасности системы. Только не отвечающие процессы должны быть остановлены."
"src/procdialogs.cpp:145","_Stop Process
msgid_plural: _Stop Processes","msgstr[0]: Ос_тановить процесс
msgstr[1]: Ос_тановить процессы
msgstr[2]: Ос_тановить процессы"
"src/procdialogs.cpp:230","Change Priority of Process “%s” (PID: %u)","Изменить приоритет для процесса «%s» (PID %u)"
"src/procdialogs.cpp:233","Change Priority of the selected process
msgid_plural: Change Priority of %d selected processes","msgstr[0]: Изменить приоритет %d выбранного процесса
msgstr[1]: Изменить приоритет %d выбранных процессов
msgstr[2]: Изменить приоритет %d выбранных процессов"
"src/procdialogs.cpp:252","Note:","Примечание:"
"src/procdialogs.cpp:253","The priority of a process is given by its nice value. A lower nice value corresponds to a higher priority.","Приоритет процесса задаётся фактором уступчивости (nice). Чем меньше фактор уступчивости, тем выше приоритет процесса."
"src/procproperties.cpp:50 src/procproperties.cpp:84 src/procproperties.cpp:87 src/util.cpp:471 src/util.cpp:514","N/A","Н/Д"
"src/procproperties.cpp:67 src/proctable.cpp:335","Process Name","Имя процесса"
"src/procproperties.cpp:68 src/proctable.cpp:336","User","Пользователь"
"src/procproperties.cpp:69 src/proctable.cpp:337","Status","Состояние"
"src/procproperties.cpp:71 src/proctable.cpp:338","Virtual Memory","Виртуальная память"
"src/procproperties.cpp:72 src/proctable.cpp:339","Resident Memory","Резидентная память"
"src/procproperties.cpp:73 src/proctable.cpp:340","Writable Memory","Доступная для записи память"
"src/procproperties.cpp:74 src/proctable.cpp:341","Shared Memory","Разделяемая память"
"src/procproperties.cpp:76 src/proctable.cpp:342","X Server Memory","Память X-сервера"
"src/procproperties.cpp:79 src/proctable.cpp:344","CPU Time","Время ЦП"
"src/procproperties.cpp:80 src/proctable.cpp:345","Started","Запущено"
"src/procproperties.cpp:81 src/proctable.cpp:346","Nice","Приоритет"
"src/procproperties.cpp:82 src/proctable.cpp:364","Priority","Приоритет"
"src/procproperties.cpp:83 src/proctable.cpp:347","ID","ID"
"src/procproperties.cpp:84 src/proctable.cpp:348","Security Context","Контекст безопасности"
"src/procproperties.cpp:85 src/proctable.cpp:349","Command Line","Командная строка"
"src/procproperties.cpp:86 src/proctable.cpp:352","Waiting Channel","Ожидание в ядре"
"src/procproperties.cpp:87 src/proctable.cpp:353","Control Group","Контрольная группа"
"src/procproperties.cpp:199","%s (PID %u)","%s (PID %u)"
"src/proctable.cpp:343","% CPU","% ЦП"
"src/proctable.cpp:354","Unit","Сервис"
"src/proctable.cpp:355","Session","Сеанс"
"src/proctable.cpp:358","Seat","Рабочее место"
"src/proctable.cpp:359","Owner","Владелец"
"src/proctable.cpp:360","Disk read total","Суммарное чтение с диска"
"src/proctable.cpp:361","Disk write total","Суммарная запись на диск"
"src/proctable.cpp:362","Disk read","Чтение диска"
"src/proctable.cpp:363","Disk write","Запись диска"
"src/setaffinity.cpp:305","Set Affinity","Установить родство"
"src/setaffinity.cpp:317","_Apply","_Применить"
"src/setaffinity.cpp:354","Select CPUs ""%s"" (PID %u) is allowed to run on:","Выберите процессоры «%s» (PID %u), на которых разрешено работать:"
"src/setaffinity.cpp:410","CPU %d","ЦП %d"
"src/util.cpp:35","Running","Работает"
"src/util.cpp:39","Stopped","Остановлен"
"src/util.cpp:43","Zombie","Зомби"
"src/util.cpp:47","Uninterruptible","Непрерываемый"
"src/util.cpp:51","Sleeping","Ожидает"
"src/util.cpp:106","%uw%ud","%uw%ud"
"src/util.cpp:110","%ud%02uh","%ud%02uh"
"src/util.cpp:114","%u:%02u:%02u","%u:%02u:%02u"
"src/util.cpp:117","%u:%02u.%02u","%u:%02u.%02u"
"src/util.cpp:184","Very High Priority","Очень высокий приоритет"
"src/util.cpp:186","High Priority","Высокий приоритет"
"src/util.cpp:188","Normal Priority","Обычный приоритет"
"src/util.cpp:190","Low Priority","Низкий приоритет"
"src/util.cpp:192","Very Low Priority","Очень низкий приоритет"
"src/util.cpp:713","%s/s","%s/с"
