"location","source","target"
"","po header","Project-Id-Version: bijiben master
Report-Msgid-Bugs-To: https://gitlab.gnome.org/GNOME/gnome-notes/issues
POT-Creation-Date: 2022-05-20 21:32+0000
PO-Revision-Date: 2022-03-17 20:41+1000
Last-Translator: Ser82-png <sw@atrus.ru>
Language-Team: Russian <kde-i18n-doc@kde.org>
Language: ru
MIME-Version: 1.0
Content-Type: text/plain; charset=UTF-8
Content-Transfer-Encoding: 8bit
Plural-Forms: nplurals=3; plural=(n%10==1 && n%100!=11 ? 0 : n%10>=2 && n%10<=4 && (n%100<10 || n%100>=20) ? 1 : 2);
X-Generator: Poedit 2.3
"
"data/appdata/org.gnome.Notes.appdata.xml.in:6 data/org.gnome.Notes.desktop.in:3 data/org.gnome.Notes.xml.in:4 src/bjb-application.c:626 src/bjb-window.c:46","Notes","Заметки"
"data/appdata/org.gnome.Notes.appdata.xml.in:7","Notes for GNOME","Заметки для GNOME"
"data/appdata/org.gnome.Notes.appdata.xml.in:9","A quick and easy way to make freeform notes or jot down simple lists. Store as many notes as you like and share them by email.","Быстрый и легкий способ делать произвольные заметки или записывать простые списки. Храните столько заметок, сколько хотите, и делитесь ими по электронной почте."
"data/appdata/org.gnome.Notes.appdata.xml.in:12","You can store your notes locally on your computer or sync with online services like ownCloud.","Вы можете хранить свои заметки локально на своем компьютере или синхронизировать с онлайн-сервисами, такими как ownCloud."
"data/appdata/org.gnome.Notes.appdata.xml.in:28","Edit view","Вид правки"
"data/appdata/org.gnome.Notes.appdata.xml.in:32","Select view","Вид выбора"
"data/appdata/org.gnome.Notes.appdata.xml.in:36","List view","Вид списка"
"data/org.gnome.Notes.desktop.in:5","notes;reminder;notebook;sticky notes;","notes;reminder;notebook;sticky notes;заметки;напоминания;записная;книжка;записки;"
"data/org.gnome.Notes.desktop.in:6","Post notes, tag files!","Создавайте заметки, отмечайте файлы!"
"data/org.gnome.Notes.desktop.in:7","Note-taker","Электронная ручка"
"data/org.gnome.Notes.desktop.in:19","Create New Note","Создать новую заметку"
"data/org.gnome.Notes.gschema.xml:10","Custom Font","Другой шрифт"
"data/org.gnome.Notes.gschema.xml:11","The font name set here will be used as the font when displaying notes.","Указанный здесь шрифт будет использоваться для отображения заметок."
"data/org.gnome.Notes.gschema.xml:15","Whether to use the system monospace font","Использовать ли системный моноширный шрифт"
"data/org.gnome.Notes.gschema.xml:19","New notes color.","Цвет новых заметок."
"data/org.gnome.Notes.gschema.xml:20","The color name set here will be used as the color when creating new notes.","Указанный здесь цвет будет использоваться при создании новых заметок."
"data/org.gnome.Notes.gschema.xml:24","Primary notes provider to use for new notes.","Основной провайдер заметок, используемый для новых заметок."
"data/org.gnome.Notes.gschema.xml:25","The primary notebook is the place where new notes are created.","Основная записная книжка — это место, где создаются новые заметки."
"data/org.gnome.Notes.gschema.xml:29","Note path of the notes opened when Notes quits last time.","Путь до заметок, которые были открыты в программе до выхода из неё."
"data/org.gnome.Notes.gschema.xml:30","This stores the note path of the last opened item, so that we can open it on startup.","Здесь хранится путь до последних открытых в программе заметок, чтобы их можно было открыть при следующем запуске программы."
"data/org.gnome.Notes.gschema.xml:34","Window maximized","Окно развёрнуто"
"data/org.gnome.Notes.gschema.xml:35","Window maximized state.","Окно в развёрнутом состоянии."
"data/org.gnome.Notes.gschema.xml:39","Window size","Размеры окна"
"data/org.gnome.Notes.gschema.xml:40","Window size (width and height).","Размеры окна (ширина и высота)."
"data/org.gnome.Notes.gschema.xml:44","Window position","Положение окна"
"data/org.gnome.Notes.gschema.xml:45","Window position (x and y).","Положение окна (x, y)."
"data/org.gnome.Notes.gschema.xml:48","Text size used by note editor.","Размер текста, используемый редактором заметок."
"data/org.gnome.Notes.gschema.xml:49","There are three text sizes available: small, medium (default) and large.","Доступны три формата текста: маленький, средний (по умолчанию) и большой."
"data/resources/bjb-notebooks-dialog.ui:6 data/resources/bjb-window.ui:304 data/resources/bjb-window.ui:392 data/resources/selection-toolbar.ui:34","Notebooks","Записные книжки"
"data/resources/bjb-notebooks-dialog.ui:33","New Notebook…","Создать записную книжку…"
"data/resources/bjb-notebooks-dialog.ui:43","Add","Добавить"
"data/resources/bjb-window.ui:47 data/resources/bjb-window.ui:283 src/bjb-window.c:449","All Notes","Все заметки"
"data/resources/bjb-window.ui:63","Open menu","Открыть меню"
"data/resources/bjb-window.ui:148","More options","Дополнительные параметры"
"data/resources/bjb-window.ui:179 data/resources/import-dialog.ui:5","Import Notes","Импортировать заметки"
"data/resources/bjb-window.ui:196","Text Sizes","Размер текста"
"data/resources/bjb-window.ui:205","_Large","_Большой"
"data/resources/bjb-window.ui:214","_Medium","_Средний"
"data/resources/bjb-window.ui:223","_Small","_Маленький"
"data/resources/bjb-window.ui:240 data/resources/settings-dialog.ui:10","Preferences","Параметры"
"data/resources/bjb-window.ui:248","Keyboard Shortcuts","Комбинации клавиш"
"data/resources/bjb-window.ui:256","Help","Справка"
"data/resources/bjb-window.ui:264","About Notes","О приложении"
"data/resources/bjb-window.ui:330 src/bjb-window.c:459","Trash","Корзина"
"data/resources/bjb-window.ui:352","Open in New Window","Открыть в новом окне"
"data/resources/bjb-window.ui:368","Undo","Отменить"
"data/resources/bjb-window.ui:376","Redo","Повторить"
"data/resources/bjb-window.ui:400","Email this Note","Отправить заметку по эл. почте"
"data/resources/bjb-window.ui:408 data/resources/selection-toolbar.ui:96","Move to Trash","Удалить в корзину"
"data/resources/editor-toolbar.ui:63","Bold","Полужирный"
"data/resources/editor-toolbar.ui:79","Italic","Курсив"
"data/resources/editor-toolbar.ui:95","Strike","Перечёркнутый"
"data/resources/editor-toolbar.ui:123","Bullets","Маркированный список"
"data/resources/editor-toolbar.ui:139","List","Нумерованный список"
"data/resources/editor-toolbar.ui:167","Indent","Отступ"
"data/resources/editor-toolbar.ui:183","Outdent","Внешн. отступ"
"data/resources/editor-toolbar.ui:222","Copy selection to a new note","Копировать выделение в новую заметку"
"data/resources/empty-results-box.ui:33","No notes","Нет заметок"
"data/resources/help-overlay.ui:9","General","Основное"
"data/resources/help-overlay.ui:14","Search notes","Искать заметки"
"data/resources/help-overlay.ui:21","New note","Создать заметку"
"data/resources/help-overlay.ui:28","Close window","Закрыть окно"
"data/resources/help-overlay.ui:35","Quit","Завершить"
"data/resources/help-overlay.ui:42","Go back","Перейти назад"
"data/resources/help-overlay.ui:49","Show help","Показать справку"
"data/resources/help-overlay.ui:56","Open menu","Открыть меню"
"data/resources/help-overlay.ui:63","Keyboard shortcuts","Комбинации клавиш"
"data/resources/help-overlay.ui:71","Selection mode","Режим выбора"
"data/resources/help-overlay.ui:76","Cancel selection mode","Отменить режим выбора"
"data/resources/help-overlay.ui:83","Select all","Выбрать все"
"data/resources/help-overlay.ui:91","Note edit mode","Режим редактирования заметки"
"data/resources/help-overlay.ui:96","Open in a new window","Открыть в отдельном окне"
"data/resources/help-overlay.ui:103","Bold","Полужирный"
"data/resources/help-overlay.ui:110","Italic","Курсив"
"data/resources/help-overlay.ui:117","Strike through","Перечёркнутый"
"data/resources/help-overlay.ui:124","Undo","Отменить"
"data/resources/help-overlay.ui:131","Redo","Повторить"
"data/resources/help-overlay.ui:138","Move note to trash","Переместить заметку в корзину"
"data/resources/import-dialog.ui:12","_Cancel","_Отмена"
"data/resources/import-dialog.ui:22","_Import","_Импортировать"
"data/resources/import-dialog.ui:41","Select import location","Выберите место для импорта"
"data/resources/import-dialog.ui:78","Gnote application","Приложение Gnote"
"data/resources/import-dialog.ui:136","Tomboy application","Приложение Tomboy"
"data/resources/import-dialog.ui:192","Custom Location","Другое место"
"data/resources/import-dialog.ui:224","Select a Folder","Выберите папку"
"data/resources/selection-toolbar.ui:43","Note color","Цвет заметки"
"data/resources/selection-toolbar.ui:60","Share note","Поделиться заметкой"
"data/resources/selection-toolbar.ui:78","Open in another window","Открыть в другом окне"
"data/resources/selection-toolbar.ui:119","Restore","Восстановить"
"data/resources/selection-toolbar.ui:127","Permanently Delete","Удалить навсегда"
"data/resources/settings-dialog.ui:37","Use System Font","Использовать системный шрифт"
"data/resources/settings-dialog.ui:50","Note Font","Шрифт заметок"
"data/resources/settings-dialog.ui:62","Default Color","Цвет по умолчанию"
"data/resources/settings-dialog.ui:113","Note Appearance","Внешний вид заметок"
"data/resources/settings-dialog.ui:126","Select the default storage location:","Выберите место хранения по умолчанию:"
"data/resources/settings-dialog.ui:157","Primary Book","Первичная книга"
"src/bijiben-shell-search-provider.c:229 src/bjb-window.c:134","Untitled","Безымянная"
"src/bjb-application.c:222","GNOME Notes","Заметки GNOME"
"src/bjb-application.c:277","Show verbose logs","Показывать подробный журнал"
"src/bjb-application.c:279","Show the application’s version","Показать версию приложения"
"src/bjb-application.c:281","Create a new note","Создать новую заметку"
"src/bjb-application.c:289","[FILE…]","[ФАЙЛ…]"
"src/bjb-application.c:290","Take notes and export them everywhere.","Взять заметки и экспортировать их куда-либо."
"src/bjb-application.c:627","Simple notebook for GNOME","Простая записная книжка среды рабочего стола GNOME"
"src/bjb-application.c:633","translator-credits","Yuri Myasoedov <ymyasoedov@yandex.ru>, 2013-2015
Stas Solovey <whats_up@tut.by>, 2013-2019"
"src/bjb-color-button.c:140","Note Color","Цвет заметки"
"src/bjb-controller.c:237","Notebook","Записная книжка"
"src/bjb-empty-results-box.c:63","Press the New button to create a note.","Нажмите кнопку «Создать», чтобы создать заметку."
"src/bjb-empty-results-box.c:85","Oops","Ой"
"src/bjb-empty-results-box.c:91","Please install “Tracker” then restart the application.","Установите «Tracker» и перезапустите приложение."
"src/bjb-note-view.c:187","This note is being viewed in another window.","Эта заметка открыта в другом окне."
"src/bjb-utils.c:51","Unknown","Неизвестно"
"src/bjb-utils.c:68","Yesterday","Вчера"
"src/bjb-utils.c:74","This month","В этом месяце"
"src/bjb-window.c:939","Last updated: %s","Обновлено: %s"
"src/libbiji/provider/biji-local-provider.c:366","Local storage","Локальное хранилище"
