"location","source","target"
"","po header","Project-Id-Version: gnome-clocks master
Report-Msgid-Bugs-To: https://gitlab.gnome.org/GNOME/gnome-clocks/issues
POT-Creation-Date: 2022-05-07 13:55+0000
PO-Revision-Date: 2022-01-08 10:36+0300
Last-Translator: Aleksandr Melman <Alexmelman88@gmail.com>
Language-Team: Russian <gnome-cyr@gnome.org>
Language: ru
MIME-Version: 1.0
Content-Type: text/plain; charset=UTF-8
Content-Transfer-Encoding: 8bit
Plural-Forms: nplurals=3; plural=(n%10==1 && n%100!=11 ? 0 : n%10>=2 && n%10<=4 && (n%100<10 || n%100>=20) ? 1 : 2);
X-Generator: Poedit 3.0
"
"data/org.gnome.clocks.desktop.in.in:3 data/org.gnome.clocks.desktop.in.in:4 data/org.gnome.clocks.metainfo.xml.in.in:6 data/ui/header-bar.ui:27 src/main.vala:25 src/window.vala:281 src/window.vala:336 src/world-standalone.vala:24","Clocks","Часы"
"data/org.gnome.clocks.desktop.in.in:6 data/org.gnome.clocks.metainfo.xml.in.in:7","Clocks for world times, plus alarms, stopwatch and a timer","Часы мирового времени, а также будильник, секундомер и таймер"
"data/org.gnome.clocks.desktop.in.in:8","time;timer;alarm;world clock;stopwatch;time zone;","время;таймер;будильник;мировое время;часовой пояс;"
"data/org.gnome.clocks.desktop.in.in:18","Allows world clocks to be displayed for your time zone.","Позволяет отображать мировые часы для вашего часового пояса."
"data/org.gnome.clocks.gschema.xml.in:5","Configured world clocks","Настроенные мировые часы"
"data/org.gnome.clocks.gschema.xml.in:6","List of world clocks to show.","Список мировых часов."
"data/org.gnome.clocks.gschema.xml.in:12","Configured alarms","Настроенные будильники"
"data/org.gnome.clocks.gschema.xml.in:13","List of alarms set.","Список настроенных будильников."
"data/org.gnome.clocks.gschema.xml.in:19","Configured Timers","Настроенные таймеры"
"data/org.gnome.clocks.gschema.xml.in:20","List of timers set.","Список настроенных таймеров."
"data/org.gnome.clocks.gschema.xml.in:26","Geolocation support","Поддержка геопозиционирования"
"data/org.gnome.clocks.gschema.xml.in:27","Turn geolocation support on and off.","Включает и выключает поддержку геопозиционирования."
"data/org.gnome.clocks.gschema.xml.in:44","Window maximized","Окно развёрнуто"
"data/org.gnome.clocks.gschema.xml.in:45","Whether the window is maximized.","Развернуто ли окно."
"data/org.gnome.clocks.gschema.xml.in:51","Window width and height","Ширина и высота окна"
"data/org.gnome.clocks.gschema.xml.in:52","Width and height of the window.","Ширина и высота окна."
"data/org.gnome.clocks.gschema.xml.in:58","Panel state","Состояние панели"
"data/org.gnome.clocks.gschema.xml.in:59","Current clock panel.","Активная панель часов."
"data/org.gnome.clocks.metainfo.xml.in.in:9","A simple and elegant clock application. It includes world clocks, alarms, a stopwatch and a timer.","Простое и элегантное приложение-часы. Включает в себя мировые часы, будильники, секундомер и таймер."
"data/org.gnome.clocks.metainfo.xml.in.in:13","Goals:","Цели:"
"data/org.gnome.clocks.metainfo.xml.in.in:15","Show the time in different cities around the world","Показывать время в различных городах мира"
"data/org.gnome.clocks.metainfo.xml.in.in:16","Set alarms to wake you up","Устанавливать будильники для подъёма"
"data/org.gnome.clocks.metainfo.xml.in.in:17","Measure elapsed time with an accurate stopwatch","Замерять время с помощью точного секундомера"
"data/org.gnome.clocks.metainfo.xml.in.in:18","Set timers to properly cook your food","Устанавливать таймеры для приготовления еды"
"data/org.gnome.clocks.metainfo.xml.in.in:40","Initial screen","Начальное экран"
"data/org.gnome.clocks.metainfo.xml.in.in:44","Alarms screen","Экран будильника"
"data/org.gnome.clocks.metainfo.xml.in.in:48","Stopwatch screen","Экран секундомера"
"data/org.gnome.clocks.metainfo.xml.in.in:52","Timer screen","Экран таймера"
"data/org.gnome.clocks.metainfo.xml.in.in:121","The GNOME Project","Проект GNOME"
"data/gtk/help-overlay.ui:11","General","Основное"
"data/gtk/help-overlay.ui:15","Show Help","Показать справку"
"data/gtk/help-overlay.ui:21","Open Menu","Открыть меню"
"data/gtk/help-overlay.ui:27","Keyboard Shortcuts","Комбинации клавиш"
"data/gtk/help-overlay.ui:33","Quit","Завершить"
"data/gtk/help-overlay.ui:39","Go to the Next Section","Перейти к следующему разделу"
"data/gtk/help-overlay.ui:45","Go to the Previous Section","Перейти к предыдущему разделу"
"data/gtk/help-overlay.ui:51","Go to the World Section","Перейти к разделу Мирового времени"
"data/gtk/help-overlay.ui:57","Go to the Alarms Section","Перейти к разделу Будильников"
"data/gtk/help-overlay.ui:63","Go to the Stopwatch Section","Перейти к разделу Секундомера"
"data/gtk/help-overlay.ui:69","Go to the Timer Section","Перейти к разделу Таймера"
"data/gtk/help-overlay.ui:77","World Clocks","Мировые часы"
"data/gtk/help-overlay.ui:81","Add a World Clock","Добавить мировые часы"
"data/gtk/help-overlay.ui:89","Alarm","Будильник"
"data/gtk/help-overlay.ui:93","Add an Alarm","Добавить будильник"
"data/gtk/help-overlay.ui:101","Stopwatch","Секундомер"
"data/gtk/help-overlay.ui:105","Pause All","Приостановить все"
"data/gtk/help-overlay.ui:113","Timer","Таймер"
"data/gtk/help-overlay.ui:117","Reset","Сбросить"
"data/gtk/help-overlay.ui:123","New Timer","Новый таймер"
"data/ui/alarm-day-picker-row.ui:17","Repeat","Повторять"
"data/ui/alarm-face.ui:14","Add A_larm","Добавить _будильник"
"data/ui/alarm-ringing-panel.ui:26 src/alarm-item.vala:117","Stop","Остановить"
"data/ui/alarm-ringing-panel.ui:41 src/alarm-item.vala:118","Snooze","Напомнить"
"data/ui/alarm-row.ui:47","Repeats","Повторяется"
"data/ui/alarm-row.ui:66","Active","Включено"
"data/ui/alarm-row.ui:72 data/ui/timer-row.ui:152 data/ui/world-row.ui:19","Delete","Удалить"
"data/ui/alarm-setup-dialog.ui:8 src/alarm-face.vala:28 src/alarm-setup-dialog.vala:109","New Alarm","Создать будильник"
"data/ui/alarm-setup-dialog.ui:94","Name","Имя"
"data/ui/alarm-setup-dialog.ui:95","Optional","Опционально"
"data/ui/alarm-setup-dialog.ui:109","Ring Duration","Длительность звонка"
"data/ui/alarm-setup-dialog.ui:116","Snooze Duration","Длительность паузы"
"data/ui/alarm-setup-dialog.ui:128","You already have an alarm for this time.","На это время уже назначен будильник."
"data/ui/alarm-setup-dialog.ui:135","R_emove Alarm","_Удалить будильник"
"data/ui/header-bar.ui:6","_Keyboard Shortcuts","_Комбинации клавиш"
"data/ui/header-bar.ui:10","_Help","_Справка"
"data/ui/header-bar.ui:14","_About Clocks","_О приложении"
"data/ui/header-bar.ui:50 data/ui/world-standalone.ui:17","Back","Назад"
"data/ui/header-bar.ui:68","Menu","Меню"
"data/ui/header-bar.ui:71","Main Menu","Главное меню"
"data/ui/stopwatch-face.ui:100","_Start","За_пустить"
"data/ui/stopwatch-face.ui:115 src/stopwatch-face.vala:184","Clear","Очистить"
"data/ui/stopwatch-laps-row.ui:14","Time","Время"
"data/ui/stopwatch-laps-row.ui:25","Difference","Разница"
"data/ui/timer-face.ui:18","Select Duration","Выбрать длительность"
"data/ui/timer-row.ui:32","Title…","Заголовок…"
"data/ui/timer-row.ui:74 src/stopwatch-face.vala:164","Pause","Приостановить"
"data/ui/timer-row.ui:92 src/stopwatch-face.vala:201","Start","Запустить"
"data/ui/timer-row.ui:119","Reset","Сбросить"
"data/ui/timer-setup.ui:37","1 m","1 мин"
"data/ui/timer-setup.ui:52","2 m","2 мин"
"data/ui/timer-setup.ui:67","3 m","3 мин"
"data/ui/timer-setup.ui:82","5 m","5 мин"
"data/ui/timer-setup.ui:97","30 m","30 мин"
"data/ui/timer-setup.ui:112","15 m","15 мин"
"data/ui/timer-setup.ui:127","45 m","45 мин"
"data/ui/timer-setup.ui:142","1 h","1 час"
"data/ui/timer-setup.ui:178 data/ui/timer-setup.ui:210 data/ui/timer-setup.ui:243","0","0"
"data/ui/window.ui:49","World","Мировое время"
"data/ui/window.ui:59","Alarms","Будильники"
"data/ui/window.ui:69","Stopwatch","Секундомер"
"data/ui/window.ui:79","Timer","Таймер"
"data/ui/world-face.ui:15","_Add World Clock","_Добавить мировые часы"
"data/ui/world-location-dialog.ui:4","Add a New World Clock","Добавить новые мировые часы"
"data/ui/world-location-dialog.ui:14","_Cancel","_Отмена"
"data/ui/world-location-dialog.ui:22","_Add","_Добавить"
"data/ui/world-location-dialog.ui:53","Search for a City","Поиск города"
"data/ui/world-standalone.ui:78","Sunrise","Рассвет"
"data/ui/world-standalone.ui:90","Sunset","Закат"
"src/alarm-item.vala:114 src/alarm-row.vala:80 src/window.vala:332","Alarm","Будильник"
"src/alarm-row.vala:87","Snoozed from %s: %s","Отложено от %s: %s"
"src/alarm-row.vala:90","Snoozed from %s","Отложено от %s"
"src/alarm-setup-dialog.vala:41","1 minute","1 минута"
"src/alarm-setup-dialog.vala:42","5 minutes","5 минут"
"src/alarm-setup-dialog.vala:43","10 minutes","10 минут"
"src/alarm-setup-dialog.vala:44","15 minutes","15 минут"
"src/alarm-setup-dialog.vala:45","20 minutes","20 минут"
"src/alarm-setup-dialog.vala:46","30 minutes","30 минут"
"src/alarm-setup-dialog.vala:109","Edit Alarm","Настроить будильник"
"src/alarm-setup-dialog.vala:112 src/timer-setup-dialog.vala:30","Cancel","Отмена"
"src/alarm-setup-dialog.vala:114","Done","Готово"
"src/alarm-setup-dialog.vala:116 src/timer-setup-dialog.vala:31","Add","Добавить"
"src/application.vala:23","Print version information and exit","Показать информацию о версии и выйти"
"src/stopwatch-face.vala:168 src/stopwatch-face.vala:205","Lap","Круг"
"src/stopwatch-face.vala:180","Resume","Возобновить"
"src/stopwatch-laps-row.vala:48","Lap %i","%i-й круг"
"src/timer-face.vala:39 src/timer-setup-dialog.vala:27","New Timer","Новый таймер"
"src/timer-face.vala:76","Time is up!","Время истекло!"
"src/timer-face.vala:77","Timer countdown finished","Обратный отсчёт таймера завершён"
"src/utils.vala:61","Current timezone","Активный часовой пояс"
"src/utils.vala:66","%s hour earlier
msgid_plural: %s hours earlier","msgstr[0]: раньше на %s час
msgstr[1]: раньше на %s часа
msgstr[2]: раньше на %s часов"
"src/utils.vala:72","%s hour later
msgid_plural: %s hours later","msgstr[0]: позже на %s час
msgstr[1]: позже на %s часа
msgstr[2]: позже на %s часов"
"src/utils.vala:174","M","П"
"src/utils.vala:176","T","В"
"src/utils.vala:178","W","С"
"src/utils.vala:180","T","Ч"
"src/utils.vala:182","F","П"
"src/utils.vala:184","S","С"
"src/utils.vala:186","S","В"
"src/utils.vala:200","Mondays","По понедельникам"
"src/utils.vala:201","Tuesdays","По вторникам"
"src/utils.vala:202","Wednesdays","По средам"
"src/utils.vala:203","Thursdays","По четвергам"
"src/utils.vala:204","Fridays","По пятницам"
"src/utils.vala:205","Saturdays","По субботам"
"src/utils.vala:206","Sundays","По воскресеньям"
"src/utils.vala:332","Every Day","Ежедневно"
"src/utils.vala:334","Weekdays","По будням"
"src/utils.vala:336","Weekends","По выходным"
"src/window.vala:286","Utilities to help you with the time.","Утилиты для помощи в организации времени."
"src/window.vala:291","translator-credits","Станислав Соловей <whats_up@tut.by>, 2014-2019.
Юрий Мясоедов <ymyasoedov@yandex.ru>, 2014.
Alexey Rubtsov <rushills@gmail.com>, 2021"
"src/world-face.vala:29","Add Location","Добавить местоположение"
"src/world-item.vala:144 src/world-item.vala:148","Tomorrow","Завтра"
"src/world-item.vala:144 src/world-item.vala:148","Yesterday","Вчера"
"src/world-row.vala:58","Current location","Текущее местоположение"
