"location","source","target"
"","po header","Project-Id-Version: gnome-initial-setup
Report-Msgid-Bugs-To: https://gitlab.gnome.org/GNOME/gnome-initial-setup/issues
POT-Creation-Date: 2022-05-04 18:23+0000
PO-Revision-Date: 2022-01-06 18:56+0300
Last-Translator: Aleksandr Melman <Alexmelman88@gmail.com>
Language-Team: Русский <gnome-cyr@gnome.org>
Language: ru
MIME-Version: 1.0
Content-Type: text/plain; charset=UTF-8
Content-Transfer-Encoding: 8bit
Plural-Forms: nplurals=3; plural=(n%10==1 && n%100!=11 ? 0 : n%10>=2 && n%10<=4 && (n%100<10 || n%100>=20) ? 1 : 2);
X-Generator: Poedit 3.0
"
"data/gnome-initial-setup-first-login.desktop.in.in:3 data/gnome-initial-setup.desktop.in.in:3","Initial Setup","Первоначальная настройка"
"gnome-initial-setup/gis-assistant.c:407","_Next","_Далее"
"gnome-initial-setup/gis-assistant.c:408","_Accept","_Принять"
"gnome-initial-setup/gis-assistant.c:409","_Skip","_Пропустить"
"gnome-initial-setup/gis-assistant.c:410","_Previous","_Назад"
"gnome-initial-setup/gis-assistant.c:411","_Cancel","_Отмена"
"gnome-initial-setup/gnome-initial-setup.c:273","Force existing user mode","Принудительно использовать режим существующего пользователя"
"gnome-initial-setup/gnome-initial-setup.c:287","— GNOME initial setup","— Первоначальная настройка GNOME"
"gnome-initial-setup/pages/account/gis-account-avatar-chooser.ui:36","Take a Picture…","Сделать фотоснимок…"
"gnome-initial-setup/pages/account/gis-account-page-enterprise.c:185","Failed to register account","Не удалось зарегистрировать учётную запись"
"gnome-initial-setup/pages/account/gis-account-page-enterprise.c:379","No supported way to authenticate with this domain","Нет поддерживаемых способов аутентификации в этом домене"
"gnome-initial-setup/pages/account/gis-account-page-enterprise.c:419","Failed to join domain","Не удалось присоединиться к домену"
"gnome-initial-setup/pages/account/gis-account-page-enterprise.c:487","Failed to log into domain","Не удалось войти в домен"
"gnome-initial-setup/pages/account/gis-account-page-enterprise.ui:17","Enterprise Login","Корпоративная учётная запись"
"gnome-initial-setup/pages/account/gis-account-page-enterprise.ui:18","Enterprise login allows an existing centrally managed user account to be used on this device. You can also use this account to access company resources on the internet.","Корпоративная учётная запись позволяет использовать на этом устройстве существующее централизованное средство управления учётными записями. Вы также можете использовать эту учётную запись для доступа к ресурсам компании в Интернете."
"gnome-initial-setup/pages/account/gis-account-page-enterprise.ui:36 gnome-initial-setup/pages/account/gis-account-page-enterprise.ui:287","_Domain","_Домен"
"gnome-initial-setup/pages/account/gis-account-page-enterprise.ui:53 gnome-initial-setup/pages/account/gis-account-page-local.ui:84","_Username","_Имя пользователя"
"gnome-initial-setup/pages/account/gis-account-page-enterprise.ui:70 gnome-initial-setup/pages/password/gis-password-page.ui:34","_Password","_Пароль"
"gnome-initial-setup/pages/account/gis-account-page-enterprise.ui:146","Enterprise domain or realm name","Название домена предприятия или области"
"gnome-initial-setup/pages/account/gis-account-page-enterprise.ui:211","C_ontinue","П_родолжить"
"gnome-initial-setup/pages/account/gis-account-page-enterprise.ui:246","Domain Administrator Login","Вход для администратора домена"
"gnome-initial-setup/pages/account/gis-account-page-enterprise.ui:266","In order to use enterprise logins, this computer needs to be enrolled in a domain. Please have your network administrator type the domain password here, and choose a unique computer name for your computer.","Для использования корпоративных учётных записей этот компьютер должен быть зарегистрирован в домене. Администратор сети должен ввести здесь доменный пароль и выбрать уникальное имя для вашего компьютера."
"gnome-initial-setup/pages/account/gis-account-page-enterprise.ui:321","_Computer","_Компьютер"
"gnome-initial-setup/pages/account/gis-account-page-enterprise.ui:353","Administrator _Name","Имя _администратора"
"gnome-initial-setup/pages/account/gis-account-page-enterprise.ui:387","Administrator Password","Пароль администратора"
"gnome-initial-setup/pages/account/gis-account-page-local.c:207","Please check the name and username. You can choose a picture too.","Проверьте имя и имя пользователя. Также можно выбрать изображение."
"gnome-initial-setup/pages/account/gis-account-page-local.c:453","We need a few details to complete setup.","Для завершения осталось указать ещё немного информации."
"gnome-initial-setup/pages/account/gis-account-page-local.c:559","Administrator","Администратор"
"gnome-initial-setup/pages/account/gis-account-page-local.c:565 gnome-initial-setup/pages/account/gis-account-page-local.c:608","Failed to create user '%s': ","Не удалось создать пользователя «%s»: "
"gnome-initial-setup/pages/account/gis-account-page-local.ui:21","Avatar image","Аватар"
"gnome-initial-setup/pages/account/gis-account-page-local.ui:38 gnome-initial-setup/pages/account/gis-account-page.c:283","About You","О вас"
"gnome-initial-setup/pages/account/gis-account-page-local.ui:39","Please provide a name and username. You can choose a picture too.","Укажите имя и имя пользователя. Также можно выбрать изображение."
"gnome-initial-setup/pages/account/gis-account-page-local.ui:53","_Full Name","П_олное имя"
"gnome-initial-setup/pages/account/gis-account-page-local.ui:149","Set up _parental controls for this user","Установить _родительский контроль для пользователя"
"gnome-initial-setup/pages/account/gis-account-page-local.ui:156","For use by a parent or supervisor, who must set up their own password.","Для использования родителями или другими ответственными, кто должен назначить отдельный пароль."
"gnome-initial-setup/pages/account/gis-account-page.ui:43","_Enterprise Login","_Корпоративная учётная запись"
"gnome-initial-setup/pages/account/gis-account-page.ui:53","Go online to set up Enterprise Login.","Подключиться к интернету для настройки _корпоративной учётной записи."
"gnome-initial-setup/pages/account/um-realm-manager.c:310","Cannot automatically join this type of domain","Невозможно автоматически присоединиться к данному типу домена"
"gnome-initial-setup/pages/account/um-realm-manager.c:373","No such domain or realm found","Домен или область не найдены"
"gnome-initial-setup/pages/account/um-realm-manager.c:782 gnome-initial-setup/pages/account/um-realm-manager.c:796","Cannot log in as %s at the %s domain","Не удалось войти в систему как %s в домене %s"
"gnome-initial-setup/pages/account/um-realm-manager.c:788","Invalid password, please try again","Неправильный пароль. Попробуйте ещё раз"
"gnome-initial-setup/pages/account/um-realm-manager.c:801","Couldn’t connect to the %s domain: %s","Не удалось подключиться к домену %s: %s"
"gnome-initial-setup/pages/account/um-utils.c:248","Sorry, that user name isn’t available. Please try another.","Данное имя пользователя недоступно. Попробуйте ввести другое."
"gnome-initial-setup/pages/account/um-utils.c:251","The username is too long.","Имя пользователя слишком длинное."
"gnome-initial-setup/pages/account/um-utils.c:254","The username cannot start with a “-”.","Имя пользователя не может начинаться с символа «-»."
"gnome-initial-setup/pages/account/um-utils.c:257","That username isn’t available. Please try another.","Данное имя пользователя недоступно. Попробуйте ввести другое."
"gnome-initial-setup/pages/account/um-utils.c:260","The username should only consist of upper and lower case letters from a-z, digits and the following characters: . - _","Имя пользователя может состоять только из букв латинского алфавита в верхнем и нижнем регистре, цифр и следующих символов: . - _"
"gnome-initial-setup/pages/account/um-utils.c:264","This will be used to name your home folder and can’t be changed.","Будет использовано для именования вашей домашней папки; не может быть изменено."
"gnome-initial-setup/pages/goa/gis-goa-page.c:92","Add Account","Добавить учётную запись"
"gnome-initial-setup/pages/goa/gis-goa-page.c:357","Online Accounts","Сетевые учётные записи"
"gnome-initial-setup/pages/goa/gis-goa-page.ui:17","Connect Your Online Accounts","Подключить сетевые учётные записи"
"gnome-initial-setup/pages/goa/gis-goa-page.ui:18","Connect your accounts to easily access your email, online calendar, contacts, documents and photos.","Подключите ваши учётные записи для простого доступа к электронной почте, онлайн-календарю, контактам, документам и фотографиям."
"gnome-initial-setup/pages/goa/gis-goa-page.ui:48","Accounts can be added and removed at any time from the Settings application.","Учётные записи можно добавлять и убирать в любое время в приложении Параметры."
"gnome-initial-setup/pages/keyboard/cc-input-chooser.c:240","Preview","Предпросмотр"
"gnome-initial-setup/pages/keyboard/cc-input-chooser.c:299 gnome-initial-setup/pages/language/cc-language-chooser.c:227","More…","Ещё…"
"gnome-initial-setup/pages/keyboard/cc-input-chooser.c:321","No inputs found","Источники ввода не найдены"
"gnome-initial-setup/pages/keyboard/gis-keyboard-page.c:504 gnome-initial-setup/pages/keyboard/gis-keyboard-page.ui:15","Typing","Набор текста"
"gnome-initial-setup/pages/keyboard/gis-keyboard-page.ui:16","Select your keyboard layout or an input method.","Выберите раскладку клавиатуры или способ ввода."
"gnome-initial-setup/pages/language/cc-language-chooser.c:243","No languages found","Языки не найдены"
"gnome-initial-setup/pages/language/gis-language-page.c:262","Welcome","Добро пожаловать"
"gnome-initial-setup/pages/language/gis-welcome-widget.c:136","Welcome!","Добро пожаловать!"
"gnome-initial-setup/pages/network/gis-network-page.c:318","Other…","Другая…"
"gnome-initial-setup/pages/network/gis-network-page.c:403","Wireless networking is disabled","Беспроводные сетевые соединения отключены"
"gnome-initial-setup/pages/network/gis-network-page.c:410","Checking for available wireless networks","Поиск доступных беспроводных сетей"
"gnome-initial-setup/pages/network/gis-network-page.c:805","Network","Сеть"
"gnome-initial-setup/pages/network/gis-network-page.ui:18","Wi-Fi","Wi-Fi"
"gnome-initial-setup/pages/network/gis-network-page.ui:19","Connecting to the internet helps you get new apps, information, and other upgrades. It also helps set the time and your location automatically.","Подключение к интернету поможет вам получать новые приложения, информацию и другие обновления. Это также поможет автоматически устанавливать время и ваше местоположение."
"gnome-initial-setup/pages/network/gis-network-page.ui:76","No wireless available","Беспроводные сети не найдены"
"gnome-initial-setup/pages/network/gis-network-page.ui:91","Turn On","Включить"
"gnome-initial-setup/pages/parental-controls/gis-parental-controls-page.c:102","Parental Controls for %s","Родительский контроль для %s"
"gnome-initial-setup/pages/parental-controls/gis-parental-controls-page.c:104","Set restrictions on what this user can run or install.","Установить ограничения на то, что этот пользователь может устанавливать."
"gnome-initial-setup/pages/parental-controls/gis-parental-controls-page.c:199","Parental Controls","Родительский контроль"
"gnome-initial-setup/pages/password/gis-password-page.c:79","Set a Password","Установите пароль"
"gnome-initial-setup/pages/password/gis-password-page.c:80 gnome-initial-setup/pages/password/gis-password-page.c:89","Be careful not to lose your password.","Будьте внимательны, не потеряйте пароль."
"gnome-initial-setup/pages/password/gis-password-page.c:87","Set a Password for %s","Установить пароль для %s"
"gnome-initial-setup/pages/password/gis-password-page.c:95","Set a Parent Password","Установить пароль родителя"
"gnome-initial-setup/pages/password/gis-password-page.c:97","This password will control access to the parental controls for %s.","Этот пароль проверит доступ к родительскому контролю для %s."
"gnome-initial-setup/pages/password/gis-password-page.c:228","This is a weak password.","Это слабый пароль."
"gnome-initial-setup/pages/password/gis-password-page.c:234","The passwords do not match.","Пароли не совпадают."
"gnome-initial-setup/pages/password/gis-password-page.c:420","Password","Пароль"
"gnome-initial-setup/pages/password/gis-password-page.ui:66","_Confirm","_Подтвердить"
"gnome-initial-setup/pages/password/pw-utils.c:81","The new password needs to be different from the old one.","Новый пароль должен отличаться от старого."
"gnome-initial-setup/pages/password/pw-utils.c:83","This password is very similar to your last one. Try changing some letters and numbers.","Пароль очень похож на предыдущий. Попробуйте изменить некоторые буквы и цифры."
"gnome-initial-setup/pages/password/pw-utils.c:85 gnome-initial-setup/pages/password/pw-utils.c:93","This password is very similar to your last one. Try changing the password a bit more.","Пароль очень похож на предыдущий. Попробуйте изменить пароль немного больше."
"gnome-initial-setup/pages/password/pw-utils.c:87","This is a weak password. A password without your user name would be stronger.","Слабый пароль. Пароль не содержащий имя пользователя будет надёжнее."
"gnome-initial-setup/pages/password/pw-utils.c:89","This is a weak password. Try to avoid using your name in the password.","Слабый пароль. Старайтесь избегать использования вашего имени в пароле."
"gnome-initial-setup/pages/password/pw-utils.c:91","This is a weak password. Try to avoid some of the words included in the password.","Слабый пароль. Старайтесь избегать слов из которых состоит пароль."
"gnome-initial-setup/pages/password/pw-utils.c:95","This is a weak password. Try to avoid common words.","Слабый пароль. Старайтесь избегать общих слов."
"gnome-initial-setup/pages/password/pw-utils.c:97","This is a weak password. Try to avoid reordering existing words.","Слабый пароль. Старайтесь избегать перестановки существующих слов."
"gnome-initial-setup/pages/password/pw-utils.c:99","This is a weak password. Try to use more numbers.","Слабый пароль. Попробуйте использовать больше цифр."
"gnome-initial-setup/pages/password/pw-utils.c:101","This is a weak password. Try to use more uppercase letters.","Слабый пароль. Попробуйте использовать больше заглавных букв."
"gnome-initial-setup/pages/password/pw-utils.c:103","This is a weak password. Try to use more lowercase letters.","Слабый пароль. Попробуйте использовать больше строчных букв."
"gnome-initial-setup/pages/password/pw-utils.c:105","This is a weak password. Try to use more special characters, like punctuation.","Слабый пароль. Попробуйте использовать больше специальных символов, например знаки препинания."
"gnome-initial-setup/pages/password/pw-utils.c:107","This is a weak password. Try to use a mixture of letters, numbers and punctuation.","Слабый пароль. Попробуйте использовать вперемешку буквы, цифры и знаки препинания."
"gnome-initial-setup/pages/password/pw-utils.c:109","This is a weak password. Try to avoid repeating the same character.","Слабый пароль. Старайтесь избегать повторения одного и того же символа."
"gnome-initial-setup/pages/password/pw-utils.c:111","This is a weak password. Try to avoid repeating the same type of character: you need to mix up letters, numbers and punctuation.","Слабый пароль. Старайтесь избегать повторения одного и того же символа: используйте вперемешку буквы, цифры и знаки препинания."
"gnome-initial-setup/pages/password/pw-utils.c:113","This is a weak password. Try to avoid sequences like 1234 or abcd.","Слабый пароль. Старайтесь избегать последовательностей, например 1234 или abcd."
"gnome-initial-setup/pages/password/pw-utils.c:115","This is a weak password. Try to add more letters, numbers and punctuation.","Слабый пароль. Попробуйте добавить больше букв, цифр и символов."
"gnome-initial-setup/pages/password/pw-utils.c:117","Mix uppercase and lowercase and try to use a number or two.","Смешайте заглавные и строчные буквы несколько раз."
"gnome-initial-setup/pages/password/pw-utils.c:119","Adding more letters, numbers and punctuation will make the password stronger.","Добавление большего количества букв, цифр и знаков препинания сделает пароль надёжнее."
"gnome-initial-setup/pages/privacy/gis-privacy-page.c:68","Sending reports of technical problems helps us to improve %s. Reports are sent anonymously and are scrubbed of personal data.","Отправка отчётов о технических неполадках поможет нам улучшить %s. Отчёты отправляются анонимно и не содержат персональных данных."
"gnome-initial-setup/pages/privacy/gis-privacy-page.c:78","Problem data will be collected by %s:","Проблемные данные будут собраны %s:"
"gnome-initial-setup/pages/privacy/gis-privacy-page.c:79 gnome-initial-setup/pages/privacy/gis-privacy-page.c:135 gnome-initial-setup/pages/privacy/gis-privacy-page.c:210","Privacy Policy","Политика конфиденциальности"
"gnome-initial-setup/pages/privacy/gis-privacy-page.c:135","Uses Mozilla Location Service:","Использует службы определения местоположения Mozilla:"
"gnome-initial-setup/pages/privacy/gis-privacy-page.c:246 gnome-initial-setup/pages/privacy/gis-privacy-page.ui:16","Privacy","Конфиденциальность"
"gnome-initial-setup/pages/privacy/gis-privacy-page.ui:31","Location Services","Службы определения местоположения"
"gnome-initial-setup/pages/privacy/gis-privacy-page.ui:52","Allows applications to determine your geographical location. An indication is shown when location services are in use.","Позволяют приложениям определять ваше географическое местоположение. Специальный индикатор будет уведомлять о включении служб."
"gnome-initial-setup/pages/privacy/gis-privacy-page.ui:74","Automatic Problem Reporting","Автоматические отчёты о проблемах"
"gnome-initial-setup/pages/privacy/gis-privacy-page.ui:110","Privacy controls can be changed at any time from the Settings application.","Настройки конфиденциальности можно изменять в любое время в приложении Параметры."
"gnome-initial-setup/pages/software/gis-software-page.c:113 gnome-initial-setup/pages/software/gis-software-page.ui:16","Third-Party Repositories","Сторонние репозитории"
"gnome-initial-setup/pages/software/gis-software-page.c:114","Third-party repositories provide access to additional software from selected external sources, including popular apps and drivers that are important for some devices. Some proprietary software is included.","Сторонние репозитории предоставляют доступ к дополнительному программному обеспечению из выбранных внешних источников, включая популярные приложения и драйверы, которые важны для некоторых устройств. В комплект входит некоторое проприетарное программное обеспечение."
"gnome-initial-setup/pages/software/gis-software-page.c:127","_Disable Third-Party Repositories","_Выключить сторонние репозитории"
"gnome-initial-setup/pages/software/gis-software-page.c:132","_Enable Third-Party Repositories","_Включить сторонние репозитории"
"gnome-initial-setup/pages/summary/gis-summary-page.c:233","_Start Using %s","_Начать работу с %s"
"gnome-initial-setup/pages/summary/gis-summary-page.c:240","%s is ready to be used. We hope that you love it!","%s готова к использованию. Надеемся, что вам понравится!"
"gnome-initial-setup/pages/summary/gis-summary-page.c:264","Setup Complete","Настройка закончена"
"gnome-initial-setup/pages/summary/gis-summary-page.ui:64","All done!","Всё готово!"
"gnome-initial-setup/pages/timezone/gis-location-entry.c:523 gnome-initial-setup/pages/timezone/gis-location-entry.c:551","%s, %s","%s, %s"
"gnome-initial-setup/pages/timezone/gis-location-entry.c:822","Loading…","Загрузка…"
"gnome-initial-setup/pages/timezone/gis-timezone-page.c:271","%s, %s","%s, %s"
"gnome-initial-setup/pages/timezone/gis-timezone-page.c:308","UTC%:::z","UTC%:::z"
"gnome-initial-setup/pages/timezone/gis-timezone-page.c:312","%l:%M %p","%l:%M %p"
"gnome-initial-setup/pages/timezone/gis-timezone-page.c:315","%R","%R"
"gnome-initial-setup/pages/timezone/gis-timezone-page.c:318","%s (%s)","%s (%s)"
"gnome-initial-setup/pages/timezone/gis-timezone-page.c:483 gnome-initial-setup/pages/timezone/gis-timezone-page.ui:17","Time Zone","Часовой пояс"
"gnome-initial-setup/pages/timezone/gis-timezone-page.ui:18","The time zone will be set automatically if your location can be found. You can also search for a city to set it yourself.","При определении вашего местоположения, часовой пояс установится автоматически. Также можно установить часовой пояс самостоятельно, указав город."
"gnome-initial-setup/pages/timezone/gis-timezone-page.ui:56","Please search for a nearby city","Найдите ближайший город"
"gnome-initial-setup/pages/welcome/gis-welcome-page.c:209","Welcome to %s !","Добро пожаловать в %s!"
"gnome-initial-setup/pages/welcome/gis-welcome-page.ui:5","Setup","Настройка"
"gnome-initial-setup/pages/welcome/gis-welcome-page.ui:43","Setup will guide you through making an account and enabling some features. We’ll have you up and running in no time.","Настройка проведёт вас от создания учётной записи до подключения некоторых возможностей. Мы поможем вам всё подготовить за мгновение."
"gnome-initial-setup/pages/welcome/gis-welcome-page.ui:54","_Start Setup","Начать _настройку"
