"location","source","target"
"","po header","Project-Id-Version: gnome-tour master
Report-Msgid-Bugs-To: https://gitlab.gnome.org/GNOME/gnome-tour/issues
POT-Creation-Date: 2022-05-20 11:01+0000
PO-Revision-Date: 2022-01-29 19:39+0300
Last-Translator: Aleksandr Melman <Alexmelman88@gmail.com>
Language-Team: Russian <Alexmelman88@gmail.com>
Language: ru
MIME-Version: 1.0
Content-Type: text/plain; charset=UTF-8
Content-Transfer-Encoding: 8bit
Plural-Forms: nplurals=3; plural=(n%10==1 && n%100!=11 ? 0 : n%10>=2 && n%10<=4 && (n%100<10 || n%100>=20) ? 1 : 2);
X-DL-Team: ru
X-DL-Module: gnome-tour
X-DL-Branch: master
X-DL-Domain: po
X-DL-State: Translated
X-Generator: Poedit 3.0
"
"data/org.gnome.Tour.desktop.in.in:3 data/org.gnome.Tour.metainfo.xml.in.in:7 src/main.rs:21","Tour","Экскурсия"
"data/org.gnome.Tour.desktop.in.in:4","Greeter & Tour","Приветствие и Экскурсия"
"data/org.gnome.Tour.desktop.in.in:9","Gnome;GTK;","Gnome;GTK;Гном;ГТК;"
"data/org.gnome.Tour.metainfo.xml.in.in:8","GNOME Tour and Greeter","GNOME Экскурсия и Приветствие"
"data/org.gnome.Tour.metainfo.xml.in.in:10","A guided tour and greeter for GNOME.","Управляемая экскурсия и приветсвие для GNOME."
"data/org.gnome.Tour.metainfo.xml.in.in:41","The GNOME Project","Проект GNOME"
"data/resources/ui/paginator.ui:27","Previous","Назад"
"data/resources/ui/paginator.ui:40","Next","Далее"
"data/resources/ui/paginator.ui:53","Start","Начать"
"data/resources/ui/window.ui:11","Start the Tour","Начать Экскурсию"
"data/resources/ui/window.ui:17","Get an Overview","Режим Обзора"
"data/resources/ui/window.ui:18","Press the Super key to see open windows and apps.","Нажмите клавишу Super, чтобы видеть открытые окна и приложения."
"data/resources/ui/window.ui:24","Just Type to Search","Просто введите слово для Поиска"
"data/resources/ui/window.ui:25","Type in the overview to search. Launch apps, find things.","Введите критерий поиска в режиме обзора. Запускайте приложения, находите нужные вещи."
"data/resources/ui/window.ui:31","Keep on Top with Workspaces","Продолжите работу с Рабочими пространствами"
"data/resources/ui/window.ui:32","Easily organize windows with the workspaces view.","Легко управляйте окнами с помощью вида рабочих пространств."
"data/resources/ui/window.ui:38","Up/Down for the Overview","Вверх/Вниз в режиме Обзора"
"data/resources/ui/window.ui:39","On a touchpad, use three-finger vertical swipes. Try it!","На сенсорной панели, используйте вертикальные движения тремя пальцами. Попробуйте!"
"data/resources/ui/window.ui:45","Left/Right for Workspaces","Влево/Вправо для Рабочих пространств"
"data/resources/ui/window.ui:46","On a touchpad, use three-finger horizontal swipes. Try it!","На сенсорной панели, используйте горизонтальные движения тремя пальцами. Попробуйте!"
"data/resources/ui/window.ui:52","That's it. Have a nice day!","Вот и все. Хорошего дня!"
"data/resources/ui/window.ui:53","To get more advice and tips, see the Help app.","Чтобы получить дополнительные советы и рекомендации, обратитесь к приложению Справка."
"src/widgets/window.rs:53","Learn about the key features in {name} {version}.","Узнайте о ключевых функциях в {name} {version}."
