"location","source","target"
"","po header","Project-Id-Version: gnome-games trunk
Report-Msgid-Bugs-To: https://gitlab.gnome.org/GNOME/gnome-mahjongg/issues
POT-Creation-Date: 2022-05-17 10:18+0000
PO-Revision-Date: 2022-03-17 14:19+0300
Last-Translator: Aleksandr Melman <Alexmelman88@gmail.com>
Language-Team: русский <gnome-cyr@gnome.org>
Language: ru
MIME-Version: 1.0
Content-Type: text/plain; charset=UTF-8
Content-Transfer-Encoding: 8bit
Plural-Forms: nplurals=3; plural=(n%10==1 && n%100!=11 ? 0 : n%10>=2 && n%10<=4 && (n%100<10 || n%100>=20) ? 1 : 2);
X-Generator: Poedit 3.0.1
"
"data/org.gnome.Mahjongg.appdata.xml.in:7","GNOME Mahjongg","Маджонг GNOME"
"data/org.gnome.Mahjongg.appdata.xml.in:8","Match tiles and clear the board","Очистите доску от костей, выбирая одинаковые"
"data/org.gnome.Mahjongg.appdata.xml.in:10","A solitaire version of the classic Eastern tile game. Tiles are stacked on the board at the start of the game. The goal is to remove all the tiles in as little time as possible. Select two matching tiles and they will disappear from the board, but you can only select a tile if there is an empty space to its left or right at the same level. Be careful: tiles that look alike may actually be slightly different.","Солитер классической азиатской игры. В начале игры кости расположены поверх друг друга на игровом столе. Цель игры — убрать все кости, затратив на это как можно меньше времени. Чтобы убрать кости, найдите и выделите две одинаковые, и они исчезнут с игрового стола. Можно выбирать только те кости, которые расположены на одном и том же уровне и у которых свободна левая или правая грань. Будьте внимательны: некоторые кости немного похожи друг на друга, но на самом деле являются разными."
"data/org.gnome.Mahjongg.appdata.xml.in:18","GNOME Mahjongg features a variety of starting layouts, some easy and some difficult. If you get stuck, you can ask for a hint, but this adds a large time penalty.","В маджонге GNOME используются различные расклады костей, некоторые расклады проще, некоторые сложнее. Если вы затрудняетесь сделать ход, то можете воспользоваться подсказкой, но в этом случае будет начислено штрафное время."
"data/org.gnome.Mahjongg.appdata.xml.in:41","The GNOME Project","The GNOME Project"
"data/org.gnome.Mahjongg.desktop.in:3 src/gnome-mahjongg.vala:363 src/gnome-mahjongg.vala:539","Mahjongg","Маджонг"
"data/org.gnome.Mahjongg.desktop.in:4","Disassemble a pile of tiles by removing matching pairs","Разберите большую кучу костей, убирая совпадающие пары"
"data/org.gnome.Mahjongg.desktop.in:6","game;strategy;puzzle;board;","game;strategy;puzzle;board;игра;стратегия;головоломка;настольная;"
"data/org.gnome.Mahjongg.gschema.xml:17","Width of the window in pixels","Ширина окна в пикселах"
"data/org.gnome.Mahjongg.gschema.xml:21","Height of the window in pixels","Высота окна в пикселах"
"data/org.gnome.Mahjongg.gschema.xml:25","true if the window is maximized","если выбрано, то окно имеет максимальный размер"
"data/translatable_game_names.h:6","Easy","Простой"
"data/translatable_game_names.h:7","The Ziggurat","Зиккурат"
"data/translatable_game_names.h:8","Four Bridges","Четыре моста"
"data/translatable_game_names.h:9","Cloud","Облако"
"data/translatable_game_names.h:10","Tic-Tac-Toe","Крестики-нолики"
"data/translatable_game_names.h:11","Red Dragon","Красный дракон"
"data/translatable_game_names.h:12","Overpass","Переход"
"data/translatable_game_names.h:13","Pyramid's Walls","Стены пирамиды"
"data/translatable_game_names.h:14","Confounding Cross","Смешанный крест"
"data/translatable_game_names.h:15","Difficult","Сложный"
"data/help-overlay.ui:12","Main functions","Основные функции"
"data/help-overlay.ui:19","Start a new game","Начать новую игру"
"data/help-overlay.ui:27","Pause the game","Приостановить игру"
"data/help-overlay.ui:35","Undo","Отменить"
"data/help-overlay.ui:43","Redo","Вернуть"
"data/help-overlay.ui:51","Show a hint","Показать подсказку"
"data/help-overlay.ui:59","Generic","Общее"
"data/help-overlay.ui:66","Toggle main menu","Переключить главное меню"
"data/help-overlay.ui:74","Show Keyboard Shortcuts","Показать комбинации клавиш"
"data/help-overlay.ui:82","Show Help","Показать справку"
"data/help-overlay.ui:90","Fullscreen","Во весь экран"
"data/help-overlay.ui:98","Quit","Выход"
"data/ui/preferences.ui:13","Theme","Тема"
"data/ui/preferences.ui:18","Layout","Расклад"
"data/ui/preferences.ui:23","Background color","Цвет фона"
"data/ui/score-dialog.ui:20","Layout: ","Расклад: "
"data/ui/window.ui:53 src/score-dialog.vala:44","New Game","Новая игра"
"data/ui/window.ui:57","Restart Game","Начать игру заново"
"data/ui/window.ui:61","Scores","Результаты"
"data/ui/window.ui:67","Preferences","Параметры"
"data/ui/window.ui:71","Keyboard Shortcuts","Комбинации клавиш"
"data/ui/window.ui:75","Help","Справка"
"data/ui/window.ui:79","About Mahjongg","О приложении Маджонг"
"src/game-view.vala:228","Paused","Пауза"
"src/gnome-mahjongg.vala:25","Print release version and exit","Показать номер версии и выйти"
"src/gnome-mahjongg.vala:155","Do you want to start a new game with this map?","Хотите начать новую игру с этой картой?"
"src/gnome-mahjongg.vala:156","If you continue playing the next game will use the new map.","Если вы продолжите играть, то следующая игра будет иметь новую карту."
"src/gnome-mahjongg.vala:157","_Continue playing","_Продолжить игру"
"src/gnome-mahjongg.vala:158","Use _new map","В_ыбрать карту"
"src/gnome-mahjongg.vala:209","There are no more moves.","Больше нет вариантов ходов."
"src/gnome-mahjongg.vala:210","Each puzzle has at least one solution.  You can undo your moves and try and find the solution, restart this game, or start a new one.","Каждая головоломка имеет по крайней мере одно решение. Вы можете отменить сделанные ходы и попытаться найти решение, перезапустить эту игру или начать новую."
"src/gnome-mahjongg.vala:212","You can also try to reshuffle the game, but this does not guarantee a solution.","Вы можете перемешать кости, но это не гарантирует решения головоломки."
"src/gnome-mahjongg.vala:213","_Undo","_Отменить"
"src/gnome-mahjongg.vala:214","_Restart","Начать _заново"
"src/gnome-mahjongg.vala:215","_New game","_Новая игра"
"src/gnome-mahjongg.vala:216","_Shuffle","_Перемешать"
"src/gnome-mahjongg.vala:328","Main game:","Основная игра:"
"src/gnome-mahjongg.vala:338","Maps:","Карты:"
"src/gnome-mahjongg.vala:346","Tiles:","Кости:"
"src/gnome-mahjongg.vala:366","A matching game played with Mahjongg tiles","Игра на поиск одинаковых костей Маджонг"
"src/gnome-mahjongg.vala:372","translator-credits","Stas Solovey <whats_up@tut.by>, 2015-2018
Ser82-png <sw@atrus.ru>, 2022"
"src/score-dialog.vala:43","_Quit","_Завершить"
"src/score-dialog.vala:47","OK","OK"
"src/score-dialog.vala:53","Date","Дата"
"src/score-dialog.vala:56","Time","Время"
"src/window.vala:24","Moves Left:","Осталось ходов:"
"src/window.vala:34","Unpause the game","Возобновить игру"
"src/window.vala:40","Pause the game","Приостановить игру"
