"location","source","target"
"","po header","Project-Id-Version: gnome-online-accounts master
Report-Msgid-Bugs-To: https://gitlab.gnome.org/GNOME/gnome-online-accounts/issues
POT-Creation-Date: 2022-06-25 10:48+0000
PO-Revision-Date: 2019-11-12 21:48+0300
Last-Translator: Stas Solovey <whats_up@tut.by>
Language-Team: Russian <gnome-cyr@gnome.org>
Language: ru
MIME-Version: 1.0
Content-Type: text/plain; charset=UTF-8
Content-Transfer-Encoding: 8bit
Plural-Forms: nplurals=3; plural=(n%10==1 && n%100!=11 ? 0 : n%10>=2 && n%10<=4 && (n%100<10 || n%100>=20) ? 1 : 2);
X-Generator: Poedit 2.2.4
"
"data/org.gnome.online-accounts.gschema.xml:6","List of providers that are allowed to be loaded","Список поставщиков, которые разрешены для загрузки"
"data/org.gnome.online-accounts.gschema.xml:7","A list of strings representing the providers that are allowed to be loaded (default: 'all'). This is only evaluated on startup.","Список строк, представляющих поставщиков, которые разрешено загружать (по умолчанию: «all» (все)). Это оценивается только при запуске."
"src/daemon/goadaemon.c:1141 src/daemon/goadaemon.c:1458","Failed to find a provider for: %s","Не удалось найти провайдер для: %s"
"src/daemon/goadaemon.c:1401","IsLocked property is set for account","Для учётной записи установлено свойство IsLocked"
"src/daemon/goadaemon.c:1446","ProviderType property is not set for account","Свойство ProviderType не установлено для учётной записи"
"src/goabackend/goaewsclient.c:283","Failed to parse autodiscover response XML","Не удалось разобрать ответ автообнаружения XML"
"src/goabackend/goaewsclient.c:294 src/goabackend/goaewsclient.c:309 src/goabackend/goaewsclient.c:324","Failed to find “%s” element","Не удалось найти элемент «%s»"
"src/goabackend/goaewsclient.c:345","Failed to find ASUrl and OABUrl in autodiscover response","Не удалось найти ASUrl и OABUrl в ответе автообнаружения"
"src/goabackend/goaexchangeprovider.c:51","Microsoft Exchange","Microsoft Exchange"
"src/goabackend/goaexchangeprovider.c:248 src/goabackend/goalastfmprovider.c:279 src/goabackend/goaowncloudprovider.c:290","Invalid password with username “%s” (%s, %d): ","Неверный пароль с именем пользователя «%s» (%s, %d): "
"src/goabackend/goaexchangeprovider.c:394 src/goabackend/goaimapsmtpprovider.c:647","_E-mail","_E-mail"
"src/goabackend/goaexchangeprovider.c:395 src/goabackend/goafedoraprovider.c:574 src/goabackend/goaimapsmtpprovider.c:667 src/goabackend/goaimapsmtpprovider.c:687 src/goabackend/goalastfmprovider.c:421 src/goabackend/goaowncloudprovider.c:519","_Password","_Пароль"
"src/goabackend/goaexchangeprovider.c:398","_Custom","П_ользовательский"
"src/goabackend/goaexchangeprovider.c:409 src/goabackend/goafedoraprovider.c:573 src/goabackend/goaimapsmtpprovider.c:666 src/goabackend/goaimapsmtpprovider.c:686 src/goabackend/goalastfmprovider.c:420 src/goabackend/goaowncloudprovider.c:518","User_name","И_мя пользователя"
"src/goabackend/goaexchangeprovider.c:410 src/goabackend/goaowncloudprovider.c:517","_Server","_Сервер"
"src/goabackend/goaexchangeprovider.c:420 src/goabackend/goafedoraprovider.c:581 src/goabackend/goaimapsmtpprovider.c:699 src/goabackend/goakerberosprovider.c:583 src/goabackend/goalastfmprovider.c:429 src/goabackend/goaowncloudprovider.c:533","_Cancel","_Отмена"
"src/goabackend/goaexchangeprovider.c:421 src/goabackend/goafedoraprovider.c:582 src/goabackend/goakerberosprovider.c:584 src/goabackend/goalastfmprovider.c:430 src/goabackend/goaowncloudprovider.c:534","C_onnect","_Подключиться"
"src/goabackend/goaexchangeprovider.c:437 src/goabackend/goafedoraprovider.c:597 src/goabackend/goaimapsmtpprovider.c:715 src/goabackend/goakerberosprovider.c:599 src/goabackend/goalastfmprovider.c:446 src/goabackend/goaowncloudprovider.c:549","Connecting…","Подключение…"
"src/goabackend/goaexchangeprovider.c:537 src/goabackend/goaexchangeprovider.c:731 src/goabackend/goafedoraprovider.c:746 src/goabackend/goaimapsmtpprovider.c:865 src/goabackend/goaimapsmtpprovider.c:900 src/goabackend/goaimapsmtpprovider.c:992 src/goabackend/goaimapsmtpprovider.c:1249 src/goabackend/goaimapsmtpprovider.c:1325 src/goabackend/goakerberosprovider.c:939 src/goabackend/goalastfmprovider.c:644 src/goabackend/goalastfmprovider.c:812 src/goabackend/goamediaserverprovider.c:412 src/goabackend/goaoauth2provider.c:1001 src/goabackend/goaowncloudprovider.c:671 src/goabackend/goaowncloudprovider.c:890","Dialog was dismissed","Диалог отклонён"
"src/goabackend/goaexchangeprovider.c:575 src/goabackend/goaexchangeprovider.c:759 src/goabackend/goafedoraprovider.c:792 src/goabackend/goaimapsmtpprovider.c:933 src/goabackend/goaimapsmtpprovider.c:1030 src/goabackend/goaimapsmtpprovider.c:1276 src/goabackend/goaimapsmtpprovider.c:1353 src/goabackend/goalastfmprovider.c:678 src/goabackend/goalastfmprovider.c:831 src/goabackend/goaowncloudprovider.c:716 src/goabackend/goaowncloudprovider.c:917","Dialog was dismissed (%s, %d): ","Диалог отклонён (%s, %d): "
"src/goabackend/goaexchangeprovider.c:588 src/goabackend/goaimapsmtpprovider.c:946 src/goabackend/goaimapsmtpprovider.c:1043 src/goabackend/goaowncloudprovider.c:729","_Ignore","_Игнорировать"
"src/goabackend/goaexchangeprovider.c:593 src/goabackend/goaexchangeprovider.c:778 src/goabackend/goafedoraprovider.c:803 src/goabackend/goaimapsmtpprovider.c:951 src/goabackend/goaimapsmtpprovider.c:1048 src/goabackend/goaimapsmtpprovider.c:1295 src/goabackend/goaimapsmtpprovider.c:1372 src/goabackend/goakerberosprovider.c:1032 src/goabackend/goalastfmprovider.c:690 src/goabackend/goalastfmprovider.c:848 src/goabackend/goaowncloudprovider.c:734 src/goabackend/goaowncloudprovider.c:936","_Try Again","Поп_робовать снова"
"src/goabackend/goaexchangeprovider.c:598 src/goabackend/goaexchangeprovider.c:771","Error connecting to Microsoft Exchange server","Ошибка подключения к серверу Microsoft Exchange"
"src/goabackend/goafedoraprovider.c:94","Fedora","Fedora"
"src/goabackend/goafedoraprovider.c:208 src/goabackend/goakerberosprovider.c:240","Ticketing is disabled for account","Выдача билетов отключена для этой учётной записи"
"src/goabackend/goafedoraprovider.c:233 src/goabackend/goakerberosprovider.c:265","Could not find saved credentials for principal “%s” in keyring","Не удалось найти в связке ключей сохранённые учётные данные для администратора доступа «%s»"
"src/goabackend/goafedoraprovider.c:246 src/goabackend/goakerberosprovider.c:278","Did not find password for principal “%s” in credentials","Не удалось найти в учётных данных пароль для администратора доступа «%s»"
"src/goabackend/goafedoraprovider.c:805","Error connecting to Fedora","Ошибка подключения к Fedora"
"src/goabackend/goafedoraprovider.c:1198 src/goabackend/goakerberosprovider.c:1366","Identity service returned invalid key","Служба идентификации вернула неверный ключ"
"src/goabackend/goagoogleprovider.c:56","Google","Google"
"src/goabackend/goagoogleprovider.c:183 src/goabackend/goawindowsliveprovider.c:157","Expected status 200 when requesting your identity, instead got status %d (%s)","При запросе идентификации ожидалось получить код состояния 200, но был получен код %d (%s)"
"src/goabackend/goagoogleprovider.c:202 src/goabackend/goagoogleprovider.c:213 src/goabackend/goalastfmprovider.c:204 src/goabackend/goalastfmprovider.c:213 src/goabackend/goalastfmprovider.c:222 src/goabackend/goalastfmprovider.c:230 src/goabackend/goalastfmprovider.c:236 src/goabackend/goalastfmprovider.c:504 src/goabackend/goalastfmprovider.c:513 src/goabackend/goalastfmprovider.c:530 src/goabackend/goalastfmprovider.c:536 src/goabackend/goaoauth2provider.c:660 src/goabackend/goaoauth2provider.c:690 src/goabackend/goaoauth2provider.c:701 src/goabackend/goautils.c:296 src/goabackend/goawindowsliveprovider.c:176 src/goabackend/goawindowsliveprovider.c:187 src/goabackend/goawindowsliveprovider.c:196 src/goabackend/goawindowsliveprovider.c:209","Could not parse response","Не удалось разобрать ответ"
"src/goabackend/goaimapauthlogin.c:84 src/goabackend/goasmtpauth.c:149","Service not available","Служба недоступна"
"src/goabackend/goaimapauthlogin.c:104 src/goabackend/goalastfmprovider.c:521 src/goabackend/goasmtpauth.c:102 src/goabackend/goautils.c:857","Authentication failed","Сбой аутентификации"
"src/goabackend/goaimapauthlogin.c:129","Server does not support PLAIN","Сервер не поддерживает аутентификацию PLAIN"
"src/goabackend/goaimapauthlogin.c:181 src/goabackend/goasmtpauth.c:600","Server does not support STARTTLS","Сервер не поддерживает STARTTLS"
"src/goabackend/goaimapsmtpprovider.c:53","IMAP and SMTP","IMAP и SMTP"
"src/goabackend/goaimapsmtpprovider.c:327 src/goabackend/goaimapsmtpprovider.c:378","Invalid %s with username “%s” (%s, %d): ","Неверное поле %s с именем пользователя «%s» (%s, %d): "
"src/goabackend/goaimapsmtpprovider.c:564","_Encryption","_Шифрование"
"src/goabackend/goaimapsmtpprovider.c:567","None","Нет"
"src/goabackend/goaimapsmtpprovider.c:570","STARTTLS after connecting","STARTTLS после подключения"
"src/goabackend/goaimapsmtpprovider.c:573","SSL on a dedicated port","Порт для SSL"
"src/goabackend/goaimapsmtpprovider.c:648","_Name","_Имя"
"src/goabackend/goaimapsmtpprovider.c:665","IMAP _Server","Сервер _IMAP"
"src/goabackend/goaimapsmtpprovider.c:685","SMTP _Server","Сервер _SMTP"
"src/goabackend/goaimapsmtpprovider.c:700 src/goabackend/goaimapsmtpprovider.c:972 src/goabackend/goaimapsmtpprovider.c:1305","_Forward","_Далее"
"src/goabackend/goaimapsmtpprovider.c:956 src/goabackend/goaimapsmtpprovider.c:1288","Error connecting to IMAP server","Ошибка подключения к серверу IMAP"
"src/goabackend/goaimapsmtpprovider.c:1053 src/goabackend/goaimapsmtpprovider.c:1365","Error connecting to SMTP server","Ошибка подключения к серверу SMTP"
"src/goabackend/goaimapsmtpprovider.c:1476","E-mail","E-mail"
"src/goabackend/goaimapsmtpprovider.c:1480","Name","Имя"
"src/goabackend/goaimapsmtpprovider.c:1490 src/goabackend/goaimapsmtpprovider.c:1494","IMAP","IMAP"
"src/goabackend/goaimapsmtpprovider.c:1505 src/goabackend/goaimapsmtpprovider.c:1509","SMTP","SMTP"
"src/goabackend/goakerberosprovider.c:92","Enterprise Login (Kerberos)","Вход в систему (Kerberos)"
"src/goabackend/goakerberosprovider.c:578","_Principal","_Основной"
"src/goabackend/goakerberosprovider.c:793","Operation was cancelled","Операция была отменена"
"src/goabackend/goakerberosprovider.c:837 src/goaidentity/goaidentityservice.c:1265","Log In to Realm","Войти в область"
"src/goabackend/goakerberosprovider.c:838","Please enter your password below.","Введите ниже ваш пароль."
"src/goabackend/goakerberosprovider.c:839","Remember this password","Запомнить пароль"
"src/goabackend/goakerberosprovider.c:1027","Error connecting to enterprise identity server","Ошибка подключения к корпоративному серверу идентификации"
"src/goabackend/goalastfmprovider.c:57","Last.fm","Last.fm"
"src/goabackend/goalastfmprovider.c:692 src/goabackend/goalastfmprovider.c:842","Error connecting to Last.fm","Ошибка подключения к Last.fm"
"src/goabackend/goamediaserverprovider.c:55","Media Server","Медиасервер"
"src/goabackend/goamediaserverprovider.c:308","Personal content can be added to your applications through a media server account.","Личный контент можно добавить в ваши приложения через учётную запись на медиасервере."
"src/goabackend/goamediaserverprovider.c:321","Available Media Servers","Доступные медиасерверы"
"src/goabackend/goamediaserverprovider.c:352","No media servers found","Медиасерверы не найдены"
"src/goabackend/goaoauth2provider.c:636","Expected status 200 when requesting access token, instead got status %d (%s)","При запросе маркера доступа ожидалось получить код состояния 200, но был получен код %d (%s)"
"src/goabackend/goaoauth2provider.c:818","Authorization response: ","Ответ на авторизацию: "
"src/goabackend/goaoauth2provider.c:888","Authorization response: %s","Ответ на авторизацию: %s"
"src/goabackend/goaoauth2provider.c:1027","Error getting an Access Token: ","Ошибка при получении маркера доступа: "
"src/goabackend/goaoauth2provider.c:1042","Error getting identity: ","Ошибка получения идентификатора: "
"src/goabackend/goaoauth2provider.c:1236","Was asked to log in as %s, but logged in as %s","Вход запрошен от имени %s, но осуществлён от имени %s"
"src/goabackend/goaoauth2provider.c:1388","Credentials do not contain access_token","Учётные данные не содержат access_token"
"src/goabackend/goaoauth2provider.c:1427","Failed to refresh access token (%s, %d): ","Сбой при обновлении маркера доступа (%s, %d): "
"src/goabackend/goaowncloudprovider.c:58","Nextcloud","Nextcloud"
"src/goabackend/goaowncloudprovider.c:739 src/goabackend/goaowncloudprovider.c:929","Error connecting to Nextcloud server","Ошибка подключения к серверу Nextcloud"
"src/goabackend/goaprovider.c:109","_Mail","_Почта"
"src/goabackend/goaprovider.c:114","Cale_ndar","_Календарь"
"src/goabackend/goaprovider.c:119","_Contacts","Ко_нтакты"
"src/goabackend/goaprovider.c:124","C_hat","_Чат"
"src/goabackend/goaprovider.c:129","_Documents","_Документы"
"src/goabackend/goaprovider.c:134","M_usic","_Музыка"
"src/goabackend/goaprovider.c:139","_Photos","_Фотоснимки"
"src/goabackend/goaprovider.c:144","_Files","_Файлы"
"src/goabackend/goaprovider.c:149","Network _Resources","_Сетевые ресурсы"
"src/goabackend/goaprovider.c:154","_Read Later","_Прочитать позже"
"src/goabackend/goaprovider.c:159","Prin_ters","_Принтеры"
"src/goabackend/goaprovider.c:164","_Maps","_Карты"
"src/goabackend/goaprovider.c:169","T_o Do","T_o Do"
"src/goabackend/goaprovider.c:567","Use for","Использовать для"
"src/goabackend/goaprovider.c:822","Account is disabled","Учётная запись отключена"
"src/goabackend/goaprovider.c:835","Unknown error","Неизвестная ошибка"
"src/goabackend/goaprovider.c:854","ensure_credentials_sync is not implemented on type %s","ensure_credentials_sync не реализован в типе %s"
"src/goabackend/goasmtpauth.c:164","TLS not available","TLS недоступен"
"src/goabackend/goasmtpauth.c:470","Unknown authentication mechanism","Неизвестный механизм аутентификации"
"src/goabackend/goautils.c:92","Error logging into the account","Ошибка при входе в учётную запись"
"src/goabackend/goautils.c:136","Credentials have expired","Истёк срок действия полномочий"
"src/goabackend/goautils.c:140","Sign in to enable this account.","Войдите, чтобы включить эту учётную запись."
"src/goabackend/goautils.c:144","_Sign In","_Войти"
"src/goabackend/goautils.c:240","A %s account already exists for %s","Учётная запись %s уже существует для %s"
"src/goabackend/goautils.c:316","%s Account","Учётная запись %s"
"src/goabackend/goautils.c:370","Failed to delete credentials from the keyring","Не удалось удалить учётные данные из связки ключей"
"src/goabackend/goautils.c:418","Failed to retrieve credentials from the keyring","Не удалось получить учётные данные из связки ключей"
"src/goabackend/goautils.c:428","No credentials found in the keyring","Не удалось найти учётные данные в связке ключей"
"src/goabackend/goautils.c:441","Error parsing result obtained from the keyring: ","Ошибка при разборе результатов, полученных из связки ключей: "
"src/goabackend/goautils.c:482","GOA %s credentials for identity %s","Учётные данные GOA %s для идентификатора %s"
"src/goabackend/goautils.c:499","Failed to store credentials in the keyring","Не удалось сохранить учётные данные в связке ключей"
"src/goabackend/goautils.c:851","Cannot find WebDAV endpoint","Не удалось найти конечную точку WebDAV"
"src/goabackend/goautils.c:862","Code: %u — Unexpected response from server","Код: %u — неожиданный ответ от сервера"
"src/goabackend/goautils.c:879","The signing certificate authority is not known.","Неизвестный центр сертификации."
"src/goabackend/goautils.c:883","The certificate does not match the expected identity of the site that it was retrieved from.","Сертификат, полученный с сайта, не соответствует подлинности сайта."
"src/goabackend/goautils.c:888","The certificate’s activation time is still in the future.","Время активации сертификата ещё не наступило."
"src/goabackend/goautils.c:892","The certificate has expired.","Сертификат устарел."
"src/goabackend/goautils.c:896","The certificate has been revoked.","Сертификат был отозван."
"src/goabackend/goautils.c:900","The certificate’s algorithm is considered insecure.","Небезопасный алгоритм сертификата."
"src/goabackend/goautils.c:906","Invalid certificate.","Неверный сертификат."
"src/goabackend/goautils.c:941","Did not find %s with identity “%s” in credentials","Не удалось найти поле %s с именем пользователя «%s» в учётных данных"
"src/goabackend/goawebview.c:88","Loading “%s”…","Загрузка «%s»…"
"src/goabackend/goawindowsliveprovider.c:56","Microsoft","Microsoft"
"src/goaidentity/goaidentityservice.c:564","Initial secret key is invalid","Неверный исходный секретный ключ"
"src/goaidentity/goaidentityservice.c:786 src/goaidentity/goaidentityservice.c:890","Couldn't get GoaObject for object path %s","Не удалось получить GoaObject для пути объекта %s"
"src/goaidentity/goaidentityservice.c:1270","The network realm %s needs some information to sign you in.","Для входа в сетевую область %s требуется некоторая информация."
"src/goaidentity/goakerberosidentity.c:271 src/goaidentity/goakerberosidentity.c:279 src/goaidentity/goakerberosidentity.c:666","Could not find identity in credential cache: ","Не удалось найти идентификатор в кэше учётных данных: "
"src/goaidentity/goakerberosidentity.c:678","Could not find identity credentials in cache: ","Не удалось найти идентификаторы учётных данных в кэше: "
"src/goaidentity/goakerberosidentity.c:721","Could not sift through identity credentials in cache: ","Не удалось просмотреть идентификационные учётные данные в кэше: "
"src/goaidentity/goakerberosidentity.c:735","Could not finish up sifting through identity credentials in cache: ","Не удалось завершить просмотр идентификационных учётных данных в кэше: "
"src/goaidentity/goakerberosidentity.c:1019","No associated identification found","Связанные идентификаторы не найдены"
"src/goaidentity/goakerberosidentity.c:1100","Could not create credential cache: ","Не удалось создать кэш учётных данных: "
"src/goaidentity/goakerberosidentity.c:1132","Could not initialize credentials cache: ","Не удалось инициализировать кэш учётных данных: "
"src/goaidentity/goakerberosidentity.c:1145","Could not store new credentials in credentials cache: ","Не удалось сохранить учётные данные в кэше: "
"src/goaidentity/goakerberosidentity.c:1433","Could not renew identity: Not signed in","Не удалось обновить идентификатор: не выполнен вход"
"src/goaidentity/goakerberosidentity.c:1443","Could not renew identity: ","Не удалось обновить идентификатор: "
"src/goaidentity/goakerberosidentity.c:1456","Could not get new credentials to renew identity %s: ","Не удалось получить новые учётные данные для обновления идентификатора %s: "
"src/goaidentity/goakerberosidentity.c:1497","Could not erase identity: ","Не удалось стереть идентификатор: "
"src/goaidentity/goakerberosidentitymanager.c:816","Could not find identity","Не удалось найти идентификатор"
"src/goaidentity/goakerberosidentitymanager.c:897","Could not create credential cache for identity","Не удалось создать кэш учётных данных для идентификатора"
