"location","source","target"
"","po header","Project-Id-Version: gnome-utils trunk
Report-Msgid-Bugs-To: https://gitlab.gnome.org/GNOME/gnome-dictionary/issues
POT-Creation-Date: 2022-05-20 21:31+0000
PO-Revision-Date: 2021-06-29 08:41+0300
Last-Translator: Alexey Rubtsov <rushills@gmail.com>
Language-Team: Русский <gnome-cyr@gnome.org>
Language: ru
MIME-Version: 1.0
Content-Type: text/plain; charset=UTF-8
Content-Transfer-Encoding: 8bit
Plural-Forms: nplurals=3; plural=(n%10==1 && n%100!=11 ? 0 : n%10>=2 && n%10<=4 && (n%100<10 || n%100>=20) ? 1 : 2);
10<=4 && (n%100<10 || n%100>=20) ? 1: 2)
X-Generator: Poedit 3.0
"
"data/appdata/org.gnome.Dictionary.appdata.xml.in.in:6","GNOME Dictionary","Словарь GNOME"
"data/appdata/org.gnome.Dictionary.appdata.xml.in.in:7 data/org.gnome.Dictionary.desktop.in.in:4","Check word definitions and spellings in an online dictionary","Проверить определение и правописание слова в онлайн-словаре"
"data/appdata/org.gnome.Dictionary.appdata.xml.in.in:9","GNOME Dictionary is a simple dictionary application that looks up definitions of words online. Though it looks up English definitions by default, you can easily switch to Spanish or add other online dictionaries using the DICT protocol to suit your needs.","Словарь GNOME — это простое приложение, которое ищет определения слов в сети. Хотя по умолчанию ищутся английские определения, вы легко можете переключиться на русский язык или добавить другие онлайн-словари, используя протокол DICT."
"data/appdata/org.gnome.Dictionary.appdata.xml.in.in:33","The GNOME Project","Проект GNOME"
"data/default.desktop.in:5","Default Dictionary Server","Сервер словаря по умолчанию"
"data/org.gnome.Dictionary.desktop.in.in:3 src/gdict-about.c:62 src/gdict-app.c:369 src/gdict-window.c:495 src/gdict-window.c:1511","Dictionary","Словарь"
"data/org.gnome.Dictionary.desktop.in.in:6","word;synonym;definition;spelling;","слово;синоним;определение;правописание;"
"data/org.gnome.dictionary.gschema.xml:6","The default database to use","Используемая по умолчанию база данных"
"data/org.gnome.dictionary.gschema.xml:7","The name of the default individual database or meta-database to use on a dictionary source. An exclamation mark (“!”) means that all the databases present in a dictionary source should be searched","Название индивидуальной или мета-базы данных по умолчанию, которую следует использовать в источнике словарей. Восклицательный знак («!») означает, что надо искать во всех базах данных, представленных в источнике словарей"
"data/org.gnome.dictionary.gschema.xml:11","The default search strategy to use","Используемая стратегия поиска по умолчанию"
"data/org.gnome.dictionary.gschema.xml:12","The name of the default search strategy to use on a dictionary source, if available. The default strategy is “exact”, that is match exact words.","Название стратегии поиска, используемой по умолчанию в источнике словарей, если она доступна. Стратегия по умолчанию — «exact», что означает поиск в точности совпадающих слов."
"data/org.gnome.dictionary.gschema.xml:16","The font to be used when printing","Шрифт, используемый для печати"
"data/org.gnome.dictionary.gschema.xml:17","The font to be used when printing a definition.","Шрифт, который используется при печати определения."
"data/org.gnome.dictionary.gschema.xml:21","The name of the dictionary source used","Название используемого источника словарей"
"data/org.gnome.dictionary.gschema.xml:22","The name of the dictionary source used to retrieve the definitions of words.","Название источника словарей, используемого для получения определений слов."
"data/thai.desktop.in:4","Thai","Thai"
"data/thai.desktop.in:5","Longdo Thai-English Dictionaries","Тайско-английские словари Longdo"
"src/gdict-about.c:52","translator-credits","Yuri Myasoedov <ymyasoedov@yandex.ru>, 2015.
Stas Solovey <whats_up@tut.by>, 2015-2019."
"src/gdict-about.c:54","Look up words in dictionaries","Поиск слова в словарях"
"src/gdict-about.c:61","Dictionary (development build)","Словарь (релиз для разработчиков)"
"src/gdict-app-menus.ui:5","_New Window","_Создать окно"
"src/gdict-app-menus.ui:12","_Save a Copy…","_Сохранить копию…"
"src/gdict-app-menus.ui:18","P_review","П_редварительный просмотр"
"src/gdict-app-menus.ui:23","_Print","_Печать"
"src/gdict-app-menus.ui:30","_Find","_Найти"
"src/gdict-app-menus.ui:37","_View","_Вид"
"src/gdict-app-menus.ui:40","_Sidebar","_Боковая панель"
"src/gdict-app-menus.ui:47","Similar _Words","По_хожие слова"
"src/gdict-app-menus.ui:52","Dictionary Sources","Источники словарей"
"src/gdict-app-menus.ui:57","Available St_rategies","Доступные с_тратегии"
"src/gdict-app-menus.ui:64","_Go","_Переход"
"src/gdict-app-menus.ui:67","_Previous Definition","П_редыдущее определение"
"src/gdict-app-menus.ui:72","_Next Definition","_Следующее определение"
"src/gdict-app-menus.ui:79","_First Definition","П_ервое определение"
"src/gdict-app-menus.ui:84","_Last Definition","_Последнее определение"
"src/gdict-app-menus.ui:93","Pr_eferences","П_араметры"
"src/gdict-app-menus.ui:97","_Keyboard Shortcuts","_Комбинации клавиш"
"src/gdict-app-menus.ui:101 src/gdict-source-dialog.c:666","_Help","Спра_вка"
"src/gdict-app-menus.ui:106","_About Dictionary","_О приложении"
"src/gdict-app.c:45 src/gdict-app.c:74","Words to look up","Слова для поиска"
"src/gdict-app.c:45 src/gdict-app.c:51","WORD","СЛОВО"
"src/gdict-app.c:51","Words to match","Слова для поиска"
"src/gdict-app.c:57","Dictionary source to use","Используемый источник словарей"
"src/gdict-app.c:57 src/gdict-app.c:63 src/gdict-app.c:69","NAME","НАЗВАНИЕ"
"src/gdict-app.c:63","Database to use","Используемая база данных"
"src/gdict-app.c:69","Strategy to use","Используемая стратегия поиска"
"src/gdict-app.c:74","WORDS","СЛОВА"
"src/gdict-app.c:106","Dictionary Preferences","Параметры словаря"
"src/gdict-app.c:137 src/gdict-source-dialog.c:463","There was an error while displaying help","При просмотре справки произошла ошибка"
"src/gdict-client-context.c:773","No connection to the dictionary server at “%s:%d”","Нет соединения с сервером словарей «%s:%d»"
"src/gdict-client-context.c:1056","Lookup failed for hostname “%s”: no suitable resources found","Не удалось найти узел по имени «%s»: подходящие ресурсы не обнаружены"
"src/gdict-client-context.c:1087","Lookup failed for host “%s”: %s","Не удалось найти узел «%s»: %s"
"src/gdict-client-context.c:1121","Lookup failed for host “%s”: host not found","Не удалось найти узел «%s»: узел не найден"
"src/gdict-client-context.c:1173","Unable to connect to the dictionary server at “%s:%d”. The server replied with code %d (server down)","Не удалось соединиться с сервером словарей «%s:%d». Сервер ответил кодом %d (сервер недоступен)"
"src/gdict-client-context.c:1192","Unable to parse the dictionary server reply
: “%s”","Не удалось разобрать ответ сервера словарей
: «%s»"
"src/gdict-client-context.c:1221","No definitions found for “%s”","Не найдено определений для «%s»"
"src/gdict-client-context.c:1236","Invalid database “%s”","Недопустимая база данных «%s»"
"src/gdict-client-context.c:1251","Invalid strategy “%s”","Недопустимая стратегия «%s»"
"src/gdict-client-context.c:1266","Bad command “%s”","Недопустимая команда «%s»"
"src/gdict-client-context.c:1281","Bad parameters for command “%s”","Недопустимые параметры для команды «%s»"
"src/gdict-client-context.c:1296","No databases found on dictionary server at “%s”","Не найдено баз данных на сервере словарей «%s»"
"src/gdict-client-context.c:1311","No strategies found on dictionary server at “%s”","Не найдено стратегий на сервере словарей «%s»"
"src/gdict-client-context.c:1743","Connection failed to the dictionary server at %s:%d","Не удалось соединиться с сервером словарей %s:%d"
"src/gdict-client-context.c:1782","Error while reading reply from server:
%s","Произошла ошибка при чтении ответа от сервера:
%s"
"src/gdict-client-context.c:1855","Connection timeout for the dictionary server at “%s:%d”","Истекло время ожидания соединения с сервером словарей «%s:%d»"
"src/gdict-client-context.c:1889","No hostname defined for the dictionary server","Не указан узел для сервера словарей"
"src/gdict-client-context.c:1925 src/gdict-client-context.c:1940","Unable to create socket","Не удалось создать сокет"
"src/gdict-client-context.c:1966","Unable to set the channel as non-blocking: %s","Не удалось установить канал как неблокирующий: %s"
"src/gdict-client-context.c:1981","Unable to connect to the dictionary server at “%s:%d”","Не удалось соединиться с сервером словарей «%s:%d»"
"src/gdict-database-chooser.c:372","Reload the list of available databases","Перезагрузить список доступных баз данных"
"src/gdict-database-chooser.c:384","Clear the list of available databases","Очистить список доступных баз данных"
"src/gdict-database-chooser.c:836 src/gdict-speller.c:766 src/gdict-strategy-chooser.c:773","Error while matching","Произошла ошибка при поиске совпадений"
"src/gdict-defbox.c:2388","Error while looking up definition","Произошла ошибка при поиске определения"
"src/gdict-defbox.c:2430 src/gdict-speller.c:724","Another search is in progress","Сейчас идёт другой поиск"
"src/gdict-defbox.c:2431 src/gdict-speller.c:725","Please wait until the current search ends.","Подождите, пока закончится текущий поиск."
"src/gdict-defbox.c:2470","Error while retrieving the definition","Произошла ошибка при получении определения"
"src/gdict-help-overlay.ui:13","General","Основные"
"src/gdict-help-overlay.ui:18","Show help","Показать справку"
"src/gdict-help-overlay.ui:24","Show keyboard shortcuts","Показать комбинации клавиш"
"src/gdict-help-overlay.ui:32","Open a new window","Открыть новое окно"
"src/gdict-help-overlay.ui:39","Close current window","Закрыть текущее окно"
"src/gdict-help-overlay.ui:45","Quit","Завершить"
"src/gdict-help-overlay.ui:53","Preferences","Параметры"
"src/gdict-help-overlay.ui:60","View sidebar","Просмотр боковой панели"
"src/gdict-help-overlay.ui:68","Dictionary definitions","Словарные определения"
"src/gdict-help-overlay.ui:73","Similar words","Похожие слова"
"src/gdict-help-overlay.ui:80","Dictionary sources","Источники словарей"
"src/gdict-help-overlay.ui:87","Available strategies","Доступные стратегии"
"src/gdict-help-overlay.ui:95","Navigate within a definition","Навигация внутри определения"
"src/gdict-help-overlay.ui:100","Previous definition","Предыдущее определение"
"src/gdict-help-overlay.ui:107","Next definition","Следующее определение"
"src/gdict-help-overlay.ui:114","First definition","Первое определение"
"src/gdict-help-overlay.ui:121","Last definition","Последнее определение"
"src/gdict-help-overlay.ui:129","Others","Другие"
"src/gdict-help-overlay.ui:134","Search within a definition","Поиск внутри определения"
"src/gdict-help-overlay.ui:141","Find in text","Найти"
"src/gdict-help-overlay.ui:148","Save as copy","Сохранить копию"
"src/gdict-help-overlay.ui:155","Print preview","Предварительный просмотр печати"
"src/gdict-help-overlay.ui:162","Print","Напечатать"
"src/gdict-pref-dialog.c:260","View Dictionary Source","Просмотр источника словаря"
"src/gdict-pref-dialog.c:326","Add Dictionary Source","Добавить источник словарей"
"src/gdict-pref-dialog.c:370","Remove “%s”?","Удалить «%s»?"
"src/gdict-pref-dialog.c:372","This will permanently remove the dictionary source from the list.","Источник словарей будет навсегда удалён из списка."
"src/gdict-pref-dialog.c:375 src/gdict-source-dialog.c:575 src/gdict-window.c:819","_Cancel","_Отмена"
"src/gdict-pref-dialog.c:376","_Remove","_Удалить"
"src/gdict-pref-dialog.c:394","Unable to remove source “%s”","Не удалось удалить источник «%s»"
"src/gdict-pref-dialog.c:441","Edit Dictionary Source","Изменить источник словарей"
"src/gdict-pref-dialog.ui:34","_Select a dictionary source for looking up words:","_Выберите источник словарей для поиска слов:"
"src/gdict-pref-dialog.ui:96","Add a new dictionary source","Добавить новый источник словарей"
"src/gdict-pref-dialog.ui:116","Remove the currently selected dictionary source","Удалить выделенный источник словарей"
"src/gdict-pref-dialog.ui:136","Edit","Правка"
"src/gdict-pref-dialog.ui:137","Edit the currently selected dictionary source","Изменить выбранный источник словарей"
"src/gdict-pref-dialog.ui:157 src/gdict-source-dialog.ui:171","Source","Источник"
"src/gdict-pref-dialog.ui:187","_Print font:","_Шрифт печати:"
"src/gdict-pref-dialog.ui:216","Set the font used for printing the definitions","Установить шрифт для печати определений"
"src/gdict-pref-dialog.ui:241","Print","Печать"
"src/gdict-print.c:235 src/gdict-print.c:299","Unable to display the preview: %s","Не удалось задействовать предварительный просмотр: %s"
"src/gdict-source-chooser.c:278","Reload the list of available sources","Перезагрузить список доступных источников"
"src/gdict-source-dialog.c:314 src/gdict-source-dialog.c:408","Unable to create a source file","Не удалось создать файл источника"
"src/gdict-source-dialog.c:336 src/gdict-source-dialog.c:428","Unable to save source file","Не удалось сохранить файл источника"
"src/gdict-source-dialog.c:571 src/gdict-source-dialog.c:585","_Close","_Закрыть"
"src/gdict-source-dialog.c:576","_Add","_Добавить"
"src/gdict-source-dialog.c:584","C_ancel","О_тмена"
"src/gdict-source-dialog.ui:58","_Description","_Описание"
"src/gdict-source-dialog.ui:73","_Port","_Порт"
"src/gdict-source-dialog.ui:87","_Hostname","_Узел"
"src/gdict-source-dialog.ui:101","_Transport","_Транспорт"
"src/gdict-source-dialog.ui:115","2628","2628"
"src/gdict-source-dialog.ui:127","dict.org","dict.org"
"src/gdict-source-dialog.ui:139","Source Name","Название источника"
"src/gdict-source-dialog.ui:198","Dictionaries","Словари"
"src/gdict-source-dialog.ui:223","Strategies","Стратегии"
"src/gdict-source.c:414","Invalid transport type “%d”","Недопустимый тип транспорта «%d»"
"src/gdict-source.c:442","No “%s” group found inside the dictionary source definition","Группа «%s» не найдена внутри определения источника словарей"
"src/gdict-source.c:458 src/gdict-source.c:491 src/gdict-source.c:515 src/gdict-source.c:540","Unable to get the “%s” key inside the dictionary source definition: %s","Не удалось получить ключ «%s» внутри определения источника словарей: %s"
"src/gdict-source.c:565","Unable to get the “%s” key inside the dictionary source definition file: %s","Не удалось получить ключ «%s» внутри файла определения источника словарей: %s"
"src/gdict-source.c:759","Dictionary source does not have name","У источника словарей отсутствует имя"
"src/gdict-source.c:768","Dictionary source “%s” has invalid transport “%s”","Источник словарей «%s» имеет недопустимый транспорт «%s»"
"src/gdict-speller.c:340","Clear the list of similar words","Очистить список похожих слов"
"src/gdict-strategy-chooser.c:348","Reload the list of available strategies","Перезагрузить список доступных стратегий"
"src/gdict-strategy-chooser.c:359","Clear the list of available strategies","Очистить список доступных стратегий"
"src/gdict-window.c:410","No dictionary source available with name “%s”","Нет доступных источников словарей с именем «%s»"
"src/gdict-window.c:414","Unable to find dictionary source","Не удалось найти источник словарей"
"src/gdict-window.c:430","No context available for source “%s”","Нет доступного контекста для источника «%s»"
"src/gdict-window.c:434","Unable to create a context","Не удалось создать контекст"
"src/gdict-window.c:493","%s — Dictionary","%s — словарь"
"src/gdict-window.c:816","Save a Copy","Сохранить копию"
"src/gdict-window.c:820","_Save","_Сохранить"
"src/gdict-window.c:826","Untitled document","Безымянный документ"
"src/gdict-window.c:847","Error while writing to “%s”","Произошла ошибка при записи в «%s»"
"src/gdict-window.c:1216","Double-click on the word to look up","Дважды щёлкните по слову, которое хотите найти"
"src/gdict-window.c:1222","Double-click on the matching strategy to use","Дважды щёлкните по стратегии, которую хотите использовать"
"src/gdict-window.c:1227","Double-click on the source to use","Дважды щёлкните по источнику, который хотите использовать"
"src/gdict-window.c:1419","Similar words","Похожие слова"
"src/gdict-window.c:1450","Available strategies","Доступные стратегии"
"src/gdict-window.c:1466","Dictionary sources","Источники словарей"
"src/gdict-utils.c:93","GDict debugging flags to set","Включить флаги отладки GDict"
"src/gdict-utils.c:93 src/gdict-utils.c:95","FLAGS","ФЛАГИ"
"src/gdict-utils.c:95","GDict debugging flags to unset","Отключить флаги отладки GDict"
"src/gdict-utils.c:150","GDict Options","Параметры GDict"
"src/gdict-utils.c:151","Show GDict Options","Показать параметры GDict"
