"location","source","target"
"","po header","Project-Id-Version: gnome-color-manager 3.2
Report-Msgid-Bugs-To: https://gitlab.gnome.org/GNOME/gnome-color-manager/issues
POT-Creation-Date: 2022-06-30 10:02+0000
PO-Revision-Date: 2017-03-16 20:59+0400
Last-Translator: Yuri Myasoedov <ymyasoedov@yandex.ru>
Language-Team: Russian <gnome-cyr@gnome.org>
Language: ru
MIME-Version: 1.0
Content-Type: text/plain; charset=UTF-8
Content-Transfer-Encoding: 8bit
Plural-Forms: nplurals=3; plural=(n%10==1 && n%100!=11 ? 0 : n%10>=2 && n%10<=4 && (n%100<10 || n%100>=20) ? 1 : 2);
X-Generator: Poedit 1.8.7.1
"
"data/appdata/org.gnome.ColorProfileViewer.appdata.xml.in:7","GNOME Color Manager","Управление цветом в GNOME"
"data/appdata/org.gnome.ColorProfileViewer.appdata.xml.in:8 data/org.gnome.ColorProfileViewer.desktop.in:4","Inspect and compare installed color profiles","Исследование и сравнение установленных цветовых профилей"
"data/appdata/org.gnome.ColorProfileViewer.appdata.xml.in:10","GNOME Color Profile Viewer shows installed color profiles on your system and allows you to calibrate displays, printers and cameras using a wizard.","Просмотрщик цветовых профилей для GNOME показывает установленные в системе цветовые профили и позволяет производить калибровку мониторов, принтеров и камер, используя мастер настройки."
"data/appdata/org.gnome.ColorProfileViewer.appdata.xml.in:15","This functionality is typically used by GNOME Control Center from the color panel although can be used on its own.","Этот функционал обычно используется в цветовой панели «Центра управления GNOME», но его можно использовать и отдельно."
"data/gcm-import.desktop.in:3","ICC Profile Installer","Установка цветовых профилей"
"data/gcm-import.desktop.in:4","Install ICC profiles","Установка цветовых профилей"
"data/gcm-picker.desktop.in:3 src/gcm-picker.ui:27 src/gcm-picker.ui:324","Color Picker","Цветовая пипетка"
"data/gcm-picker.desktop.in:4","Use the color sensor to sample spot colors","Использование цветового сенсора для снятия пробы цветов"
"data/org.gnome.ColorProfileViewer.desktop.in:3 src/gcm-viewer.ui:1133","Color Profile Viewer","Просмотрщик цветовых профилей"
"data/org.gnome.ColorProfileViewer.desktop.in:13","Color;ICC;","Цвет;ICC;"
"src/gcm-cell-renderer-profile-text.c:57","No profile","Без профиля"
"src/gcm-cell-renderer-profile-text.c:73","Default %s","По умолчанию %s"
"src/gcm-cell-renderer-profile-text.c:88","Default: ","По умолчанию:"
"src/gcm-cell-renderer-profile-text.c:93","Colorspace: ","Цветовое пространство:"
"src/gcm-cell-renderer-profile-text.c:98","Test profile: ","Тестовый профиль: "
"src/gcm-debug.c:77","Show debugging information for all files","Показать отладочную информацию для всех файлов"
"src/gcm-debug.c:128","Debugging Options","Параметры отладки"
"src/gcm-debug.c:128","Show debugging options","Показать параметры отладки"
"src/gcm-import.c:77","ICC profile to install","Устанавливаемый профиль ICC"
"src/gcm-import.c:103","No filename specified","Имя файла не указано"
"src/gcm-import.c:123 src/gcm-viewer.c:1276","Failed to open ICC profile","Не удалось открыть профиль ICC"
"src/gcm-import.c:128","Failed to parse file: %s","Не удалось разобрать файл: %s"
"src/gcm-import.c:143","Profile description: %s","Описание профиля: %s"
"src/gcm-import.c:153","Profile copyright:","Авторские права на профиль:"
"src/gcm-import.c:187","Color profile is already imported","Этот цветовой профиль уже установлен"
"src/gcm-import.c:190 src/gcm-import.c:233","Show Details","Подробнее о профиле"
"src/gcm-import.c:206","Import display color profile?","Импортировать цветовой профиль монитора?"
"src/gcm-import.c:210","Import device color profile?","Импортировать цветовой профиль устройства?"
"src/gcm-import.c:214","Import named color profile?","Импортировать профиль именованных цветов?"
"src/gcm-import.c:218","Import color profile?","Импортировать цветовой профиль?"
"src/gcm-import.c:232","Import","Импортировать"
"src/gcm-import.c:257 src/gcm-viewer.c:1308","Failed to import file","Не удалось импортировать файл"
"src/gcm-inspect.c:39","Description:","Описание:"
"src/gcm-inspect.c:42","Copyright:","Авторские права:"
"src/gcm-inspect.c:164","Root window profile:","Профиль корневого окна:"
"src/gcm-inspect.c:175","Root window protocol version:","Версия протокола корневого окна:"
"src/gcm-inspect.c:196 src/gcm-inspect.c:259","Failed to connect to session bus:","Не удалось подключиться к шине сеанса:"
"src/gcm-inspect.c:213 src/gcm-inspect.c:276","The request failed:","Не удалось выполнить запрос:"
"src/gcm-inspect.c:221","There are no ICC profiles assigned to this file","Нет цветовых профилей, связанных с этим файлом"
"src/gcm-inspect.c:226 src/gcm-inspect.c:292","Suitable profiles for:","Подходящие профили для:"
"src/gcm-inspect.c:287","There are no ICC profiles for this window","Для этого окна нет цветовых профилей"
"src/gcm-inspect.c:312","Show xserver properties","Показать свойства сервера X"
"src/gcm-inspect.c:315","Get the profiles for a specific file","Получить профили для указанного файла"
"src/gcm-inspect.c:318","Get the profile for a specific window","Получить профиль для указанного окна"
"src/gcm-inspect.c:321","Dump all details about this system","Сбросить все подробности об этой системе"
"src/gcm-inspect.c:334","EDID inspect program","Инспектор EDID"
"src/gcm-picker.c:200 src/gcm-picker.c:207 src/gcm-viewer.c:564 src/gcm-viewer.c:611","Unknown","Неизвестен"
"src/gcm-picker.c:320","No colorimeter is attached.","Нет подключённого колориметра."
"src/gcm-picker.c:336","The sensor has no native driver.","Нет собственного драйвера для этого сенсора."
"src/gcm-picker.c:345","The attached colorimeter is not capable of reading a spot color.","Подсоединённый колориметр не подходит для профилирования принтеров."
"src/gcm-picker.c:563","No %s color spaces available","Нет доступных цветовых пространств %s"
"src/gcm-picker.c:681 src/gcm-viewer.c:1599","Set the parent window to make this modal","Сделать это окно модальным"
"src/gcm-picker.c:696","GNOME Color Manager Color Picker","Цветовая пипетка для апплета управления цветом в GNOME"
"src/gcm-picker.ui:93 src/gcm-viewer.c:572","XYZ","XYZ"
"src/gcm-picker.ui:108","Lab (D50)","Lab (D50)"
"src/gcm-picker.ui:123","Media whitepoint","Белая точка носителя"
"src/gcm-picker.ui:138","Color Temperature","Цветовая температура"
"src/gcm-picker.ui:153","Ambient","Окружающее освещение"
"src/gcm-picker.ui:168 src/gcm-viewer.ui:122","Colorspace","Цветовое пространство"
"src/gcm-picker.ui:183 src/gcm-utils.c:67 src/gcm-viewer.c:592","RGB","RGB"
"src/gcm-picker.ui:198","Error","Ошибка"
"src/gcm-picker.ui:297","Results","Результаты"
"src/gcm-picker.ui:328","_Measure","_Измерить"
"src/gcm-utils.c:71 src/gcm-viewer.c:604","CMYK","CMYK"
"src/gcm-utils.c:75","gray","Градации серого"
"src/gcm-viewer.c:311","Permanently delete profile?","Удалить профиль навсегда?"
"src/gcm-viewer.c:314","Are you sure you want to remove this profile from your system permanently?","Действительно удалить этот профиль из системы?"
"src/gcm-viewer.c:317","Delete","Удалить"
"src/gcm-viewer.c:356","Select ICC Profile File","Выберите цветовой профиль"
"src/gcm-viewer.c:358","_Cancel","_Отменить"
"src/gcm-viewer.c:359","_Import","_Импортировать"
"src/gcm-viewer.c:377","Supported ICC profiles","Поддерживаемые цветовые профили"
"src/gcm-viewer.c:384","All files","Все файлы"
"src/gcm-viewer.c:409","Failed to copy file","Не удалось скопировать файл"
"src/gcm-viewer.c:537","Input device","Устройство ввода"
"src/gcm-viewer.c:541","Display device","Устройство отображения"
"src/gcm-viewer.c:545","Output device","Устройство вывода"
"src/gcm-viewer.c:549","Devicelink","Devicelink"
"src/gcm-viewer.c:553","Colorspace conversion","Преобразование цветового пространства"
"src/gcm-viewer.c:557","Abstract","Абстрактный"
"src/gcm-viewer.c:561","Named color","Именованный цвет"
"src/gcm-viewer.c:576","LAB","LAB"
"src/gcm-viewer.c:580","LUV","LUV"
"src/gcm-viewer.c:584","YCbCr","YCbCr"
"src/gcm-viewer.c:588","Yxy","Yxy"
"src/gcm-viewer.c:596","Gray","Gray"
"src/gcm-viewer.c:600","HSV","HSV"
"src/gcm-viewer.c:608","CMY","CMY"
"src/gcm-viewer.c:644","Standard space","Стандартное пространство"
"src/gcm-viewer.c:646","Display checksum","Контрольная сумма монитора"
"src/gcm-viewer.c:647","Display model","Модель монитора"
"src/gcm-viewer.c:648","Display serial number","Серийный номер монитора"
"src/gcm-viewer.c:650","Display PNPID","PNPID монитора"
"src/gcm-viewer.c:652","Display vendor","Производитель монитора"
"src/gcm-viewer.c:654","File checksum","Контрольная сумма файла"
"src/gcm-viewer.c:656","Framework product","Фреймворк"
"src/gcm-viewer.c:658","Framework program","Программа фреймворка"
"src/gcm-viewer.c:660","Framework version","Версия фреймворка"
"src/gcm-viewer.c:662","Data source type","Тип источника данных"
"src/gcm-viewer.c:664","Mapping format","Формат связывания"
"src/gcm-viewer.c:666","Mapping qualifier","Квалификатор связывания"
"src/gcm-viewer.c:668","Mapping device","Связываемое устройство"
"src/gcm-viewer.c:670","Delta-E average","Средняя ΔE"
"src/gcm-viewer.c:672","Delta-E maximum","Макс. ΔE"
"src/gcm-viewer.c:674","Delta-E RMS","Среднеквадр. ΔE"
"src/gcm-viewer.c:676","Calibration device","Устройство для калибровки"
"src/gcm-viewer.c:678","Screen surface finish","Поверхность экрана"
"src/gcm-viewer.c:680","Connection type","Тип соединения"
"src/gcm-viewer.c:682","Screen brightness","Яркость экрана"
"src/gcm-viewer.c:684","Gamut volume","Размер диапазона"
"src/gcm-viewer.c:686","sRGB coverage","Покрытие sRGB"
"src/gcm-viewer.c:688","Adobe RGB coverage","Покрытие Adobe RGB"
"src/gcm-viewer.c:784","No description has been set","Описание не указано"
"src/gcm-viewer.c:788","No copyright has been set","Авторские права не указаны"
"src/gcm-viewer.c:792","The display compensation table is invalid","Неверная компенсационная таблица монитора"
"src/gcm-viewer.c:796","A scum dot is present for media white","На белом носителе присутствует эффект затенения"
"src/gcm-viewer.c:800","The gray axis contains significant amounts of color","Ось серого содержит значительное количество цвета"
"src/gcm-viewer.c:804","The gray axis is non-monotonic","Ось серого не является монотонной"
"src/gcm-viewer.c:808","One or more of the primaries are invalid","Один или несколько основных цветов неверны"
"src/gcm-viewer.c:812","The primaries do not add to white","Основные цвета не дают белого цвета"
"src/gcm-viewer.c:816","One or more of the primaries is unlikely","Один или несколько основных цветов выглядят неправдоподобно"
"src/gcm-viewer.c:820","The white is not D50 white","Белый цвет отличается от белого D50"
"src/gcm-viewer.c:824","The whitepoint temperature is unlikely","Температура белой точки неправдоподобна"
"src/gcm-viewer.c:828","Unknown warning type","Неизвестный тип предупреждения"
"src/gcm-viewer.c:965","Yes","Да"
"src/gcm-viewer.c:968","No","Нет"
"src/gcm-viewer.c:994","The profile has the following problems:","В профиле есть следующие неполадки:"
"src/gcm-viewer.c:1086","%B %e %Y, %I∶%M∶%S %p","%e %B %Y, %H:%M:%S"
"src/gcm-viewer.c:1109","Delete this profile","Удалить этот профиль"
"src/gcm-viewer.c:1112","This profile cannot be deleted","Невозможно удалить этот профиль"
"src/gcm-viewer.c:1602","Set the specific profile to show","Указать определённый профиль для показа"
"src/gcm-viewer.c:1605","Set the specific file to show","Указать определённый файл для показа"
"src/gcm-viewer.ui:52","Add a profile for the device","Добавить цветовой профиль к выбранному устройству"
"src/gcm-viewer.ui:67","Remove a profile from the device","Удалить цветовой профиль с выбранного устройства"
"src/gcm-viewer.ui:106","Profile type","Тип профиля"
"src/gcm-viewer.ui:138","Created","Создан"
"src/gcm-viewer.ui:155","Version","Версия"
"src/gcm-viewer.ui:172","Manufacturer","Производитель"
"src/gcm-viewer.ui:189","Model","Модель"
"src/gcm-viewer.ui:205","Display correction","Корректирует монитор"
"src/gcm-viewer.ui:221","White point","Белая точка"
"src/gcm-viewer.ui:238","Copyright","Авторские права"
"src/gcm-viewer.ui:254","File size","Размер файла"
"src/gcm-viewer.ui:271","Filename","Имя файла"
"src/gcm-viewer.ui:288","Warnings","Предупреждения"
"src/gcm-viewer.ui:474","Information","Информация"
"src/gcm-viewer.ui:502","y","y"
"src/gcm-viewer.ui:521","x","x"
"src/gcm-viewer.ui:552","A CIE 1931 diagram shows a 2D representation of the profile gamut","Диаграмма CIE 1931, показывающая двухмерное представление цветового охвата"
"src/gcm-viewer.ui:569","CIE 1931","CIE 1931"
"src/gcm-viewer.ui:591","Response out","Отклик на выходе"
"src/gcm-viewer.ui:611 src/gcm-viewer.ui:699","Response in","Отклик на входе"
"src/gcm-viewer.ui:640","A tone reproduction curve is the mapping of scene luminance to display luminance","Кривая тоновоспроизведения является проекций светимости сцены на светимость монитора"
"src/gcm-viewer.ui:657","TRC","TRC"
"src/gcm-viewer.ui:679","Video card out","Вывод видеокарты"
"src/gcm-viewer.ui:728","A video card gamma table shows the curves loaded into the display","Таблица гаммы видеокарты показывает загруженые кривые"
"src/gcm-viewer.ui:745","VCGT","VCGT"
"src/gcm-viewer.ui:780 src/gcm-viewer.ui:902","Previous Image","Предыдущее изображение"
"src/gcm-viewer.ui:798 src/gcm-viewer.ui:920","sRGB example","Пример sRGB"
"src/gcm-viewer.ui:829 src/gcm-viewer.ui:951","Next Image","Следующее изображение"
"src/gcm-viewer.ui:850","This shows what an image would look like if saved with the profile","Так будет выглядеть изображение, если его сохранить с этим профилем"
"src/gcm-viewer.ui:867","From sRGB","Из sRGB"
"src/gcm-viewer.ui:972","This shows what an image would look like if opened with the profile","Так будет выглядеть изображение, если его открыть с этим профилем"
"src/gcm-viewer.ui:989","To sRGB","В sRGB"
"src/gcm-viewer.ui:1040","Named colors are specific colors that are defined in the profile","Именованные цвета — это конкретные цвета, определённые в профиле"
"src/gcm-viewer.ui:1057","Named Colors","Именованные цвета"
"src/gcm-viewer.ui:1096","Metadata is additional information stored in the profile for programs to use.","Метаданные являются описанием профиля, доступным для пользователей и других приложений"
"src/gcm-viewer.ui:1113","Metadata","Метаданные"
