"location","source","target"
"","po header","Project-Id-Version: gnome-logs master
Report-Msgid-Bugs-To: https://gitlab.gnome.org/GNOME/gnome-logs/issues
POT-Creation-Date: 2022-06-30 19:11+0000
PO-Revision-Date: 2021-07-29 16:33+0300
Last-Translator: Alexey Rubtsov <rushills@gmail.com>
Language-Team: Русский <gnome-cyr@gnome.org>
Language: ru
MIME-Version: 1.0
Content-Type: text/plain; charset=UTF-8
Content-Transfer-Encoding: 8bit
Plural-Forms: nplurals=3; plural=(n%10==1 && n%100!=11 ? 0 : n%10>=2 && n%10<=4 && (n%100<10 || n%100>=20) ? 1 : 2);
X-Generator: Poedit 2.4.3
"
"data/gl-categorylist.ui:12","Important","Важные"
"data/gl-categorylist.ui:23","Alerts","Предупреждения"
"data/gl-categorylist.ui:34","Starred","Избранные"
"data/gl-categorylist.ui:44","All","Все"
"data/gl-categorylist.ui:54 src/gl-eventviewrow.c:211","Applications","Приложения"
"data/gl-categorylist.ui:64 src/gl-eventviewrow.c:220","System","Система"
"data/gl-categorylist.ui:74 src/gl-eventviewrow.c:224","Security","Безопасность"
"data/gl-categorylist.ui:84 src/gl-eventviewrow.c:216","Hardware","Оборудование"
"data/gl-categorylist.ui:95","Updates","Обновления"
"data/gl-categorylist.ui:106","Usage","Использование"
"data/gl-eventtoolbar.ui:7","_New Window","_Создать окно"
"data/gl-eventtoolbar.ui:13","Keyboard Shortcuts","Комбинации клавиш"
"data/gl-eventtoolbar.ui:18","_Help","_Справка"
"data/gl-eventtoolbar.ui:22","_About Logs","_О приложении"
"data/gl-eventtoolbar.ui:41","Export logs to a file","Экспортировать журналы в файл"
"data/gl-eventtoolbar.ui:49","Choose the boot from which to view logs","Выберите загрузку, для которой хотите просмотреть журналы"
"data/gl-eventtoolbar.ui:60","Search all the logs of the current category","Искать все журналы текущей категории"
"data/gl-eventviewdetail.ui:23","Sender","Отправитель"
"data/gl-eventviewdetail.ui:52","Time","Время"
"data/gl-eventviewdetail.ui:81 data/gl-searchpopover.ui:867","Message","Сообщение"
"data/gl-eventviewdetail.ui:112 data/gl-searchpopover.ui:887","Audit Session","Сеанс аудита"
"data/gl-eventviewdetail.ui:141 data/gl-searchpopover.ui:882","Kernel Device","Устройство"
"data/gl-eventviewdetail.ui:169","Priority","Приоритет"
"data/gl-eventviewdetail.ui:198","Subject","Тема"
"data/gl-eventviewdetail.ui:230","Defined By","Определено"
"data/gl-eventviewdetail.ui:260","Support","Поддержка"
"data/gl-eventviewdetail.ui:292","Documentation","Документация"
"data/gl-eventviewlist.ui:34","Select journal field and timestamp range filtering options","Выберите параметры фильтрации: поле журнала и диапазон меток времени"
"data/gl-searchpopover.ui:27","Select a Journal Field to filter the Logs according to it","Выберите поле журнала, по которому нужно фильтровать журнал"
"data/gl-searchpopover.ui:34 data/gl-searchpopover.ui:843","All Available Fields","Все доступные поля"
"data/gl-searchpopover.ui:66 data/gl-searchpopover.ui:220","Parameters","Параметры"
"data/gl-searchpopover.ui:101","What","Что"
"data/gl-searchpopover.ui:117","Select Journal Field…","Выбрать поле журнала…"
"data/gl-searchpopover.ui:140","When","Когда"
"data/gl-searchpopover.ui:156","Show Logs from…","Показать журналы от…"
"data/gl-searchpopover.ui:181","Select Timestamp Range of the Log Entries to be shown","Выберите диапазон меток времени записей журнала"
"data/gl-searchpopover.ui:188 data/gl-searchpopover.ui:906 src/gl-searchpopover.c:1306","Current Boot","Текущая загрузка"
"data/gl-searchpopover.ui:255","Search Type","Тип поиска"
"data/gl-searchpopover.ui:266","Substring","Подстрока"
"data/gl-searchpopover.ui:268","Match in any part of the string","Совпадение с любой частью строки"
"data/gl-searchpopover.ui:275","Exact","Точное совпадение"
"data/gl-searchpopover.ui:277","Match complete string only","Только полное совпадение строки"
"data/gl-searchpopover.ui:319","Back","Назад"
"data/gl-searchpopover.ui:337","Show Logs Starting From…","Показать журналы от…"
"data/gl-searchpopover.ui:358","Select a start date","Выберите дату начала"
"data/gl-searchpopover.ui:365 src/gl-searchpopover.c:503","Select Start Date…","Выбрать дату начала…"
"data/gl-searchpopover.ui:384 data/gl-searchpopover.ui:626","22 January 2016 or 1/22/2016","22 января 2016 или 01.22.2016"
"data/gl-searchpopover.ui:423","Select start time","Выберите время начала"
"data/gl-searchpopover.ui:430 src/gl-searchpopover.c:504","Select Start Time…","Выберите время начала…"
"data/gl-searchpopover.ui:454 data/gl-searchpopover.ui:699","Hr","ч"
"data/gl-searchpopover.ui:480 data/gl-searchpopover.ui:729","Min","мин"
"data/gl-searchpopover.ui:510 data/gl-searchpopover.ui:759","Sec","сек"
"data/gl-searchpopover.ui:540 data/gl-searchpopover.ui:789","AM/PM","AM/PM"
"data/gl-searchpopover.ui:579","Until…","До…"
"data/gl-searchpopover.ui:600","Select an end date","Выберите дату конца"
"data/gl-searchpopover.ui:607 src/gl-searchpopover.c:521","Select End Date…","Выбрать дату конца…"
"data/gl-searchpopover.ui:668","Select end time","Выберите время конца"
"data/gl-searchpopover.ui:675 src/gl-searchpopover.c:522","Select End Time…","Выбрать время конца…"
"data/gl-searchpopover.ui:852","PID","PID"
"data/gl-searchpopover.ui:857","UID","UID"
"data/gl-searchpopover.ui:862","GID","GID"
"data/gl-searchpopover.ui:872","Process Name","Имя процесса"
"data/gl-searchpopover.ui:877","Systemd Unit","Systemd Unit"
"data/gl-searchpopover.ui:892","Executable Path","Исполняемый путь"
"data/gl-searchpopover.ui:911","Previous Boot","Предыдущая загрузка"
"data/gl-searchpopover.ui:920","Today","Сегодня"
"data/gl-searchpopover.ui:925","Yesterday","Вчера"
"data/gl-searchpopover.ui:930","Last 3 days","За последние 3 дня"
"data/gl-searchpopover.ui:939","Entire Journal","Весь журнал"
"data/gl-searchpopover.ui:948","Set Custom Range…","Указать другой диапазон…"
"data/gl-window.ui:30","Help","Справка"
"data/gl-window.ui:37","Ignore","Игнорировать"
"data/help-overlay.ui:8","General","Основные"
"data/help-overlay.ui:12","Open a new window","Открыть новое окно"
"data/help-overlay.ui:18","Close a window","Закрыть окно"
"data/help-overlay.ui:24","Show help","Показать справку"
"data/help-overlay.ui:30","Keyboard shortcuts","Комбинации клавиш"
"data/help-overlay.ui:37","Application","Приложение"
"data/help-overlay.ui:41","Find","Найти"
"data/help-overlay.ui:47","Export logs to a file","Экспорт журналов в файл"
"data/org.gnome.Logs.appdata.xml.in:7 data/org.gnome.Logs.desktop.in:3 src/gl-eventtoolbar.c:144","Logs","Журналы"
"data/org.gnome.Logs.appdata.xml.in:8 data/org.gnome.Logs.desktop.in:5","View detailed event logs for the system","Просмотр подробной информации о событиях в системе"
"data/org.gnome.Logs.appdata.xml.in:10","Logs shows events from the systemd journal, and sorts them into categories, such as hardware and applications.","Приложение «Журналы» показывает события из журнала systemd и упорядочивает их по категориям (аппаратные, программные)."
"data/org.gnome.Logs.appdata.xml.in:12","Using Logs you can search your logs by typing a search term, and view detailed information about each event by clicking on it.","С помощью приложения «Журналы» вы можете выполнять поиск по журналам и просматривать подробную информацию о событиях."
"data/org.gnome.Logs.appdata.xml.in:30","The GNOME Project","Проект GNOME"
"data/org.gnome.Logs.desktop.in:4","Log Viewer","Журнал событий"
"data/org.gnome.Logs.desktop.in:7","log;journal;debug;error;","логи;журнал;debug;ошибка;отладка;"
"data/org.gnome.Logs.gschema.xml:5","Ignore warning","Игнорировать предупреждения"
"data/org.gnome.Logs.gschema.xml:6","Whether to ignore the warning that says you don’t have sufficient permission to view logs. If ignored, the warning won’t show up again.","Игнорировать ли предупреждения о недостаточности прав для просмотра журналов. Если игнорируется, то предупреждения не будут показываться."
"data/org.gnome.Logs.gschema.xml:10","How to sort list rows in the event view list","Как сортировать список строк в списке просмотра событий"
"data/org.gnome.Logs.gschema.xml:11","Sort list rows in ascending or descending order for the selected type","Сортировать список строк в порядке возрастания или убывания для выбранного типа"
"src/gl-application.c:109","translator-credits","Станислав Соловей <whats_up@tut.by>, 2014-2019.
Юрий Мясоедов <ymyasoedov@yandex.ru>, 2015-2017.
Alexey Rubtsov <rushills@gmail.com>, 2021"
"src/gl-application.c:110","View and search logs","Просмотр и поиск событий"
"src/gl-application.c:253","Print version information and exit","Показать информацию о версии и выйти"
"src/gl-eventtoolbar.c:135","Boot","Загрузка"
"src/gl-eventviewlist.c:448","No Results","Результаты отсутствуют"
"src/gl-eventviewrow.c:228","Other","Другое"
"src/gl-searchpopover.c:687","From %s","От %s"
"src/gl-searchpopover.c:700","Until %s","До %s"
"src/gl-searchpopover.c:734 src/gl-searchpopover.c:1102","%e %B %Y","%e %b. %Y"
"src/gl-searchpopover.c:873","AM","AM"
"src/gl-searchpopover.c:877","PM","PM"
"src/gl-searchpopover.c:985 src/gl-searchpopover.c:1225","%I:%M:%S %p","%I:%M:%S %p"
"src/gl-searchpopover.c:992 src/gl-searchpopover.c:1232","%T","%T"
"src/gl-util.c:126","%l:%M:%S %p","%l:%M:%S %p"
"src/gl-util.c:133","%l:%M %p","%l:%M %p"
"src/gl-util.c:144","%b %e %l:%M:%S %p","%e %b., %l:%M:%S %p"
"src/gl-util.c:152","%b %e %l:%M %p","%e %b., %l:%M %p"
"src/gl-util.c:163","%b %e %Y %l:%M:%S %p","%e %b. %Y, %l:%M:%S %p"
"src/gl-util.c:172","%b %e %Y %l:%M %p","%e %b. %Y, %l:%M %p"
"src/gl-util.c:189","%H:%M:%S","%H:%M:%S"
"src/gl-util.c:196","%H:%M","%H:%M"
"src/gl-util.c:206","%b %e %H:%M:%S","%e %b., %H:%M:%S"
"src/gl-util.c:214","%b %e %H:%M","%e %b., %H:%M"
"src/gl-util.c:225","%b %e %Y %H:%M:%S","%e %b. %Y, %H:%M:%S"
"src/gl-util.c:233","%b %e %Y %H:%M","%e %b. %Y, %H:%M"
"src/gl-util.c:297","%s – %s","%s – %s"
"src/gl-window.c:174","Unable to export log messages to a file","Не удалось экспортировать сообщения журнала в файл"
"src/gl-window.c:195","Save logs","Сохранить журналы"
"src/gl-window.c:198","_Save","_Сохранить"
"src/gl-window.c:199","_Cancel","_Отменить"
"src/gl-window.c:202","log messages","cообщения журнала"
"src/gl-window.c:473 src/gl-window.c:490","Unable to read system logs","Не удалось прочитать системные журналы"
"src/gl-window.c:480","Unable to read user logs","Не удалось прочитать пользовательские журналы"
"src/gl-window.c:498","No logs available","Нет доступных журналов"
