"location","source","target"
"","po header","Project-Id-Version: gnome-keyring trunk
Report-Msgid-Bugs-To: https://gitlab.gnome.org/GNOME/gnome-keyring/issues
POT-Creation-Date: 2022-05-24 10:12+0000
PO-Revision-Date: 2021-06-29 19:52+0300
Last-Translator: Alexey Rubtsov <rushills@gmail.com>
Language-Team: Russian <gnome-cyr@gnome.org>
Language: ru
MIME-Version: 1.0
Content-Type: text/plain; charset=UTF-8
Content-Transfer-Encoding: 8bit
Plural-Forms: nplurals=3; plural=(n%10==1 && n%100!=11 ? 0 : n%10>=2 && n%10<=4 && (n%100<10 || n%100>=20) ? 1 : 2);
X-Generator: Poedit 3.0
"
"daemon/dbus/gkd-secret-change.c:84 daemon/dbus/gkd-secret-change.c:120 daemon/dbus/gkd-secret-create.c:78 daemon/ssh-agent/gkd-ssh-agent-service.c:254 pkcs11/secret-store/gkm-secret-collection.c:324 pkcs11/wrap-layer/gkm-wrap-login.c:345 pkcs11/wrap-layer/gkm-wrap-prompt.c:733","Unnamed","Безымянная"
"daemon/dbus/gkd-secret-change.c:89","Enter the old password for the “%s” keyring","Введите старый пароль для связки ключей «%s»"
"daemon/dbus/gkd-secret-change.c:93","An application wants to change the password for the “%s” keyring. Enter the old password for it.","Приложение хочет изменить пароль для связки ключей «%s». Введите старый пароль."
"daemon/dbus/gkd-secret-change.c:99 daemon/dbus/gkd-secret-change.c:135 daemon/dbus/gkd-secret-change.c:146 pkcs11/wrap-layer/gkm-wrap-prompt.c:1143 pkcs11/wrap-layer/gkm-wrap-prompt.c:1256 pkcs11/wrap-layer/gkm-wrap-prompt.c:1291","Continue","Продолжить"
"daemon/dbus/gkd-secret-change.c:125","Choose a new password for the “%s” keyring","Выберите новый пароль для связки ключей «%s»"
"daemon/dbus/gkd-secret-change.c:129","An application wants to change the password for the “%s” keyring. Choose the new password you want to use for it.","Приложение хочет изменить пароль для связки ключей «%s». Укажите новый пароль, который хотите использовать."
"daemon/dbus/gkd-secret-change.c:142 daemon/dbus/gkd-secret-create.c:94","Store passwords unencrypted?","Хранить пароли незашифрованными?"
"daemon/dbus/gkd-secret-change.c:144 daemon/dbus/gkd-secret-create.c:96","By choosing to use a blank password, your stored passwords will not be safely encrypted. They will be accessible by anyone with access to your files.","Если ввести пустой пароль, то ваши хранимые пароли не будут надёжно зашифрованы. Они будут доступны любому, кто имеет доступ к вашим файлам."
"daemon/dbus/gkd-secret-change.c:152","The original password was incorrect","Неверный текущий пароль"
"daemon/dbus/gkd-secret-change.c:348","Change Keyring Password","Изменение пароля связки ключей"
"daemon/dbus/gkd-secret-create.c:80","An application wants to create a new keyring called “%s”. Choose the password you want to use for it.","Приложение хочет создать новую связку ключей с именем «%s». Необходимо выбрать пароль для этой связки ключей."
"daemon/dbus/gkd-secret-create.c:84","Choose password for new keyring","Выберите пароль для новой связки ключей"
"daemon/dbus/gkd-secret-create.c:309","New Keyring Password","Пароль для новой связки ключей"
"daemon/gnome-keyring-pkcs11.desktop.in.in:4","Certificate and Key Storage","Хранилище сертификатов и ключей"
"daemon/gnome-keyring-pkcs11.desktop.in.in:5","GNOME Keyring: PKCS#11 Component","Связка ключей GNOME: компонент PKCS#11"
"daemon/gnome-keyring-secrets.desktop.in.in:4","Secret Storage Service","Служба безопасного хранения"
"daemon/gnome-keyring-secrets.desktop.in.in:5","GNOME Keyring: Secret Service","Связка ключей GNOME: служба безопасности"
"daemon/gnome-keyring-ssh.desktop.in.in:4","SSH Key Agent","Агент ключей SSH"
"daemon/gnome-keyring-ssh.desktop.in.in:5","GNOME Keyring: SSH Agent","Связка ключей GNOME: SSH-агент"
"daemon/login/gkd-login.c:162","Login","Вход"
"daemon/login/gkd-login-interaction.c:191 pkcs11/wrap-layer/gkm-wrap-login.c:345","Unlock password for: %s","Пароль для разблокирования: %s"
"daemon/ssh-agent/gkd-ssh-agent-interaction.c:100 pkcs11/wrap-layer/gkm-wrap-prompt.c:634","Unlock private key","Разблокирование секретного ключа"
"daemon/ssh-agent/gkd-ssh-agent-interaction.c:101","Enter password to unlock the private key","Введите пароль для разблокирования секретного ключа"
"daemon/ssh-agent/gkd-ssh-agent-interaction.c:104 pkcs11/wrap-layer/gkm-wrap-prompt.c:665","An application wants access to the private key “%s”, but it is locked","Приложение хочет получить доступ к секретному ключу «%s», но он заблокирован"
"daemon/ssh-agent/gkd-ssh-agent-interaction.c:111 pkcs11/wrap-layer/gkm-wrap-prompt.c:650","Automatically unlock this key whenever I’m logged in","Автоматически разблокировать этот ключ при входе в систему"
"daemon/ssh-agent/gkd-ssh-agent-interaction.c:113 pkcs11/wrap-layer/gkm-wrap-prompt.c:600 pkcs11/wrap-layer/gkm-wrap-prompt.c:625 pkcs11/wrap-layer/gkm-wrap-prompt.c:640 pkcs11/wrap-layer/gkm-wrap-prompt.c:701 pkcs11/wrap-layer/gkm-wrap-prompt.c:747 pkcs11/wrap-layer/gkm-wrap-prompt.c:779","Unlock","Разблокирование"
"daemon/ssh-agent/gkd-ssh-agent-interaction.c:116 pkcs11/wrap-layer/gkm-wrap-prompt.c:745","The unlock password was incorrect","Неверный пароль разблокировки"
"egg/dotlock.c:668","failed to create temporary file `%s': %s
","сбой при создании временного файла «%s»: %s
"
"egg/dotlock.c:718","error writing to `%s': %s
","ошибка записи в «%s»: %s
"
"egg/dotlock.c:782","can't create `%s': %s
","не удалось создать «%s»: %s
"
"egg/dotlock.c:1048","removing stale lockfile (created by %d)
","удаление устаревшего файла блокировки (созданного %d)
"
"egg/dotlock.c:1084","waiting for lock (held by %d%s) %s...
","ожидание блокировки (удерживается %d%s) %s…
"
"egg/dotlock.c:1085","(deadlock?) ","(взаимная блокировка?) "
"egg/dotlock.c:1124","lock `%s' not made: %s
","блокировка «%s» не выполнена: %s
"
"egg/dotlock.c:1150","waiting for lock %s...
","ожидание блокировки %s…
"
"egg/egg-oid.c:40","Domain Component","Область имён"
"egg/egg-oid.c:42","User ID","Идентификатор пользователя"
"egg/egg-oid.c:45","Email Address","Адрес эл. почты"
"egg/egg-oid.c:53","Date of Birth","Дата рождения"
"egg/egg-oid.c:55","Place of Birth","Место рождения"
"egg/egg-oid.c:57","Gender","Пол"
"egg/egg-oid.c:59","Country of Citizenship","Гражданство"
"egg/egg-oid.c:61","Country of Residence","Страна проживания"
"egg/egg-oid.c:64","Common Name","Общее имя"
"egg/egg-oid.c:66","Surname","Фамилия"
"egg/egg-oid.c:68","Serial Number","Серийный номер"
"egg/egg-oid.c:70","Country","Страна"
"egg/egg-oid.c:72","Locality","Местность"
"egg/egg-oid.c:74","State","Область"
"egg/egg-oid.c:76","Street","Улица"
"egg/egg-oid.c:78","Organization","Организация"
"egg/egg-oid.c:80","Organizational Unit","Подразделение"
"egg/egg-oid.c:82","Title","Название"
"egg/egg-oid.c:84","Telephone Number","Номер телефона"
"egg/egg-oid.c:86","Given Name","Имя"
"egg/egg-oid.c:88","Initials","Инициалы"
"egg/egg-oid.c:90","Generation Qualifier","Отметка поколения"
"egg/egg-oid.c:92","DN Qualifier","Отметка различительного имени"
"egg/egg-oid.c:94","Pseudonym","Псевдоним"
"egg/egg-oid.c:97","RSA","RSA"
"egg/egg-oid.c:98","MD2 with RSA","MD2 с RSA"
"egg/egg-oid.c:99","MD5 with RSA","MD5 с RSA"
"egg/egg-oid.c:100","SHA1 with RSA","SHA1 с RSA"
"egg/egg-oid.c:102","DSA","DSA"
"egg/egg-oid.c:103","SHA1 with DSA","SHA1 с DSA"
"egg/egg-oid.c:106","Server Authentication","Аутентификация сервера"
"egg/egg-oid.c:107","Client Authentication","Аутентификация клиента"
"egg/egg-oid.c:108","Code Signing","Подписывание кода"
"egg/egg-oid.c:109","Email Protection","Защита эл. почты"
"egg/egg-oid.c:110","Time Stamping","Проставление отметки времени"
"pkcs11/gkm/gkm-certificate.c:578","Unnamed Certificate","Безымянный сертификат"
"pkcs11/ssh-store/gkm-ssh-private-key.c:341","Couldn’t parse public SSH key","Не удалось разобрать открытый ключ SSH"
"pkcs11/wrap-layer/gkm-wrap-prompt.c:590","Unlock Login Keyring","Разблокирование связки ключей для входа в систему"
"pkcs11/wrap-layer/gkm-wrap-prompt.c:591 pkcs11/wrap-layer/gkm-wrap-prompt.c:615 pkcs11/wrap-layer/gkm-wrap-prompt.c:691 pkcs11/wrap-layer/gkm-wrap-prompt.c:767 pkcs11/wrap-layer/gkm-wrap-prompt.c:1250","Authentication required","Требуется аутентификация"
"pkcs11/wrap-layer/gkm-wrap-prompt.c:594","The password you use to log in to your computer no longer matches that of your login keyring.","Пароль, который вы используете для входа, больше не соответствует паролю связки ключей для входа в систему."
"pkcs11/wrap-layer/gkm-wrap-prompt.c:596","The login keyring did not get unlocked when you logged into your computer.","Ваша связка ключей для входа в систему не была разблокирована, когда вы зарегистрировались в компьютере."
"pkcs11/wrap-layer/gkm-wrap-prompt.c:614","Unlock Keyring","Разблокирование связки ключей"
"pkcs11/wrap-layer/gkm-wrap-prompt.c:617","An application wants access to the keyring “%s”, but it is locked","Приложение хочет получить доступ к связке ключей «%s», но она заблокирована"
"pkcs11/wrap-layer/gkm-wrap-prompt.c:623","Automatically unlock this keyring whenever I’m logged in","Автоматически разблокировать эту связку ключей при входе в систему"
"pkcs11/wrap-layer/gkm-wrap-prompt.c:636","Unlock certificate","Разблокирование сертификата"
"pkcs11/wrap-layer/gkm-wrap-prompt.c:638","Unlock public key","Разблокирование открытого ключа"
"pkcs11/wrap-layer/gkm-wrap-prompt.c:652","Automatically unlock this certificate whenever I’m logged in","Автоматически разблокировать этот сертификат при входе в систему"
"pkcs11/wrap-layer/gkm-wrap-prompt.c:654 pkcs11/wrap-layer/gkm-wrap-prompt.c:776 pkcs11/wrap-layer/gkm-wrap-prompt.c:1140 pkcs11/wrap-layer/gkm-wrap-prompt.c:1289","Automatically unlock whenever I’m logged in","Автоматически разблокировать при входе в систему"
"pkcs11/wrap-layer/gkm-wrap-prompt.c:668","An application wants access to the certificate “%s”, but it is locked","Приложение хочет получить доступ к сертификату «%s», но он заблокирован"
"pkcs11/wrap-layer/gkm-wrap-prompt.c:671","An application wants access to the public key “%s”, but it is locked","Приложение хочет получить доступ к открытому ключу «%s», но он заблокирован"
"pkcs11/wrap-layer/gkm-wrap-prompt.c:674","An application wants access to “%s”, but it is locked","Приложение хочет получить доступ к «%s», но он заблокирован"
"pkcs11/wrap-layer/gkm-wrap-prompt.c:766","Unlock certificate/key storage","Разблокировать хранилище сертификатов/ключей"
"pkcs11/wrap-layer/gkm-wrap-prompt.c:770","An application wants access to the certificate/key storage “%s”, but it is locked","Приложение хочет получить доступ к хранилищу сертификатов/ключей «%s», но оно заблокировано"
"pkcs11/wrap-layer/gkm-wrap-prompt.c:1131","New Password Required","Требуется новый пароль"
"pkcs11/wrap-layer/gkm-wrap-prompt.c:1132","New password required","Требуется новый пароль"
"pkcs11/wrap-layer/gkm-wrap-prompt.c:1134","In order to prepare “%s” for storage of certificates or keys, a password is required","Чтобы подготовить «%s» для хранения сертификатов и ключей необходимо задать пароль"
"pkcs11/wrap-layer/gkm-wrap-prompt.c:1249 pkcs11/wrap-layer/gkm-wrap-prompt.c:1280","Change Password","Изменить пароль"
"pkcs11/wrap-layer/gkm-wrap-prompt.c:1252","To change the password for “%s”, the original password is required","Чтобы изменить пароль для «%s», требуется текущий пароль"
"pkcs11/wrap-layer/gkm-wrap-prompt.c:1281","Change password","Изменить пароль"
"pkcs11/wrap-layer/gkm-wrap-prompt.c:1283","Type a new password for “%s”","Введите новый пароль для «%s»"
"tool/gkr-tool.c:100","usage: gnome-keyring command [options]
","использование: gnome-keyring команда [параметры]
"
"tool/gkr-tool.c:102","commands: ","команды: "
"tool/gkr-tool.c:106","          ","          "
