"location","source","target"
"","po header","Project-Id-Version: gnome-games trunk
Report-Msgid-Bugs-To: https://gitlab.gnome.org/GNOME/gnome-nibbles/issues
POT-Creation-Date: 2022-05-26 00:12+0000
PO-Revision-Date: 2022-01-10 11:58+1000
Last-Translator: Ser82-png
Language-Team: Русский <gnome-cyr@gnome.org>
Language: ru
MIME-Version: 1.0
Content-Type: text/plain; charset=UTF-8
Content-Transfer-Encoding: 8bit
Plural-Forms: nplurals=3; plural=(n%10==1 && n%100!=11 ? 0 : n%10>=2 && n%10<=4 && (n%100<10 || n%100>=20) ? 1 : 2);
X-Generator: Poedit 2.3
"
"data/org.gnome.Nibbles.appdata.xml.in:7","GNOME Nibbles","Червячки GNOME"
"data/org.gnome.Nibbles.appdata.xml.in:8 data/org.gnome.Nibbles.desktop.in:4","Guide a worm around a maze","Управляйте растущим прожорливым червячком в лабиринте"
"data/org.gnome.Nibbles.appdata.xml.in:10","Control a worm in its quest to eat bonuses and become longer. Outmaneuver enemy worms while eating doughnuts and ice cream to increase your length. Each worm has ten lives and loses one by running into a wall, another worm, or itself. The enemy worms are after the same bonuses that you are, so be careful: if they become too large, you won’t have much room for movement.","Управляйте червячком: ешьте бонусы — червячок станет длиннее. Попробуйте перехитрить вражеских червячков, поедая пончики и мороженое. У каждого червячка есть десять жизней. Червячок теряет жизнь, если он сталкивается со стеной, другим червячком или с самим собой. Вражеские червячки также охотятся за бонусами, будьте осторожны: если другие червячки станут слишком большими, у вас не будет достаточного пространства для передвижения."
"data/org.gnome.Nibbles.appdata.xml.in:17","The adventure progresses through 26 maps of increasing difficulty. The early levels are mostly open with a few walls, but later on, cramped spaces and teleporters make things more interesting.","Приключения охватывают 26 карт с возрастающем уровнем сложности. Первые уровни почти не имеют преград, но затем на уровнях начинают появляться стены. Узенькие лазейки и телепорты делают игру более интересной."
"data/org.gnome.Nibbles.appdata.xml.in:22","Play on your own against up to five enemy worms, or share your keyboard to play with a friend.","Сыграйте против других червячков (до 5 соперников) или поделитесь клавиатурой с другой."
"data/org.gnome.Nibbles.appdata.xml.in:57","The GNOME Project","Проект GNOME"
"data/org.gnome.Nibbles.desktop.in:3 data/ui/nibbles.ui:57 data/ui/nibbles.ui:65 src/gnome-nibbles.vala:24","Nibbles","Червячки"
"data/org.gnome.Nibbles.desktop.in:6","game;snake;board;","game;snake;board;игра;змейка;настольная;"
"data/org.gnome.Nibbles.gschema.xml:13","Width of the window in pixels","Ширина окна в пикселах"
"data/org.gnome.Nibbles.gschema.xml:14","Width of the window in pixels.","Ширина окна в пикселах."
"data/org.gnome.Nibbles.gschema.xml:18","Height of the window in pixels","Высота окна в пикселах"
"data/org.gnome.Nibbles.gschema.xml:19","Height of the window in pixels.","Высота окна в пикселах."
"data/org.gnome.Nibbles.gschema.xml:23","true if the window is maximized","""true"" - если окно максимального размера"
"data/org.gnome.Nibbles.gschema.xml:24","true if the window is maximized.","""true"" - если окно максимального размера."
"data/org.gnome.Nibbles.gschema.xml:28","Is this the first run","Если это первый запуск"
"data/org.gnome.Nibbles.gschema.xml:29","Setting to decide whether to show first-run hint dialog or not.","Параметр, по которому определяется, нужно ли показывать диалоговое окно с подсказкой при первом запуске."
"data/org.gnome.Nibbles.gschema.xml:34","Size of game tiles","Размер игровых плиток"
"data/org.gnome.Nibbles.gschema.xml:35","Size of game tiles.","Размер игровых плиток."
"data/org.gnome.Nibbles.gschema.xml:40","Game level to start on","Уровень начала игры"
"data/org.gnome.Nibbles.gschema.xml:41","Game level to start on.","Уровень начала игры."
"data/org.gnome.Nibbles.gschema.xml:46","Worms movement speed","Скорость движения червячков"
"data/org.gnome.Nibbles.gschema.xml:47","The speed of the worms, where ‘1’ means “fast” and ‘4’ “slow”.","Скорость червей, где '1' означает ""быстро"", а '4' — ""медленно""."
"data/org.gnome.Nibbles.gschema.xml:51","Enable sounds","Включить звуки"
"data/org.gnome.Nibbles.gschema.xml:52","Enable sounds.","Включить звуки."
"data/org.gnome.Nibbles.gschema.xml:56 src/gnome-nibbles.vala:49","Enable fake bonuses","Разрешить фальшивые бонусы"
"data/org.gnome.Nibbles.gschema.xml:57","Enable fake bonuses.","Разрешить фальшивые бонусы."
"data/org.gnome.Nibbles.gschema.xml:62","Number of human players","Число игроков"
"data/org.gnome.Nibbles.gschema.xml:63","Number of human players.","Число игроков."
"data/org.gnome.Nibbles.gschema.xml:68","Number of AI players","Число компьютерных игроков"
"data/org.gnome.Nibbles.gschema.xml:69","Number of AI players.","Число компьютерных игроков."
"data/org.gnome.Nibbles.gschema.xml:75 data/org.gnome.Nibbles.gschema.xml:102 data/org.gnome.Nibbles.gschema.xml:129 data/org.gnome.Nibbles.gschema.xml:156 data/org.gnome.Nibbles.gschema.xml:183 data/org.gnome.Nibbles.gschema.xml:210","Color to use for worm","Цвет червячка"
"data/org.gnome.Nibbles.gschema.xml:76 data/org.gnome.Nibbles.gschema.xml:103 data/org.gnome.Nibbles.gschema.xml:130 data/org.gnome.Nibbles.gschema.xml:157 data/org.gnome.Nibbles.gschema.xml:184 data/org.gnome.Nibbles.gschema.xml:211","Color to use for worm.","Цвет червячка."
"data/org.gnome.Nibbles.gschema.xml:80 data/org.gnome.Nibbles.gschema.xml:107 data/org.gnome.Nibbles.gschema.xml:134 data/org.gnome.Nibbles.gschema.xml:161 data/org.gnome.Nibbles.gschema.xml:188 data/org.gnome.Nibbles.gschema.xml:215 src/preferences-dialog.vala:98","Move up","Двигаться вверх"
"data/org.gnome.Nibbles.gschema.xml:81 data/org.gnome.Nibbles.gschema.xml:108 data/org.gnome.Nibbles.gschema.xml:135 data/org.gnome.Nibbles.gschema.xml:162 data/org.gnome.Nibbles.gschema.xml:189 data/org.gnome.Nibbles.gschema.xml:216","Key to use for motion up.","Кнопка для движения вверх."
"data/org.gnome.Nibbles.gschema.xml:85 data/org.gnome.Nibbles.gschema.xml:112 data/org.gnome.Nibbles.gschema.xml:139 data/org.gnome.Nibbles.gschema.xml:166 data/org.gnome.Nibbles.gschema.xml:193 data/org.gnome.Nibbles.gschema.xml:220 src/preferences-dialog.vala:102","Move down","Двигаться вниз"
"data/org.gnome.Nibbles.gschema.xml:86 data/org.gnome.Nibbles.gschema.xml:113 data/org.gnome.Nibbles.gschema.xml:140 data/org.gnome.Nibbles.gschema.xml:167 data/org.gnome.Nibbles.gschema.xml:194 data/org.gnome.Nibbles.gschema.xml:221","Key to use for motion down.","Кнопка для движения вниз."
"data/org.gnome.Nibbles.gschema.xml:90 data/org.gnome.Nibbles.gschema.xml:117 data/org.gnome.Nibbles.gschema.xml:144 data/org.gnome.Nibbles.gschema.xml:171 data/org.gnome.Nibbles.gschema.xml:198 data/org.gnome.Nibbles.gschema.xml:225 src/preferences-dialog.vala:106","Move left","Влево"
"data/org.gnome.Nibbles.gschema.xml:91 data/org.gnome.Nibbles.gschema.xml:118 data/org.gnome.Nibbles.gschema.xml:145 data/org.gnome.Nibbles.gschema.xml:172 data/org.gnome.Nibbles.gschema.xml:199 data/org.gnome.Nibbles.gschema.xml:226","Key to use for motion left.","Кнопка для движения влево."
"data/org.gnome.Nibbles.gschema.xml:95 data/org.gnome.Nibbles.gschema.xml:122 data/org.gnome.Nibbles.gschema.xml:149 data/org.gnome.Nibbles.gschema.xml:176 data/org.gnome.Nibbles.gschema.xml:203 data/org.gnome.Nibbles.gschema.xml:230 src/preferences-dialog.vala:110","Move right","Вправо"
"data/org.gnome.Nibbles.gschema.xml:96 data/org.gnome.Nibbles.gschema.xml:123 data/org.gnome.Nibbles.gschema.xml:150 data/org.gnome.Nibbles.gschema.xml:177 data/org.gnome.Nibbles.gschema.xml:204 data/org.gnome.Nibbles.gschema.xml:231","Key to use for motion right.","Кнопка для движения вправо."
"data/ui/controls.ui:34 data/ui/preferences-dialog.ui:80 data/ui/preferences-dialog.ui:156 data/ui/preferences-dialog.ui:232 data/ui/preferences-dialog.ui:308","Controls","Управление"
"data/ui/controls.ui:57","_Start","_Начать"
"data/ui/first-run.ui:31","Let’s _Play","Давайте _сыграем"
"data/ui/first-run.ui:65","Welcome, worms.","Добро пожаловать, червячки."
"data/ui/first-run.ui:75","Eat the treats before the other worms, but don’t hit anything!","Съешьте лакомство быстрее остальных червячков, но ни во что не врезайтесь!"
"data/ui/help-overlay.ui:31","During game setup","Настройка при запуске игры"
"data/ui/help-overlay.ui:36","Next screen","Следующий экран"
"data/ui/help-overlay.ui:44","Previous screen","Предыдущий экран"
"data/ui/help-overlay.ui:54","During a game","Во время игры"
"data/ui/help-overlay.ui:59","Start a new game","Начать новую игру"
"data/ui/help-overlay.ui:67","Pause or unpause","Приостановить или возобновить"
"data/ui/help-overlay.ui:77","Generic","Общее"
"data/ui/help-overlay.ui:82","Toggle main menu","Переключить главное меню"
"data/ui/help-overlay.ui:90","Keyboard shortcuts","Комбинации клавиш"
"data/ui/help-overlay.ui:98","Help","Справка"
"data/ui/help-overlay.ui:106","About","О приложении"
"data/ui/help-overlay.ui:114","Quit","Выход"
"data/ui/nibbles.ui:26","_Sound","З_вук"
"data/ui/nibbles.ui:33","_Scores","Резу_льтаты"
"data/ui/nibbles.ui:40","_Keyboard Shortcuts","_Комбинации клавиш"
"data/ui/nibbles.ui:45","_Help","_Справка"
"data/ui/nibbles.ui:50","_About Nibbles","_О приложении Червячки"
"data/ui/nibbles.ui:72 src/nibbles-window.vala:413","_New Game","_Новая игра"
"data/ui/nibbles.ui:84 src/nibbles-window.vala:462","_Pause","_Пауза"
"data/ui/nibbles.ui:178","Paused","Приостановлено"
"data/ui/players.ui:41","Number of players","Количество игроков"
"data/ui/players.ui:56","Select the number of human players.","Выберите количество игроков-людей."
"data/ui/players.ui:72 src/players.vala:35","_1","_1"
"data/ui/players.ui:86 src/players.vala:38","_2","_2"
"data/ui/players.ui:100 src/players.vala:41","_3","_3"
"data/ui/players.ui:114 src/players.vala:44","_4","_4"
"data/ui/players.ui:136","Select the number of computer players.","Выберите количество компьютерных игроков."
"data/ui/players.ui:198 data/ui/speed.ui:150","_Next","_Далее"
"data/ui/preferences-dialog.ui:30","Worm 1","Червячок 1"
"data/ui/preferences-dialog.ui:32","Worm 2","Червячок 2"
"data/ui/preferences-dialog.ui:34","Worm 3","Червячок 3"
"data/ui/preferences-dialog.ui:36","Worm 4","Червячок 4"
"data/ui/preferences-dialog.ui:48 data/ui/speed.ui:34","Preferences","Параметры"
"data/ui/preferences-dialog.ui:121 data/ui/preferences-dialog.ui:197 data/ui/preferences-dialog.ui:273 data/ui/preferences-dialog.ui:349","Worm color","Цвет червячка"
"data/ui/speed.ui:57","_Beginner","Для _начинающих"
"data/ui/speed.ui:74","_Slow","_Медленно"
"data/ui/speed.ui:91","_Medium","_Обычно"
"data/ui/speed.ui:108","_Fast","_Быстро"
"data/ui/speed.ui:133","_Enable fake bonuses","Разрешить _фальшивые бонусы"
"src/controls.vala:128 src/nibbles-view.vala:534 src/scoreboard.vala:32","Player %d","Игрок %d"
"src/gnome-nibbles.vala:46","Disable fake bonuses","Запретить фальшивые бонусы"
"src/gnome-nibbles.vala:52","Start at given level (1-26)","Начать с заданного уровня (1-26)"
"src/gnome-nibbles.vala:55 src/gnome-nibbles.vala:64 src/gnome-nibbles.vala:70 src/gnome-nibbles.vala:76","NUMBER","ЧИСЛО"
"src/gnome-nibbles.vala:58","Turn off the sound","Выключить звук"
"src/gnome-nibbles.vala:61","Set number of nibbles (4-6)","Установить количество червячков (4-6)"
"src/gnome-nibbles.vala:67","Set number of players (1-4)","Установить количество игроков (1-4)"
"src/gnome-nibbles.vala:73","Set worms speed (4-1, 4 for slow)","Установить скорость червячков (4-1, 4 - медленно)"
"src/gnome-nibbles.vala:79","Start playing","Начать игру"
"src/gnome-nibbles.vala:82","Turn on the sound","Включить звук"
"src/gnome-nibbles.vala:85","Show release version","Показать номер версии"
"src/gnome-nibbles.vala:118","Start level should only be between 1 and 26.","Значение начального уровня должно быть между 1 и 26."
"src/gnome-nibbles.vala:124","There could only be between 4 and 6 nibbles.","Всего может быть от 4 до 6 червячков."
"src/gnome-nibbles.vala:130","There could only be between 1 and 4 players.","Всего может быть от 1 до 4 игроков."
"src/gnome-nibbles.vala:136","Speed should be between 4 (slow) and 1 (fast).","Значение скорости должно быть числом между 4 (медленно) и 1 (быстро)."
"src/gnome-nibbles.vala:145","Options --disable-fakes (-d) and --enable-fakes (-e) are mutually exclusive.","Параметры --disable-fakes (-d) and --enable-fakes (-e) являются взаимоисключающими."
"src/gnome-nibbles.vala:286","Sean MacIsaac","Sean MacIsaac"
"src/gnome-nibbles.vala:290","Ian Peters","Ian Peters"
"src/gnome-nibbles.vala:294","Andreas Røsdal","Andreas Røsdal"
"src/gnome-nibbles.vala:298","Guillaume Beland","Guillaume Beland"
"src/gnome-nibbles.vala:302","Iulian-Gabriel Radu","Iulian-Gabriel Radu"
"src/gnome-nibbles.vala:306","Kevin Breit","Kevin Breit"
"src/gnome-nibbles.vala:310","Allan Day","Allan Day"
"src/gnome-nibbles.vala:316","A worm game for GNOME","Игра в червячка для среды GNOME"
"src/gnome-nibbles.vala:320","Copyright © 1999-2008 – Sean MacIsaac, Ian Peters, Andreas Røsdal","Copyright © 1999-2008 – Sean MacIsaac, Ian Peters, Andreas Røsdal"
"src/gnome-nibbles.vala:324","Copyright © 2009 – Guillaume Beland","Copyright © 2009 – Guillaume Beland"
"src/gnome-nibbles.vala:328","Copyright © %u-%u – Iulian-Gabriel Radu","Copyright © %u-%u – Iulian-Gabriel Radu"
"src/gnome-nibbles.vala:334","translator-credits","Stas Solovey <whats_up@tut.by>, 2016.
Ivan Komaritsyn <vantu5z@mail.ru>, 2015.
Yuri Myasoedov <ymyasoedov@yandex.ru>, 2012-2015.
Ser82-png <sw@atrus.ru>, 2022."
"src/nibbles-view.vala:898","red","красный"
"src/nibbles-view.vala:900","green","зелёный"
"src/nibbles-view.vala:902","blue","синий"
"src/nibbles-view.vala:904","yellow","жёлтый"
"src/nibbles-view.vala:906","cyan","бирюзовый"
"src/nibbles-view.vala:908","purple","фиолетовый"
"src/nibbles-window.vala:405","Are you sure you want to start a new game?","Уверены, что хотите начать новую игру?"
"src/nibbles-window.vala:409","If you start a new game, the current one will be lost.","Если вы начнёте новую игру, текущая игра будет потеряна."
"src/nibbles-window.vala:457","_Resume","_Возобновить"
"src/nibbles-window.vala:664 src/nibbles-window.vala:882","Level %d","Уровень %d"
"src/nibbles-window.vala:737","Beginner","Для начинающих"
"src/nibbles-window.vala:739","Slow","Медленно"
"src/nibbles-window.vala:741","Medium","Обычно"
"src/nibbles-window.vala:743","Fast","Быстро"
"src/nibbles-window.vala:745","Beginner with Fakes","Для начинающих, но с фальшивками"
"src/nibbles-window.vala:747","Slow with Fakes","Медленно и с фальшивками"
"src/nibbles-window.vala:749","Medium with Fakes","Обычно и с фальшивками"
"src/nibbles-window.vala:751","Fast with Fakes","Быстро и с фальшивками"
"src/nibbles-window.vala:756","Difficulty Level:","Уровень сложности:"
"src/nibbles-window.vala:862","Level %d Completed!","Уровень %d завершён!"
"src/nibbles-window.vala:870","_Next Level","_Следующий уровень"
"src/nibbles-window.vala:934","Congratulations!","Поздравляем!"
"src/nibbles-window.vala:938","Game Over!","Игра окончена!"
"src/nibbles-window.vala:946","You have completed the game.","Вы прошли игру."
"src/nibbles-window.vala:953","%d Point
msgid_plural: %d Points","msgstr[0]: %d очко
msgstr[1]: %d очка
msgstr[2]: %d очков"
"src/nibbles-window.vala:964","(%ld more points to reach the leaderboard)","(до попадания на доску почёта осталось набрать очков: %ld)"
"src/nibbles-window.vala:971","_Play Again","_Сыграть ещё раз"
"src/players.vala:32","_0","_0"
"src/players.vala:47","_5","_5"
"src/preferences-dialog.vala:114","Action","Действие"
"src/preferences-dialog.vala:122","Key","Клавиша"
"src/preferences-dialog.vala:192","The key you selected is already assigned!","Выбранная клавиша уже используется!"
"src/preferences-dialog.vala:195","_Set anyway","Всё равно _установить"
