"location","source","target"
"","po header","Project-Id-Version: gnome-utils trunk
Report-Msgid-Bugs-To: https://gitlab.gnome.org/GNOME/gnome-font-viewer/issues
POT-Creation-Date: 2022-05-07 17:26+0000
PO-Revision-Date: 2022-02-12 11:14+0300
Last-Translator: Aleksandr Melman <Alexmelman88@gmail.com>
Language-Team: Русский <gnome-cyr@gnome.org>
Language: ru
MIME-Version: 1.0
Content-Type: text/plain; charset=UTF-8
Content-Transfer-Encoding: 8bit
Plural-Forms: nplurals=3; plural=(n%10==1 && n%100!=11 ? 0 : n%10>=2 && n%10<=4 && (n%100<10 || n%100>=20) ? 1 : 2);
10<=4 && (n%100<10 || n%100>=20) ? 1: 2);
X-Generator: Poedit 3.0.1
"
"data/org.gnome.font-viewer.appdata.xml.in:6 src/font-view.c:1166 src/org.gnome.font-viewer.desktop.in.in:3","Fonts","Шрифты"
"data/org.gnome.font-viewer.appdata.xml.in:7 src/font-view.c:1167 src/org.gnome.font-viewer.desktop.in.in:4","View fonts on your system","Просмотр шрифтов, доступных в системе"
"data/org.gnome.font-viewer.appdata.xml.in:9","Fonts shows you the fonts installed on your computer for your use as thumbnails. Selecting any thumbnails shows the full view of how the font would look under various sizes.","Приложение «Шрифты» показывает установленные на вашем компьютере шрифты в виде миниатюр. Выбор миниатюры открывает подробный режим просмотра шрифта, как будет выглядеть шрифт при различных размерах."
"data/org.gnome.font-viewer.appdata.xml.in:15","Fonts also supports installing new font files downloaded in the .ttf and other formats. Fonts may be installed only for your use or made available to all users on the computer.","Приложение «Шрифты» также поддерживает установку новых шрифтов из файлов формата .ttf и прочих форматов. Шрифты можно установить для текущего пользователя или для всех пользователей компьютера."
"data/org.gnome.font-viewer.appdata.xml.in:21","The GNOME Project","Проект GNOME"
"src/font-thumbnailer.c:181","Text to thumbnail (default: Aa)","Текст для миниатюры (по умолчанию: Аа)"
"src/font-thumbnailer.c:181","TEXT","ТЕКСТ"
"src/font-thumbnailer.c:183","Thumbnail size (default: 128)","Размер миниатюры (по умолчанию: 128)"
"src/font-thumbnailer.c:183","SIZE","РАЗМЕР"
"src/font-thumbnailer.c:185","FONT-FILE OUTPUT-FILE","ФАЙЛ-ШРИФТА ФАЙЛ-ВЫВОДА"
"src/font-view-app-menu.ui:6","About Fonts","О приложении"
"src/font-view.c:205","GNOME Fonts","Шрифты GNOME"
"src/font-view.c:212","Show the application's version","Показать версию приложения"
"src/font-view.c:327","%s %g — %g, default %g","%s %g — %g, по умолчанию %g"
"src/font-view.c:378","Instance %d","Экземпляр %d"
"src/font-view.c:418",", ",", "
"src/font-view.c:443","Name","Название"
"src/font-view.c:446","Location","Расположение"
"src/font-view.c:449","Style","Стиль"
"src/font-view.c:459","Type","Тип"
"src/font-view.c:525 src/font-view.c:551","Version","Версия"
"src/font-view.c:529 src/font-view.c:556","Copyright","Авторское право"
"src/font-view.c:533","Description","Описание"
"src/font-view.c:537","Manufacturer","Производитель"
"src/font-view.c:541","Designer","Дизайнер"
"src/font-view.c:545","License","Лицензия"
"src/font-view.c:568","Glyph Count","Количество глифов"
"src/font-view.c:570","Color Glyphs","Цветные глифы"
"src/font-view.c:571","yes","да"
"src/font-view.c:571","no","нет"
"src/font-view.c:575","Layout Features","Особенности макета"
"src/font-view.c:581","Variation Axes","Вариационные оси"
"src/font-view.c:588","Named Styles","Именованные стили"
"src/font-view.c:600","Failed","Ошибка"
"src/font-view.c:609","Installed","Установлено"
"src/font-view.c:614","Installing","Установка"
"src/font-view.c:617 src/font-view.c:978","Install","Установить"
"src/font-view.c:739","This font could not be installed.","Этот шрифт не удалось установить."
"src/font-view.c:874","This font could not be displayed.","Невозможно показать этот шрифт."
"src/font-view.c:992","Info","Информация"
"src/font-view.c:1008","Back","Назад"
"src/font-view.c:1090","All Fonts","Все шрифты"
"src/font-view.c:1170","translator-credits","Юрий Мясоедов <ymyasoedov@yandex.ru>, 2012-2014.
Станислав Соловей <whats_up@tut.by>, 2015-2018."
"src/org.gnome.font-viewer.desktop.in.in:6","fonts;fontface;","шрифты;начертание;шрифта;"
"src/open-type-layout.h:13","Access All Alternates","Доступ ко всем альтернативам"
"src/open-type-layout.h:14","Above-base Forms","Формы над базовой линией"
"src/open-type-layout.h:15","Above-base Mark Positioning","Позиционирование тире над базовой линией"
"src/open-type-layout.h:16","Above-base Substitutions","Подстановки над базовой линией"
"src/open-type-layout.h:17","Alternative Fractions","Альтернативные фракции"
"src/open-type-layout.h:18","Akhands","Ахандс"
"src/open-type-layout.h:19","Below-base Forms","Формы под базовой линией"
"src/open-type-layout.h:20","Below-base Mark Positioning","Позиционирование тире под базовой линией"
"src/open-type-layout.h:21","Below-base Substitutions","Подстановки под базовой линией"
"src/open-type-layout.h:22","Contextual Alternates","Контекстуальные альтернативы"
"src/open-type-layout.h:23","Case-Sensitive Forms","Чувствительные к регистру формы"
"src/open-type-layout.h:24","Glyph Composition / Decomposition","Составление / разложение глифа"
"src/open-type-layout.h:25","Conjunct Form After Ro","Связанная форма после знака «Ro»"
"src/open-type-layout.h:26","Conjunct Forms","Связанные формы"
"src/open-type-layout.h:27","Contextual Ligatures","Контекстуальные лигатуры"
"src/open-type-layout.h:28","Centered CJK Punctuation","Центрированная пунктуация CJK"
"src/open-type-layout.h:29","Capital Spacing","Промежуток между заглавными"
"src/open-type-layout.h:30","Contextual Swash","Контекстный орнамент"
"src/open-type-layout.h:31","Cursive Positioning","Позиционирование Курсива"
"src/open-type-layout.h:32","Petite Capitals From Capitals","Маленькие заглавные из заглавных"
"src/open-type-layout.h:33","Small Capitals From Capitals","Малые заглавные из заглавных"
"src/open-type-layout.h:34","Character Variation 1","Вариант символа 1"
"src/open-type-layout.h:35","Character Variation 2","Вариант символа 2"
"src/open-type-layout.h:36","Character Variation 3","Вариант символа 3"
"src/open-type-layout.h:37","Character Variation 4","Вариант символа 4"
"src/open-type-layout.h:38","Character Variation 5","Вариант символа 5"
"src/open-type-layout.h:39","Character Variation 6","Вариант символа 6"
"src/open-type-layout.h:40","Character Variation 7","Вариант символа 7"
"src/open-type-layout.h:41","Character Variation 8","Вариант символа 8"
"src/open-type-layout.h:42","Character Variation 9","Вариант символа 9"
"src/open-type-layout.h:43","Character Variation 10","Вариант символа 10"
"src/open-type-layout.h:44","Character Variation 11","Вариант символа 11"
"src/open-type-layout.h:45","Character Variation 12","Вариант символа 12"
"src/open-type-layout.h:46","Character Variation 13","Вариант символа 13"
"src/open-type-layout.h:47","Character Variation 14","Вариант символа 14"
"src/open-type-layout.h:48","Character Variation 15","Вариант символа 15"
"src/open-type-layout.h:49","Character Variation 16","Вариант символа 16"
"src/open-type-layout.h:50","Character Variation 17","Вариант символа 17"
"src/open-type-layout.h:51","Character Variation 18","Вариант символа 18"
"src/open-type-layout.h:52","Character Variation 19","Вариант символа 19"
"src/open-type-layout.h:53","Distances","Дистанции"
"src/open-type-layout.h:54","Discretionary Ligatures","Необязательные лигатуры"
"src/open-type-layout.h:55","Denominators","Знаменатели"
"src/open-type-layout.h:56","Dotless Forms","Бесточечные формы"
"src/open-type-layout.h:57","Expert Forms","Экспертные формы"
"src/open-type-layout.h:58","Final Glyph on Line Alternates","Окончательный глиф на альтернативных линиях"
"src/open-type-layout.h:59","Terminal Forms #2","Терминальные формы №2"
"src/open-type-layout.h:60","Terminal Forms #3","Терминальные формы №3"
"src/open-type-layout.h:61","Terminal Forms","Терминальные формы"
"src/open-type-layout.h:62","Flattened accent forms","Плоские формы ударения"
"src/open-type-layout.h:63","Fractions","Дроби"
"src/open-type-layout.h:64","Full Widths","Полные ширины"
"src/open-type-layout.h:65","Half Forms","Полуформы"
"src/open-type-layout.h:66","Halant Forms","Формы Halant"
"src/open-type-layout.h:67","Alternate Half Widths","Альтернативная половинная ширина"
"src/open-type-layout.h:68","Historical Forms","Исторические формы"
"src/open-type-layout.h:69","Horizontal Kana Alternates","Горизонтальные альтернативы кана"
"src/open-type-layout.h:70","Historical Ligatures","Исторические лигатуры"
"src/open-type-layout.h:71","Hangul","Хангыль"
"src/open-type-layout.h:72","Hojo Kanji Forms","Формы кандзи Ходзё"
"src/open-type-layout.h:73","Half Widths","Половинная ширина"
"src/open-type-layout.h:74","Initial Forms","Начальные формы"
"src/open-type-layout.h:75","Isolated Forms","Изолированные формы"
"src/open-type-layout.h:76","Italics","Курсив"
"src/open-type-layout.h:77","Justification Alternates","Альтернативы выравнивания"
"src/open-type-layout.h:78","JIS78 Forms","Формы JIS78"
"src/open-type-layout.h:79","JIS83 Forms","Формы JIS83"
"src/open-type-layout.h:80","JIS90 Forms","Формы JIS90"
"src/open-type-layout.h:81","JIS2004 Forms","Формы JIS2004"
"src/open-type-layout.h:82","Kerning","Кернинг"
"src/open-type-layout.h:83","Left Bounds","Левые границы"
"src/open-type-layout.h:84","Standard Ligatures","Стандартные лигатуры"
"src/open-type-layout.h:85","Leading Jamo Forms","Ведущие формы Jamo"
"src/open-type-layout.h:86","Lining Figures","Фигуры подкладок"
"src/open-type-layout.h:87","Localized Forms","Локализованные формы"
"src/open-type-layout.h:88","Left-to-right alternates","Чередование слева направо"
"src/open-type-layout.h:89","Left-to-right mirrored forms","Зеркальные формы слева направо"
"src/open-type-layout.h:90","Mark Positioning","Позиционирование маркера"
"src/open-type-layout.h:91","Medial Forms #2","Медиальные формы №2"
"src/open-type-layout.h:92","Medial Forms","Медиальные формы"
"src/open-type-layout.h:93","Mathematical Greek","Математический греческий язык"
"src/open-type-layout.h:94","Mark to Mark Positioning","Позиционирование от метки к метке"
"src/open-type-layout.h:95","Mark Positioning via Substitution","Позиционирование метки через замену"
"src/open-type-layout.h:96","Alternate Annotation Forms","Альтернативные формы аннотаций"
"src/open-type-layout.h:97","NLC Kanji Forms","Формы кандзи NLC"
"src/open-type-layout.h:98","Nukta Forms","Формы нукта"
"src/open-type-layout.h:99","Numerators","Числители"
"src/open-type-layout.h:100","Oldstyle Figures","Фигуры в старом стиле"
"src/open-type-layout.h:101","Optical Bounds","Оптические границы"
"src/open-type-layout.h:102","Ordinals","Ординалы"
"src/open-type-layout.h:103","Ornaments","Орнаменты"
"src/open-type-layout.h:104","Proportional Alternate Widths","Пропорциональная альтернативная ширина"
"src/open-type-layout.h:105","Petite Capitals","Маленькие заглавные"
"src/open-type-layout.h:106","Proportional Kana","Пропорциональная кана"
"src/open-type-layout.h:107","Proportional Figures","Пропорциональные фигуры"
"src/open-type-layout.h:108","Pre-Base Forms","Предварительные формы"
"src/open-type-layout.h:109","Pre-base Substitutions","Замены предварительной формы"
"src/open-type-layout.h:110","Post-base Forms","Постбазовые формы"
"src/open-type-layout.h:111","Post-base Substitutions","Пост-базовые замены"
"src/open-type-layout.h:112","Proportional Widths","Пропорциональные ширины"
"src/open-type-layout.h:113","Quarter Widths","Четвертичная ширина"
"src/open-type-layout.h:114","Randomize","Случайно"
"src/open-type-layout.h:115","Required Contextual Alternates","Необходимые контекстуальные альтернативы"
"src/open-type-layout.h:116","Rakar Forms","Ракарские формы"
"src/open-type-layout.h:117","Required Ligatures","Необходимые лигатуры"
"src/open-type-layout.h:118","Reph Forms","Формы рефов"
"src/open-type-layout.h:119","Right Bounds","Правые границы"
"src/open-type-layout.h:120","Right-to-left alternates","Чередование справа налево"
"src/open-type-layout.h:121","Right-to-left mirrored forms","Зеркальные формы справа налево"
"src/open-type-layout.h:122","Ruby Notation Forms","Формы нотации Ruby"
"src/open-type-layout.h:123","Required Variation Alternates","Требуемые альтернативные варианты"
"src/open-type-layout.h:124","Stylistic Alternates","Стилистические альтернативы"
"src/open-type-layout.h:125","Scientific Inferiors","Научные инферы"
"src/open-type-layout.h:126","Optical size","Оптический размер"
"src/open-type-layout.h:127","Small Capitals","Маленькие заглавные"
"src/open-type-layout.h:128","Simplified Forms","Упрощенные формы"
"src/open-type-layout.h:129","Stylistic Set 1","Стилистический набор 1"
"src/open-type-layout.h:130","Stylistic Set 2","Стилистический набор 2"
"src/open-type-layout.h:131","Stylistic Set 3","Стилистический набор 3"
"src/open-type-layout.h:132","Stylistic Set 4","Стилистический набор 4"
"src/open-type-layout.h:133","Stylistic Set 5","Стилистический набор 5"
"src/open-type-layout.h:134","Stylistic Set 6","Стилистический набор 6"
"src/open-type-layout.h:135","Stylistic Set 7","Стилистический набор 7"
"src/open-type-layout.h:136","Stylistic Set 8","Стилистический набор 8"
"src/open-type-layout.h:137","Stylistic Set 9","Стилистический набор 9"
"src/open-type-layout.h:138","Stylistic Set 10","Стилистический набор 10"
"src/open-type-layout.h:139","Stylistic Set 11","Стилистический набор 11"
"src/open-type-layout.h:140","Stylistic Set 12","Стилистический набор 12"
"src/open-type-layout.h:141","Stylistic Set 13","Стилистический набор 13"
"src/open-type-layout.h:142","Stylistic Set 14","Стилистический набор 14"
"src/open-type-layout.h:143","Stylistic Set 15","Стилистический набор 15"
"src/open-type-layout.h:144","Stylistic Set 16","Стилистический набор 16"
"src/open-type-layout.h:145","Stylistic Set 17","Стилистический набор 17"
"src/open-type-layout.h:146","Stylistic Set 18","Стилистический набор 18"
"src/open-type-layout.h:147","Stylistic Set 19","Стилистический набор 19"
"src/open-type-layout.h:148","Stylistic Set 20","Стилистический набор 20"
"src/open-type-layout.h:149","Math script style alternates","Чередование стилей математического шрифта"
"src/open-type-layout.h:150","Stretching Glyph Decomposition","Декомпозиция глифов в растянутом виде"
"src/open-type-layout.h:151","Subscript","Подстрочный индекс"
"src/open-type-layout.h:152","Superscript","Надстрочный индекс"
"src/open-type-layout.h:153","Swash","Наклонный"
"src/open-type-layout.h:154","Titling","Титулование"
"src/open-type-layout.h:155","Trailing Jamo Forms","Trailing Jamo Forms"
"src/open-type-layout.h:156","Traditional Name Forms","Традиционные формы имени"
"src/open-type-layout.h:157","Tabular Figures","Табличные рисунки"
"src/open-type-layout.h:158","Traditional Forms","Традиционные формы"
"src/open-type-layout.h:159","Third Widths","Третья ширина"
"src/open-type-layout.h:160","Unicase","Без регистра"
"src/open-type-layout.h:161","Alternate Vertical Metrics","Альтернативные вертикальные метрики"
"src/open-type-layout.h:162","Vattu Variants","Варианты ватту"
"src/open-type-layout.h:163","Vertical Writing","Вертикальное письмо"
"src/open-type-layout.h:164","Alternate Vertical Half Metrics","Альтернативные вертикальные половинные метрики"
"src/open-type-layout.h:165","Vowel Jamo Forms","Гласные формы джамо"
"src/open-type-layout.h:166","Vertical Kana Alternates","Вертикальные альтернативы каны"
"src/open-type-layout.h:167","Vertical Kerning","Вертикальное кернинг"
"src/open-type-layout.h:168","Proportional Alternate Vertical Metrics","Пропорциональные альтернативные вертикальные метрики"
"src/open-type-layout.h:169","Vertical Alternates and Rotation","Вертикальные альтернативы и вращение"
"src/open-type-layout.h:170","Vertical Alternates for Rotation","Вертикальные альтернативы для вращения"
"src/open-type-layout.h:171","Slashed Zero","Срезанный ноль"
