"location","source","target"
"","po header","Project-Id-Version: gnome-taquin master
Report-Msgid-Bugs-To: https://gitlab.gnome.org/GNOME/gnome-taquin/issues
POT-Creation-Date: 2022-01-08 16:46+0000
PO-Revision-Date: 2022-01-08 11:22+1000
Last-Translator: Ser82-png
Language-Team: Русский <gnome-cyr@gnome.org>
Language: ru
MIME-Version: 1.0
Content-Type: text/plain; charset=UTF-8
Content-Transfer-Encoding: 8bit
Plural-Forms: nplurals=3; plural=(n%10==1 && n%100!=11 ? 0 : n%10>=2 && n%10<=4 && (n%100<10 || n%100>=20) ? 1 : 2);
X-Generator: Poedit 2.3
"
"data/org.gnome.Taquin.appdata.xml.in:7","GNOME Taquin","Пятнашки GNOME"
"data/org.gnome.Taquin.appdata.xml.in:8 data/org.gnome.Taquin.desktop.in:9","Slide tiles to their correct places","Передвиньте костяшки на свои места"
"data/org.gnome.Taquin.appdata.xml.in:10","Taquin is a computer version of the 15-puzzle and other sliding puzzles.","Пятнашки — компьютерная версия игры с 15 и более скользящими костяшками."
"data/org.gnome.Taquin.appdata.xml.in:13","The object of Taquin is to move tiles so that they reach their places, either indicated with numbers, or with parts of a great image.","Цель игры — передвинуть костяшки так, чтобы они заняли свои места, сложив последовательность чисел или целое изображение."
"data/org.gnome.Taquin.appdata.xml.in:21","A GNOME taquin game preview","Предварительный просмотр игры Пятнашки GNOME"
"data/org.gnome.Taquin.appdata.xml.in:37","The GNOME Project","Проект GNOME"
"data/org.gnome.Taquin.desktop.in:3 src/taquin-main.vala:26","Taquin","Пятнашки"
"data/org.gnome.Taquin.desktop.in:7","15-puzzle","15-костяшек"
"data/org.gnome.Taquin.desktop.in:11","puzzle;","puzzle;головоломка;пятнашки;пазлы;"
"data/org.gnome.Taquin.desktop.in:24 src/taquin-main.vala:191 src/taquin-main.vala:379","15-Puzzle","15-костяшек"
"data/org.gnome.Taquin.desktop.in:29 src/taquin-main.vala:195 src/taquin-main.vala:382","16-Puzzle","16-костяшек"
"data/org.gnome.Taquin.gschema.xml:6","A flag to follow system night light","Флаг для системного ночного освещения"
"data/org.gnome.Taquin.gschema.xml:8","Use GNOME night light setting to activate night-mode.","Используйте настройки ночного освещения GNOME, чтобы активировать ночной режим."
"data/org.gnome.Taquin.gschema.xml:15","The width of the window","Ширина окна"
"data/org.gnome.Taquin.gschema.xml:17","The width of the main window in pixels.","Требуемая ширина основного окна, в пикселях."
"data/org.gnome.Taquin.gschema.xml:24","The height of the window","Высота окна"
"data/org.gnome.Taquin.gschema.xml:26","The height of the main window in pixels.","Требуемая высота основного, в пикселах."
"data/org.gnome.Taquin.gschema.xml:31","A flag to enable maximized mode","Флаг для включения развернутого режима"
"data/org.gnome.Taquin.gschema.xml:33","If “true”, the main window starts in maximized mode.","Если “true”, главное окно запускается в развернутом режиме."
"data/org.gnome.Taquin.gschema.xml:51","Number of tiles on each edge.","Количество костяшек по каждой стороне."
"data/org.gnome.Taquin.gschema.xml:53","The game offers to play with a board size from 3 to 5. The setting could be set from 2 (good for testing) to 9, limited by the way files are selected.","Игра предлагает сыграть с размером поля от 3 до 5. Можно установить от 2 (хорошо для тестирования) до 9, ограничено по методу выбора файлов."
"data/org.gnome.Taquin.gschema.xml:58","Name of the theme folder.","Имя папки с темами."
"data/org.gnome.Taquin.gschema.xml:60","Taquin has two default themes: 'cats' and 'numbers'.","В Taquin есть две темы по умолчанию: «кошки» и «числа»."
"data/org.gnome.Taquin.gschema.xml:65","Sound","Звук"
"data/org.gnome.Taquin.gschema.xml:67","Whether or not to play event sounds.","Определяет озвучивать события или нет."
"data/ui/base-headerbar.ui:113","Actions","Действия"
"data/ui/base-headerbar.ui:115","Current view actions","Действия с текущей панелью просмотра"
"data/ui/game-headerbar.ui:29","Start a new game","Начать новую игру"
"data/ui/game-headerbar.ui:38","_New Game","_Новая игра"
"data/ui/game-headerbar.ui:52","Go back to the current game","Вернуться к текущей игре"
"data/ui/help-overlay.ui:29","During game selection","Во время выбора игры"
"data/ui/help-overlay.ui:34","Start new game","Начать новую игру"
"data/ui/help-overlay.ui:42","Go back","Вернуться"
"data/ui/help-overlay.ui:52","During a game","Во время игры"
"data/ui/help-overlay.ui:57","New game","Новая игра"
"data/ui/help-overlay.ui:65","Restart game","_Начать игру заново"
"data/ui/help-overlay.ui:73","Undo last move","Отменить последний ход"
"data/ui/help-overlay.ui:81","Toggle game menu","Переключить меню игры"
"data/ui/help-overlay.ui:91","15-Puzzle","15-костяшек"
"data/ui/help-overlay.ui:96","Select tile to push on","Выбрать костяшку для нажатия"
"data/ui/help-overlay.ui:104","Push on selected tile","Нажать на выбранную костяшку"
"data/ui/help-overlay.ui:114","16-Puzzle","16-костяшек"
"data/ui/help-overlay.ui:119","Change selected column","Изменить выбранный столбец"
"data/ui/help-overlay.ui:127","Change selected row","Изменить выбранный ряд"
"data/ui/help-overlay.ui:135","Swipe selected row","Переместить выбранный ряд"
"data/ui/help-overlay.ui:143","Swipe selected column","Переместить выбранный столбец"
"data/ui/help-overlay.ui:153","Generic","Общее"
"data/ui/help-overlay.ui:158","Toggle main menu","Переключить главное меню"
"data/ui/help-overlay.ui:166","Keyboard shortcuts","Комбинации клавиш"
"data/ui/help-overlay.ui:174","Help","Справка"
"data/ui/help-overlay.ui:182","About","О приложении"
"data/ui/help-overlay.ui:190","Quit","Выход"
"data/ui/history-button.ui:31","History","Журнал"
"data/ui/history-button.ui:33","Game history menu","Меню игрового журнала"
"data/ui/new-game-screen.ui:32","Game","Игра"
"data/ui/new-game-screen.ui:88","Options","Параметры"
"src/about-list.vala:44 src/base-headerbar.vala:288","About","О приложении"
"src/about-list.vala:46","Credits","Благодарности"
"src/about-list.vala:135","GNU General Public License
version 3 or later","GNU General Public License
вестия 3 или более новая"
"src/about-list.vala:154","Creators","Авторы"
"src/about-list.vala:161","Documenters","Авторы документации"
"src/about-list.vala:166","Translators","Переводчики"
"src/about-list.vala:172","Artists","Художники"
"src/adaptative-window.vala:149","Pause night mode","Преостановить ночной режим"
"src/adaptative-window.vala:153","Reuse night mode","Повторно использовать ночной режим"
"src/adaptative-window.vala:157","Use night mode","Использовать ночной режим"
"src/base-headerbar.vala:116","_Keyboard Shortcuts","_Комбинации клавиш"
"src/base-headerbar.vala:125","_Help","_Справка"
"src/game-headerbar.vala:193","_Sound","З_вук"
"src/game-view.vala:58","_Start Game","_Начать игру"
"src/game-window.vala:228","Already on initial position.","Уже в исходном положении."
"src/history-button.vala:70","_Undo","_Отменить"
"src/history-button.vala:73","_Restart","_Начать заново"
"src/history-button.vala:84","Best score: %s","Лучший результат: %s"
"src/history-button.vala:115","Bravo! You improved your best score!","Браво! Вы улучшили свой лучший результат!"
"src/history-button.vala:122","Bravo! You equalized your best score.","Браво! Вы сравняли свой лучший результат."
"src/history-button.vala:129","Bravo! You finished the game again.","Браво! Вы снова прошли игру."
"src/history-button.vala:138","Bravo! You finished the game!","Браво! Вы закончили игру!"
"src/new-game-screen.vala:95","Size: %d × %d ▾","Размер: %d × %d ▾"
"src/taquin-main.vala:52","Play the classical 1880s’ 15-puzzle","Играть в классическую игру Пятнашки 1880-ых годов"
"src/taquin-main.vala:55","Try this fun alternative 16-puzzle","Попробуйте забавную альтернативу - 16-костяшек"
"src/taquin-main.vala:58","Sets the puzzle edges’ size (3-5, 2-9 for debug)","Задаёт соотношение сторон головоломки (3-5, 2-9 для отладки)"
"src/taquin-main.vala:61","SIZE","РАЗМЕР"
"src/taquin-main.vala:64","Turn off the sound","Выключить звук"
"src/taquin-main.vala:67","Turn on the sound","Включить звук"
"src/taquin-main.vala:70","Print release version and exit","Показать номер версии и выйти"
"src/taquin-main.vala:161 src/taquin-main.vala:172","3 × 3	1 minute","3 × 3	1 минута"
"src/taquin-main.vala:164","4 × 4	5 minutes","4 × 4	5 минут"
"src/taquin-main.vala:167","5 × 5	15 minutes","5 × 5	15 минут"
"src/taquin-main.vala:175","4 × 4	3 minutes","4 × 4	3 минут"
"src/taquin-main.vala:178","5 × 5	5 minutes","5 × 5	5 минут"
"src/taquin-main.vala:183","Cats","Кошки"
"src/taquin-main.vala:187","Numbers","Числа"
"src/taquin-main.vala:218","About Taquin","О приложении Пятнашки"
"src/taquin-main.vala:440","You can’t move this tile!","Вы не можете подвинуть эту костяшку!"
"src/taquin-main.vala:449","Use Shift and an arrow to move tiles!","Используйте Shift и стрелку для перемещения костяшки!"
"src/taquin-main.vala:453","Click on the arrows to move tiles!","Нажимайте на стрелки, чтобы перемещать костяшки!"
"src/taquin-main.vala:530","Theme: Cats ▾","Тема: Кошки ▾"
"src/taquin-main.vala:533","Theme: Numbers ▾","Тема: Числа ▾"
"src/taquin-main.vala:536","Theme: %s ▾","Тема: %s ▾"
"src/taquin-main.vala:648","A classic 15-puzzle game","Классическая игра в пятнашки (15-костяшек)"
"src/taquin-main.vala:652","Abelard (Wikimedia)","Abelard (Wikimedia)"
"src/taquin-main.vala:652","Alvesgaspar (Wikimedia)","Alvesgaspar (Wikimedia)"
"src/taquin-main.vala:652","Mueller-rech.muenchen (Wikimedia)","Mueller-rech.muenchen (Wikimedia)"
"src/taquin-main.vala:653","Ruskis (Wikimedia)","Ruskis (Wikimedia)"
"src/taquin-main.vala:653","Toyah (Wikimedia)","Toyah (Wikimedia)"
"src/taquin-main.vala:656","(see COPYING.themes for information)","(смотрите COPYING.themes для информации)"
"src/taquin-main.vala:660 src/taquin-main.vala:668","Arnaud Bonatti","Arnaud Bonatti"
"src/taquin-main.vala:664","Copyright © %u-%u – Arnaud Bonatti","Copyright © %u-%u – Arnaud Bonatti"
"src/taquin-main.vala:673","translator-credits","Ivan Komaritsyn <vantu5z@mail.ru>, 2015.
Stas Solovey <whats_up@tut.by>, 2015-2016.
Ser82-png"
"src/taquin-main.vala:678","Page on GNOME wiki","Страница на GNOME wiki"
