"location","source","target"
"","po header","Project-Id-Version: grilo-plugins master
Report-Msgid-Bugs-To: https://gitlab.gnome.org/GNOME/grilo-plugins/issues
POT-Creation-Date: 2022-05-22 10:50+0000
PO-Revision-Date: 2021-06-28 13:11+0300
Last-Translator: Alexey Rubtsov <rushills@gmail.com>
Language-Team: русский <gnome-cyr@gnome.org>
Language: ru
MIME-Version: 1.0
Content-Type: text/plain; charset=UTF-8
Content-Transfer-Encoding: 8bit
Plural-Forms: nplurals=3; plural=(n%10==1 && n%100!=11 ? 0 : n%10>=2 && n%10<=4 && (n%100<10 || n%100>=20) ? 1 : 2);
X-Generator: Poedit 3.0
"
"src/bookmarks/grl-bookmarks.c:60","Bookmarks","Закладки"
"src/bookmarks/grl-bookmarks.c:61","A source for organizing media bookmarks","Источник для организации закладок к медиаконтенту"
"src/bookmarks/grl-bookmarks.c:427","Failed to get bookmark metadata","Не удалось получить метаданные закладки"
"src/bookmarks/grl-bookmarks.c:457 src/bookmarks/grl-bookmarks.c:474","Failed to find bookmarks: %s","Не удалось найти закладки: %s"
"src/bookmarks/grl-bookmarks.c:626 src/podcasts/grl-podcasts.c:823 src/podcasts/grl-podcasts.c:855 src/podcasts/grl-podcasts.c:887","Failed to remove: %s","Не удалось удалить: %s"
"src/bookmarks/grl-bookmarks.c:768 src/podcasts/grl-podcasts.c:928 src/podcasts/grl-podcasts.c:961 src/podcasts/grl-podcasts.c:1813","Failed to store: %s","Не удалось сохранить: %s"
"src/bookmarks/grl-bookmarks.c:842 src/bookmarks/grl-bookmarks.c:877 src/bookmarks/grl-bookmarks.c:908 src/bookmarks/grl-bookmarks.c:966 src/metadata-store/grl-metadata-store.c:874 src/podcasts/grl-podcasts.c:1669 src/podcasts/grl-podcasts.c:1713 src/podcasts/grl-podcasts.c:1747 src/podcasts/grl-podcasts.c:1782","No database connection","Соединение с базой данных отсутствует"
"src/chromaprint/grl-chromaprint.c:41","A plugin to get metadata using gstreamer framework","Плагин для получения метаданных с помощью фреймворка gstreamer"
"src/dleyna/grl-dleyna-source.c:34","A source for browsing the DLNA server “%s”","Источник для просмотра DLNA-сервера «%s»"
"src/dleyna/grl-dleyna-source.c:279","Upload failed, target source destroyed","Сбой при выгрузке, целевой источник разрушен"
"src/dleyna/grl-dleyna-source.c:382","Upload failed, “%s”, transferred %lu of %lu bytes","Загрузка не удалась, «%s», передано %lu из %lu байт"
"src/dleyna/grl-dleyna-source.c:933","Failed to retrieve item properties (BrowseObjects error %d: %s)","Сбой при получении свойств элемента (ошибка BrowseObjects %d: %s)"
"src/dleyna/grl-dleyna-source.c:1572","Upload failed, URL missing on the media object to be transferred","Сбой при выгрузке, не указан URL для передаваемого медиаобъекта"
"src/dmap/grl-daap.c:51","A source for browsing the DAAP server “%s”","Источник для просмотра сервера DAAP «%s»"
"src/dmap/grl-daap-db.c:66 src/magnatune/grl-magnatune.c:122","Albums","Альбомы"
"src/dmap/grl-daap-db.c:68 src/magnatune/grl-magnatune.c:121","Artists","Исполнители"
"src/dmap/grl-daap-db.c:291 src/magnatune/grl-magnatune.c:866","Invalid container identifier %s","Некорректный идентификатор контейнера %s"
"src/dmap/grl-dpap.c:51","A source for browsing the DPAP server “%s”","Источник для просмотра сервера DPAP «%s»"
"src/dmap/grl-dpap-db.c:40","Photos","Фотографии"
"src/filesystem/grl-filesystem.c:58","Filesystem","Файловая система"
"src/filesystem/grl-filesystem.c:59","A source for browsing the filesystem","Источник для обзора файловой системы"
"src/filesystem/grl-filesystem.c:1171","File %s does not exist","Файл %s не существует"
"src/filesystem/grl-filesystem.c:1249 src/youtube/grl-youtube.c:1505","Cannot get media from %s","Не удалось получить медиаконтент из %s"
"src/flickr/grl-flickr.c:58","A source for browsing and searching Flickr photos","Источник для обзор и поиска фотографий Flickr"
"src/flickr/grl-flickr.c:62","%s’s Flickr","Flickr пользователя %s"
"src/flickr/grl-flickr.c:64","A source for browsing and searching %s’s flickr photos","Источник для просмотра и поиска фотографий %s на flickr"
"src/freebox/grl-freebox.c:48","Freebox TV","Freebox TV"
"src/freebox/grl-freebox.c:49","A source for browsing Freebox TV channels","Источник для просмотра каналов Freebox TV"
"src/freebox/grl-freebox.c:52","Freebox Radio","Радио Freebox"
"src/freebox/grl-freebox.c:53","A source for browsing Freebox radio channels","Источник для просмотра каналов радио Freebox"
"src/gravatar/grl-gravatar.c:46","Avatar provider from Gravatar","Поставщик аватаров от Gravatar"
"src/gravatar/grl-gravatar.c:47","A plugin to get avatars for artist and author fields","Модуль получения аватаров по полям «Исполнитель» и «Автор»"
"src/local-metadata/grl-local-metadata.c:42","Local Metadata Provider","Поставщик локальных метаданных"
"src/local-metadata/grl-local-metadata.c:43","A source providing locally available metadata","Источник, поставляющий локально доступные метаданные"
"src/local-metadata/grl-local-metadata.c:381 src/metadata-store/grl-metadata-store.c:784 src/raitv/grl-raitv.c:869 src/tracker3/grl-tracker-source-api.c:375 src/tracker3/grl-tracker-source-api.c:410 src/tracker/grl-tracker-source-api.c:530","Failed to resolve: %s","Не удалось разрешить: %s"
"src/local-metadata/grl-local-metadata.c:673","Cannot resolve any of the given keys","Не удалось разрешить ни один из предоставленных ключей"
"src/local-metadata/grl-local-metadata.c:677","A GIO supported URL for images is required","Для изображений требуется URL с поддержкой GIO"
"src/magnatune/grl-magnatune.c:123","Genres","Жанры"
"src/magnatune/grl-magnatune.c:131","A source for browsing music","Источник для обзора музыки"
"src/magnatune/grl-magnatune.c:421","Failed to get database from magnatune: %s","Не удалось получить базу данных из magnatune: %s"
"src/magnatune/grl-magnatune.c:451","Failed to save database from magnatune: “%s”","Не удалось сохранить базу данных из magnatune: «%s»"
"src/magnatune/grl-magnatune.c:722","Failed to get table from magnatune db: %s","Не удалось получить таблицу из базы данных magnatune: %s"
"src/magnatune/grl-magnatune.c:738","Fail before returning media to user: %s","Произошла ошибка перед возвратом медиаконтента пользователю: %s"
"src/metadata-store/grl-metadata-store.c:40","Metadata Store","Хранилище метаданных"
"src/metadata-store/grl-metadata-store.c:41","A plugin for storing extra metadata information","Модуль хранения дополнительной информации метаданных"
"src/metadata-store/grl-metadata-store.c:598 src/metadata-store/grl-metadata-store.c:617 src/metadata-store/grl-metadata-store.c:829 src/tracker3/grl-tracker-source-api.c:508 src/tracker/grl-tracker-source-api.c:640","Failed to update metadata: %s","Не удалось обновить метаданные: %s"
"src/metadata-store/grl-metadata-store.c:599","specified keys are not writable","указанные ключи не записываемые"
"src/metadata-store/grl-metadata-store.c:639","Failed to update metadata","Не удалось обновить метаданные"
"src/metadata-store/grl-metadata-store.c:785 src/metadata-store/grl-metadata-store.c:830","“source-id” not available","«source-id» не доступен"
"src/metadata-store/grl-metadata-store.c:805","Failed to resolve","Не удалось разрешить"
"src/metadata-store/grl-metadata-store.c:942 src/metadata-store/grl-metadata-store.c:979 src/raitv/grl-raitv.c:423 src/shoutcast/grl-shoutcast.c:749","Failed to search: %s","Не удалось найти: %s"
"src/opensubtitles/grl-opensubtitles.c:40","OpenSubtitles Provider","Провайдер OpenSubtitles"
"src/opensubtitles/grl-opensubtitles.c:41","A source providing a list of subtitles for a video","Источник содержит список субтитров к видео"
"src/optical-media/grl-optical-media.c:44","Optical Media","Оптический носитель"
"src/optical-media/grl-optical-media.c:45","A source for browsing optical media","Источник для обзора оптических носителей"
"src/podcasts/grl-podcasts.c:148","A source for browsing podcasts","Источник для обзора подкастов"
"src/podcasts/grl-podcasts.c:759 src/podcasts/grl-podcasts.c:779","Failed to get podcast streams: %s","Не удалось получить потоки подкаста: %s"
"src/podcasts/grl-podcasts.c:1245 src/podcasts/grl-podcasts.c:1254 src/podcasts/grl-podcasts.c:1264","Failed to parse content","Не удалось разобрать содержимое"
"src/podcasts/grl-podcasts.c:1275 src/podcasts/grl-podcasts.c:1304","Failed to parse podcast contents","Не удалось разобрать содержимое подкаста"
"src/podcasts/grl-podcasts.c:1370 src/shoutcast/grl-shoutcast.c:417","Empty response","Пустой ответ"
"src/podcasts/grl-podcasts.c:1459","Failed to get podcast information","Не удалось получить информацию подкаста"
"src/podcasts/grl-podcasts.c:1499 src/podcasts/grl-podcasts.c:1519","Failed to get podcasts list: %s","Не удалось получить список подкастов: %s"
"src/podcasts/grl-podcasts.c:1572 src/podcasts/grl-podcasts.c:1587","Failed to get podcast stream metadata","Не удалось получить метаданные потока подкаста"
"src/podcasts/grl-podcasts.c:1625","Failed to get podcast metadata","Не удалось получить метаданные подкаста"
"src/podcasts/grl-podcasts.c:1809","Cannot create containers. Only feeds are accepted","Не удалось создать контейнеры. Допустимы только ленты"
"src/podcasts/grl-podcasts.c:1814","URL required","Требуется URL"
"src/raitv/grl-raitv.c:49 src/youtube/grl-youtube.c:73","Most Popular","Самое популярное"
"src/raitv/grl-raitv.c:52","Recent","Последние"
"src/raitv/grl-raitv.c:93","A source for browsing and searching Rai.tv videos","Источник для обзора и поиска видео Rai.tv"
"src/raitv/grl-raitv.c:164","All","Все"
"src/raitv/grl-raitv.c:165","Black and White","Чёрный и белый"
"src/raitv/grl-raitv.c:166","Cinema","Кино"
"src/raitv/grl-raitv.c:167","Comedians","Комедии"
"src/raitv/grl-raitv.c:168","Chronicle","Хроника"
"src/raitv/grl-raitv.c:169","Culture","Культура"
"src/raitv/grl-raitv.c:170","Economy","Экономика"
"src/raitv/grl-raitv.c:171","Fiction","Художественная литература"
"src/raitv/grl-raitv.c:172","Junior","Молодёжь"
"src/raitv/grl-raitv.c:173","Investigations","Исследования"
"src/raitv/grl-raitv.c:174","Interviews","Интервью"
"src/raitv/grl-raitv.c:175","Music","Музыка"
"src/raitv/grl-raitv.c:176","News","Новости"
"src/raitv/grl-raitv.c:177","Health","Здоровье"
"src/raitv/grl-raitv.c:178","Satire","Юмор"
"src/raitv/grl-raitv.c:180","Society","Общество"
"src/raitv/grl-raitv.c:181","Show","Развлечения"
"src/raitv/grl-raitv.c:182","Sport","Спорт"
"src/raitv/grl-raitv.c:183","History","История"
"src/raitv/grl-raitv.c:184","Politics","Политика"
"src/raitv/grl-raitv.c:185","Leisure","Досуг"
"src/raitv/grl-raitv.c:186","Travel","Путешествия"
"src/raitv/grl-raitv.c:616","Failed to browse: %s","Не удалось выполнить обзор: %s"
"src/shoutcast/grl-shoutcast.c:60","A source for browsing SHOUTcast radios","Источник для обзора радио SHOUTcast"
"src/shoutcast/grl-shoutcast.c:409 src/shoutcast/grl-shoutcast.c:463","Failed to parse response","Не удалось разобрать ответ"
"src/shoutcast/grl-shoutcast.c:455","Cannot find media %s","Не удалось найти медиаконтент %s"
"src/shoutcast/grl-shoutcast.c:551","Failed to connect: %s","Не удалось подключиться к: %s"
"src/shoutcast/grl-shoutcast.c:750","non-NULL search text is required","требуется не NULL текст для поиска"
"src/thetvdb/grl-thetvdb.c:93","A source for fetching metadata of television shows","Источник для получения метаданных телешоу"
"src/tmdb/grl-tmdb.c:998","Remote data does not contain valid identifier","Удалённые данные не содержат корректного идентификатора"
"src/tracker3/grl-tracker-source-api.c:243 src/tracker3/grl-tracker-source-api.c:319 src/tracker/grl-tracker-source-api.c:401 src/tracker/grl-tracker-source-api.c:484","Failed to query: %s","Не удалось запросить: %s"
"src/tracker3/grl-tracker-source-api.c:455 src/tracker/grl-tracker-source-api.c:585","Failed to get media from uri: %s","Не удалось получить медиаконтент по uri: %s"
"src/tracker3/grl-tracker-source-api.c:605 src/tracker/grl-tracker-source-api.c:816","Empty query","Пустой запрос"
"src/tracker3/grl-tracker-source-api.c:826 src/tracker3/grl-tracker-source-api.c:922 src/tracker/grl-tracker-source-api.c:1087","ID “%s” is not known in this source","ID «%s» неизвестен в этом источнике"
"src/tracker3/grl-tracker-source-priv.h:47","A plugin for searching multimedia content using Tracker3","Плагин для поиска мультимедийного контента с помощью Tracker3"
"src/tracker/grl-tracker-source-priv.h:44","A plugin for searching multimedia content using Tracker","Модуль поиска мультимедиа-контента с помощью трекера"
"src/youtube/grl-youtube.c:55","Standard feeds","Стандартные каналы"
"src/youtube/grl-youtube.c:58","Categories","Категории"
"src/youtube/grl-youtube.c:64","Top Rated","Топ лучших"
"src/youtube/grl-youtube.c:67","Top Favorites","Топ избранных"
"src/youtube/grl-youtube.c:70","Most Viewed","Самое просматриваемое"
"src/youtube/grl-youtube.c:76","Most Recent","Последнее"
"src/youtube/grl-youtube.c:79","Most Discussed","Самое обсуждаемое"
"src/youtube/grl-youtube.c:82","Most Linked","Наиболее часто ссылаются"
"src/youtube/grl-youtube.c:85","Most Responded","С наибольшим количеством ответов"
"src/youtube/grl-youtube.c:88","Recently Featured","Недавно показанное"
"src/youtube/grl-youtube.c:91","Watch On Mobile","Смотреть мобильную версию"
"src/youtube/grl-youtube.c:110","A source for browsing and searching YouTube videos","Источник для обзора и поиска видео YouTube"
"src/youtube/grl-youtube.c:856","Failed to get feed","Не удалось получить канал"
"src/youtube/grl-youtube.c:1033 src/youtube/grl-youtube.c:1421","Invalid feed identifier %s","Некорректный идентификатор канала %s"
"src/youtube/grl-youtube.c:1097 src/youtube/grl-youtube.c:1230 src/youtube/grl-youtube.c:1442","Invalid category identifier %s","Некорректный идентификатор категории %s"
