"location","source","target"
"","po header","Project-Id-Version: grilo master
Report-Msgid-Bugs-To: https://gitlab.gnome.org/GNOME/grilo/issues
POT-Creation-Date: 2022-05-10 09:24+0000
PO-Revision-Date: 2021-06-28 13:08+0300
Last-Translator: Alexey Rubtsov <rushills@gmail.com>
Language-Team: Russian <gnome-cyr@gnome.org>
Language: ru
MIME-Version: 1.0
Content-Type: text/plain; charset=UTF-8
Content-Transfer-Encoding: 8bit
Plural-Forms: nplurals=3; plural=(n%10==1 && n%100!=11 ? 0 : n%10>=2 && n%10<=4 && (n%100<10 || n%100>=20) ? 1 : 2);
X-Generator: Poedit 3.0
"
"libs/net/grl-net-mock.c:86","No mock definition found","Не найдено описание заглушки"
"libs/net/grl-net-mock.c:98","Could not find mock content %s","Не удалось найти содержание заглушки %s"
"libs/net/grl-net-mock.c:116","Could not access mock content: %s","Не удалось получить доступ к содержанию заглушки: %s"
"libs/net/grl-net-wc.c:443","Cannot connect to the server","Не удалось подключиться к серверу"
"libs/net/grl-net-wc.c:449","Cannot connect to the proxy server","Не удалось подключиться к прокси-серверу"
"libs/net/grl-net-wc.c:456","Invalid request URI or header: %s","Некорректный URI или заголовок запроса: %s"
"libs/net/grl-net-wc.c:463","Authentication required: %s","Требуется авторизация: %s"
"libs/net/grl-net-wc.c:468","The requested resource was not found: %s","Запрошенный ресурс не найден: %s"
"libs/net/grl-net-wc.c:475","The entry has been modified since it was downloaded: %s","Запись была изменена, с тех пор как была загружена: %s"
"libs/net/grl-net-wc.c:481 libs/net/grl-net-wc.c:593 libs/pls/grl-pls.c:493 src/grl-source.c:1821 src/grl-source.c:1921 src/grl-source.c:2068 src/grl-source.c:2325 src/grl-source.c:2446","Operation was cancelled","Операция отменена"
"libs/net/grl-net-wc.c:597 libs/net/grl-net-wc.c:641","Data not available","Данные не доступны"
"libs/net/grl-net-wc.c:692","Invalid URL %s","Некорректный URL %s"
"src/grilo.c:218","Semicolon-separated paths containing Grilo plugins","Пути, содержащие модули Grilo, разделённые точкой с запятой"
"src/grilo.c:220","Colon-separated paths containing Grilo plugins","Пути, содержащие модули Grilo, разделённые двоеточием"
"src/grilo.c:223","Colon-separated list of Grilo plugins to use","Список используемых модулей Grilo с разделителем-двоеточием"
"src/grilo.c:228","Grilo Options","Параметры Grilo"
"src/grilo.c:229","Show Grilo Options","Показать параметры Grilo"
"src/grl-multiple.c:134","No searchable sources available","Источники, доступные для поиска, отсутствуют"
"src/grl-multiple.c:511","Could not resolve media for URI “%s”","Не удалось определить носитель для URI ""%s"""
"src/grl-registry.c:499 src/grl-registry.c:1538","Plugin “%s” is already loaded","Модуль «%s» уже загружен"
"src/grl-registry.c:523","Failed to initialize plugin from %s","Не удалось инициализировать модуль из %s"
"src/grl-registry.c:565","Metadata key “%s” already registered in different format","Ключ метаданных «%s» уже зарегистрирован в другом формате"
"src/grl-registry.c:578","Metadata key “%s” cannot be registered","Ключ метаданных «%s» не может быть зарегистрирован"
"src/grl-registry.c:1144","Source with id “%s” was not found","Источник с идентификатором «%s» не найден"
"src/grl-registry.c:1218","Failed to load plugin from %s","Ошибка загрузки модуля из %s"
"src/grl-registry.c:1227","Invalid plugin file %s","Некорректный файл модуля %s"
"src/grl-registry.c:1238","“%s” is not a valid plugin file","«%s» не является корректным файлом модуля"
"src/grl-registry.c:1257","Plugin “%s” already exists","Модуль «%s» уже существует"
"src/grl-registry.c:1420","Invalid path %s","Недопустимый путь %s"
"src/grl-registry.c:1487","All configured plugin paths are invalid","Все пути конфигурируемых модулей не корректны"
"src/grl-registry.c:1527","Plugin “%s” not available","Модуль «%s» не доступен"
"src/grl-registry.c:1755","Plugin not found: “%s”","Модуль не найден: «%s»"
"src/grl-registry.c:2066","Plugin configuration does not contain “plugin-id” reference","Конфигурация модулей не содержит описания «plugin-id»"
"src/grl-source.c:2775","Some keys could not be written","Некоторые ключи не могут быть записаны"
"src/grl-source.c:2848","None of the specified keys are writable","Среди указанных ключей отсутствуют записываемые"
"src/grl-source.c:4191","Media has no “id”, cannot remove","У носителя нет «id», его нельзя удалить"
