"location","source","target"
"","po header","Project-Id-Version: ru
Report-Msgid-Bugs-To: https://gitlab.gnome.org/GNOME/gspell/issues
POT-Creation-Date: 2022-05-08 13:24+0000
PO-Revision-Date: 2021-07-02 15:43+0300
Last-Translator: Alexey Rubtsov <rushills@gmail.com>
Language-Team: Русский <gnome-cyr@gnome.org>
Language: ru
MIME-Version: 1.0
Content-Type: text/plain; charset=UTF-8
Content-Transfer-Encoding: 8bit
Plural-Forms: nplurals=3; plural=(n%10==1 && n%100!=11 ? 0 : n%10>=2 && n%10<=4 && (n%100<10 || n%100>=20) ? 1 : 2);
X-Generator: Poedit 3.0
"
"gspell/gspell-checker.c:419","Error when checking the spelling of word “%s”: %s","Ошибка при проверке орфографии слова «%s»: %s"
"gspell/gspell-checker-dialog.c:150 gspell/gspell-context-menu.c:217","(no suggested words)","(нет вариантов)"
"gspell/gspell-checker-dialog.c:235","Error:","Ошибка:"
"gspell/gspell-checker-dialog.c:271","Completed spell checking","Проверка завершена"
"gspell/gspell-checker-dialog.c:275","No misspelled words","Нет слов с ошибками"
"gspell/gspell-checker-dialog.c:502","(correct spelling)","(правильное написание)"
"gspell/gspell-checker-dialog.c:644","Suggestions","Варианты"
"gspell/gspell-context-menu.c:152","_Language","_Язык"
"gspell/gspell-context-menu.c:240","_More…","_Ещё…"
"gspell/gspell-context-menu.c:285","_Ignore All","_Игнорировать всё"
"gspell/gspell-context-menu.c:303","_Add","Доб_авить"
"gspell/gspell-context-menu.c:340","_Spelling Suggestions…","Возмо_жные варианты…"
"gspell/gspell-language.c:89","Unknown (%s)","Неизвестный (%s)"
"gspell/gspell-language-chooser-button.c:84","No language selected","Язык не выбран"
"gspell/gspell-navigator-text-view.c:310","Spell checker error: no language set. It’s maybe because no dictionaries are installed.","Ошибка проверки правописания: не выбран язык. Возможно не установлено ни одного словаря."
"gspell/resources/checker-dialog.ui:7","Check Spelling","Проверить орфографию"
"gspell/resources/checker-dialog.ui:36","Misspelled word:","Слово с ошибкой:"
"gspell/resources/checker-dialog.ui:49","word","слово"
"gspell/resources/checker-dialog.ui:66","Change _to:","З_аменить на:"
"gspell/resources/checker-dialog.ui:91","Check _Word","Проверить сл_ово"
"gspell/resources/checker-dialog.ui:120","_Suggestions:","_Варианты:"
"gspell/resources/checker-dialog.ui:133","_Ignore","_Игнорировать"
"gspell/resources/checker-dialog.ui:146","Ignore _All","Игнорировать в_се"
"gspell/resources/checker-dialog.ui:159","Cha_nge","_Изменить"
"gspell/resources/checker-dialog.ui:174","Change A_ll","Изменить вс_е"
"gspell/resources/checker-dialog.ui:191","User dictionary:","Пользовательский словарь:"
"gspell/resources/checker-dialog.ui:203","Add w_ord","Добавить с_лово"
"gspell/resources/language-dialog.ui:7","Set Language","Установить язык"
"gspell/resources/language-dialog.ui:20","Select the spell checking _language.","Выбрать язык для _проверки правописания."
"gspell/resources/language-dialog.ui:61","_Cancel","_Отмена"
"gspell/resources/language-dialog.ui:68","_Select","_Выбрать"
