"location","source","target"
"","po header","Project-Id-Version: ru
Report-Msgid-Bugs-To: https://gitlab.gnome.org/GNOME/gtksourceview/issues
POT-Creation-Date: 2022-06-05 19:04+0000
PO-Revision-Date: 2021-09-28 14:22+0300
Last-Translator: Melman <Alexmelman88@gmail.com>
Language-Team: Russian <Alexmelman88@gmail.com>
Language: ru
MIME-Version: 1.0
Content-Type: text/plain; charset=UTF-8
Content-Transfer-Encoding: 8bit
Plural-Forms: nplurals=3; plural=(n%10==1 && n%100!=11 ? 0 : n%10>=2 && n%10<=4 && (n%100<10 || n%100>=20) ? 1 : 2)
X-Generator: Gtranslator 40.0
X-DL-Team: ru
X-DL-Module: gtksourceview
X-DL-Branch: gtksourceview-4-8
X-DL-Domain: po
X-DL-State: None
"
"abnf.lang:30 actionscript.lang:24 ada.lang:25 ansforth94.lang:24 asp.lang:23 automake.lang:23 bennugd.lang:22 bluespec.lang:21 boo.lang:23 cg.lang:23 chdr.lang:24 c.lang:24 cobol.lang:26 commonlisp.lang:24 cpphdr.lang:24 cpp.lang:25 csharp.lang:26 cuda.lang:22 dart.lang:22 d.lang:29 docker.lang:21 eiffel.lang:23 erlang.lang:23 forth.lang:23 fortran.lang:24 fsharp.lang:24 genie.lang:23 glsl.lang:30 go.lang:24 gradle.lang:21 groovy.lang:24 haskell.lang:24 haskell-literate.lang:23 haxe.lang:34 idl.lang:23 java.lang:24 j.lang:23 kotlin.lang:24 lean.lang:23 lex.lang:24 llvm.lang:22 logtalk.lang:23 makefile.lang:22 meson.lang:23 nemerle.lang:23 netrexx.lang:23 objc.lang:23 objj.lang:26 ocaml.lang:26 ooc.lang:23 opal.lang:23 opencl.lang:23 pascal.lang:24 pig.lang:26 powershell.lang:23 prolog.lang:23 rust.lang:35 scala.lang:24 scheme.lang:23 sml.lang:23 solidity.lang:28 sparql.lang:23 sql.lang:23 swift.lang:24 systemverilog.lang:21 thrift.lang:20 vala.lang:27 vbnet.lang:23 verilog.lang:23 vhdl.lang:23","Source","Исходный текст"
"asciidoc.lang:22 bibtex.lang:23 docbook.lang:23 dtd.lang:23 dtl.lang:25 erb-html.lang:20 erb-js.lang:20 erb.lang:20 gtk-doc.lang:24 haddock.lang:23 html.lang:25 jade.lang:24 jsdoc.lang:23 latex.lang:24 mallard.lang:22 markdown.lang:25 mediawiki.lang:22 mxml.lang:23 rst.lang:22 sweave.lang:24 t2t.lang:23 tera.lang:23 texinfo.lang:24 xml.lang:26 xslt.lang:23","Markup","Разметка"
"awk.lang:23 dosbatch.lang:23 fish.lang:19 gdscript.lang:22 javascript-expressions.lang:27 javascript-functions-classes.lang:27 javascript.lang:27 javascript-literals.lang:27 javascript-modules.lang:27 javascript-statements.lang:27 javascript-values.lang:27 jsx.lang:23 lua.lang:23 m4.lang:23 perl.lang:25 php.lang:28 python3.lang:23 python.lang:27 ruby.lang:27 sh.lang:24 tcl.lang:23 typescript-js-expressions.lang:23 typescript-js-functions-classes.lang:23 typescript-js-literals.lang:23 typescript-js-modules.lang:23 typescript-js-statements.lang:23 typescript-jsx.lang:23 typescript.lang:23 typescript-type-expressions.lang:23 typescript-type-generics.lang:23 typescript-type-literals.lang:23","Script","Сценарий"
"cg.lang:23","CG Shader Language","Язык шейдеров CG"
"changelog.lang:24 cmake.lang:23 css.lang:26 csv.lang:23 desktop.lang:24 diff.lang:23 dot.lang:23 dpatch.lang:23 ftl.lang:23 gdb-log.lang:18 gtkrc.lang:24 ini.lang:22 json.lang:29 less.lang:23 libtool.lang:23 logcat.lang:23 nsis.lang:23 ocl.lang:32 pkgconfig.lang:23 po.lang:23 protobuf.lang:21 puppet.lang:23 rpmspec.lang:24 scss.lang:23 terraform.lang:23 toml.lang:23 yacc.lang:23 yaml.lang:21 yara.lang:26","Other","Другое"
"chdr.lang:24","C/ObjC Header","Заголовок C/ObjC"
"cpphdr.lang:24","C++ Header","Заголовок C++"
"dosbatch.lang:23","DOS Batch","Командный файл DOS"
"dtl.lang:25","Django Template","Шаблон Django"
"fcl.lang:23 gap.lang:23 idl-exelis.lang:20 imagej.lang:23 julia.lang:23 matlab.lang:25 maxima.lang:24 modelica.lang:25 octave.lang:25 R.lang:25 scilab.lang:23 star.lang:28","Scientific","Научные"
"gdb-log.lang:18","GDB Log","Журнал GDB"
"glsl.lang:30","OpenGL Shading Language","Язык шейдеров OpenGL"
"llvm.lang:22","LLVM IR","LLVM IR"
"po.lang:23","gettext translation","перевод в формате gettext"
"rpmspec.lang:24","RPM spec","Спецификация RPM"
"tera.lang:23","Tera Template","Шаблон Tera"
"classic.xml:23","Classic","Классическая"
"classic.xml:25","Classic color scheme","Классическая цветовая схема"
"cobalt.xml:25","Cobalt","Cobalt"
"cobalt.xml:27","Blue based color scheme","Синяя цветовая схема"
"kate.xml:25","Color scheme used in the Kate text editor","Цветовая схема из текстового редактора Kate"
"oblivion.xml:24","Oblivion","Oblivion"
"oblivion.xml:27","Dark color scheme using the Tango color palette","Тёмная цветовая схема, использующая палитру Tango"
"solarized-dark.xml:23","Solarized Dark","Solarized Dark"
"solarized-dark.xml:25","Color scheme using Solarized dark color palette","Цветовая схема, использующая тёмную палитру Solarized"
"solarized-light.xml:23","Solarized Light","Solarized Light"
"solarized-light.xml:25","Color scheme using Solarized light color palette","Цветовая схема, использующая светлую палитру Solarized"
"tango.xml:23","Tango","Tango"
"tango.xml:25","Color scheme using Tango color palette","Цветовая схема, использующая палитру Tango"
"gtksourceview/completion-providers/words/gtksourcecompletionwords.c:332","Document Words","Слова в документе"
"gtksourceview/gtksourcebufferoutputstream.c:842","Invalid byte sequence in conversion input","Недопустимая последовательность байт в потоке преобразования"
"gtksourceview/gtksourcebufferoutputstream.c:848","Error during conversion: %s","Ошибка преобразования: %s"
"gtksourceview/gtksourcebufferoutputstream.c:929","Conversion from character set “%s” to “UTF-8” is not supported","Преобразование из кодировки «%s» в «UTF-8» не поддерживается"
"gtksourceview/gtksourcebufferoutputstream.c:935","Could not open converter from “%s” to “UTF-8”","Не удалось открыть преобразователь из кодировки «%s» в «UTF-8»"
"gtksourceview/gtksourcebufferoutputstream.c:995","Invalid object, not initialized","Недопустимый неинициализированный объект"
"gtksourceview/gtksourcebufferoutputstream.c:1187","Incomplete UTF-8 sequence in input","Незавершённая последовательность UTF-8 на входе"
"gtksourceview/gtksourcecompletion.c:838","All","Все"
"gtksourceview/gtksourcecompletioninfo.c:262","Completion Info","Информация о дополнении"
"gtksourceview/gtksourcecompletionmodel.c:494","Provider","Поставщик услуг"
"gtksourceview/gtksourcecompletion.ui:86","Show detailed proposal information","Показать подробную информацию"
"gtksourceview/gtksourcecompletion.ui:88","_Details…","_Подробности…"
"gtksourceview/gtksourcecontextengine.c:3140","Cannot create a regex for all the transitions, the syntax highlighting process will be slower than usual.
The error was: %s","Не удалось создать регулярное выражение для всех преобразований, подсветка синтаксиса будет выполняться гораздо медленнее.
Ошибка: %s"
"gtksourceview/gtksourcecontextengine.c:4474","Highlighting a single line took too much time, syntax highlighting will be disabled","Обработка одной строки заняла слишком много времени, подсветка синтаксиса будет отключена"
"gtksourceview/gtksourcecontextengine.c:5724","context “%s” cannot contain a \%%{...@start} command","контекст «%s» не может содержать команду \%%{...@start}"
"gtksourceview/gtksourcecontextengine.c:5887 gtksourceview/gtksourcecontextengine.c:5977","duplicated context id “%s”","повторный идентификатор контекста «%s»"
"gtksourceview/gtksourcecontextengine.c:6091 gtksourceview/gtksourcecontextengine.c:6151","style override used with wildcard context reference in language “%s” in ref “%s”","переопределение стиля, используемое с контекстной ссылкой на подстановочный знак в языке «%s» в ссылке «%s»"
"gtksourceview/gtksourcecontextengine.c:6165","invalid context reference “%s”","некорректная ссылка на контекст «%s»"
"gtksourceview/gtksourcecontextengine.c:6184 gtksourceview/gtksourcecontextengine.c:6194","unknown context “%s”","неизвестный контекст «%s»"
"gtksourceview/gtksourcecontextengine.c:6293","Missing main language definition (id = ""%s"".)","Отсутствует главное определение языка (id=""%s"".)"
"gtksourceview/gtksourceencoding.c:140 gtksourceview/gtksourceencoding.c:183 gtksourceview/gtksourceencoding.c:185 gtksourceview/gtksourceencoding.c:187 gtksourceview/gtksourceencoding.c:189 gtksourceview/gtksourceencoding.c:191 gtksourceview/gtksourceencoding.c:193 gtksourceview/gtksourceencoding.c:195","Unicode","Юникод"
"gtksourceview/gtksourceencoding.c:154 gtksourceview/gtksourceencoding.c:178 gtksourceview/gtksourceencoding.c:228 gtksourceview/gtksourceencoding.c:271","Western","Западная"
"gtksourceview/gtksourceencoding.c:156 gtksourceview/gtksourceencoding.c:230 gtksourceview/gtksourceencoding.c:267","Central European","Центральноевропейская"
"gtksourceview/gtksourceencoding.c:158","South European","Южноевропейская"
"gtksourceview/gtksourceencoding.c:160 gtksourceview/gtksourceencoding.c:174 gtksourceview/gtksourceencoding.c:281","Baltic","Балтийская"
"gtksourceview/gtksourceencoding.c:162 gtksourceview/gtksourceencoding.c:232 gtksourceview/gtksourceencoding.c:245 gtksourceview/gtksourceencoding.c:249 gtksourceview/gtksourceencoding.c:251 gtksourceview/gtksourceencoding.c:269","Cyrillic","Кириллица"
"gtksourceview/gtksourceencoding.c:164 gtksourceview/gtksourceencoding.c:238 gtksourceview/gtksourceencoding.c:279","Arabic","Арабская"
"gtksourceview/gtksourceencoding.c:166 gtksourceview/gtksourceencoding.c:273","Greek","Греческая"
"gtksourceview/gtksourceencoding.c:168","Hebrew Visual","Иврит, визуальная"
"gtksourceview/gtksourceencoding.c:170 gtksourceview/gtksourceencoding.c:234 gtksourceview/gtksourceencoding.c:275","Turkish","Турецкая"
"gtksourceview/gtksourceencoding.c:172","Nordic","Скандинавская"
"gtksourceview/gtksourceencoding.c:176","Celtic","Кельтская"
"gtksourceview/gtksourceencoding.c:180","Romanian","Румынская"
"gtksourceview/gtksourceencoding.c:198","Armenian","Армянская"
"gtksourceview/gtksourceencoding.c:200 gtksourceview/gtksourceencoding.c:202 gtksourceview/gtksourceencoding.c:216","Chinese Traditional","Китайская, традиционная"
"gtksourceview/gtksourceencoding.c:204","Cyrillic/Russian","Кириллица/Русская"
"gtksourceview/gtksourceencoding.c:207 gtksourceview/gtksourceencoding.c:209 gtksourceview/gtksourceencoding.c:211 gtksourceview/gtksourceencoding.c:241 gtksourceview/gtksourceencoding.c:256","Japanese","Японская"
"gtksourceview/gtksourceencoding.c:214 gtksourceview/gtksourceencoding.c:243 gtksourceview/gtksourceencoding.c:247 gtksourceview/gtksourceencoding.c:262","Korean","Корейская"
"gtksourceview/gtksourceencoding.c:219 gtksourceview/gtksourceencoding.c:221 gtksourceview/gtksourceencoding.c:223","Chinese Simplified","Китайская, упрощённая"
"gtksourceview/gtksourceencoding.c:225","Georgian","Грузинская"
"gtksourceview/gtksourceencoding.c:236 gtksourceview/gtksourceencoding.c:277","Hebrew","Иврит"
"gtksourceview/gtksourceencoding.c:253","Cyrillic/Ukrainian","Кириллица/Украинская"
"gtksourceview/gtksourceencoding.c:258 gtksourceview/gtksourceencoding.c:264 gtksourceview/gtksourceencoding.c:283","Vietnamese","Вьетнамская"
"gtksourceview/gtksourceencoding.c:260","Thai","Тайская"
"gtksourceview/gtksourceencoding.c:494","Unknown","Неизвестная"
"gtksourceview/gtksourceencoding.c:638","['UTF-8', 'CURRENT', 'ISO-8859-15', 'UTF-16']","['UTF-8', 'CURRENT', 'ISO-8859-15', 'UTF-16']"
"gtksourceview/gtksourcefileloader.c:515","There was a character encoding conversion error and it was needed to use a fallback character.","Произошла ошибка преобразования кодировки символов, и потребовалось использовать резервный символ."
"gtksourceview/gtksourcefileloader.c:622","File too big.","Файл слишком большой."
"gtksourceview/gtksourcefileloader.c:776","Not a regular file.","Необычный файл."
"gtksourceview/gtksourcefilesaver.c:975","The file is externally modified.","Файл был изменён другой программой."
"gtksourceview/gtksourcefilesaver.c:1427","The buffer contains invalid characters.","Буфер содержит недопустимые символы."
"gtksourceview/gtksourcelanguage.c:56","Others","Прочее"
"gtksourceview/gtksourcelanguage-parser-2.c:949","Unknown id “%s” in regex “%s”","Неизвестный идентификатор «%s» в регулярном выражении «%s»"
"gtksourceview/gtksourcelanguage-parser-2.c:1179","in regex “%s”: backreferences are not supported","в регулярном выражении «%s»: обратные ссылки не поддерживаются"
"gtksourceview/gtksourceregex.c:128","using \C is not supported in language definitions","Использование \C не поддерживается в определениях языка"
"gtksourceview/gtksourcestyleschemechooserbutton.c:185","Select a Style","Выберите стиль"
"gtksourceview/gtksourcestyleschemechooserbutton.c:189","_Cancel","_Отмена"
"gtksourceview/gtksourcestyleschemechooserbutton.c:190","_Select","_Выбрать"
"gtksourceview/gtksourceview.c:1810","_Redo","_Повторить"
"gtksourceview/gtksourceview.c:1821","_Undo","_Отменить"
"gtksourceview/gtksourceview.c:1840","All _Upper Case","В _верхний регистр"
"gtksourceview/gtksourceview.c:1850","All _Lower Case","В _нижний регистр"
"gtksourceview/gtksourceview.c:1860","_Invert Case","_Инвертировать регистр"
"gtksourceview/gtksourceview.c:1870","_Title Case","_Прописная в начале каждого слова"
"gtksourceview/gtksourceview.c:1880","C_hange Case","_Изменить регистр"
