"location","source","target"
"","po header","Project-Id-Version: glib-networking master
Report-Msgid-Bugs-To: https://gitlab.gnome.org/GNOME/gvfs/issues
POT-Creation-Date: 2022-05-05 08:27+0000
PO-Revision-Date: 2021-06-29 15:59+0300
Last-Translator: Alexey Rubtsov <rushills@gmail.com>
Language-Team: Русский <gnome-cyr@gnome.org>
Language: ru
MIME-Version: 1.0
Content-Type: text/plain; charset=UTF-8
Content-Transfer-Encoding: 8bit
Plural-Forms: nplurals=3; plural=(n%10==1 && n%100!=11 ? 0 : n%10>=2 && n%10<=4 && (n%100<10 || n%100>=20) ? 1 : 2);
X-Generator: Poedit 3.0
"
"client/gdaemonfile.c:435 client/gdaemonfile.c:2718","Operation not supported, files on different mounts","Действие не поддерживается, файлы на разных точках монтирования"
"client/gdaemonfile.c:1028 client/gdaemonfile.c:3066 client/gvfsiconloadable.c:351 daemon/gvfsjobopenforread.c:183 daemon/gvfsjobopenforwrite.c:333","Couldn’t get stream file descriptor","Не удалось получить дескриптор потокового файла"
"client/gdaemonfile.c:1144 client/gdaemonfile.c:1216 client/gvfsiconloadable.c:145","Didn’t get stream file descriptor","Дескриптор потокового файла не был получен"
"client/gdaemonfile.c:1338","Invalid return value from %s","Неверное возвращённое значение от %s"
"client/gdaemonfile.c:2188 client/gdaemonfile.c:3329","Could not find enclosing mount","Не удалось найти точку монтирования"
"client/gdaemonfile.c:2220","Invalid filename %s","Неверное имя файла %s"
"client/gdaemonfile.c:2534 client/gdaemonfile.c:2544 client/gdaemonfile.c:2566 client/gdaemonvfs.c:1234 client/gdaemonvfs.c:1255 client/gdaemonvfs.c:1266 client/gdaemonvfs.c:1298","Error setting file metadata: %s","Ошибка установки метаданных файла: %s"
"client/gdaemonfile.c:2535 client/gdaemonvfs.c:1256","can’t open metadata tree","невозможно открыть дерево метаданных"
"client/gdaemonfile.c:2545 client/gdaemonvfs.c:1267","can’t get metadata proxy","невозможно получить прокси метаданных"
"client/gdaemonfile.c:2567 client/gdaemonvfs.c:1299","values must be string or list of strings","значения должны быть строками или списком строк"
"client/gdaemonfileinputstream.c:544 client/gdaemonfileinputstream.c:552 client/gdaemonfileinputstream.c:1686 client/gdaemonfileinputstream.c:1695 client/gdaemonfileoutputstream.c:495 client/gdaemonfileoutputstream.c:503 client/gdaemonfileoutputstream.c:1433 client/gdaemonfileoutputstream.c:1442","Error in stream protocol: %s","Ошибка в протоколе потока: %s"
"client/gdaemonfileinputstream.c:552 client/gdaemonfileinputstream.c:1695 client/gdaemonfileoutputstream.c:503 client/gdaemonfileoutputstream.c:1442 daemon/gvfsbackendmtp.c:2453 daemon/gvfsbackendmtp.c:2844","End of stream","Конец потока"
"client/gdaemonfileinputstream.c:649 client/gdaemonfileinputstream.c:802 client/gdaemonfileinputstream.c:922 client/gdaemonfileinputstream.c:1173 client/gdaemonfileinputstream.c:1418 client/gdaemonfileoutputstream.c:553 client/gdaemonfileoutputstream.c:731 client/gdaemonfileoutputstream.c:926 client/gdaemonfileoutputstream.c:1092 client/gdaemonfileoutputstream.c:1274 daemon/gvfsbackendsftp.c:5531 daemon/gvfsbackendsmb.c:1108 daemon/gvfsbackendtest.c:92 daemon/gvfsbackendtest.c:125 daemon/gvfsbackendtest.c:188 daemon/gvfschannel.c:347 daemon/gvfsftptask.c:224","Operation was cancelled","Операция была отменена"
"client/gdaemonfileinputstream.c:1355 client/gdaemonfileoutputstream.c:1035","Seek not supported on stream","Поиск в потоке не поддерживается"
"client/gdaemonfileoutputstream.c:1204","Truncate not supported on stream","Усечение потока не поддерживается"
"client/gdaemonvfs.c:780","Error while getting mount info: %s","Ошибка получения информации о монтировании: %s"
"client/gvfsdaemondbus.c:285 client/gvfsdaemondbus.c:651 daemon/gvfsafpvolume.c:394 daemon/gvfsafpvolume.c:655 daemon/gvfsafpvolume.c:799 daemon/gvfsafpvolume.c:980 daemon/gvfsafpvolume.c:1164 daemon/gvfsafpvolume.c:1339 daemon/gvfsafpvolume.c:1491 daemon/gvfsafpvolume.c:1913 daemon/gvfsafpvolume.c:2034 daemon/gvfsafpvolume.c:2189 daemon/gvfsafpvolume.c:2402 daemon/gvfsbackendadmin.c:150 daemon/gvfsbackendafc.c:166 daemon/gvfsbackendgoogle.c:256 daemon/gvfsbackendsftp.c:346 daemon/gvfsbackendsftp.c:1125 daemon/gvfsbackendsftp.c:2215 daemon/gvfsftptask.c:437 daemon/mount.c:437","Permission denied","Доступ запрещён"
"common/gvfsdaemonprotocol.c:358","Invalid file info format","Неверный формат информации о файле"
"common/gvfsdnssdresolver.c:216","Error initializing Avahi: %s","Ошибка инициализации Avahi: %s"
"common/gvfsdnssdresolver.c:1144","Error resolving “%s” service “%s” on domain “%s”","Ошибка разрешения имени «%s» службы «%s» на домене «%s»"
"common/gvfsdnssdresolver.c:1168","Error resolving “%s” service “%s” on domain “%s”. One or more TXT records are missing. Keys required: “%s”.","Ошибка разрешения имени «%s» службы «%s» на домене «%s». Одна или несколько записей TXT не найдены. Требуются ключи: «%s»."
"common/gvfsdnssdresolver.c:1183","Timed out resolving “%s” service “%s” on domain “%s”","Истёк период ожидания «%s» службы «%s» на домене «%s»"
"common/gvfsdnssdresolver.c:1223","Error initializing Avahi resolver","Ошибка инициализации распознавателя Avahi"
"common/gvfsdnssdutils.c:233 common/gvfsdnssdutils.c:263 common/gvfsdnssdutils.c:280","Malformed DNS-SD encoded_triple “%s”","Некорректный DNS-SD encoded_triple «%s»"
"common/gvfsicon.c:250","Can’t handle version %d of GVfsIcon encoding","Не удалось обработать версию %d кодировки GVfsIcon"
"common/gvfsicon.c:260","Malformed input data for GVfsIcon","Некорректные входные данные для GVfsIcon"
"daemon/daemon-main.c:100","%s File System Service","Служба файловой системы %s"
"daemon/daemon-main.c:178","Error: %s","Ошибка: %s"
"daemon/daemon-main.c:236","Usage: %s --spawner dbus-id object_path","Применение: %s --spawner dbus-id путь_к_объекту"
"daemon/daemon-main.c:260 daemon/daemon-main.c:278","Usage: %s key=value key=value …","Применение: %s ключ=значение ключ=значение …"
"daemon/daemon-main.c:276","No mount type specified","Тип монтирования не указан"
"daemon/daemon-main.c:308","mountpoint for %s already running","точка монтирования для %s уже запущена"
"daemon/daemon-main.c:337","error starting mount daemon","ошибка запуска службы монтирования"
"daemon/gvfsafpconnection.c:787","The connection is not opened","Соединение не открыто"
"daemon/gvfsafpconnection.c:794","The connection is closed","Соединение закрыто"
"daemon/gvfsafpconnection.c:897","Got EOS","Получен символ конца строки"
"daemon/gvfsafpconnection.c:1060 daemon/gvfsafpconnection.c:1102 daemon/gvfsftptask.c:397","Host closed connection","Узел закрыл соединение"
"daemon/gvfsafpconnection.c:1521","Connection unexpectedly went down","Соединение неожиданно оборвалось"
"daemon/gvfsafpconnection.c:1548","Got unexpected end of stream","Получен неожиданный конец потока"
"daemon/gvfsafpserver.c:195 daemon/gvfsafpserver.c:477","The server doesn’t support passwords longer than %d character.
msgid_plural: The server doesn’t support passwords longer than %d characters.","msgstr[0]: Сервер не поддерживает пароли более %d символов.
msgstr[1]: Сервер не поддерживает пароли более %d символов.
msgstr[2]: Сервер не поддерживает пароли более %d символов."
"daemon/gvfsafpserver.c:221 daemon/gvfsafpserver.c:530","An invalid username was provided.","Указано неверное имя пользователя."
"daemon/gvfsafpserver.c:390","Unable to login to the server “%s” with the given password.","Не удалось войти на сервер «%s» с указанным паролем."
"daemon/gvfsafpserver.c:425 daemon/gvfsafpserver.c:647 daemon/gvfsafpserver.c:823 daemon/gvfsafpserver.c:871 daemon/gvfsafpserver.c:987 daemon/gvfsafpserver.c:1659","Unable to connect to the server “%s”. A communication problem occurred.","Не удалось подключиться к серверу «%s» из-за ошибок связи."
"daemon/gvfsafpserver.c:620","Unable to connect to the server “%s” with the given password.","Не удалось подключиться к серверу «%s» с указанным паролем."
"daemon/gvfsafpserver.c:673 daemon/gvfsafpserver.c:698","The server “%s” doesn’t support anonymous access.","Сервер «%s» не поддерживает анонимный доступ."
"daemon/gvfsafpserver.c:726","Unable to connect to the server “%s”. No suitable authentication mechanism was found.","Не удалось подключиться к серверу «%s». Не найден подходящий механизм аутентификации."
"daemon/gvfsafpserver.c:801","Unable to connect to the server “%s”. The server doesn’t support AFP version 3.0 or later.","Не удалось подключиться к серверу «%s». Сервер не поддерживает AFP версии 3.0 и выше."
"daemon/gvfsafpserver.c:912","Permission denied.","Доступ запрещён."
"daemon/gvfsafpserver.c:917","The command is not supported by the server.","Команда не поддерживается сервером."
"daemon/gvfsafpserver.c:921","Your password has expired.","Срок действия пароля пользователя истёк."
"daemon/gvfsafpserver.c:925","Your password needs to be changed.","Необходимо сменить пароль пользователя."
"daemon/gvfsafpserver.c:1063 daemon/gvfsbackendftp.c:530 daemon/gvfsbackendsftp.c:1167","Authentication Required
Enter password for “%s” on “%s”:","Требуется аутентификация
Введите пароль для «%s» на «%s»:"
"daemon/gvfsafpserver.c:1066 daemon/gvfsbackendftp.c:533 daemon/gvfsbackendsftp.c:1174 daemon/gvfsbackendsmbbrowse.c:379","Authentication Required
Enter user and password for “%s”:","Требуется аутентификация
Введите пользователя и пароль для «%s»:"
"daemon/gvfsafpserver.c:1098","The password prompt was cancelled.","Ввод пароля отменён."
"daemon/gvfsafpserver.c:1216","Unable to disconnect from the server.","Не удалось отключиться от сервера."
"daemon/gvfsafpserver.c:1357 daemon/gvfsafpserver.c:1733","Unable to connect to the server. A communication problem occurred.","Не удалось подключиться к серверу из-за ошибок связи."
"daemon/gvfsafpserver.c:1692","Identification not found.","Идентификация не найдена."
"daemon/gvfsafputils.c:124","Got error “%s” from server","От сервера получена ошибка «%s»"
"daemon/gvfsafputils.c:127","Got unknown error code %d from server","От сервера получена ошибка с неизвестным кодом: «%d»"
"daemon/gvfsafpvolume.c:136","Volume doesn’t exist","Том не существует"
"daemon/gvfsafpvolume.c:158","Couldn’t load %s on %s","Не удалось загрузить %s на %s"
"daemon/gvfsafpvolume.c:398 daemon/gvfsafpvolume.c:1652 daemon/gvfsafpvolume.c:2406 daemon/gvfsbackendafc.c:150 daemon/gvfsbackendafc.c:1064 daemon/gvfsbackendafpbrowse.c:180 daemon/gvfsbackendafpbrowse.c:312 daemon/gvfsbackendafpbrowse.c:344 daemon/gvfsbackendarchive.c:738 daemon/gvfsbackendarchive.c:793 daemon/gvfsbackendarchive.c:845 daemon/gvfsbackendarchive.c:874 daemon/gvfsbackendcdda.c:908 daemon/gvfsbackendcomputer.c:639 daemon/gvfsbackenddnssd.c:425 daemon/gvfsbackendftp.c:795 daemon/gvfsbackendftp.c:1189 daemon/gvfsbackendmtp.c:1754 daemon/gvfsbackendmtp.c:1770 daemon/gvfsbackendmtp.c:2177 daemon/gvfsbackendmtp.c:2240 daemon/gvfsbackendmtp.c:2307 daemon/gvfsbackendmtp.c:2669 daemon/gvfsbackendmtp.c:2948 daemon/gvfsbackendmtp.c:3091 daemon/gvfsbackendnetwork.c:697 daemon/gvfsbackendsmbbrowse.c:1125 daemon/gvfsbackendsmbbrowse.c:1192 daemon/gvfsbackendsmbbrowse.c:1374 daemon/gvfsbackendsmbbrowse.c:1447","File doesn’t exist","Файл не существует"
"daemon/gvfsafpvolume.c:402 daemon/gvfsafpvolume.c:2410 daemon/gvfsbackendafp.c:289 daemon/gvfsbackendafp.c:492 daemon/gvfsbackendafp.c:1341 daemon/gvfsbackenddav.c:2797 daemon/gvfsbackenddav.c:3752 daemon/gvfsbackenddav.c:3999 daemon/gvfsbackendftp.c:832 daemon/gvfsbackendnfs.c:2480 daemon/gvfsbackendsftp.c:2725 daemon/gvfsbackendsftp.c:3500 daemon/gvfsbackendsftp.c:3948 daemon/gvfsbackendsftp.c:5020 daemon/gvfsbackendsftp.c:6105","File is directory","Файл является каталогом"
"daemon/gvfsafpvolume.c:406","Too many files open","Слишком много открытых файлов"
"daemon/gvfsafpvolume.c:659 daemon/gvfsafpvolume.c:807","Target file is open","Файл назначения открыт"
"daemon/gvfsafpvolume.c:663 daemon/gvfsbackendafc.c:154 daemon/gvfsbackendburn.c:421 daemon/gvfsbackenddav.c:3305 daemon/gvfsbackendgoogle.c:2497 daemon/gvfsbackendsftp.c:2209","Directory not empty","Каталог не пустой"
"daemon/gvfsafpvolume.c:667","Target object is marked as not deletable (DeleteInhibit)","Целевой объект помечен как позволяющий удаление (DeleteInhibit)"
"daemon/gvfsafpvolume.c:671 daemon/gvfsafpvolume.c:1180 daemon/gvfsafpvolume.c:2038 daemon/gvfsbackendgoogle.c:262","Target object doesn’t exist","Объект назначения не существует"
"daemon/gvfsafpvolume.c:675 daemon/gvfsafpvolume.c:819 daemon/gvfsafpvolume.c:1002 daemon/gvfsafpvolume.c:1184 daemon/gvfsafpvolume.c:2042","Volume is read-only","Том доступен только для чтения"
"daemon/gvfsafpvolume.c:803 daemon/gvfsafpvolume.c:984 daemon/gvfsafpvolume.c:1503 daemon/gvfsafpvolume.c:1917 daemon/gvfsafpvolume.c:2534","Not enough space on volume","Недостаточно места на томе"
"daemon/gvfsafpvolume.c:811 daemon/gvfsafpvolume.c:1355 daemon/gvfsafpvolume.c:1507 daemon/gvfsbackendafp.c:296 daemon/gvfsbackendafp.c:499 daemon/gvfsbackenddav.c:2868 daemon/gvfsbackenddav.c:3222 daemon/gvfsbackenddav.c:3378 daemon/gvfsbackenddav.c:3484 daemon/gvfsbackenddav.c:3718 daemon/gvfsbackenddav.c:3762 daemon/gvfsbackenddav.c:3989 daemon/gvfsbackendftp.c:811 daemon/gvfsbackendftp.c:999 daemon/gvfsbackendftp.c:1509 daemon/gvfsbackendftp.c:1576 daemon/gvfsbackendgoogle.c:1703 daemon/gvfsbackendgoogle.c:1780 daemon/gvfsbackendgoogle.c:2157 daemon/gvfsbackendgoogle.c:2237 daemon/gvfsbackendgoogle.c:2757 daemon/gvfsbackendgoogle.c:3204 daemon/gvfsbackendgoogle.c:3869 daemon/gvfsbackendmtp.c:1650 daemon/gvfsbackendmtp.c:1693 daemon/gvfsbackendnfs.c:2490 daemon/gvfsbackendsftp.c:5029 daemon/gvfsbackendsmb.c:2097","Target file already exists","Файл назначения уже существует"
"daemon/gvfsafpvolume.c:815 daemon/gvfsafpvolume.c:994","Ancestor directory doesn’t exist","Родительский каталог не существует"
"daemon/gvfsafpvolume.c:990","Volume is flat and doesn’t support directories","Том имеет плоскую структуру и не поддерживает каталоги"
"daemon/gvfsafpvolume.c:998","Target directory already exists","Каталог назначения уже существует"
"daemon/gvfsafpvolume.c:1168 daemon/gvfsbackendafp.c:604","Can’t rename volume","Не удалось переименовать том"
"daemon/gvfsafpvolume.c:1172","Object with that name already exists","Объект с этим именем уже существует"
"daemon/gvfsafpvolume.c:1176","Target object is marked as not renameable (RenameInhibit)","Целевой объект помечен как позволяющий переименование (RenameInhibit)"
"daemon/gvfsafpvolume.c:1343","Can’t move directory into one of its descendants","Каталог нельзя переместить в его дочерний каталог"
"daemon/gvfsafpvolume.c:1347","Can’t move sharepoint into a shared directory","Невозможно переместить точку доступа к ресурсам в разделяемый каталог"
"daemon/gvfsafpvolume.c:1351","Can’t move a shared directory into the Trash","Невозможно переместить разделяемый каталог в корзину"
"daemon/gvfsafpvolume.c:1359","Object being moved is marked as not renameable (RenameInhibit)","Перемещаемый объект помечен как непозволяющий переименование (RenameInhibit)"
"daemon/gvfsafpvolume.c:1363","Object being moved doesn’t exist","Перемещаемый объект не существует"
"daemon/gvfsafpvolume.c:1495","Server doesn’t support the FPCopyFile operation","Сервер не поддерживает команду FPCopyFile"
"daemon/gvfsafpvolume.c:1499","Unable to open source file for reading","Не удалось открыть для чтения файл с исходным кодом"
"daemon/gvfsafpvolume.c:1511","Source file and/or destination directory doesn’t exist","Файл-источник и/или каталог назначения не существует"
"daemon/gvfsafpvolume.c:1515","Source file is a directory","Файл назначения является каталогом"
"daemon/gvfsafpvolume.c:1923","Range lock conflict exists","Конфликт расширенного блокирования"
"daemon/gvfsafpvolume.c:2193 daemon/gvfsbackendmtp.c:1473 daemon/gvfsbackendmtp.c:1498 daemon/gvfsbackendmtp.c:1701 daemon/gvfsbackendmtp.c:2077 daemon/gvfsbackendmtp.c:2594 daemon/gvfsbackendmtp.c:2989 daemon/gvfsbackendmtp.c:3125","Directory doesn’t exist","Каталог не существует"
"daemon/gvfsafpvolume.c:2197","Target object is not a directory","Объект назначения является каталогом"
"daemon/gvfsafpvolume.c:2530","File is not open for write access","Файл не был открыт для записи"
"daemon/gvfsafpvolume.c:2538","File is locked by another user","Файл заблокирован другим пользователем"
"daemon/gvfsafpvolume.c:2670","File is not open for read access","Файл не был открыт для чтения"
"daemon/gvfsbackendadmin.c:104 daemon/gvfsbackendadmin.c:871 daemon/gvfsbackendafc.c:2361 daemon/gvfsbackendafp.c:1781 daemon/gvfsbackendburn.c:829 daemon/gvfsbackendburn.c:951 daemon/gvfsbackendcomputer.c:812 daemon/gvfsbackenddav.c:4081 daemon/gvfsbackenddav.c:4113 daemon/gvfsbackenddav.c:4141 daemon/gvfsbackendftp.c:1209 daemon/gvfsbackendftp.c:1257 daemon/gvfsbackendftp.c:1278 daemon/gvfsbackendftp.c:1624 daemon/gvfsbackendgoogle.c:1590 daemon/gvfsbackendgoogle.c:1623 daemon/gvfsbackendgoogle.c:1652 daemon/gvfsbackendgoogle.c:1675 daemon/gvfsbackendgoogle.c:1741 daemon/gvfsbackendgoogle.c:2013 daemon/gvfsbackendgoogle.c:2045 daemon/gvfsbackendgoogle.c:2084 daemon/gvfsbackendgoogle.c:2117 daemon/gvfsbackendgoogle.c:2127 daemon/gvfsbackendgoogle.c:2198 daemon/gvfsbackendgoogle.c:2393 daemon/gvfsbackendgoogle.c:2508 daemon/gvfsbackendgoogle.c:2733 daemon/gvfsbackendgoogle.c:3069 daemon/gvfsbackendgoogle.c:3079 daemon/gvfsbackendgoogle.c:3114 daemon/gvfsbackendgoogle.c:3181 daemon/gvfsbackendgoogle.c:3190 daemon/gvfsbackendgoogle.c:3774 daemon/gvfsbackendgoogle.c:3835 daemon/gvfsbackendgoogle.c:3852 daemon/gvfsbackendgoogle.c:3864 daemon/gvfsbackendgoogle.c:3950 daemon/gvfsbackendgoogle.c:3967 daemon/gvfsbackendgphoto2.c:2238 daemon/gvfsbackendgphoto2.c:2451 daemon/gvfsbackendgphoto2.c:2548 daemon/gvfsbackendgphoto2.c:2641 daemon/gvfsbackendgphoto2.c:3250 daemon/gvfsbackendgphoto2.c:3258 daemon/gvfsbackendgphoto2.c:3268 daemon/gvfsbackendmtp.c:1746 daemon/gvfsbackendmtp.c:2047 daemon/gvfsbackendmtp.c:2296 daemon/gvfsbackendmtp.c:2487 daemon/gvfsbackendmtp.c:2570 daemon/gvfsbackendmtp.c:2658 daemon/gvfsbackendmtp.c:2726 daemon/gvfsbackendmtp.c:2921 daemon/gvfsbackendmtp.c:3064 daemon/gvfsbackendnfs.c:2372 daemon/gvfsbackendnfs.c:2422 daemon/gvfsbackendnfs.c:2548 daemon/gvfsbackendsftp.c:2213 daemon/gvfsbackendsftp.c:5417 daemon/gvfsbackendsftp.c:5515 daemon/gvfsbackendsftp.c:6227 daemon/gvfsbackendsftp.c:6259 daemon/gvfsbackendsftp.c:6285 daemon/gvfsbackendsftp.c:6293 daemon/gvfsbackendsftp.c:6780 daemon/gvfsbackendsftp.c:6842 daemon/gvfsbackendsftp.c:6850 daemon/gvfsbackendsmb.c:1700 daemon/gvfsftptask.c:429 daemon/gvfsjobcloseread.c:113 daemon/gvfsjobclosewrite.c:121 daemon/gvfsjobcopy.c:121 daemon/gvfsjobcreatemonitor.c:143 daemon/gvfsjobcreatemonitor.c:154 daemon/gvfsjobcreatemonitor.c:177 daemon/gvfsjobcreatemonitor.c:195 daemon/gvfsjobdelete.c:108 daemon/gvfsjobenumerate.c:272 daemon/gvfsjobmakedirectory.c:108 daemon/gvfsjobmount.c:112 daemon/gvfsjobmountmountable.c:138 daemon/gvfsjobmove.c:121 daemon/gvfsjobopenforread.c:120 daemon/gvfsjobopenforwrite.c:184 daemon/gvfsjobopenforwrite.c:198 daemon/gvfsjobopenforwrite.c:212 daemon/gvfsjobopeniconforread.c:104 daemon/gvfsjobpollmountable.c:107 daemon/gvfsjobpull.c:125 daemon/gvfsjobpush.c:125 daemon/gvfsjobqueryattributes.c:145 daemon/gvfsjobqueryfsinfo.c:116 daemon/gvfsjobqueryinfo.c:124 daemon/gvfsjobqueryinforead.c:125 daemon/gvfsjobqueryinfowrite.c:125 daemon/gvfsjobread.c:123 daemon/gvfsjobseekread.c:121 daemon/gvfsjobseekwrite.c:121 daemon/gvfsjobsetattribute.c:130 daemon/gvfsjobsetdisplayname.c:111 daemon/gvfsjobstartmountable.c:113 daemon/gvfsjobstopmountable.c:115 daemon/gvfsjobtrash.c:107 daemon/gvfsjobtruncate.c:113 daemon/gvfsjobunmountmountable.c:157 daemon/gvfsjobunmountmountable.c:172 daemon/gvfsjobwrite.c:123","Operation not supported","Действие не поддерживается"
"daemon/gvfsbackendadmin.c:999 daemon/gvfsbackendarchive.c:639 daemon/gvfsbackendarchive.c:668 daemon/gvfsbackenddav.c:2354 daemon/gvfsbackendgoogle.c:2943 daemon/gvfsbackendhttp.c:303 daemon/gvfsbackendsmb.c:582","Invalid mount spec","Неверная спецификация монтирования"
"daemon/gvfsbackendafc.c:146","Internal Apple File Control error","Внутренняя ошибка Apple File Control"
"daemon/gvfsbackendafc.c:158","The device did not respond","Устройство не отвечает"
"daemon/gvfsbackendafc.c:162","The connection was interrupted","Соединение было прервано"
"daemon/gvfsbackendafc.c:170","Invalid Apple File Control data received","Неверные данные получены от Apple File Control"
"daemon/gvfsbackendafc.c:174","Unhandled Apple File Control error (%d)","Неизвестная ошибка Apple File Control (%d)"
"daemon/gvfsbackendafc.c:190","Listing applications installed on device failed","Не удалось получить список установленных приложений на устройстве"
"daemon/gvfsbackendafc.c:206","Accessing application icons on device failed","Не удалось получить доступ к значкам приложений на устройстве"
"daemon/gvfsbackendafc.c:228","Lockdown Error: Invalid Argument","Ошибка блокировки: неверный аргумент"
"daemon/gvfsbackendafc.c:232","The device is password protected","Устройство защищено паролем"
"daemon/gvfsbackendafc.c:236","Unable to connect","Не удалось подключиться"
"daemon/gvfsbackendafc.c:240","User refused to trust this computer","Пользователь отказался доверять этому компьютеру"
"daemon/gvfsbackendafc.c:244","The user has not trusted this computer","Пользователь не доверяет этому компьютеру"
"daemon/gvfsbackendafc.c:248","Unhandled Lockdown error (%d)","Неизвестная ошибка блокировки (%d)"
"daemon/gvfsbackendafc.c:265","libimobiledevice Error: Invalid Argument","Ошибка libmobiledevice: неверный аргумент"
"daemon/gvfsbackendafc.c:269","libimobiledevice Error: No device found. Make sure usbmuxd is set up correctly.","Ошибка libmobiledevice: устройство не найдено. Убедитесь, что usbmuxd установлен корректно."
"daemon/gvfsbackendafc.c:273","Unhandled libimobiledevice error (%d)","Неизвестная ошибка libmobiledevice (%d)"
"daemon/gvfsbackendafc.c:394","Try again","Попытаться снова"
"daemon/gvfsbackendafc.c:394 daemon/gvfsbackend.c:1025 monitor/udisks2/gvfsudisks2mount.c:750","Cancel","Отмена"
"daemon/gvfsbackendafc.c:411 daemon/gvfsbackendafc.c:442","Invalid AFC location: must be in the form of afc://uuid:port-number","Неверный адрес AFC: должен быть в формате afc://uuid:port-number"
"daemon/gvfsbackendafc.c:428","Apple Mobile Device","Мобильное устройство Apple"
"daemon/gvfsbackendafc.c:433","Apple Mobile Device, Jailbroken","Мобильное устройство Apple, разлоченное"
"daemon/gvfsbackendafc.c:438","Documents on Apple Mobile Device","Документы на мобильном устройстве Apple"
"daemon/gvfsbackendafc.c:496","%s (jailbreak)","%s (разлоченное)"
"daemon/gvfsbackendafc.c:503 monitor/afc/afcvolume.c:176","Documents on %s","Документы на %s"
"daemon/gvfsbackendafc.c:577","Device Locked
The device “%s” is locked.

Enter the passcode on the device and click “Try again”.","Устройство заблокировано
Устройство «%s» заблокировано.

Введите пароль на устройстве и нажмите ""Повторить попытку""."
"daemon/gvfsbackendafc.c:585","Untrusted Device
The device “%s” is not trusted yet.

Select “Trust” on the device and click “Try again”.","Недоверенное устройство
Устройство «%s» пока не является доверенным.

Выберите ""Доверять"" на устройстве и нажмите ""Повторить попытку""."
"daemon/gvfsbackendafc.c:1053 daemon/gvfsbackendarchive.c:746 daemon/gvfsbackendcomputer.c:657 daemon/gvfsbackendgoogle.c:3577 daemon/gvfsbackendgphoto2.c:1548 daemon/gvfsbackendmtp.c:2329 daemon/gvfsbackendnfs.c:356 daemon/gvfsbackendrecent.c:126 daemon/gvfsbackendsmb.c:672 daemon/gvfsbackendtrash.c:234","Can’t open directory","Не удалось открыть каталог"
"daemon/gvfsbackendafc.c:1273 daemon/gvfsbackendafc.c:2528 daemon/gvfsbackendafp.c:1270 daemon/gvfsbackendafp.c:1359 daemon/gvfsbackenddav.c:3659 daemon/gvfsbackendftp.c:1461 daemon/gvfsbackendsftp.c:3722 daemon/gvfsbackendsftp.c:4009","Backups not supported","Резервные копии не поддерживаются"
"daemon/gvfsbackendafc.c:1435 daemon/gvfsbackendsmb.c:725 daemon/gvfsbackendsmb.c:1204","Unsupported seek type","Неподдерживаемый тип позиционирования"
"daemon/gvfsbackendafpbrowse.c:208 daemon/gvfsbackendcomputer.c:958 daemon/gvfsbackendcomputer.c:1053 daemon/gvfsbackendcomputer.c:1159 daemon/gvfsbackendcomputer.c:1249 daemon/gvfsbackendcomputer.c:1322 daemon/gvfsbackendcomputer.c:1391 daemon/gvfsbackendsmbbrowse.c:1120 daemon/gvfsbackendsmbbrowse.c:1166","Not a mountable file","Файл не является подключаемым"
"daemon/gvfsbackendafpbrowse.c:446 daemon/gvfsbackendafp.c:2105 daemon/gvfsbackendftp.c:681 daemon/gvfsbackendnfs.c:290 daemon/gvfsbackendsftp.c:2070 daemon/gvfsbackendsmb.c:442 daemon/gvfsbackendsmb.c:1376","%s on %s","%s на %s"
"daemon/gvfsbackendafpbrowse.c:450","%s","%s"
"daemon/gvfsbackendafpbrowse.c:483 daemon/gvfsbackendafp.c:2140 daemon/gvfsbackendarchive.c:628 daemon/gvfsbackendftp.c:723 daemon/gvfsbackendnfs.c:197 daemon/gvfsbackendsftp.c:2122","No hostname specified","Имя узла не указано"
"daemon/gvfsbackendafpbrowse.c:568 daemon/gvfsbackendafp.c:2235","Apple Filing Protocol Service","Служба Apple Filing Protocol"
"daemon/gvfsbackendafp.c:286 daemon/gvfsbackendburn.c:877 daemon/gvfsbackenddav.c:3747 daemon/gvfsbackendftp.c:1568 daemon/gvfsbackendgoogle.c:1752 daemon/gvfsbackendgoogle.c:2095 daemon/gvfsbackendgoogle.c:3141","Can’t copy directory over directory","Не удалось скопировать каталог поверх каталога"
"daemon/gvfsbackendafp.c:305 daemon/gvfsbackendburn.c:893 daemon/gvfsbackenddav.c:3782 daemon/gvfsbackendftp.c:1591 daemon/gvfsbackendgoogle.c:1814 daemon/gvfsbackendgoogle.c:3168 daemon/gvfsbackendgoogle.c:3216 daemon/gvfsbackendmtp.c:1641 daemon/gvfsbackendmtp.c:1656","Can’t recursively copy directory","Не удалось скопировать каталог рекурсивно"
"daemon/gvfsbackendafp.c:489 daemon/gvfsbackenddav.c:3560 daemon/gvfsbackendgoogle.c:2209 daemon/gvfsbackendnfs.c:2474 daemon/gvfsbackendsftp.c:5015 daemon/gvfsbackendsmb.c:2086","Can’t move directory over directory","Не удалось переместить каталог поверх каталога"
"daemon/gvfsbackendafp.c:1284","Unable to create temporary file (%s)","Не удалось создать временный файл (%s)"
"daemon/gvfsbackendafp.c:1348 daemon/gvfsbackenddav.c:2975 daemon/gvfsbackendnfs.c:1177 daemon/gvfsbackendsftp.c:3963 daemon/gvfsbackendsmb.c:1077","The file was externally modified","Файл был изменён извне"
"daemon/gvfsbackendafp.c:1765 daemon/gvfsbackendftp.c:1250 daemon/gvfsbackendsftp.c:5479","Invalid attribute type (uint32 expected)","Недопустимый тип атрибута (ожидался — uint32)"
"daemon/gvfsbackendafp.c:2100","%s for %s on %s","%s для %s на %s"
"daemon/gvfsbackendafp.c:2149","No volume specified","Не указан том"
"daemon/gvfsbackendarchive.c:350","/ in %s","/ в %s"
"daemon/gvfsbackendarchive.c:883 daemon/gvfsbackendburn.c:681 daemon/gvfsbackendcomputer.c:729 daemon/gvfsbackenddnssd.c:474 daemon/gvfsbackendftp.c:354 daemon/gvfsbackendgoogle.c:1204 daemon/gvfsbackendgoogle.c:2410 daemon/gvfsbackendgoogle.c:2637 daemon/gvfsbackendnetwork.c:745 daemon/gvfsbackendsftp.c:4502 daemon/gvfsftpdircache.c:157","The file is not a directory","Этот файл не является каталогом"
"daemon/gvfsbackendburn.c:346","Burn","Записать"
"daemon/gvfsbackendburn.c:372","Unable to create temporary directory","Не удалось создать временный каталог"
"daemon/gvfsbackendburn.c:401 daemon/gvfsbackendburn.c:412 daemon/gvfsbackendburn.c:447 daemon/gvfsbackendburn.c:673 daemon/gvfsbackendburn.c:718 daemon/gvfsbackendburn.c:744 daemon/gvfsbackendburn.c:782 daemon/gvfsbackendburn.c:854 daemon/gvfsbackendburn.c:973 daemon/gvfsbackendburn.c:1009 daemon/gvfsbackendftp.c:852 daemon/gvfsbackendgoogle.c:1097 daemon/gvfsbackendgphoto2.c:938 daemon/gvfsbackendgphoto2.c:1869 daemon/gvfsbackendgphoto2.c:2588 daemon/gvfsbackendrecent.c:110 daemon/gvfsbackendrecent.c:293 daemon/gvfsbackendsftp.c:2217 daemon/gvfsbackendsftp.c:3377 daemon/gvfsbackendsftp.c:3390 daemon/gvfsbackendsftp.c:3410 daemon/gvfsbackendtrash.c:218","No such file or directory","Нет такого файла или каталога"
"daemon/gvfsbackendburn.c:455 daemon/gvfsbackendburn.c:905 daemon/gvfsbackendgoogle.c:1760 daemon/gvfsbackendgoogle.c:2103 daemon/gvfsbackendgoogle.c:3149","Can’t copy file over directory","Не удалось скопировать файл поверх каталога"
"daemon/gvfsbackendburn.c:652","CD/DVD Creator","Создание CD/DVD"
"daemon/gvfsbackendburn.c:754 daemon/gvfsbackendburn.c:790 daemon/gvfsbackendburn.c:925 daemon/gvfsbackendburn.c:987 daemon/gvfsbackendburn.c:991 daemon/gvfsbackendburn.c:1001 daemon/gvfsbackendgphoto2.c:2662","File exists","Файл существует"
"daemon/gvfsbackendburn.c:886 daemon/gvfsbackenddav.c:3599 daemon/gvfsbackendsftp.c:2211 daemon/gvfsbackendsftp.c:5195","Target file exists","Файл назначения уже существует"
"daemon/gvfsbackend.c:890 daemon/gvfsjobunmount.c:197 daemon/gvfsjobunmount.c:264","File system is busy","Файловая система занята"
"daemon/gvfsbackend.c:1024 monitor/udisks2/gvfsudisks2mount.c:748","Unmount Anyway","Всё равно отсоединить"
"daemon/gvfsbackend.c:1027 monitor/udisks2/gvfsudisks2mount.c:751","Volume is busy
One or more applications are keeping the volume busy.","Том занят
Одно или более приложений используют том."
"daemon/gvfsbackendcdda.c:290 daemon/gvfsbackendgphoto2.c:1289 daemon/gvfsbackendmtp.c:912","Cannot create gudev client","Не удалось создать клиент gudev"
"daemon/gvfsbackendcdda.c:304 daemon/gvfsbackendcdda.c:385","No drive specified","Устройство не указано"
"daemon/gvfsbackendcdda.c:323","Cannot find drive %s","Не удалось найти устройство %s"
"daemon/gvfsbackendcdda.c:336","Drive %s does not contain audio files","Устройство %s не содержит звуковых файлов"
"daemon/gvfsbackendcdda.c:346","cdda mount on %s","подключение cdda на %s"
"daemon/gvfsbackendcdda.c:347 daemon/gvfsbackendcdda.c:872 monitor/udisks2/gvfsudisks2volume.c:392","Audio Disc","Звуковой диск"
"daemon/gvfsbackendcdda.c:411","File system is busy: %d open file
msgid_plural: File system is busy: %d open files","msgstr[0]: Файловая система занята: %d открытый файл
msgstr[1]: Файловая система занята: %d открытых файла
msgstr[2]: Файловая система занята: %d открытых файлов"
"daemon/gvfsbackendcdda.c:607","No such file %s on drive %s","Файл %s на устройстве %s отсутствует"
"daemon/gvfsbackendcdda.c:716","Error from “paranoia” on drive %s","Ошибка программы «paranoia» на устройстве %s"
"daemon/gvfsbackendcdda.c:779","Error seeking in stream on drive %s","Ошибка позиционирования в потоке на устройстве %s"
"daemon/gvfsbackendcdda.c:901 daemon/gvfsbackendgphoto2.c:1556","No such file","Нет такого файла"
"daemon/gvfsbackendcdda.c:915","The file does not exist or isn’t an audio track","Файл не существует или не является звуковой дорожкой"
"daemon/gvfsbackendcdda.c:1021","Audio CD File System Service","Служба файловой системы Audio CD"
"daemon/gvfsbackendcomputer.c:198 daemon/gvfsbackendcomputer.c:771","Computer","Компьютер"
"daemon/gvfsbackendcomputer.c:532","File System","Файловая система"
"daemon/gvfsbackendcomputer.c:661","Can’t open mountable file","Не удалось открыть подключаемый файл"
"daemon/gvfsbackendcomputer.c:858","Internal error: %s","Внутренняя ошибка: %s"
"daemon/gvfsbackendcomputer.c:890 daemon/gvfsbackendcomputer.c:1008","Can’t mount file","Не удалось подключить файл"
"daemon/gvfsbackendcomputer.c:901","No medium in the drive","В устройстве нет носителя"
"daemon/gvfsbackendcomputer.c:1072","Can’t unmount file","Не удалось отключить файл"
"daemon/gvfsbackendcomputer.c:1202","Can’t eject file","Не удалось извлечь файл"
"daemon/gvfsbackendcomputer.c:1269 daemon/gvfsbackendcomputer.c:1276","Can’t start drive","Не удалось запустить привод"
"daemon/gvfsbackendcomputer.c:1342 daemon/gvfsbackendcomputer.c:1349","Can’t stop drive","Не удалось остановить привод"
"daemon/gvfsbackendcomputer.c:1406 daemon/gvfsbackendcomputer.c:1413","Can’t poll file","Не удалось обработать события над файлом"
"daemon/gvfsbackenddav.c:412","%s on %s%s","%s на %s%s"
"daemon/gvfsbackenddav.c:766 daemon/gvfsbackenddav.c:1536 daemon/gvfsbackenddav.c:2145 daemon/gvfsbackenddav.c:2309 daemon/gvfsbackendhttp.c:268 daemon/gvfshttpinputstream.c:273","HTTP Error: %s","Ошибка HTTP: %s"
"daemon/gvfsbackenddav.c:781","Could not parse response","Не удалось разобрать ответ"
"daemon/gvfsbackenddav.c:790","Empty response","Пустой ответ"
"daemon/gvfsbackenddav.c:798","Unexpected reply from server","Неожиданный ответ от сервера"
"daemon/gvfsbackenddav.c:1554 daemon/gvfsbackenddav.c:2510 daemon/gvfsbackenddav.c:2605 daemon/gvfsbackenddav.c:2789","Response invalid","Неверный ответ"
"daemon/gvfsbackenddav.c:1775","WebDAV share","Ресурс WebDAV"
"daemon/gvfsbackenddav.c:1778 daemon/gvfsbackendsmbbrowse.c:373","Authentication Required
Enter password for “%s”:","Требуется аутентификация
Введите пароль для «%s»:"
"daemon/gvfsbackenddav.c:1781","Authentication Required
Enter proxy password:","Требуется аутентификация
Введите пароль прокси-сервера:"
"daemon/gvfsbackenddav.c:2153","Could not find an enclosing directory","Не удалось найти родительский каталог"
"daemon/gvfsbackenddav.c:2297","Not a WebDAV enabled share","Не является ресурсом WebDAV"
"daemon/gvfsbackenddav.c:2536 daemon/gvfsbackenddav.c:2649 daemon/gvfsbackenddav.c:2736 daemon/gvfsbackenddav.c:2823","Could not create request","Не удалось создать запрос"
"daemon/gvfsbackenddav.c:3009 daemon/gvfsbackendftp.c:1102 daemon/gvfsbackendgoogle.c:3944 daemon/gvfsbackendnfs.c:941 daemon/gvfsbackendnfs.c:964 daemon/gvfsbackendnfs.c:990 daemon/gvfsbackendnfs.c:1390 daemon/gvfsbackendsmb.c:1113 daemon/gvfsbackendsmb.c:2114","Backup file creation failed","Ошибка создания резервной копии файла"
"daemon/gvfsbackenddav.c:3565","Can’t move over directory","Не удалось переместить поверх каталога"
"daemon/gvfsbackenddnssd.c:521 daemon/gvfsbackendnetwork.c:462","Local Network","Локальная сеть"
"daemon/gvfsbackenddnssd.c:776 daemon/gvfsbackendnetwork.c:852","Can’t monitor file or directory.","Не удалось отследить состояние файла или каталога."
"daemon/gvfsbackenddnssd.c:794","Dns-SD","Dns-SD"
"daemon/gvfsbackenddnssd.c:795 daemon/gvfsbackendnetwork.c:784 daemon/gvfsbackendnetwork.c:933 daemon/gvfsbackendnetwork.c:934","Network","Сеть"
"daemon/gvfsbackendftp.c:560 daemon/gvfsbackendsftp.c:1191 daemon/gvfsbackendsftp.c:1295 daemon/gvfsbackendsmbbrowse.c:1020 daemon/gvfsbackendsmb.c:537","Password dialog cancelled","Ввод пароля отменён"
"daemon/gvfsbackendftp.c:786","Insufficient permissions","Недостаточно прав доступа"
"daemon/gvfsbackendgoogle.c:2217","Can’t move file over directory","Невозможно переместить файл через каталог"
"daemon/gvfsbackendgoogle.c:2259","Error moving file/folder","Ошибка перемещения файла/папки"
"daemon/gvfsbackendgoogle.c:2971","Shared with me","Доступные мне"
"daemon/gvfsbackendgoogle.c:2987","Shared drives","Общие диски"
"daemon/gvfsbackendgoogle.c:3021 daemon/gvfsbackendgoogle.c:3599 daemon/gvfsbackendgphoto2.c:1589","Error getting data from file","Ошибка получения данных из файла"
"daemon/gvfsbackendgoogle.c:3158 daemon/gvfsbackendgoogle.c:3984 daemon/gvfsbackendnfs.c:1162","Target file is not a regular file","Целевой файл не является обычным файлом"
"daemon/gvfsbackendgoogle.c:3584 daemon/gvfsbackendsftp.c:2390 daemon/gvfsbackendsftp.c:2792 daemon/gvfsbackendsftp.c:2855 daemon/gvfsbackendsftp.c:2866 daemon/gvfsbackendsftp.c:2924 daemon/gvfsbackendsftp.c:3017 daemon/gvfsbackendsftp.c:3069 daemon/gvfsbackendsftp.c:3124 daemon/gvfsbackendsftp.c:3203 daemon/gvfsbackendsftp.c:3320 daemon/gvfsbackendsftp.c:3453 daemon/gvfsbackendsftp.c:3537 daemon/gvfsbackendsftp.c:3613 daemon/gvfsbackendsftp.c:3625 daemon/gvfsbackendsftp.c:3695 daemon/gvfsbackendsftp.c:3765 daemon/gvfsbackendsftp.c:3823 daemon/gvfsbackendsftp.c:3843 daemon/gvfsbackendsftp.c:4035 daemon/gvfsbackendsftp.c:4069 daemon/gvfsbackendsftp.c:4127 daemon/gvfsbackendsftp.c:4189 daemon/gvfsbackendsftp.c:4260 daemon/gvfsbackendsftp.c:4535 daemon/gvfsbackendsftp.c:4606 daemon/gvfsbackendsftp.c:4741 daemon/gvfsbackendsftp.c:4854 daemon/gvfsbackendsftp.c:4916 daemon/gvfsbackendsftp.c:4953 daemon/gvfsbackendsftp.c:4981 daemon/gvfsbackendsftp.c:5095 daemon/gvfsbackendsftp.c:5151 daemon/gvfsbackendsftp.c:5192 daemon/gvfsbackendsftp.c:5228 daemon/gvfsbackendsftp.c:5264 daemon/gvfsbackendsftp.c:5279 daemon/gvfsbackendsftp.c:5294 daemon/gvfsbackendsftp.c:5389 daemon/gvfsbackendsftp.c:5457 daemon/gvfsbackendsftp.c:5664 daemon/gvfsbackendsftp.c:5701 daemon/gvfsbackendsftp.c:5819 daemon/gvfsbackendsftp.c:5905 daemon/gvfsbackendsftp.c:5989 daemon/gvfsbackendsftp.c:6032 daemon/gvfsbackendsftp.c:6036 daemon/gvfsbackendsftp.c:6153 daemon/gvfsbackendsftp.c:6157 daemon/gvfsbackendsftp.c:6408 daemon/gvfsbackendsftp.c:6631 daemon/gvfsbackendsftp.c:6648 daemon/gvfsbackendsftp.c:6786 daemon/gvfsbackendsftp.c:6814","Invalid reply received","Получен неверный ответ"
"daemon/gvfsbackendgoogle.c:3590","File is not a regular file","Файл не является обычным файлом"
"daemon/gvfsbackendgoogle.c:3976 daemon/gvfsbackendnfs.c:1152","Target file is a directory","Целевой файл является каталогом"
"daemon/gvfsbackendgoogle.c:4169 daemon/gvfsbackendgphoto2.c:3050","Error writing file","Ошибка записи файла"
"daemon/gvfsbackendgphoto2.c:479","%s: %d: Directory or file exists","%s: %d: файл или каталог не существует"
"daemon/gvfsbackendgphoto2.c:486","%s: %d: No such file or directory","%s: %d: нет такого файла или каталога"
"daemon/gvfsbackendgphoto2.c:492","%s: %d: Invalid filename","%s: %d: неверное имя файла"
"daemon/gvfsbackendgphoto2.c:498","%s: %d: Not Supported","%s: %d: не поддерживается"
"daemon/gvfsbackendgphoto2.c:687","Digital Camera (%s)","Цифровая камера (%s)"
"daemon/gvfsbackendgphoto2.c:1256 daemon/gvfsbackendmtp.c:883","Couldn’t find matching udev device.","Не удалось найти соответствующее устройство udev."
"daemon/gvfsbackendgphoto2.c:1319","Cannot create gphoto2 context","Не удалось создать контекст gphoto2"
"daemon/gvfsbackendgphoto2.c:1328","Error creating camera","Ошибка создания объекта камеры"
"daemon/gvfsbackendgphoto2.c:1340 daemon/gvfsbackendgphoto2.c:1349","Error loading device information","Ошибка загрузки информации об устройстве"
"daemon/gvfsbackendgphoto2.c:1360","Error looking up device information","Не удалось найти информацию об устройстве"
"daemon/gvfsbackendgphoto2.c:1369","Error getting device information","Ошибка получения информации об устройстве"
"daemon/gvfsbackendgphoto2.c:1383","Error setting up camera communications port","Ошибка установки порта для связи с камерой"
"daemon/gvfsbackendgphoto2.c:1393","Error initializing camera","Ошибка инициализации камеры"
"daemon/gvfsbackendgphoto2.c:1404","gphoto2 mount on %s","подключение gphoto2 на %s"
"daemon/gvfsbackendgphoto2.c:1502","No camera specified","Камера не определена"
"daemon/gvfsbackendgphoto2.c:1564 daemon/gvfsbackendgphoto2.c:3299","Error creating file object","Ошибка создания объекта файла"
"daemon/gvfsbackendgphoto2.c:1579 daemon/gvfsbackendgphoto2.c:3330","Error getting file","Ошибка получения файла"
"daemon/gvfsbackendgphoto2.c:1647 daemon/gvfsbackendmtp.c:2417","Malformed icon identifier “%s”","Некорректный идентификатор значка «%s»"
"daemon/gvfsbackendgphoto2.c:1723 daemon/gvfsbackendgphoto2.c:2913","Error seeking in stream on camera %s","Ошибка позиционирования в потоке, созданном камерой %s"
"daemon/gvfsbackendgphoto2.c:1863 daemon/gvfsbackendsftp.c:3380 daemon/gvfsbackendsmbbrowse.c:1443","Not a directory","Не является каталогом"
"daemon/gvfsbackendgphoto2.c:1896","Failed to get folder list","Не удалось получить список каталогов"
"daemon/gvfsbackendgphoto2.c:1961","Failed to get file list","Не удалось получить список файлов"
"daemon/gvfsbackendgphoto2.c:2250","Error creating directory","Ошибка создания каталога"
"daemon/gvfsbackendgphoto2.c:2463","Name already exists","Такое имя уже существует"
"daemon/gvfsbackendgphoto2.c:2474 daemon/gvfsbackendgphoto2.c:3142","New name too long","Слишком длинное имя"
"daemon/gvfsbackendgphoto2.c:2484 daemon/gvfsbackendgphoto2.c:3153","Error renaming directory","Ошибка переименования каталога"
"daemon/gvfsbackendgphoto2.c:2497 daemon/gvfsbackendgphoto2.c:3166","Error renaming file","Ошибка переименования файла"
"daemon/gvfsbackendgphoto2.c:2561","Directory “%s” is not empty","Каталог «%s» не пустой"
"daemon/gvfsbackendgphoto2.c:2572","Error deleting directory","Ошибка удаления каталога"
"daemon/gvfsbackendgphoto2.c:2598 daemon/gvfsbackendgphoto2.c:3351","Error deleting file","Ошибка удаления файла"
"daemon/gvfsbackendgphoto2.c:2651","Can’t write to directory","Не удалось произвести запись в каталог"
"daemon/gvfsbackendgphoto2.c:2698","Cannot allocate new file to append to","Не удалось выделить новый файл для добавления в конец"
"daemon/gvfsbackendgphoto2.c:2713","Cannot read file to append to","Не удалось прочитать файл для добавления в конец"
"daemon/gvfsbackendgphoto2.c:2724","Cannot get data of file to append to","Не удалось получить данные файла для добавления в конец"
"daemon/gvfsbackendgphoto2.c:3098","Not supported (not same directory)","Не поддерживается (не тот же самый каталог)"
"daemon/gvfsbackendgphoto2.c:3110","Not supported (the source is a directory, the destination is a directory too)","Не поддерживается (источник и назначение являются каталогами)"
"daemon/gvfsbackendgphoto2.c:3118","Not supported (the source is a directory, but the destination is an existing file)","Не поддерживается (источник — каталог, назначение — существующий файл)"
"daemon/gvfsbackendgphoto2.c:3130","Not supported (the source is a file, but the destination is a directory)","Не поддерживается (источник — файл, назначение — каталог)"
"daemon/gvfsbackendhttp.c:263","HTTP Client Error: %s","Ошибка клиента HTTP: %s"
"daemon/gvfsbackendlocaltest.c:861","Directory notification not supported","Уведомление для каталогов не поддерживается"
"daemon/gvfsbackendmtp.c:194","Storage (%X)","Хранение (%X)"
"daemon/gvfsbackendmtp.c:592","Unknown error.","Неизвестная ошибка."
"daemon/gvfsbackendmtp.c:598","libmtp error: %s","Ошибка libmtp: %s"
"daemon/gvfsbackendmtp.c:904","No device specified","Устройство не указано"
"daemon/gvfsbackendmtp.c:1050","No MTP devices found","Устройство MTP не найдено"
"daemon/gvfsbackendmtp.c:1055","Unable to connect to MTP device","Не удалось подключиться к устройству MTP"
"daemon/gvfsbackendmtp.c:1060","Unable to allocate memory while detecting MTP devices","Не удалось выделить память при обнаружении устройств MTP"
"daemon/gvfsbackendmtp.c:1066","Generic libmtp error","Общая ошибка libtmp"
"daemon/gvfsbackendmtp.c:1079","Unable to open MTP device “%03u,%03u”","Не удалось открыть устройство MTP «%03u,%03u»"
"daemon/gvfsbackendmtp.c:1096","Device not found","Устройство не найдено"
"daemon/gvfsbackendmtp.c:1401 daemon/gvfsbackendmtp.c:1509 daemon/gvfsbackendmtp.c:1561","File not found","Файл не найден"
"daemon/gvfsbackendmtp.c:1631","Target is a directory","Цель является каталогом"
"daemon/gvfsbackendmtp.c:1636","Can’t merge directories","Невозможно объединить каталоги"
"daemon/gvfsbackendmtp.c:1682","Cannot make directory in this location","Не удалось создать каталог в данном каталоге"
"daemon/gvfsbackendmtp.c:1759 daemon/gvfsbackendmtp.c:2182 daemon/gvfsbackendmtp.c:2245 daemon/gvfsbackendmtp.c:2312 daemon/gvfsbackendmtp.c:2674 daemon/gvfsbackendmtp.c:2740 daemon/gvfsbackendmtp.c:2953 daemon/gvfsbackendmtp.c:3096 daemon/gvfsbackendsmbbrowse.c:1188","Not a regular file","Не является обычным файлом"
"daemon/gvfsbackendmtp.c:2054 daemon/gvfsbackendmtp.c:2586 daemon/gvfsbackendmtp.c:2937 daemon/gvfsbackendmtp.c:3080","Cannot write to this location","Не удалось выполнить запись в данном каталоге"
"daemon/gvfsbackendmtp.c:2399","No thumbnail for entity “%s”","Нет миниатюры для объекта «%s»"
"daemon/gvfsbackendnetwork.c:168","File Sharing","Общий доступ к файлам"
"daemon/gvfsbackendnetwork.c:173","Remote Login","Удалённый вход в систему"
"daemon/gvfsbackendnetwork.c:333 daemon/gvfsbackendsmbbrowse.c:906","Windows Network","Сеть Windows"
"daemon/gvfsbackendnetwork.c:1020","Network Location Monitor","Обозреватель сети"
"daemon/gvfsbackendnfs.c:242","Mount point does not exist","Точка монтирования не существует"
"daemon/gvfsbackendnfs.c:266","Permission denied: Perhaps this host is disallowed or a privileged port is needed","Доступ запрещён: возможно доступ на этот хост запрещён или требуется привилегированный порт"
"daemon/gvfsbackendnfs.c:1048 daemon/gvfsbackendnfs.c:1071 daemon/gvfsbackendnfs.c:1119 daemon/gvfsbackendsftp.c:3890 daemon/gvfsbackendsftp.c:6060","Unable to create temporary file","Не удалось создать временный файл"
"daemon/gvfsbackendnfs.c:2380","Invalid attribute type","Неверный тип атрибута"
"daemon/gvfsbackendrecent.c:270","The recent folder may not be deleted","Нельзя удалить папку недавних файлов"
"daemon/gvfsbackendrecent.c:693 daemon/gvfsbackendrecent.c:814","Recent","Недавние"
"daemon/gvfsbackendsftp.c:337 daemon/gvfsbackendsftp.c:720","Connection failed","Сбой подключения"
"daemon/gvfsbackendsftp.c:353","Hostname not known","Имя узла неизвестно"
"daemon/gvfsbackendsftp.c:360","No route to host","Нет маршрута к узлу"
"daemon/gvfsbackendsftp.c:368","Connection refused by server","Соединение отклонено сервером"
"daemon/gvfsbackendsftp.c:375","Host key verification failed","Сбой проверки сертификата узла"
"daemon/gvfsbackendsftp.c:382","Too many authentication failures","Слишком много сбоев аутентификации"
"daemon/gvfsbackendsftp.c:564","Unable to spawn SSH program","Не удалось выполнить программу SSH"
"daemon/gvfsbackendsftp.c:580","Unable to spawn SSH program: %s","Не удалось выполнить программу SSH: %s"
"daemon/gvfsbackendsftp.c:682 daemon/gvfsbackendsftp.c:1058","Timed out when logging in","Время ожидания входа в систему истекло"
"daemon/gvfsbackendsftp.c:934","Log In Anyway","Всё равно войти"
"daemon/gvfsbackendsftp.c:934","Cancel Login","Отменить вход"
"daemon/gvfsbackendsftp.c:949","Login dialog cancelled","Окно входа отменено"
"daemon/gvfsbackendsftp.c:968","Can’t send host identity confirmation","Не удалось отправить подтверждение подлинности узла"
"daemon/gvfsbackendsftp.c:1164","Authentication Required
Enter passphrase for secure key for “%s” on “%s”:","Требуется аутентификация
Введите кодовую фразу для безопасного ключа для «%s» на «%s»:"
"daemon/gvfsbackendsftp.c:1171","Authentication Required
Enter passphrase for secure key for “%s”:","Требуется аутентификация
Введите кодовую фразу для безопасного ключа для «%s»:"
"daemon/gvfsbackendsftp.c:1263 daemon/gvfsbackendsftp.c:1310","Can’t send password","Не удалось отправить пароль"
"daemon/gvfsbackendsftp.c:1278","Enter verification code for %s on %s","Введите код проверки для %s на %s"
"daemon/gvfsbackendsftp.c:1282","Enter verification code for %s","Введите проверочный код для %s"
"daemon/gvfsbackendsftp.c:1329","Identity Verification Failed
Verifying the identity of “%s” failed, this happens when you log in to a computer the first time.

The identity sent by the remote computer is “%s”. If you want to be absolutely sure it is safe to continue, contact the system administrator.","Проверка личности не удалась
Проверка личности «%s» не удалась, это происходит при первом входе на компьютер.

Идентификатор, отправленный удаленным компьютером, - «%s». Если вы хотите быть абсолютно уверены в безопасности продолжения, обратитесь к системному администратору."
"daemon/gvfsbackendsftp.c:1358","Identity Verification Failed
The host key for “%s” differs from the key for the IP address “%s”
If you want to be absolutely sure it is safe to continue, contact the system administrator.","Проверка личности не прошла
Ключ хоста для «%s» отличается от ключа для IP-адреса «%s»
Если вы хотите быть абсолютно уверены в безопасности продолжения, обратитесь к системному администратору."
"daemon/gvfsbackendsftp.c:1450","The connection is closed (the underlying SSH process exited)","Соединение было закрыто (подчинённый процесс SSH был завершён)"
"daemon/gvfsbackendsftp.c:1451","Internal error: Unknown Error","Внутренняя ошибка: неизвестная ошибка"
"daemon/gvfsbackendsftp.c:1970 daemon/gvfsbackendsftp.c:1997","Protocol error","Ошибка протокола"
"daemon/gvfsbackendsftp.c:2112","Unable to find supported SSH command","Не удалось найти поддерживаемую команду SSH"
"daemon/gvfsbackendsftp.c:2219","Unknown reason","Неизвестная причина"
"daemon/gvfsbackendsftp.c:2649 daemon/gvfsbackendsmb.c:1383 daemon/gvfsdaemonutils.c:140"," (invalid encoding)"," (неверная кодировка)"
"daemon/gvfsbackendsftp.c:2661 daemon/gvfsftpdircache.c:431","/ on %s","/ на %s"
"daemon/gvfsbackendsftp.c:2734","Failure","Сбой"
"daemon/gvfsbackendsftp.c:3146","Error creating backup file: %s","Ошибка создания резервной копии файла: %s"
"daemon/gvfsbackendsftp.c:5425","Value out of range, sftp only supports 32bit timestamps","Значение вне диапазона, sftp поддерживает только 32-битные временные метки"
"daemon/gvfsbackendsftp.c:5500 daemon/gvfsbackendsmb.c:1725","Invalid attribute type (uint64 expected)","Недопустимый тип атрибута (ожидался — uint64)"
"daemon/gvfsbackendsmbbrowse.c:808 daemon/gvfsbackendsmbbrowse.c:847 daemon/gvfsbackendsmb.c:401 daemon/gvfsbackendsmb.c:428 daemon/gvfsbackendsmb.c:618","Internal Error (%s)","Внутренняя ошибка (%s)"
"daemon/gvfsbackendsmbbrowse.c:915","Windows shares on %s","Ресурсы Windows на %s"
"daemon/gvfsbackendsmbbrowse.c:1025","Failed to retrieve share list from server: %s","Не удалось получить список доступных на сервере ресурсов: %s"
"daemon/gvfsbackendsmbbrowse.c:1547","Windows Network File System Service","Служба сетевой файловой системы Windows"
"daemon/gvfsbackendsmb.c:257","Authentication Required
Enter password for share “%s” on “%s”:","Требуется аутентификация
Введите пароль для общего ресурса «%s» на «%s»:"
"daemon/gvfsbackendsmb.c:263","Authentication Required
Enter user and password for share “%s” on “%s”:","Требуется аутентификация
Введите пользователя и пароль для ресурса «%s» на «%s»:"
"daemon/gvfsbackendsmb.c:542","Failed to mount Windows share: %s","Не удалось подключить ресурс Windows: %s"
"daemon/gvfsbackendsmb.c:1312","Backup file creation failed: %s","Ошибка создания резервного файла: %s"
"daemon/gvfsbackendsmb.c:1923","Can’t rename file, filename already exists","Невозможно переименовать файл, имя файла уже существует"
"daemon/gvfsbackendsmb.c:1974","Error deleting file: %s","Ошибка удаления файла: %s"
"daemon/gvfsbackendsmb.c:2061","Error moving file: %s","Ошибка перемещения файла: %s"
"daemon/gvfsbackendsmb.c:2134","Error removing target file: %s","Ошибка удаления файла назначения: %s"
"daemon/gvfsbackendsmb.c:2158","Can’t recursively move directory","Не удалось переместить каталог рекурсивно"
"daemon/gvfsbackendsmb.c:2207","Windows Shares File System Service","Служба файловой системы ресурсов Windows"
"daemon/gvfsbackendtrash.c:402 daemon/gvfsbackendtrash.c:461","The trash folder may not be deleted","Папка корзины не может быть удалена"
"daemon/gvfsbackendtrash.c:422 daemon/gvfsbackendtrash.c:478","Items in the trash may not be modified","Элементы в корзине не могут быть изменены"
"daemon/gvfsbackendtrash.c:780 daemon/gvfsbackendtrash.c:895","Trash","Корзина"
"daemon/gvfschannel.c:336","Channel blocked","Канал заблокирован"
"daemon/gvfsdaemonutils.c:251","The signing certificate authority is not known.","Неизвестный источник подписи сертификата."
"daemon/gvfsdaemonutils.c:253","The certificate does not match the identity of the site.","Сертификат не соответствует идентичности сайта."
"daemon/gvfsdaemonutils.c:255","The certificate’s activation time is in the future.","Время активации сертификата находится в будущем."
"daemon/gvfsdaemonutils.c:257","The certificate has expired.","Срок действия сертификата истек."
"daemon/gvfsdaemonutils.c:259","The certificate has been revoked.","Сертификат был аннулирован."
"daemon/gvfsdaemonutils.c:261","The certificate’s algorithm is considered insecure.","Алгоритм сертификата считается небезопасным."
"daemon/gvfsdaemonutils.c:263","Error occurred when validating the certificate.","Произошла ошибка при проверке сертификата."
"daemon/gvfsdaemonutils.c:325","Yes","Да"
"daemon/gvfsdaemonutils.c:325","No","Нет"
"daemon/gvfsdaemonutils.c:337","Identity Verification Failed
%s

%s

Are you really sure you would like to continue?","Проверка личности не прошла
%s

%s

Вы действительно уверены, что хотите продолжить?"
"daemon/gvfsftpconnection.c:211","Unexpected end of stream","Неожиданный конец потока"
"daemon/gvfsftpconnection.c:227 daemon/gvfsftpconnection.c:240 daemon/gvfsftptask.c:449 daemon/gvfsftptask.c:877","Invalid reply","Неверный ответ"
"daemon/gvfsftpconnection.c:478","Failed to create active FTP connection. Maybe your router does not support this?","Не удалось установить активное FTP соединение. Возможно, маршрутизатор не поддерживает этого?"
"daemon/gvfsftpconnection.c:485","Failed to create active FTP connection.","Не удалось установить активное FTP соединение."
"daemon/gvfsftpfile.c:170","Filename contains invalid characters.","Имя файла содержит недопустимые символы."
"daemon/gvfsftptask.c:290","The FTP server is busy. Try again later","FTP сервер занят. Повторите попытку позднее"
"daemon/gvfsftptask.c:296","Backend currently unmounting","Выполняется размонтирование бекенда"
"daemon/gvfsftptask.c:393","Accounts are unsupported","Учётные записи не поддерживаются"
"daemon/gvfsftptask.c:401","Cannot open data connection. Maybe your firewall prevents this?","Не удается открыть соединение для передачи данных. Возможно, ваш брандмауэр препятствует этому?"
"daemon/gvfsftptask.c:405","Data connection closed","Соединение с данными закрыто"
"daemon/gvfsftptask.c:412 daemon/gvfsftptask.c:416","Operation failed","Сбой операции"
"daemon/gvfsftptask.c:421","No space left on server","На сервере не осталось свободного места"
"daemon/gvfsftptask.c:433","Unsupported network protocol","Неподдерживаемый сетевой протокол"
"daemon/gvfsftptask.c:441","Page type unknown","Неизвестный тип страницы"
"daemon/gvfsftptask.c:445","Invalid filename","Неверное имя файла"
"daemon/gvfshttpinputstream.c:289","Error seeking in stream","Ошибка позиционирования в потоке"
"daemon/gvfsjobcopy.c:147 daemon/gvfsjobdelete.c:126 daemon/gvfsjobmakedirectory.c:126 daemon/gvfsjobmakesymlink.c:130 daemon/gvfsjobmove.c:147 daemon/gvfsjobopenforwrite.c:236 daemon/gvfsjobpush.c:152 daemon/gvfsjobsetattribute.c:152 daemon/gvfsjobsetdisplayname.c:130 daemon/gvfsjobtrash.c:125","Filesystem is read-only","Файловая система доступна только для чтения"
"daemon/gvfsjobmakesymlink.c:111","Symlinks not supported by backend","Символические ссылки не поддерживаются внутренней реализацией"
"daemon/gvfsjobsetattribute.c:99","Invalid dbus message","Неверное сообщение dbus"
"daemon/gvfsjobunmount.c:123","%s has been unmounted
","Устройство %s отключено
"
"daemon/gvfsjobunmount.c:141","Unmounting %s
Please wait","Отключение %s
Подождите"
"daemon/main.c:148 metadata/meta-daemon.c:459","Replace old daemon.","Заменить старую службу."
"daemon/main.c:149","Don’t start fuse.","Не запускать fuse."
"daemon/main.c:150","Enable debug output.","Включить вывод отладочной информации."
"daemon/main.c:151 metadata/meta-daemon.c:460","Show program version.","Показать версия программы."
"daemon/main.c:167","GVFS Daemon","Служба GVFS"
"daemon/main.c:170","Main daemon for GVFS","Главная служба GVFS"
"daemon/main.c:187 metadata/meta-daemon.c:486","%s: %s","%s: %s"
"daemon/main.c:189 metadata/meta-daemon.c:488","Try “%s --help” for more information.","Попробуйте «%s --help» для дополнительной информации."
"daemon/mount.c:783","Automount failed: %s","Сбой автоматического подключения: %s"
"daemon/mount.c:827 daemon/mount.c:903","The specified location is not mounted","Указанный адрес не подключён"
"daemon/mount.c:832","The specified location is not supported","Указанный адрес не поддерживается"
"daemon/mount.c:1015","Location is already mounted","Адрес уже подключён"
"daemon/mount.c:1024","Location is not mountable","Адрес не является подключаемым"
"daemon/org.gtk.vfs.file-operations.policy.in.in:13 daemon/org.gtk.vfs.file-operations.policy.in.in:25","Perform file operations","Выполнение операций с файлами"
"daemon/org.gtk.vfs.file-operations.policy.in.in:14","Authentication is required to run gvfsd-admin daemon","Требуется аутентификация для запуска демона gvfsd-admin"
"daemon/org.gtk.vfs.file-operations.policy.in.in:26","Authentication is required to perform file operations","Требуется аутентификация для выполнения операций с файлами"
"metadata/meta-daemon.c:249 metadata/meta-daemon.c:326 metadata/meta-daemon.c:363","Can’t find metadata file %s","Невозможно найти файл метаданных %s"
"metadata/meta-daemon.c:267 metadata/meta-daemon.c:279","Unable to set metadata key","Невозможно установить ключ метаданных"
"metadata/meta-daemon.c:289","Unable to unset metadata key","Невозможно отключить ключ метаданных"
"metadata/meta-daemon.c:336","Unable to remove metadata keys","Невозможно удалить ключи метаданных"
"metadata/meta-daemon.c:374","Unable to move metadata keys","Невозможно переместить ключи метаданных"
"metadata/meta-daemon.c:470","GVFS Metadata Daemon","Служба метаданных GVFS"
"metadata/meta-daemon.c:473","Metadata daemon for GVFS","Служба метаданных для GVFS"
"monitor/goa/goavolume.c:298 monitor/goa/goavolume.c:337","Failed to get org.gnome.OnlineAccounts.Files for %s","Не удалось получить org.gnome.OnlineAccounts.Files для %s"
"monitor/goa/goavolume.c:368","Invalid credentials for %s","Неверные учётные данные для %s"
"monitor/goa/goavolume.c:401","Unsupported authentication method for %s","Неподдерживаемый метод аутентификации для %s"
"monitor/proxy/gvfsproxyvolumemonitordaemon.c:1037","The given mount was not found","Указанная точка монтирования не найдена"
"monitor/proxy/gvfsproxyvolumemonitordaemon.c:1045 monitor/proxy/gvfsproxyvolumemonitordaemon.c:1282 monitor/proxy/gvfsproxyvolumemonitordaemon.c:1389 monitor/proxy/gvfsproxyvolumemonitordaemon.c:1496 monitor/proxy/gvfsproxyvolumemonitordaemon.c:1603 monitor/proxy/gvfsproxyvolumemonitordaemon.c:1706","An operation is already pending","Действие уже выполняется"
"monitor/proxy/gvfsproxyvolumemonitordaemon.c:1132","No outstanding mount operation","Невыполненных операций монтирования нет"
"monitor/proxy/gvfsproxyvolumemonitordaemon.c:1274","The given volume was not found","Указанный том не найден"
"monitor/proxy/gvfsproxyvolumemonitordaemon.c:1381 monitor/proxy/gvfsproxyvolumemonitordaemon.c:1488 monitor/proxy/gvfsproxyvolumemonitordaemon.c:1595 monitor/proxy/gvfsproxyvolumemonitordaemon.c:1698","The given drive was not found","Указанный привод не найден"
"monitor/udisks2/gvfsudisks2drive.c:290","Unnamed Drive (%s)","Безымянное устройство (%s)"
"monitor/udisks2/gvfsudisks2drive.c:292","Unnamed Drive","Безымянное устройство"
"monitor/udisks2/gvfsudisks2drive.c:624","Failed to eject medium; one or more volumes on the medium are busy.","Не удалось извлечь носитель; один или несколько томов этого носителя заняты."
"monitor/udisks2/gvfsudisks2mount.c:634","One or more programs are preventing the unmount operation.","Одна или более программ препятствуют отключению."
"monitor/udisks2/gvfsudisks2mount.c:744","Eject Anyway","Всё равно извлечь"
"monitor/udisks2/gvfsudisks2mount.c:1128 monitor/udisks2/gvfsudisks2volume.c:1769","Operation not supported by backend","Действие не поддерживается внутренней реализацией"
"monitor/udisks2/gvfsudisks2utils.c:345","Timed out running command-line “%s”","Превышено время ожидания командной строки «%s»"
"monitor/udisks2/gvfsudisks2utils.c:646","Unmounting %s
Disconnecting from filesystem.","Размонтирование %s
Отключение от файловой системы."
"monitor/udisks2/gvfsudisks2utils.c:648","Writing data to %s
Device should not be unplugged.","Запись данных в %s
Не отключайте устройство."
"monitor/udisks2/gvfsudisks2utils.c:780","%s unmounted
Filesystem has been disconnected.","%s размонтировано
Файловая система отключена."
"monitor/udisks2/gvfsudisks2utils.c:782","%s can be safely unplugged
Device can be removed.","%s можно безопасно отключить
Устройство может быть извлечено."
"monitor/udisks2/gvfsudisks2volume.c:304","%s Possibly Encrypted","%s Возможно, зашифровано"
"monitor/udisks2/gvfsudisks2volume.c:311","%s Encrypted","Зашифрованный том %s"
"monitor/udisks2/gvfsudisks2volume.c:324","%s Volume","Том %s"
"monitor/udisks2/gvfsudisks2volume.c:563","Volume","Том"
"monitor/udisks2/gvfsudisks2volume.c:1152","Error storing passphrase in keyring (%s)","Ошибка сохранения пароля в связке ключей (%s)"
"monitor/udisks2/gvfsudisks2volume.c:1185","Error deleting invalid passphrase from keyring (%s)","Ошибка удаления неверного пароля из связки ключей (%s)"
"monitor/udisks2/gvfsudisks2volume.c:1247","The unlocked device does not have a recognizable file system on it","Не удалось определить файловую систему на разблокированном устройстве"
"monitor/udisks2/gvfsudisks2volume.c:1275","Encryption passphrase for %s","Пароль шифрования для %s"
"monitor/udisks2/gvfsudisks2volume.c:1484","A passphrase is required to access the volume","Для получения доступа к тому требуется пароль"
"monitor/udisks2/gvfsudisks2volume.c:1499","Authentication Required
A passphrase is needed to access encrypted data on “%s”.
The volume might be a VeraCrypt volume as it contains random data.","Требуется аутентификация
Для доступа к зашифрованным данным на томе «%s» требуется парольная фраза.
Том может быть томом VeraCrypt, поскольку он содержит случайные данные."
"monitor/udisks2/gvfsudisks2volume.c:1505","Authentication Required
A passphrase is needed to access encrypted data on “%s”.","Требуется аутентификация
Для доступа к зашифрованным данным на «%s» требуется парольная фраза."
"monitor/udisks2/gvfsudisks2volume.c:1685","%s (%s)","%s (%s)"
"monitor/udisks2/udisks2volumemonitordaemon.c:39","GVfs UDisks2 Volume Monitor","Монитор томов GVfs UDisks2"
