"location","source","target"
"","po header","Project-Id-Version: gnome-games trunk
Report-Msgid-Bugs-To: https://gitlab.gnome.org/GNOME/iagno/issues
POT-Creation-Date: 2022-05-26 14:20+0000
PO-Revision-Date: 2022-02-19 23:05+1000
Last-Translator: Ser82-png <sw@atrus.ru>
Language-Team: Русский <gnome-cyr@gnome.org>
Language: ru
MIME-Version: 1.0
Content-Type: text/plain; charset=UTF-8
Content-Transfer-Encoding: 8bit
Plural-Forms: nplurals=3; plural=(n%10==1 && n%100!=11 ? 0 : n%10>=2 && n%10<=4 && (n%100<10 || n%100>=20) ? 1 : 2);
X-Generator: Poedit 2.3
"
"data/org.gnome.Reversi.appdata.xml.in:7","GNOME Reversi","Реверси GNOME"
"data/org.gnome.Reversi.appdata.xml.in:8","Dominate the board in a classic reversi game, or play the reversed variant","Доминируйте на доске в классической игре реверси или играйте в обратный вариант"
"data/org.gnome.Reversi.appdata.xml.in:11","Reversi is a two-player strategy game, played on an 8 by 8 board. Players use tiles that are dark on one side and light on the other.","Реверси — это стратегическая игра для двух игроков, в которую играют на доске 8 на 8. Игроки используют фишки, тёмные с одной стороны и светлые с другой."
"data/org.gnome.Reversi.appdata.xml.in:15","The object of reversi is to flip your opponent’s tiles to your color, while your opponent is trying to flip your tiles to his own color. Opponent’s tiles are flipped when trapped between an already placed tile of your color and the tile you add. Who finishes with more tiles wins!","Цель реверси состоит в том, чтобы перевернуть фишки противника на свой цвет, в то время как ваш противник пытается сделать тоже самое. Фишки противника переворачиваются, если они оказались между уже размещенной фишкой вашего цвета и добавленной вами фишкой. Кто закончит с большим количеством фишек, выиграет!"
"data/org.gnome.Reversi.appdata.xml.in:21","GNOME Reversi allows you to play both a classic reversi game, and the reversed variant, where the goal is to finish with less tile than your opponent.","Реверси GNOME позволяет вам играть как в классическую игру реверси, так и в обратный вариант, где цель состоит в том, чтобы закончить с меньшим количеством фишек, чем у вашего противника."
"data/org.gnome.Reversi.appdata.xml.in:30","A GNOME Reversi game preview","Просмотр игры ""Реверси GNOME"""
"data/org.gnome.Reversi.appdata.xml.in:49","The GNOME Project","Проект GNOME"
"data/org.gnome.Reversi.desktop.in:3 data/org.gnome.Reversi.desktop.in:7 src/iagno.vala:28","Reversi","Реверси"
"data/org.gnome.Reversi.desktop.in:9","Dominate the board in a classic version of Reversi","Доминируйте на доске в классическом варианте ""Реверси"""
"data/org.gnome.Reversi.desktop.in:11","reversi;othello;","reversi;othello;реверси;отелло;"
"data/ui/base-headerbar.ui:113","Actions","Действия"
"data/ui/base-headerbar.ui:115","Current view actions","Действия с текущей панелью просмотра"
"data/ui/game-headerbar.ui:33","Start a new game","Начать новую игру"
"data/ui/game-headerbar.ui:42","_New Game","Новая _игра"
"data/ui/game-headerbar.ui:56","Go back to the current game","Вернуться к текущей игре"
"data/ui/help-overlay.ui:31","During a game","Во время игры"
"data/ui/help-overlay.ui:36","New game","Новая игра"
"data/ui/help-overlay.ui:44","Undo last move","Отменить последний ход"
"data/ui/help-overlay.ui:52","Toggle game menu","Переключить меню игры"
"data/ui/help-overlay.ui:62","Play with keyboard","Играть с помощью клавиатуры"
"data/ui/help-overlay.ui:67","Select where to play","Выбрать где играть"
"data/ui/help-overlay.ui:75","Select the given row","Выбрать определённый ряд"
"data/ui/help-overlay.ui:83","Select the given column","Выбрать определённый столбец"
"data/ui/help-overlay.ui:91","Play on selected tile","Играть выбранной фишкой"
"data/ui/help-overlay.ui:101","During game selection","Во время выбора игры"
"data/ui/help-overlay.ui:106","Start new game","Начать новую игру"
"data/ui/help-overlay.ui:114","Go back","Вернуться"
"data/ui/help-overlay.ui:124","Generic","Общее"
"data/ui/help-overlay.ui:129","Toggle main menu","Переключить главное меню"
"data/ui/help-overlay.ui:137","Keyboard shortcuts","Комбинации клавиш"
"data/ui/help-overlay.ui:145","Help","Справка"
"data/ui/help-overlay.ui:153","About","О приложении"
"data/ui/help-overlay.ui:161","Quit","Выход"
"data/ui/history-button.ui:43","End!","Конец!"
"data/ui/new-game-screen.ui:32","Game","Игра"
"data/ui/new-game-screen.ui:88","Options","Параметры"
"data/themes/adwaita.theme.desktop.in:22","Adwaita","Adwaita"
"data/themes/classic.theme.desktop.in:22","Classic","Классическая"
"data/themes/high_contrast.theme.desktop.in:23","Black and White","Чёрный и белый"
"data/themes/sun_and_star.theme.desktop.in:22","Sun and Star","Солнце и звезда"
"data/org.gnome.Reversi.gschema.xml:6","A flag to follow system night light","Флаг для системного ночного освещения"
"data/org.gnome.Reversi.gschema.xml:8","Use GNOME night light setting to activate night-mode.","Используйте настройки ночного освещения GNOME, чтобы активировать ночной режим."
"data/org.gnome.Reversi.gschema.xml:15","The width of the window","Ширина окна"
"data/org.gnome.Reversi.gschema.xml:17","The width of the main window in pixels.","Ширина главного окна в пикселях."
"data/org.gnome.Reversi.gschema.xml:24","The height of the window","Высота окна"
"data/org.gnome.Reversi.gschema.xml:26","The height of the main window in pixels.","Высота главного окна в пикселях."
"data/org.gnome.Reversi.gschema.xml:31","A flag to enable maximized mode","Флаг для включения развёрнутого режима"
"data/org.gnome.Reversi.gschema.xml:33","If “true”, the main window starts in maximized mode.","Если “true”, то главное окно запускается в развёрнутом состоянии."
"data/org.gnome.Reversi.gschema.xml:50","A flag to alternate who starts","Флаг для переключения игрока, который начинает"
"data/org.gnome.Reversi.gschema.xml:52","If “true”, when playing against AI, the “color” settings is toggled after every new game request, making the next game being started with inverted roles (previous Dark player playing Light). Ignored for two-player games.","Если установлено значение ""true"", при игре против компьютера настройки ""цвета"" переключаются с каждой новой игрой, в результате чего следующая игра начинается с перевернутыми ролями (игрок, в предыдущей партии игравший тёмными, в следующей - будет играть светлыми). Игнорируется при игре вдвоём."
"data/org.gnome.Reversi.gschema.xml:57","Color to play as","Цвет за который играть"
"data/org.gnome.Reversi.gschema.xml:59","Whether to play as Dark or Light. Ignored for two-player games.","Играть за Тёмных или Светлых. Игнорируется при игре вдвоём."
"data/org.gnome.Reversi.gschema.xml:65","Computer’s AI level","Уровень компьютерного ИИ"
"data/org.gnome.Reversi.gschema.xml:67","From 1, the easiest, to 3, the hardest.","От 1 (простой) до 3 (сложный)."
"data/org.gnome.Reversi.gschema.xml:72","A flag to highlight playable tiles","Флаг для выделения играбельных клеток"
"data/org.gnome.Reversi.gschema.xml:74","If “true”, the tiles where you can play are highlighted.","Если ""true"", клетки, на которых вы можете играть, подсвечиваются."
"data/org.gnome.Reversi.gschema.xml:79","A flag to highlight capturable tiles","Флаг для подсвечивания захватываемых фишек"
"data/org.gnome.Reversi.gschema.xml:81","If “true”, the tiles that will be captured to the opponent by a play are highlighted.","Если ""true"", подсвечиваются фишки, которые будут захвачены противником в результате розыгрыша."
"data/org.gnome.Reversi.gschema.xml:87","Whether to play against the computer or another human.","Играть против компьютера или с другим человеком."
"data/org.gnome.Reversi.gschema.xml:93","A flag to randomize start position","Флаг для случайного выбора стартовой позиции"
"data/org.gnome.Reversi.gschema.xml:95","Reversi can be played with two different initial positions (and their symmetries). If “true”, the game will randomly start with one or the other position; if “false”, only the most common initial position is used. You can force the game to use the alternative position by using the “--alternative-start” argument on the command-line; also, if either “--usual-start” or “--random-start” is given instead on the command-line, this flag will be ignored.","В ""Реверси"" можно играть с двух разных начальных позиций (и их симметриями). Если ""true"", игра будет случайным образом начинаться с той или иной позиции; если ""false"", используется только самая распространенная начальная позиция. Вы можете заставить игру использовать альтернативную позицию с помощью аргумента ""--alternative-start"" в командной строке; если вместо этого в командной строке будет указано ""--usual-start"" или ""--random-start"", этот флаг проигнорируется."
"data/org.gnome.Reversi.gschema.xml:100","Sound","Звук"
"data/org.gnome.Reversi.gschema.xml:102","Whether or not to play event sounds.","Воспроизводить ли звуковые события."
"data/org.gnome.Reversi.gschema.xml:107","Theme","Тема"
"data/org.gnome.Reversi.gschema.xml:109","Filename of the theme used, or “default”. Are provided “adwaita.theme”, “high_contrast.theme” and “sun_and_star.theme”.","Имя файла используемой темы (или ""default""). Доступные темы: ""adwaita.theme"", ""high_contrast.theme"" и ""sun_and_star.theme""."
"data/org.gnome.Reversi.gschema.xml:114","Name of the game","Название игры"
"data/org.gnome.Reversi.gschema.xml:116","The name of the game that will be played. It could be “classic” (the usual game, where you try to have more pieces), or “reverse” (the opposite game, where you try to have less pieces).","Название игры, в которую будете играть. Это может быть ""классическая"" (обычная игра, в которой вы пытаетесь получить больше фигур) или ""обратная"" (игра, в которой вы пытаетесь получить меньше фигур)."
"src/about-list.vala:44 src/base-headerbar.vala:288","About","О приложении"
"src/about-list.vala:46","Credits","Благодарности"
"src/about-list.vala:135","GNU General Public License
version 3 or later","GNU General Public License
версии 3 или новее"
"src/about-list.vala:154","Creators","Авторы"
"src/about-list.vala:161","Documenters","Авторы документации"
"src/about-list.vala:166","Translators","Переводчики"
"src/about-list.vala:172","Artists","Графический дизайн"
"src/adaptative-window.vala:149","Pause night mode","Приостановить ночной режим"
"src/adaptative-window.vala:153","Reuse night mode","Повторно использовать ночной режим"
"src/adaptative-window.vala:157","Use night mode","Использовать ночной режим"
"src/base-headerbar.vala:116","_Keyboard Shortcuts","_Комбинации клавиш"
"src/base-headerbar.vala:125","_Help","_Справка"
"src/game-headerbar.vala:200","A_ppearance","_Внешний вид"
"src/game-headerbar.vala:204","_Sound","З_вук"
"src/game-view.vala:58","_Start Game","_Начать игру"
"src/iagno.vala:75","Start with an alternative position","Начать с другой позиции"
"src/iagno.vala:78","Play Classic Reversi","Играть в классическое ""Реверси"""
"src/iagno.vala:81","Reduce delay before AI moves","Сократить задержку ИИ на обдумывание ходов"
"src/iagno.vala:84","Play first","Играть за первого игрока"
"src/iagno.vala:87","Set the level of the computer’s AI","Установить уровень компьютерного ИИ"
"src/iagno.vala:90","LEVEL","УРОВЕНЬ"
"src/iagno.vala:93","Turn off the sound","Выключить звук"
"src/iagno.vala:96","Log the game moves","Журналирование игровых ходов"
"src/iagno.vala:99","Start with a random position","Начать со случайной позиции"
"src/iagno.vala:102","Play Reverse Reversi","Играть в обратное ""Реверси"""
"src/iagno.vala:105","Play second","Играть за второго игрока"
"src/iagno.vala:108","Size of the board (debug only)","Размер доски (только отладка)"
"src/iagno.vala:111","SIZE","РАЗМЕР"
"src/iagno.vala:114","Two-players mode","Режим для двух игроков"
"src/iagno.vala:117","Turn on the sound","Включить звук"
"src/iagno.vala:120","Start with the usual position","Начинать с обычной позиции"
"src/iagno.vala:123","Print release version and exit","Показать номер версии и выйти"
"src/iagno.vala:172","The “--alternative-start”, “--random-start” and “--usual-start” arguments are mutually exclusive.","Аргументы ""--alternative-start"", ""--random-start"" и ""--usual-start"" являются взаимоисключающими."
"src/iagno.vala:179","The “--classic” and “--reverse” arguments are mutually exclusive.","Аргументы --classic и --reverse являются взаимоисключающими."
"src/iagno.vala:186","Size must be at least 4.","Размер должен быть не менее 4."
"src/iagno.vala:192","Size must not be more than 16.","Размер не должен быть больше 16."
"src/iagno.vala:258","Level should be between 1 (easy) and 3 (hard). Settings unchanged.","Уровень должен быть между 1 (простой) и 3 (сложный). Параметры не изменились."
"src/iagno.vala:274","Play _first (Dark)","Игр_ать первым (Тёмные)"
"src/iagno.vala:278","Play _second (Light)","Играть втор_ым (Светлые)"
"src/iagno.vala:284","_Alternate who starts","Начинать по _очереди"
"src/iagno.vala:290","_Two players","_Два игрока"
"src/iagno.vala:299","_Easy","_Легко"
"src/iagno.vala:303","_Medium","_Средне"
"src/iagno.vala:307","_Hard","_Трудно"
"src/iagno.vala:316","_Vary start position","_Менять начальную позицию"
"src/iagno.vala:323 src/iagno.vala:982","Classic Reversi","Классическое ""Реверси"""
"src/iagno.vala:327 src/iagno.vala:979","Reverse Reversi","Обратное ""Реверси"""
"src/iagno.vala:338","Default","По умолчанию"
"src/iagno.vala:394","Pla_yable tiles","_Подходящие для игры клетки"
"src/iagno.vala:398","_Capturable tiles","_Захватываемые фишки"
"src/iagno.vala:402","Highlights","Подсвечивать"
"src/iagno.vala:409","_Undo last move","_Отменить последний ход"
"src/iagno.vala:414","_Show final board","Показать _финальный расклад"
"src/iagno.vala:431","_About Reversi","_О приложении Реверси"
"src/iagno.vala:619","Two players","Два игрока"
"src/iagno.vala:623","Color: Dark","Цвет: Тёмный"
"src/iagno.vala:627","Color: Light","Цвет: Светлый"
"src/iagno.vala:684","More options","Дополнительные параметры"
"src/iagno.vala:688","Difficulty: Easy","Сложность: Легко"
"src/iagno.vala:692","Difficulty: Medium","Сложность: Средне"
"src/iagno.vala:696","Difficulty: Hard","Сложность: Трудно"
"src/iagno.vala:901","Light must pass, Dark’s move","Светлые должны пропустить ход, ход Тёмных"
"src/iagno.vala:906","Dark must pass, Light’s move","Тёмные должны пропустить ход, ход Светлых"
"src/iagno.vala:920","Light wins! (%u-%u)","Светлые победили! (%u-%u)"
"src/iagno.vala:925","Dark wins! (%u-%u)","Тёмные победили! (%u-%u)"
"src/iagno.vala:929","The game is draw.","Игра закончилась ничьей."
"src/iagno.vala:948","You can’t move there!","Сюда нельзя сделать ход!"
"src/iagno.vala:955","In this opening, Light can only play on tiles bordering on Dark one.","В этом вступлении Свет может играть только на клетках, граничащих с Тёмными."
"src/iagno.vala:959","Click on one of the highlighted tiles to move the selected piece there.","Щёлкните по одной из подсвеченных клеток, чтобы передвинуть туда выбранную фишку."
"src/iagno.vala:1092","A disk flipping game derived from Reversi","Игра с переворачиванием фишек, основанная на ""Реверси"""
"src/iagno.vala:1096","Masuichi Ito (pieces)","Masuichi Ito (pieces)"
"src/iagno.vala:1100","Arnaud Bonatti (themes)","Arnaud Bonatti (themes)"
"src/iagno.vala:1105","Ian Peters","Ian Peters"
"src/iagno.vala:1109","Robert Ancell","Robert Ancell"
"src/iagno.vala:1113","Arnaud Bonatti","Arnaud Bonatti"
"src/iagno.vala:1118","Copyright © %u-%u – Ian Peters","Copyright © %u-%u – Ian Peters"
"src/iagno.vala:1122","Copyright © %u-%u – Michael Catanzaro","Copyright © %u-%u – Michael Catanzaro"
"src/iagno.vala:1126","Copyright © %u-%u – Arnaud Bonatti","Copyright © %u-%u – Arnaud Bonatti"
"src/iagno.vala:1130","Tiffany Antopolski","Tiffany Antopolski"
"src/iagno.vala:1135","translator-credits","Yuri Myasoedov <ymyasoedov@yandex.ru>, 2012-2015.
Ivan Komaritsyn <vantu5z@mail.ru>, 2015.
Stas Solovey <whats_up@tut.by>, 2015-2018.
Ser82-png <sw@atrus.ru>, 2022."
"src/iagno.vala:1140","Page on GNOME wiki","Страница на GNOME wiki"
"src/new-game-screen.vala:95","Size: %d × %d ▾","Размер: %d × %d ▾"
