"location","source","target"
"","po header","Project-Id-Version: json-glib master
Report-Msgid-Bugs-To: https://gitlab.gnome.org/GNOME/json-glib/issues
POT-Creation-Date: 2021-06-28 13:41+0000
PO-Revision-Date: 2021-06-28 14:25+0300
Last-Translator: Alexey Rubtsov <rushills@gmail.com>
Language-Team: русский <gnome-cyr@gnome.org>
Language: ru
MIME-Version: 1.0
Content-Type: text/plain; charset=UTF-8
Content-Transfer-Encoding: 8bit
Plural-Forms: nplurals=3; plural=(n%10==1 && n%100!=11 ? 0 : n%10>=2 && n%10<=4 && (n%100<10 || n%100>=20) ? 1 : 2);
X-Generator: Poedit 3.0
"
"json-glib/json-glib-format.c:58","Prettify output","Выводить в удобочитаемой форме"
"json-glib/json-glib-format.c:59","Indentation spaces","Отступы"
"json-glib/json-glib-format.c:59","SPACES","ОТСТУПЫ"
"json-glib/json-glib-format.c:60","Output file","Выходной файл"
"json-glib/json-glib-format.c:60 json-glib/json-glib-validate.c:115","FILE","ФАЙЛ"
"json-glib/json-glib-format.c:61","FILE…","ФАЙЛ…"
"json-glib/json-glib-format.c:87 json-glib/json-glib-format.c:123 json-glib/json-glib-validate.c:63","%s: %s: error opening file: %s
","%s: %s: не удалось открыть файл: %s
"
"json-glib/json-glib-format.c:101 json-glib/json-glib-validate.c:75","%s: %s: error parsing file: %s
","%s: %s: не удалось разобрать файл: %s
"
"json-glib/json-glib-format.c:143","%s: %s: error writing to stdout","%s: %s: не удалось записать в стандартный вывод"
"json-glib/json-glib-format.c:167 json-glib/json-glib-validate.c:87","%s: %s: error closing: %s
","%s: %s: не удалось закрыть: %s
"
"json-glib/json-glib-format.c:203","Format JSON files.","Форматирование файлов JSON."
"json-glib/json-glib-format.c:204","json-glib-format formats JSON resources.","json-glib-format форматирует ресурсы JSON."
"json-glib/json-glib-format.c:219 json-glib/json-glib-validate.c:136","Error parsing commandline options: %s
","Не удалось разобрать параметры командной строки: %s
"
"json-glib/json-glib-format.c:221 json-glib/json-glib-format.c:235 json-glib/json-glib-validate.c:138 json-glib/json-glib-validate.c:152","Try “%s --help” for more information.","Для получения дополнительной информации используйте команду «%s --help»."
"json-glib/json-glib-format.c:233 json-glib/json-glib-validate.c:150","%s: missing files","%s: отсутствуют файлы"
"json-glib/json-glib-validate.c:118","Validate JSON files.","Проверка корректности файлов JSON."
"json-glib/json-glib-validate.c:119","json-glib-validate validates JSON data at the given URI.","json-glib-validate проверяет корректность данных JSON по заданному URI."
"json-glib/json-gobject.c:924","Expecting a JSON object, but the root node is of type “%s”","Ожидается объект JSON, но корневой узел имеет тип «%s»"
"json-glib/json-gvariant.c:482","Unexpected type “%s” in JSON node","Неожиданный тип «%s» в узле JSON"
"json-glib/json-gvariant.c:552","Missing elements in JSON array to conform to a tuple","Отсутствуют элементы в массиве JSON для соответствия кортежу"
"json-glib/json-gvariant.c:580","Missing closing symbol “)” in the GVariant tuple type","Отсутствует закрывающий символ «)» в кортеже типа GVariant"
"json-glib/json-gvariant.c:588","Unexpected extra elements in JSON array","Неожиданные дополнительные символы в массиве JSON"
"json-glib/json-gvariant.c:889","Invalid string value converting to GVariant","Некорректное строковое значение для преобразования к GVariant"
"json-glib/json-gvariant.c:944","A GVariant dictionary entry expects a JSON object with exactly one member","Элемент словаря GVariant должен быть объектом JSON с единственным членом"
"json-glib/json-gvariant.c:1222","GVariant class “%c” not supported","Класс GVariant «%c» не поддерживается"
"json-glib/json-gvariant.c:1276","Invalid GVariant signature","Недопустимая подпись GVariant"
"json-glib/json-gvariant.c:1327","JSON data is empty","Данные JSON отсутствуют"
"json-glib/json-parser.c:939","%s:%d:%d: Parse error: %s","%s:%d:%d: ошибка разбора: %s"
"json-glib/json-parser.c:1023","JSON data must be UTF-8 encoded","Данные JSON должны быть в кодировке UTF-8"
"json-glib/json-path.c:389","Only one root node is allowed in a JSONPath expression","В выражении JSONPath может быть только один корневой узел"
"json-glib/json-path.c:398","Root node followed by invalid character “%c”","Корневой узел заканчивается некорректным символом «%c»"
"json-glib/json-path.c:438","Missing member name or wildcard after . character","Отсутствует имя члена или шаблон после символа «.»"
"json-glib/json-path.c:512","Malformed slice expression “%*s”","Неправильное выражение среза «%*s»"
"json-glib/json-path.c:556","Invalid set definition “%*s”","Неверное определение набора «%*s»"
"json-glib/json-path.c:609","Invalid slice definition “%*s”","Неверное определение среза «%*s»"
"json-glib/json-path.c:637","Invalid array index definition “%*s”","Неверное определение индекса массива «%*s»"
"json-glib/json-path.c:656","Invalid first character “%c”","Неверный первый символ «%c»"
"json-glib/json-reader.c:504","The current node is of type “%s”, but an array or an object was expected.","Текущий узел имеет тип «%s», но ожидается массив или объект."
"json-glib/json-reader.c:516","The index “%d” is greater than the size of the array at the current position.","В текущей позиции индекс «%d» больше размера массива."
"json-glib/json-reader.c:533","The index “%d” is greater than the size of the object at the current position.","Индекс «%d» больше, чем размер объекта в текущей позиции."
"json-glib/json-reader.c:616 json-glib/json-reader.c:789 json-glib/json-reader.c:838 json-glib/json-reader.c:877 json-glib/json-reader.c:917 json-glib/json-reader.c:957 json-glib/json-reader.c:997 json-glib/json-reader.c:1044 json-glib/json-reader.c:1082 json-glib/json-reader.c:1110","No node available at the current position","В текущей позиции отсутствует узел"
"json-glib/json-reader.c:623","The current position holds a “%s” and not an array","Текущая позиция содержит «%s», а не массив"
"json-glib/json-reader.c:705","The current node is of type “%s”, but an object was expected.","Текущий узел имеет тип «%s», но ожидается объект."
"json-glib/json-reader.c:712","The member “%s” is not defined in the object at the current position.","В текущей позиции член «%s» не определён в объекте."
"json-glib/json-reader.c:796 json-glib/json-reader.c:845","The current position holds a “%s” and not an object","В текущей позиции содержится «%s», а не объект"
"json-glib/json-reader.c:886 json-glib/json-reader.c:926 json-glib/json-reader.c:966 json-glib/json-reader.c:1006 json-glib/json-reader.c:1053","The current position holds a “%s” and not a value","В текущей позиции содержится «%s», а не значение"
"json-glib/json-reader.c:1014","The current position does not hold a string type","В текущей позиции не содержится строковое значение"
