"location","source","target"
"","po header","Project-Id-Version: libadwaita main
Report-Msgid-Bugs-To: https://gitlab.gnome.org/GNOME/libadwaita/issues
POT-Creation-Date: 2022-06-20 19:31+0000
PO-Revision-Date: 2022-04-24 10:50+0300
Last-Translator: Aleksandr Melman <Alexmelman88@gmail.com>
Language-Team: Russian <gnome-cyr@gnome.org>
Language: ru
MIME-Version: 1.0
Content-Type: text/plain; charset=UTF-8
Content-Transfer-Encoding: 8bit
Plural-Forms: nplurals=3; plural=(n%10==1 && n%100!=11 ? 0 : n%10>=2 && n%10<=4 && (n%100<10 || n%100>=20) ? 1 : 2);
X-Generator: Poedit 3.0.1
"
"src/adw-entry-row.ui:93","Apply","Применить"
"src/adw-inspector-page.c:76","No Preference","Без предпочтений"
"src/adw-inspector-page.c:78","Prefer Dark","Предпочитать темную"
"src/adw-inspector-page.c:80","Prefer Light","Предпочитать светлую"
"src/adw-inspector-page.c:98","Adwaita","Adwaita"
"src/adw-inspector-page.ui:10","System Appearance","Внешний вид системы"
"src/adw-inspector-page.ui:11","Override settings for this application. They will be reset upon closing the inspector.","Переопределите настройки для этого приложения. Они будут сброшены после закрытия инспектора."
"src/adw-inspector-page.ui:14","System Supports Color Schemes","Система поддерживает цветовые схемы"
"src/adw-inspector-page.ui:26","Preferred Color Scheme","Предпочтительная цветовая схема"
"src/adw-inspector-page.ui:43","High Contrast","Высокая контрастность"
"src/adw-password-entry-row.c:71","Hide Text","Скрыть текст"
"src/adw-password-entry-row.c:75","Show Text","Показать текст"
"src/adw-password-entry-row.c:168","Caps Lock is on","Caps Lock включен"
"src/adw-password-entry-row.c:176","_Show Text","_Показать текст"
"src/adw-preferences-window.c:242","Untitled page","Безымянная страница"
"src/adw-preferences-window.ui:8","Preferences","Параметры"
"src/adw-preferences-window.ui:69","Search","Поиск"
"src/adw-preferences-window.ui:139","No Results Found","Результатов не найдено"
"src/adw-preferences-window.ui:140","Try a different search.","Попробуйте другой поисковый запрос."
