"location","source","target"
"","po header","Project-Id-Version: ru
Report-Msgid-Bugs-To: https://gitlab.gnome.org/GNOME/libgweather/issues
POT-Creation-Date: 2022-06-01 10:05+0000
PO-Revision-Date: 2022-01-28 17:42+0300
Last-Translator: Aleksandr Melman <Alexmelman88@gmail.com>
Language-Team: Russian <Alexmelman88@gmail.com>
Language: ru
MIME-Version: 1.0
Content-Type: text/plain; charset=UTF-8
Content-Transfer-Encoding: 8bit
Plural-Forms: nplurals=3; plural=(n%10==1 && n%100!=11 ? 0 : n%10>=2 && n%10<=4 && (n%100<10 || n%100>=20) ? 1 : 2);
X-Generator: Poedit 3.0
X-DL-Team: ru
X-DL-Module: libgweather
X-DL-Branch: master
X-DL-Domain: po
X-DL-State: None
"
"libgweather/gweather-info.c:108","variable","переменное направление"
"libgweather/gweather-info.c:109","north","северный"
"libgweather/gweather-info.c:109","north — northeast","северо-северо-восточный"
"libgweather/gweather-info.c:109","northeast","северо-восточный"
"libgweather/gweather-info.c:109","east — northeast","восточно-юго-восточный"
"libgweather/gweather-info.c:110","east","восточный"
"libgweather/gweather-info.c:110","east — southeast","восточно-юго-восточный"
"libgweather/gweather-info.c:110","southeast","юго-восточный"
"libgweather/gweather-info.c:110","south — southeast","юго-юго-восточный"
"libgweather/gweather-info.c:111","south","южный"
"libgweather/gweather-info.c:111","south — southwest","юго-юго-западный"
"libgweather/gweather-info.c:111","southwest","юго-западный"
"libgweather/gweather-info.c:111","west — southwest","западно-юго-западный"
"libgweather/gweather-info.c:112","west","западный"
"libgweather/gweather-info.c:112","west — northwest","западно-северо-западный"
"libgweather/gweather-info.c:112","northwest","северо-западный"
"libgweather/gweather-info.c:112","north — northwest","северо-северо-западный"
"libgweather/gweather-info.c:116","Variable","Переменное направление"
"libgweather/gweather-info.c:117","North","Северный"
"libgweather/gweather-info.c:117","North — Northeast","Северо-северо-восточный"
"libgweather/gweather-info.c:117","Northeast","Северо-восточный"
"libgweather/gweather-info.c:117","East — Northeast","Восточно-северо-восточный"
"libgweather/gweather-info.c:118","East","Восточный"
"libgweather/gweather-info.c:118","East — Southeast","Восточно-юго-восточный"
"libgweather/gweather-info.c:118","Southeast","Юго-восточный"
"libgweather/gweather-info.c:118","South — Southeast","Юго-юго-восточный"
"libgweather/gweather-info.c:119","South","Южный"
"libgweather/gweather-info.c:119","South — Southwest","Юго-юго-западный"
"libgweather/gweather-info.c:119","Southwest","Юго-западный"
"libgweather/gweather-info.c:119","West — Southwest","Западно-юго-западный"
"libgweather/gweather-info.c:120","West","Западный"
"libgweather/gweather-info.c:120","West — Northwest","Западно-северо-западный"
"libgweather/gweather-info.c:120","Northwest","Северо-западный"
"libgweather/gweather-info.c:120","North — Northwest","Северо-северо-западный"
"libgweather/gweather-info.c:131","Invalid","Некорректные данные"
"libgweather/gweather-info.c:132","invalid","некорректные данные"
"libgweather/gweather-info.c:145","clear sky","ясное небо"
"libgweather/gweather-info.c:146","broken clouds","облачно с прояснениями"
"libgweather/gweather-info.c:147","scattered clouds","рассеянные облака"
"libgweather/gweather-info.c:148","few clouds","небольшая облачность"
"libgweather/gweather-info.c:149","overcast","сплошная облачность"
"libgweather/gweather-info.c:153","Clear sky","Ясное небо"
"libgweather/gweather-info.c:154","Broken clouds","Облачно с прояснениями"
"libgweather/gweather-info.c:155","Scattered clouds","Рассеянные облака"
"libgweather/gweather-info.c:156","Few clouds","Небольшая облачность"
"libgweather/gweather-info.c:157","Overcast","Сплошная облачность"
"libgweather/gweather-info.c:173 libgweather/gweather-info.c:290","Invalid","Некорректные данные"
"libgweather/gweather-info.c:174 libgweather/gweather-info.c:291","invalid","некорректные данные"
"libgweather/gweather-info.c:208 libgweather/gweather-info.c:210","thunderstorm","гроза"
"libgweather/gweather-info.c:209","drizzle","моросящий дождь"
"libgweather/gweather-info.c:209","light drizzle","небольшой моросящий дождь"
"libgweather/gweather-info.c:209","moderate drizzle","умеренный моросящий дождь"
"libgweather/gweather-info.c:209","heavy drizzle","сильный моросящий дождь"
"libgweather/gweather-info.c:209","freezing drizzle","изморозь"
"libgweather/gweather-info.c:210","rain","дождь"
"libgweather/gweather-info.c:210","light rain","небольшой дождь"
"libgweather/gweather-info.c:210","moderate rain","умеренный дождь"
"libgweather/gweather-info.c:210","heavy rain","сильный дождь"
"libgweather/gweather-info.c:210","rain showers","ливневый дождь"
"libgweather/gweather-info.c:210","freezing rain","ледяной дождь"
"libgweather/gweather-info.c:211","snow","снег"
"libgweather/gweather-info.c:211","light snow","небольшой снег"
"libgweather/gweather-info.c:211","moderate snow","умеренный снег"
"libgweather/gweather-info.c:211","heavy snow","сильный снег"
"libgweather/gweather-info.c:211","snowstorm","метель"
"libgweather/gweather-info.c:211","blowing snowfall","снегопад"
"libgweather/gweather-info.c:211","snow showers","пурга"
"libgweather/gweather-info.c:211","drifting snow","снежные заносы"
"libgweather/gweather-info.c:212","snow grains","снежная крупа"
"libgweather/gweather-info.c:212","light snow grains","небольшая снежная крупа"
"libgweather/gweather-info.c:212","moderate snow grains","умеренная снежная крупа"
"libgweather/gweather-info.c:212","heavy snow grains","сильная снежная крупа"
"libgweather/gweather-info.c:213","ice crystals","кристаллы льда"
"libgweather/gweather-info.c:214","sleet","мокрый снег"
"libgweather/gweather-info.c:214","little sleet","небольшой мокрый снег"
"libgweather/gweather-info.c:214","moderate sleet","умеренный мокрый снег"
"libgweather/gweather-info.c:214","heavy sleet","сильный мокрый снег"
"libgweather/gweather-info.c:214","sleet storm","шквалистый мокрый снег"
"libgweather/gweather-info.c:214","showers of sleet","обильный мокрый снег"
"libgweather/gweather-info.c:215","hail","град"
"libgweather/gweather-info.c:215","hailstorm","гроза с градом"
"libgweather/gweather-info.c:215","hail showers","обильный град"
"libgweather/gweather-info.c:216","small hail","небольшой град"
"libgweather/gweather-info.c:216","small hailstorm","небольшая гроза с градом"
"libgweather/gweather-info.c:216","showers of small hail","обильный мелкий град"
"libgweather/gweather-info.c:217","unknown precipitation","неизвестные осадки"
"libgweather/gweather-info.c:218","mist","дымка"
"libgweather/gweather-info.c:219","fog","туман"
"libgweather/gweather-info.c:219","fog in the vicinity","туман в окрестностях"
"libgweather/gweather-info.c:219","shallow fog","стелющийся туман"
"libgweather/gweather-info.c:219","patches of fog","местами туман"
"libgweather/gweather-info.c:219","partial fog","временами туман"
"libgweather/gweather-info.c:219","freezing fog","ледяной туман"
"libgweather/gweather-info.c:220","smoke","дым"
"libgweather/gweather-info.c:221","volcanic ash","вулканический пепел"
"libgweather/gweather-info.c:222","sand","песок"
"libgweather/gweather-info.c:222","blowing sand","порывы ветра с песком"
"libgweather/gweather-info.c:222","drifting sand","песчаные заносы"
"libgweather/gweather-info.c:223","haze","мгла"
"libgweather/gweather-info.c:224","blowing sprays","порывы ветра с водяной пылью"
"libgweather/gweather-info.c:225","dust","пыль"
"libgweather/gweather-info.c:225","blowing dust","порывы ветра с пылью"
"libgweather/gweather-info.c:225","drifting dust","пылевые заносы"
"libgweather/gweather-info.c:226","squall","шквал"
"libgweather/gweather-info.c:227","sandstorm","песчаная буря"
"libgweather/gweather-info.c:227","sandstorm in the vicinity","песчаная буря в окрестностях"
"libgweather/gweather-info.c:227","heavy sandstorm","сильная песчаная буря"
"libgweather/gweather-info.c:228","duststorm","пылевая буря"
"libgweather/gweather-info.c:228","duststorm in the vicinity","пылевая буря в окрестностях"
"libgweather/gweather-info.c:228","heavy duststorm","сильная пылевая буря"
"libgweather/gweather-info.c:229","funnel cloud","смерч"
"libgweather/gweather-info.c:230","tornado","торнадо"
"libgweather/gweather-info.c:231","dust whirls","пылевые вихри"
"libgweather/gweather-info.c:231","dust whirls in the vicinity","пылевые вихри в окрестностях"
"libgweather/gweather-info.c:244 libgweather/gweather-info.c:246","Thunderstorm","Гроза"
"libgweather/gweather-info.c:245","Drizzle","Моросящий дождь"
"libgweather/gweather-info.c:245","Light drizzle","Небольшой моросящий дождь"
"libgweather/gweather-info.c:245","Moderate drizzle","Умеренный моросящий дождь"
"libgweather/gweather-info.c:245","Heavy drizzle","Сильный моросящий дождь"
"libgweather/gweather-info.c:245","Freezing drizzle","Изморозь"
"libgweather/gweather-info.c:246","Rain","Дождь"
"libgweather/gweather-info.c:246","Light rain","Небольшой дождь"
"libgweather/gweather-info.c:246","Moderate rain","Умеренный дождь"
"libgweather/gweather-info.c:246","Heavy rain","Сильный дождь"
"libgweather/gweather-info.c:246","Rain showers","Ливневый дождь"
"libgweather/gweather-info.c:246","Freezing rain","Ледяной дождь"
"libgweather/gweather-info.c:247","Snow","Снег"
"libgweather/gweather-info.c:247","Light snow","Небольшой снег"
"libgweather/gweather-info.c:247","Moderate snow","Умеренный снег"
"libgweather/gweather-info.c:247","Heavy snow","Сильный снег"
"libgweather/gweather-info.c:247","Snowstorm","Метель"
"libgweather/gweather-info.c:247","Blowing snowfall","Снегопад"
"libgweather/gweather-info.c:247","Snow showers","Пурга"
"libgweather/gweather-info.c:247","Drifting snow","Снежные заносы"
"libgweather/gweather-info.c:248","Snow grains","Снежная крупа"
"libgweather/gweather-info.c:248","Light snow grains","Небольшая снежная крупа"
"libgweather/gweather-info.c:248","Moderate snow grains","Умеренная снежная крупа"
"libgweather/gweather-info.c:248","Heavy snow grains","Сильная снежная крупа"
"libgweather/gweather-info.c:249","Ice crystals","Кристаллы льда"
"libgweather/gweather-info.c:250","Sleet","Мокрый снег"
"libgweather/gweather-info.c:250","Little sleet","Небольшой мокрый снег"
"libgweather/gweather-info.c:250","Moderate sleet","Умеренный мокрый снег"
"libgweather/gweather-info.c:250","Heavy sleet","Сильный мокрый снег"
"libgweather/gweather-info.c:250","Sleet storm","Шквалистый мокрый снег"
"libgweather/gweather-info.c:250","Showers of sleet","Обильный мокрый снег"
"libgweather/gweather-info.c:251","Hail","Град"
"libgweather/gweather-info.c:251","Hailstorm","Гроза с градом"
"libgweather/gweather-info.c:251","Hail showers","Обильный град"
"libgweather/gweather-info.c:252","Small hail","Мелкий град"
"libgweather/gweather-info.c:252","Small hailstorm","Небольшая гроза с градом"
"libgweather/gweather-info.c:252","Showers of small hail","Обильный мелкий град"
"libgweather/gweather-info.c:253","Unknown precipitation","Неизвестные осадки"
"libgweather/gweather-info.c:254","Mist","Дымка"
"libgweather/gweather-info.c:255","Fog","Туман"
"libgweather/gweather-info.c:255","Fog in the vicinity","Туман в окрестностях"
"libgweather/gweather-info.c:255","Shallow fog","Стелющийся туман"
"libgweather/gweather-info.c:255","Patches of fog","Местами туман"
"libgweather/gweather-info.c:255","Partial fog","Временами туман"
"libgweather/gweather-info.c:255","Freezing fog","Ледяной туман"
"libgweather/gweather-info.c:256","Smoke","Дым"
"libgweather/gweather-info.c:257","Volcanic ash","Вулканический пепел"
"libgweather/gweather-info.c:258","Sand","Песок"
"libgweather/gweather-info.c:258","Blowing sand","Порывы ветра с песком"
"libgweather/gweather-info.c:258","Drifting sand","Песчаные заносы"
"libgweather/gweather-info.c:259","Haze","Мгла"
"libgweather/gweather-info.c:260","Blowing sprays","Порывы ветра с водяной пылью"
"libgweather/gweather-info.c:261","Dust","Пыль"
"libgweather/gweather-info.c:261","Blowing dust","Порывы ветра с пылью"
"libgweather/gweather-info.c:261","Drifting dust","Пылевые заносы"
"libgweather/gweather-info.c:262","Squall","Шквал"
"libgweather/gweather-info.c:263","Sandstorm","Песчаная буря"
"libgweather/gweather-info.c:263","Sandstorm in the vicinity","Песчаная буря в окрестностях"
"libgweather/gweather-info.c:263","Heavy sandstorm","Сильная песчаная буря"
"libgweather/gweather-info.c:264","Duststorm","Пылевая буря"
"libgweather/gweather-info.c:264","Duststorm in the vicinity","Пылевая буря в окрестностях"
"libgweather/gweather-info.c:264","Heavy duststorm","Сильная пылевая буря"
"libgweather/gweather-info.c:265","Funnel cloud","Смерч"
"libgweather/gweather-info.c:266","Tornado","Торнадо"
"libgweather/gweather-info.c:267","Dust whirls","Пылевые вихри"
"libgweather/gweather-info.c:267","Dust whirls in the vicinity","Пылевые вихри в окрестностях"
"libgweather/gweather-info.c:825","%a, %b %d / %H∶%M","%a, %d %b. / %H∶%M"
"libgweather/gweather-info.c:831","Unknown observation time","Неизвестное время наблюдения"
"libgweather/gweather-info.c:843","Unknown","Неизвестно"
"libgweather/gweather-info.c:874","default:mm","default:mm"
"libgweather/gweather-info.c:921","%.1f °F","%.1f ℉"
"libgweather/gweather-info.c:927","%d °F","%d °F"
"libgweather/gweather-info.c:936","%.1f °C","%.1f °C"
"libgweather/gweather-info.c:942","%d °C","%d °C"
"libgweather/gweather-info.c:951","%.1f K","%.1f K"
"libgweather/gweather-info.c:957","%d K","%d K"
"libgweather/gweather-info.c:977 libgweather/gweather-info.c:990 libgweather/gweather-info.c:1003 libgweather/gweather-info.c:1061","Unknown","Неизвестно"
"libgweather/gweather-info.c:1023","Unknown","Неизвестно"
"libgweather/gweather-info.c:1043","Unknown","Неизвестно"
"libgweather/gweather-info.c:1046","%.f%%","%.f%%"
"libgweather/gweather-info.c:1088","%0.1f knots","%0.1f узлов"
"libgweather/gweather-info.c:1091","%.1f mph","%.1f миль/ч"
"libgweather/gweather-info.c:1094","%.1f km/h","%.1f км/ч"
"libgweather/gweather-info.c:1097","%.1f m/s","%.1f м/с"
"libgweather/gweather-info.c:1102","Beaufort force %.1f","%.1f баллов по шкале Бофорта"
"libgweather/gweather-info.c:1119","Unknown","Неизвестно"
"libgweather/gweather-info.c:1121","Calm","Штиль"
"libgweather/gweather-info.c:1129","%s / %s","%s / %s"
"libgweather/gweather-info.c:1150","knots","узлы"
"libgweather/gweather-info.c:1153","mph","миль/ч"
"libgweather/gweather-info.c:1156","km/h","км/ч"
"libgweather/gweather-info.c:1159","m/s","м/с"
"libgweather/gweather-info.c:1164","Beaufort force","Шкала Бофорта"
"libgweather/gweather-info.c:1197","Unknown","Неизвестно"
"libgweather/gweather-info.c:1203","%.2f inHg","%.2f дюймов рт. ст."
"libgweather/gweather-info.c:1206","%.1f mmHg","%.2f мм рт. ст."
"libgweather/gweather-info.c:1209","%.2f kPa","%.2f кПа"
"libgweather/gweather-info.c:1212","%.2f hPa","%.2f гПа"
"libgweather/gweather-info.c:1215","%.2f mb","%.2f мбар"
"libgweather/gweather-info.c:1218","%.3f atm","%.3f атм"
"libgweather/gweather-info.c:1252","Unknown","Неизвестно"
"libgweather/gweather-info.c:1258","%.1f miles","%.1f миль"
"libgweather/gweather-info.c:1261","%.1f km","%.1f км"
"libgweather/gweather-info.c:1264","%.0fm","%.0f м"
"libgweather/gweather-info.c:1289 libgweather/gweather-info.c:1311","%H∶%M","%H∶%M"
"libgweather/gweather-info.c:1386","Retrieval failed","Произошёл сбой при получении"
"libgweather/weather-owm.c:384","Weather data from the <a href=""https://openweathermap.org"">Open Weather Map project</a>","Погодные данные проекта <a href=""https://openweathermap.org"">Open Weather Map</a>"
"libgweather/weather-metno.c:374","Weather data from the <a href=""https://www.met.no/"">Norwegian Meteorological Institute</a>.","Погодные данные <a href=""https://www.met.no/"">Норвежского метеорологического института</a>."
"schemas/org.gnome.GWeather4.gschema.xml:5","Temperature unit","Единица измерения температуры"
"schemas/org.gnome.GWeather4.gschema.xml:6","The unit of temperature used for showing weather. Valid values are “kelvin”, “centigrade” and “fahrenheit”.","Единица измерения температуры, используемая для вывода погоды. Допустимые значения: «kelvin», «centigrade» и «fahrenheit»."
"schemas/org.gnome.GWeather4.gschema.xml:13","Distance unit","Единица измерения расстояния"
"schemas/org.gnome.GWeather4.gschema.xml:14","The unit of distance used for showing weather (for example for visibility or for distance of important events). Valid values are “meters”, “km” and “miles”.","Единица измерения расстояния, используемая для вывода погоды (например, при показе видимости или расстояния до важных точек). Возможные значения: «meters», «km» и «miles»."
"schemas/org.gnome.GWeather4.gschema.xml:21","Speed unit","Единица измерения скорости"
"schemas/org.gnome.GWeather4.gschema.xml:22","The unit of speed used for showing weather (for example for wind speed). Valid values are “ms” (meters per second), “kph” (kilometers per hour), “mph” (miles per hour), “knots” and “bft” (Beaufort scale).","Единица измерения скорости, используемая для вывода погоды (например, скорость ветра). Возможные значения: «ms» (метров в секунду), «kph» (километров в час), «mph» (миль в час), «knots» и «bft» (шкала Бофорта)."
"schemas/org.gnome.GWeather4.gschema.xml:30","Pressure unit","Единица измерения давления"
"schemas/org.gnome.GWeather4.gschema.xml:31","The unit of pressure used for showing weather. Valid values are “kpa” (kilopascal), “hpa” (hectopascal), “mb” (millibar, mathematically equivalent to 1 hPa but shown differently), “mm-hg” (millimeters of mercury), “inch-hg” (inches of mercury), “atm” (atmospheres).","Единица измерения давления, используемая для вывода погоды. Возможные значения: «kpa» (килопаскали), «hpa» (гектопаскали), «mb» (миллибары, математический эквивалент 1 hPa, но показывается по-другому), «mm-hg» (миллиметры ртутного столба), «inch-hg» (дюймы ртутного столба), «atm» (атмосферы)."
"schemas/org.gnome.GWeather4.gschema.xml:43","('', 'KNYC', nothing)","('', 'UUEE', nothing)"
"schemas/org.gnome.GWeather4.gschema.xml:44","Default location","Расположение по умолчанию"
"schemas/org.gnome.GWeather4.gschema.xml:45","The default location for the weather applet. The first field is the name that will be shown. If empty, it will be taken from the locations database. The second field is the METAR code for the default weather station. It must not be empty and must correspond to a <code> tag in the Locations.xml file. The third field is a tuple of (latitude, longitude), to override the value taken from the database. This is only used for sunrise and moon phase calculations, not for weather forecast.","Указывает местоположение для апплета погоды по умолчанию. В первом поле задаётся имя, которое будет показано. Если ничего не задано, то значение берётся из базы данных расположений. Во втором поле задаётся код METAR для погодной станции по умолчанию. Оно не должно быть пустым и его значение должно соответствовать меткам <code>, имеющихся в файле Locations.xml. В третьем поле указывается кортеж (широта, долгота), заменяющий значение, полученное из базы данных. Используется только для вычислений восхода и фазы луны, а не для прогноза погоды."
