"location","source","target"
"","po header","Project-Id-Version: libgtop trunk
Report-Msgid-Bugs-To: https://gitlab.gnome.org/GNOME/libgtop/issues
POT-Creation-Date: 2021-08-23 22:54+0000
PO-Revision-Date: 2021-06-29 10:09+0300
Last-Translator: Alexey Rubtsov <rushills@gmail.com>
Language-Team: Russian <gnome-cyr@gnome.org>
Language: ru
MIME-Version: 1.0
Content-Type: text/plain; charset=UTF-8
Content-Transfer-Encoding: 8bit
Plural-Forms: nplurals=3; plural=(n%10==1 && n%100!=11 ? 0 : n%10>=2 && n%10<=4 && (n%100<10 || n%100>=20) ? 1 : 2);
X-Generator: Poedit 3.0
"
"lib/read.c:49","read %d byte
msgid_plural: read %d bytes","msgstr[0]: прочитан %d байт
msgstr[1]: прочитано %d байта
msgstr[2]: прочитано %d байтов"
"lib/read_data.c:49","read data size","размер прочитанных данных"
"lib/read_data.c:66","read %lu byte of data
msgid_plural: read %lu bytes of data","msgstr[0]: прочитан %lu байт данных
msgstr[1]: прочитано %lu байта данных
msgstr[2]: прочитано %lu байт данных"
"lib/write.c:49","wrote %d byte
msgid_plural: wrote %d bytes","msgstr[0]: записан %d байт
msgstr[1]: записано %d байта
msgstr[2]: записано %d байт"
"src/daemon/gnuserv.c:456","Enable debugging","Включить отладку"
"src/daemon/gnuserv.c:458","Enable verbose output","Включить подробный вывод"
"src/daemon/gnuserv.c:460","Don’t fork into background","Не разветвлять в фоновый режим"
"src/daemon/gnuserv.c:462","Invoked from inetd","Вызван из inetd"
"src/daemon/gnuserv.c:498","Run “%s --help” to see a full list of available command line options.
","Выполните команду «%s --help», чтобы увидеть полный список доступных опций командной строки.
"
"sysdeps/osf1/siglist.c:27 sysdeps/sun4/siglist.c:27","Hangup","Разорвать"
"sysdeps/osf1/siglist.c:28 sysdeps/sun4/siglist.c:28","Interrupt","Прервать"
"sysdeps/osf1/siglist.c:29 sysdeps/sun4/siglist.c:29","Quit","Выйти"
"sysdeps/osf1/siglist.c:30 sysdeps/sun4/siglist.c:30","Illegal instruction","Недопустимая инструкция"
"sysdeps/osf1/siglist.c:31 sysdeps/sun4/siglist.c:31","Trace trap","Захват трассировки"
"sysdeps/osf1/siglist.c:32 sysdeps/sun4/siglist.c:32","Abort","Прекратить"
"sysdeps/osf1/siglist.c:33 sysdeps/sun4/siglist.c:33","EMT error","Ошибка EMT"
"sysdeps/osf1/siglist.c:34 sysdeps/sun4/siglist.c:34","Floating-point exception","Исключение плавающей точки"
"sysdeps/osf1/siglist.c:35 sysdeps/sun4/siglist.c:35","Kill","Убить"
"sysdeps/osf1/siglist.c:36 sysdeps/sun4/siglist.c:36","Bus error","Ошибка шины"
"sysdeps/osf1/siglist.c:37 sysdeps/sun4/siglist.c:37","Segmentation violation","Нарушение сегментации"
"sysdeps/osf1/siglist.c:38 sysdeps/sun4/siglist.c:38","Bad argument to system call","Неверный аргумент в системном вызове"
"sysdeps/osf1/siglist.c:39 sysdeps/sun4/siglist.c:39","Broken pipe","Нарушенный канал"
"sysdeps/osf1/siglist.c:40 sysdeps/sun4/siglist.c:40","Alarm clock","Таймер"
"sysdeps/osf1/siglist.c:41 sysdeps/sun4/siglist.c:41","Termination","Завершение"
"sysdeps/osf1/siglist.c:42 sysdeps/sun4/siglist.c:42","Urgent condition on socket","Требующие внимания условия сокета"
"sysdeps/osf1/siglist.c:43 sysdeps/sun4/siglist.c:43","Stop","Остановить"
"sysdeps/osf1/siglist.c:44 sysdeps/sun4/siglist.c:44","Keyboard stop","Останов клавиатуры"
"sysdeps/osf1/siglist.c:45 sysdeps/sun4/siglist.c:45","Continue","Продолжить"
"sysdeps/osf1/siglist.c:46 sysdeps/sun4/siglist.c:46","Child status has changed","Состояние потомка было изменено"
"sysdeps/osf1/siglist.c:47 sysdeps/sun4/siglist.c:47","Background read from tty","Фоновое чтение из tty"
"sysdeps/osf1/siglist.c:48 sysdeps/sun4/siglist.c:48","Background write to tty","Фоновая запись в tty"
"sysdeps/osf1/siglist.c:49 sysdeps/sun4/siglist.c:49","I/O now possible","Сейчас возможен ввод/вывод"
"sysdeps/osf1/siglist.c:50 sysdeps/sun4/siglist.c:50","CPU limit exceeded","Превышен предел ЦПУ"
"sysdeps/osf1/siglist.c:51 sysdeps/sun4/siglist.c:51","File size limit exceeded","Превышен предел размера файла"
"sysdeps/osf1/siglist.c:52 sysdeps/sun4/siglist.c:52","Virtual alarm clock","Виртуальный таймер"
"sysdeps/osf1/siglist.c:53 sysdeps/sun4/siglist.c:53","Profiling alarm clock","Профилированный таймер"
"sysdeps/osf1/siglist.c:54 sysdeps/sun4/siglist.c:54","Window size change","Изменение размера окна"
"sysdeps/osf1/siglist.c:55 sysdeps/sun4/siglist.c:55","Information request","Запрос информации"
"sysdeps/osf1/siglist.c:56 sysdeps/sun4/siglist.c:56","User defined signal 1","Сигнал пользователя 1"
"sysdeps/osf1/siglist.c:57 sysdeps/sun4/siglist.c:57","User defined signal 2","Сигнал пользователя 2"
