"location","source","target"
"","po header","Project-Id-Version: libgdata master
Report-Msgid-Bugs-To: https://gitlab.gnome.org/GNOME/libgdata/issues
POT-Creation-Date: 2022-05-26 14:00+0000
PO-Revision-Date: 2021-06-29 08:20+0300
Last-Translator: Alexey Rubtsov <rushills@gmail.com>
Language-Team: Русский <gnome-cyr@gnome.org>
Language: ru
MIME-Version: 1.0
Content-Type: text/plain; charset=UTF-8
Content-Transfer-Encoding: 8bit
Plural-Forms: nplurals=3; plural=(n%10==1 && n%100!=11 ? 0 : n%10>=2 && n%10<=4 && (n%100<10 || n%100>=20) ? 1 : 2);
X-Generator: Poedit 3.0
"
"gdata/gdata-batch-operation.c:632","Batch operations are unsupported by this service.","Пакетные операции не поддерживаются этой службой."
"gdata/gdata-commentable.c:172 gdata/gdata-commentable.c:258","This entry does not support comments.","Для данного элемента комментарии не поддерживаются."
"gdata/gdata-commentable.c:338 gdata/gdata-commentable.c:420","Comments may not be added to this entry.","Для этого элемента комментарии добавить нельзя."
"gdata/gdata-commentable.c:494 gdata/gdata-commentable.c:563","This comment may not be deleted.","Данный комментарий не может быть удалён."
"gdata/gdata-download-stream.c:762","Invalid seek request","Недопустимый запрос на переход"
"gdata/gdata-oauth2-authorizer.c:950 gdata/gdata-oauth2-authorizer.c:961 gdata/gdata-oauth2-authorizer.c:980 gdata/gdata-oauth2-authorizer.c:996 gdata/gdata-oauth2-authorizer.c:1061 gdata/gdata-oauth2-authorizer.c:1073 gdata/gdata-oauth2-authorizer.c:1084 gdata/gdata-oauth2-authorizer.c:1099 gdata/gdata-oauth2-authorizer.c:1115","The server returned a malformed response.","Сервер вернул искажённый ответ."
"gdata/gdata-oauth2-authorizer.c:1110 gdata/services/calendar/gdata-calendar-service.c:340","Access was denied by the user or server.","В доступе отказано со стороны пользователя или сервера."
"gdata/gdata-parsable.c:350 gdata/gdata-parsable.c:361","Error parsing XML: %s","Ошибка разбора XML: %s"
"gdata/gdata-parsable.c:363","Empty document.","Пустой документ."
"gdata/gdata-parsable.c:481 gdata/gdata-parsable.c:519 gdata/services/documents/gdata-documents-access-rule.c:144 gdata/services/documents/gdata-documents-access-rule.c:154 gdata/services/documents/gdata-documents-document.c:287 gdata/services/documents/gdata-documents-entry.c:480 gdata/services/documents/gdata-documents-entry.c:491 gdata/services/documents/gdata-documents-entry.c:503 gdata/services/documents/gdata-documents-entry.c:543 gdata/services/documents/gdata-documents-entry.c:554 gdata/services/documents/gdata-documents-entry.c:565 gdata/services/documents/gdata-documents-entry.c:612 gdata/services/documents/gdata-documents-entry.c:623 gdata/services/documents/gdata-documents-entry.c:731 gdata/services/documents/gdata-documents-entry.c:766 gdata/services/documents/gdata-documents-entry.c:781 gdata/services/documents/gdata-documents-entry.c:796 gdata/services/documents/gdata-documents-entry.c:826 gdata/services/documents/gdata-documents-entry.c:842 gdata/services/documents/gdata-documents-entry.c:881 gdata/services/documents/gdata-documents-entry.c:898 gdata/services/documents/gdata-documents-entry.c:943 gdata/services/documents/gdata-documents-feed.c:82 gdata/services/documents/gdata-documents-feed.c:93 gdata/services/documents/gdata-documents-feed.c:130 gdata/services/documents/gdata-documents-feed.c:148","Error parsing JSON: %s","Ошибка разбора JSON: %s"
"gdata/gdata-parsable.c:520","Outermost JSON node is not an object.","Первый узел JSON не является объектом."
"gdata/gdata-parser.c:69","A %s element was missing required content.","Внутри элемента %s пропущено требуемое содержимое."
"gdata/gdata-parser.c:85","The content of a %s element (‘%s’) was not in ISO 8601 format.","Содержимое элемента %s («%s») не соответствует формату ISO 8601."
"gdata/gdata-parser.c:105","The value of the %s property of a %s element (‘%s’) was unknown.","Неизвестное значение свойства %s элемента %s («%s»)."
"gdata/gdata-parser.c:123","The content of a %s element (‘%s’) was unknown.","Неизвестное содержимое элемента %s («%s»)."
"gdata/gdata-parser.c:143","A required property of a %s element (%s) was not present.","Отсутствует требуемое свойство элемента %s (%s)."
"gdata/gdata-parser.c:166","Values were present for properties %s and %s of a %s element when only one of the two is allowed.","У элемента %3$s указано два свойства %1$s и %2$s, но одновременно может быть только одно из них."
"gdata/gdata-parser.c:185","A required element (%s) was not present.","Отсутствует требуемый элемент (%s)."
"gdata/gdata-parser.c:200 gdata/gdata-parser.c:291","A singleton element (%s) was duplicated.","Повторение единичного элемента (%s)."
"gdata/gdata-parser.c:277","A ‘%s’ element was missing required content.","Внутри элемента %s пропущено требуемое содержимое."
"gdata/gdata-parser.c:307","The content of a ‘%s’ element (‘%s’) was not in ISO 8601 format.","Содержимое элемента %s («%s») не соответствует формату ISO 8601."
"gdata/gdata-parser.c:318","Invalid JSON was received from the server: %s","От сервера был получен некорректный объект JSON: %s"
"gdata/gdata-parser.c:1199","The content of a %s element (‘%s’) was not in hexadecimal RGB format.","Содержимое элемента %s («%s») не соответствует шестнадцатеричному формату RGB."
"gdata/gdata-service.c:330","Cannot connect to the service’s server.","Не удалось подключиться к серверу службы."
"gdata/gdata-service.c:335","Cannot connect to the proxy server.","Не удалось подключиться к прокси-серверу."
"gdata/gdata-service.c:341 gdata/services/calendar/gdata-calendar-service.c:325","Invalid request URI or header, or unsupported nonstandard parameter: %s","Неверный запрос URI или заголовок, или неподдерживаемый нестандартный параметр: %s"
"gdata/gdata-service.c:347","Authentication required: %s","Требуется аутентификация: %s"
"gdata/gdata-service.c:352 gdata/services/calendar/gdata-calendar-service.c:313 gdata/services/youtube/gdata-youtube-video.c:946","The requested resource was not found: %s","Запрошенный ресурс не найден: %s"
"gdata/gdata-service.c:358","The entry has been modified since it was downloaded: %s","Запись была изменена с момента последней загрузки: %s"
"gdata/gdata-service.c:372","Error code %u when authenticating: %s","Произошла ошибка %u при аутентификации: %s"
"gdata/gdata-service.c:378","Error code %u when querying: %s","Произошла ошибка %u при выполнении запроса: %s"
"gdata/gdata-service.c:384","Error code %u when inserting an entry: %s","Произошла ошибка %u при добавлении записи: %s"
"gdata/gdata-service.c:390","Error code %u when updating an entry: %s","Произошла ошибка %u при обновлении записи: %s"
"gdata/gdata-service.c:396","Error code %u when deleting an entry: %s","Произошла ошибка %u при удалении записи: %s"
"gdata/gdata-service.c:402","Error code %u when downloading: %s","Произошла ошибка %u при загрузке: %s"
"gdata/gdata-service.c:408","Error code %u when uploading: %s","Произошла ошибка %u при загрузке: %s"
"gdata/gdata-service.c:414","Error code %u when running a batch operation: %s","При выполнении групповой операции получен код ошибки %u: %s"
"gdata/gdata-service.c:708","Invalid redirect URI: %s","Неверное перенаправление URI: %s"
"gdata/gdata-service.c:1398 gdata/services/picasaweb/gdata-picasaweb-service.c:611 gdata/services/youtube/gdata-youtube-service.c:995","The entry has already been inserted.","Запись уже вставлена."
"gdata/gdata-upload-stream.c:792 gdata/gdata-upload-stream.c:874","Error received from server after uploading a resumable upload chunk.","Получена ошибка от сервера после отправки возобновляющей отправленной части."
"gdata/gdata-upload-stream.c:940","Stream is already closed","Поток уже закрыт"
"gdata/services/calendar/gdata-calendar-service.c:302 gdata/services/tasks/gdata-tasks-service.c:195 gdata/services/youtube/gdata-youtube-service.c:540","You have made too many API calls recently. Please wait a few minutes and try again.","За короткий промежуток времени сделано слишком много API-запросов. Подождите несколько минут и повторите попытку снова."
"gdata/services/calendar/gdata-calendar-service.c:334 gdata/services/tasks/gdata-tasks-service.c:204 gdata/services/youtube/gdata-youtube-service.c:556","You must be authenticated to do this.","Чтобы сделать это, необходимо пройти аутентификацию."
"gdata/services/calendar/gdata-calendar-service.c:465 gdata/services/calendar/gdata-calendar-service.c:519","You must be authenticated to query all calendars.","Для доступа ко всем календарям необходимо пройти аутентификацию."
"gdata/services/calendar/gdata-calendar-service.c:563 gdata/services/calendar/gdata-calendar-service.c:617 gdata/services/calendar/gdata-calendar-service.c:677 gdata/services/calendar/gdata-calendar-service.c:739","You must be authenticated to query your own calendars.","Для доступа к личным календарям необходимо пройти аутентификацию."
"gdata/services/documents/gdata-documents-document.c:410","You must be authenticated to download documents.","Для загрузки документов необходимо пройти аутентификацию."
"gdata/services/documents/gdata-documents-document.c:419","Unknown or unsupported document export format ‘%s’.","Неизвестный или неподдерживаемый формат экспорта документов «%s»."
"gdata/services/documents/gdata-documents-entry.c:916","Invalid visibility: unrecognized value ‘%s’","Недопустимая видимость: нераспознанное значение «%s»"
"gdata/services/documents/gdata-documents-service.c:582 gdata/services/documents/gdata-documents-service.c:635","You must be authenticated to query documents.","Для доступа к документам необходимо пройти аутентификацию."
"gdata/services/documents/gdata-documents-service.c:681 gdata/services/documents/gdata-documents-service.c:732","You must be authenticated to query drives.","Для запроса дисков необходимо пройти аутентификацию."
"gdata/services/documents/gdata-documents-service.c:793","You must be authenticated to upload documents.","Для загрузки документов необходимо пройти аутентификацию."
"gdata/services/documents/gdata-documents-service.c:799","The document has already been uploaded.","Документ уже загружен."
"gdata/services/documents/gdata-documents-service.c:944","You must be authenticated to update documents.","Для обновления документов необходимо пройти аутентификацию."
"gdata/services/documents/gdata-documents-service.c:1111","The content type of the supplied document (‘%s’) could not be recognized.","Не удалось распознать тип содержимого предоставленного документа («%s»)."
"gdata/services/documents/gdata-documents-service.c:1151","You must be authenticated to copy documents.","Для копирования документов необходимо пройти аутентификацию."
"gdata/services/documents/gdata-documents-service.c:1170 gdata/services/documents/gdata-documents-service.c:1535","Parent folder not found","Родительский каталог не найден"
"gdata/services/documents/gdata-documents-service.c:1304","You must be authenticated to insert or move documents and folders.","Для вставки или перемещения документов и папок необходимо пройти аутентификацию."
"gdata/services/documents/gdata-documents-service.c:1508","You must be authenticated to move documents and folders.","Для перемещения документов и папок необходимо пройти аутентификацию."
"gdata/services/picasaweb/gdata-picasaweb-service.c:243","You must specify a username or be authenticated to query a user.","Для доступа к пользователю необходимо указать имя пользователя или пройти аутентификацию."
"gdata/services/picasaweb/gdata-picasaweb-service.c:371 gdata/services/picasaweb/gdata-picasaweb-service.c:431","Query parameter not allowed for albums.","Параметр запроса недопустим для альбомов."
"gdata/services/picasaweb/gdata-picasaweb-service.c:378 gdata/services/picasaweb/gdata-picasaweb-service.c:443","You must specify a username or be authenticated to query all albums.","Для доступа ко всем альбомам необходимо указать имя пользователя или пройти аутентификацию."
"gdata/services/picasaweb/gdata-picasaweb-service.c:462","The album did not have a feed link.","У альбома отсутствует лента новостей."
"gdata/services/picasaweb/gdata-picasaweb-service.c:618","You must be authenticated to upload a file.","Для загрузки файла необходимо пройти аутентификацию."
"gdata/services/picasaweb/gdata-picasaweb-service.c:694","The album has already been inserted.","Альбом уже добавлен."
"gdata/services/picasaweb/gdata-picasaweb-service.c:701","You must be authenticated to insert an album.","Для добавления альбома необходимо пройти аутентификацию."
"gdata/services/tasks/gdata-tasks-service.c:330 gdata/services/tasks/gdata-tasks-service.c:384","You must be authenticated to query all tasklists.","Для доступа ко всем спискам задач необходимо пройти аутентификацию."
"gdata/services/tasks/gdata-tasks-service.c:431 gdata/services/tasks/gdata-tasks-service.c:491","You must be authenticated to query your own tasks.","Для доступа к личным задачам необходимо пройти аутентификацию."
"gdata/services/youtube/gdata-youtube-service.c:547","You have exceeded your entry quota. Please delete some entries and try again.","Достигнуто максимальное количество записей. Удалите несколько записей и повторите попытку."
"gdata/services/youtube/gdata-youtube-service.c:564","Your Google Account must be associated with a YouTube channel to do this. Visit %s to create one.","Чтобы это сделать, ваша учётная запись Google должна быть связана с каналом YouTube. Откройте %s для её создания."
"gdata/services/youtube/gdata-youtube-service.c:1004","You must be authenticated to upload a video.","Для загрузки видео, необходимо пройти аутентификацию."
