"location","source","target"
"","po header","Project-Id-Version: libpeas master
Report-Msgid-Bugs-To: https://gitlab.gnome.org/GNOME/libpeas/issues
POT-Creation-Date: 2022-05-30 18:41+0000
PO-Revision-Date: 2021-06-28 15:04+0300
Last-Translator: Alexey Rubtsov <rushills@gmail.com>
Language-Team: Русский <gnome-cyr@gnome.org>
Language: ru
MIME-Version: 1.0
Content-Type: text/plain; charset=UTF-8
Content-Transfer-Encoding: 8bit
Plural-Forms: nplurals=3; plural=(n%10==1 && n%100!=11 ? 0 : n%10>=2 && n%10<=4 && (n%100<10 || n%100>=20) ? 1 : 2);
X-Generator: Poedit 3.0
"
"libpeas/peas-engine.c:1112","Dependency “%s” was not found","Зависимость «%s» не найдена"
"libpeas/peas-engine.c:1122","Dependency “%s” failed to load","Зависимость «%s» не удалось загрузить"
"libpeas/peas-engine.c:1136","Plugin loader “%s” was not found","Не найден загрузчик модулей «%s»"
"libpeas/peas-engine.c:1148","Failed to load","Не удалось загрузить"
"libpeas-gtk/peas-gtk-disable-plugins-dialog.c:95","Additional plugins must be disabled","Дополнительные модули должны быть выключены"
"libpeas-gtk/peas-gtk-disable-plugins-dialog.c:102","The following plugins depend on “%s” and will also be disabled:","Следующие модули зависят от «%s» и также будут выключены:"
"libpeas-gtk/peas-gtk-disable-plugins-dialog.c:144","Plugins","Модули"
"libpeas-gtk/peas-gtk-disable-plugins-dialog.c:161","An additional plugin must be disabled","Дополнительный модуль должен быть выключен"
"libpeas-gtk/peas-gtk-disable-plugins-dialog.c:168","The “%s” plugin depends on the “%s” plugin.
If you disable “%s”, “%s” will also be disabled.","Модуль «%s» зависит от модуля «%s».
Если отключить «%s», то «%s» также будет выключен."
"libpeas-gtk/peas-gtk-disable-plugins-dialog.c:182","_Cancel","_Отмена"
"libpeas-gtk/peas-gtk-disable-plugins-dialog.c:184","Disable Plugins","Выключить модули"
"libpeas-gtk/peas-gtk-plugin-manager.c:210","There was an error displaying the help.","Здесь была ошибка, отображающая справку."
"libpeas-gtk/peas-gtk-plugin-manager.c:256","_Close","_Закрыть"
"libpeas-gtk/peas-gtk-plugin-manager.c:268","_Help","_Справка"
"libpeas-gtk/peas-gtk-plugin-manager.c:326","Pr_eferences","_Параметры"
"libpeas-gtk/peas-gtk-plugin-manager.c:331 libpeas-gtk/peas-gtk-plugin-manager.c:382","_About","_О приложении"
"libpeas-gtk/peas-gtk-plugin-manager.c:390","_Preferences","_Параметры"
"libpeas-gtk/peas-gtk-plugin-manager-view.c:352","_Enabled","_Включён"
"libpeas-gtk/peas-gtk-plugin-manager-view.c:363","E_nable All","Вкл_ючить все"
"libpeas-gtk/peas-gtk-plugin-manager-view.c:367","_Disable All","В_ыключить все"
"libpeas-gtk/peas-gtk-plugin-manager-view.c:576","Enabled","Включён"
"libpeas-gtk/peas-gtk-plugin-manager-view.c:597","Plugin","Модуль"
"libpeas-gtk/peas-gtk-plugin-manager-view.c:684","The plugin “%s” could not be loaded","Модуль «%s» не может быть загружен"
"libpeas-gtk/peas-gtk-plugin-manager-view.c:690","An error occurred: %s","Произошла ошибка: %s"
"peas-demo/peas-demo.c:43","Run from build directory","Запустить из каталога сборки"
"peas-demo/peas-demo.c:94","_Quit","_Завершить"
"peas-demo/peas-demo.c:119","— libpeas demo application","— демонстрационное приложение libpeas"
"tests/libpeas-gtk/plugin-manager.c:80","About","О приложении"
"tests/libpeas-gtk/plugin-manager.c:85","Preferences","Параметры"
