"location","source","target"
"","po header","Project-Id-Version: libsoup master
Report-Msgid-Bugs-To: https://gitlab.gnome.org/GNOME/libsoup/issues
POT-Creation-Date: 2022-05-06 08:20+0000
PO-Revision-Date: 2021-06-27 19:32+0300
Last-Translator: Alexey Rubtsov <rushills@gmail.com>
Language-Team: Русский <gnome-cyr@gnome.org>
Language: ru
MIME-Version: 1.0
Content-Type: text/plain; charset=UTF-8
Content-Transfer-Encoding: 8bit
Plural-Forms: nplurals=3; plural=(n%10==1 && n%100!=11 ? 0 : n%10>=2 && n%10<=4 && (n%100<10 || n%100>=20) ? 1 : 2);
X-Generator: Poedit 3.0
"
"libsoup/cache/soup-cache-input-stream.c:70","Network stream unexpectedly closed","Сетевой поток неожиданно закрылся"
"libsoup/cache/soup-cache-input-stream.c:252","Failed to completely cache the resource","Не удалось полностью закэшировать ресурс"
"libsoup/content-decoder/soup-converter-wrapper.c:197","Output buffer is too small","Слишком маленький буфер вывода"
"libsoup/http1/soup-body-input-stream.c:155 libsoup/http1/soup-body-input-stream.c:187 libsoup/http1/soup-body-input-stream.c:220 libsoup/http1/soup-message-io-data.c:77","Connection terminated unexpectedly","Соединение было неожиданно разорвано"
"libsoup/http1/soup-body-input-stream.c:471","Invalid seek request","Неверный запрос поиска"
"libsoup/http1/soup-body-input-stream.c:499","Cannot truncate SoupBodyInputStream","Не удалось отсечь SoupBodyInputStream"
"libsoup/http1/soup-client-message-io-http1.c:312 libsoup/http1/soup-client-message-io-http1.c:756 libsoup/http2/soup-body-input-stream-http2.c:221 libsoup/server/soup-server-io.c:363 libsoup/server/soup-server-io.c:828","Operation would block","Действие заблокировано"
"libsoup/http1/soup-client-message-io-http1.c:456","Could not parse HTTP response","Не удалось разобрать HTTP-ответ"
"libsoup/http1/soup-client-message-io-http1.c:479","Unrecognized HTTP response encoding","Нераспознанная кодировка HTTP-ответа"
"libsoup/http1/soup-client-message-io-http1.c:715 libsoup/http1/soup-client-message-io-http1.c:741 libsoup/http2/soup-client-message-io-http2.c:1606 libsoup/http2/soup-client-message-io-http2.c:1630","Operation was cancelled","Действие отменено"
"libsoup/http1/soup-message-io-data.c:105","Header too big","Слишком большой заголовок"
"libsoup/server/soup-server.c:1203","Can’t create a TLS server without a TLS certificate","Невозможно создать TLS-сервер без TLS-сертификата"
"libsoup/server/soup-server.c:1225","Could not listen on address %s, port %d: ","Не удалось начать прослушивание по адресу %s (порт — %d): "
"libsoup/server/soup-socket.c:121","Could not import existing socket: ","Не удалось импортировать существующий сокет: "
"libsoup/server/soup-socket.c:130","Can’t import unconnected socket","Невозможно импортировать неподключенный сокет"
"libsoup/soup-session.c:1180","Location header is missing or empty in response headers","Заголовок Location отсутствует или пуст в заголовках ответа"
"libsoup/soup-session.c:1194","Invalid URI “%s” in Location response header","Недопустимый URI «%s» в заголовке ответа Location"
"libsoup/soup-session.c:1214","Too many redirects","Слишком много перенаправлений"
"libsoup/soup-session.c:1219","Message was restarted too many times","Сообщение было перезапущено слишком много раз"
"libsoup/soup-session.c:3310 libsoup/soup-session.c:3458","Message is already in session queue","Сообщение уже находится в очереди сеансов"
"libsoup/soup-session.c:3821","The server did not accept the WebSocket handshake.","Сервер не принимает подтверждение связи WebSocket."
"libsoup/soup-tld.c:129","No public-suffix list available.","Список публичных суффиксов отсутствует."
"libsoup/soup-tld.c:139 libsoup/soup-tld.c:155","Invalid hostname","Неверное имя компьютера"
"libsoup/soup-tld.c:146","Hostname is an IP address","Имя компьютера является IP-адресом"
"libsoup/soup-tld.c:167","Hostname has no base domain","Имя компьютера не содержит доменной части"
"libsoup/soup-tld.c:175","Not enough domains","Недостаточно доменных имён в адресе"
"libsoup/websocket/soup-websocket.c:390 libsoup/websocket/soup-websocket.c:434 libsoup/websocket/soup-websocket.c:450","Server requested unsupported extension","Сервер запросил неподдерживаемое расширение"
"libsoup/websocket/soup-websocket.c:413 libsoup/websocket/soup-websocket.c:605","Incorrect WebSocket “%s” header","Неправильный заголовок WebSocket «%s»"
"libsoup/websocket/soup-websocket.c:414 libsoup/websocket/soup-websocket.c:869","Server returned incorrect “%s” key","Сервер вернул неправильный ключ «%s»"
"libsoup/websocket/soup-websocket.c:477","Duplicated parameter in “%s” WebSocket extension header","Дублирование параметра в «%s» Заголовок расширения WebSocket"
"libsoup/websocket/soup-websocket.c:478","Server returned a duplicated parameter in “%s” WebSocket extension header","Сервер вернул дублированный параметр в «%s» заголовок расширения WebSocket"
"libsoup/websocket/soup-websocket.c:568 libsoup/websocket/soup-websocket.c:578","WebSocket handshake expected","Ожидается подтверждение связи WebSocket"
"libsoup/websocket/soup-websocket.c:586","Unsupported WebSocket version","Неподдерживаемая версия WebSocket"
"libsoup/websocket/soup-websocket.c:595","Invalid WebSocket key","Неверный ключ WebSocket"
"libsoup/websocket/soup-websocket.c:614","Unsupported WebSocket subprotocol","Неподдерживаемый подпротокол WebSocket"
"libsoup/websocket/soup-websocket.c:820","Server rejected WebSocket handshake","Сервер отклонил подтверждение связи WebSocket"
"libsoup/websocket/soup-websocket.c:828 libsoup/websocket/soup-websocket.c:837","Server ignored WebSocket handshake","Сервер проигнорировал подтверждение связи WebSocket"
"libsoup/websocket/soup-websocket.c:849","Server requested unsupported protocol","Сервер запросил неподдерживаемый протокол"
