"location","source","target"
"","po header","Project-Id-Version: libsecret master
Report-Msgid-Bugs-To: https://gitlab.gnome.org/GNOME/libsecret/issues
POT-Creation-Date: 2022-05-09 14:36+0000
PO-Revision-Date: 2021-06-28 15:06+0300
Last-Translator: Alexey Rubtsov <rushills@gmail.com>
Language-Team: Russian <gnome-cyr@gnome.org>
Language: ru
MIME-Version: 1.0
Content-Type: text/plain; charset=UTF-8
Content-Transfer-Encoding: 8bit
Plural-Forms: nplurals=3; plural=(n%10==1 && n%100!=11 ? 0 : n%10>=2 && n%10<=4 && (n%100<10 || n%100>=20) ? 1 : 2);
X-Generator: Poedit 3.0
"
"libsecret/secret-item.c:1130","Received invalid secret from the secret storage","Получен неверный секретный ключ из хранилища"
"libsecret/secret-methods.c:1060","Default keyring","Связка ключей по умолчанию"
"libsecret/secret-session.c:243 libsecret/secret-session.c:279","Couldn’t communicate with the secret storage","Не удалось связаться с хранилищем секретных ключей"
"tool/secret-tool.c:42","the label for the new stored item","метка для нового сохранённого значения"
"tool/secret-tool.c:44","the collection in which to place the stored item","коллекция, в которую помещается сохранённое значение"
"tool/secret-tool.c:46 tool/secret-tool.c:53 tool/secret-tool.c:458","attribute value pairs of item to lookup","значения пары атрибутов для поиска"
"tool/secret-tool.c:60","attribute value pairs which match items to clear","значения пары атрибутов, соответствующие удаляемым"
"tool/secret-tool.c:67","collection in which to lock","коллекция, в которой нужно зафиксировать"
"tool/secret-tool.c:454","return all results, instead of just first one","выводить все результаты, а не только первый"
"tool/secret-tool.c:456","unlock item results if necessary","разблокировать результаты значений при необходимости"
