"location","source","target"
"","po header","Project-Id-Version: gnome-games trunk
Report-Msgid-Bugs-To: https://gitlab.gnome.org/GNOME/lightsoff/issues
POT-Creation-Date: 2022-06-01 16:47+0000
PO-Revision-Date: 2022-01-08 16:34+1000
Last-Translator: Ser82-png
Language-Team: Russian <gnome-cyr@gnome.org>
Language: ru
MIME-Version: 1.0
Content-Type: text/plain; charset=UTF-8
Content-Transfer-Encoding: 8bit
Plural-Forms: nplurals=3; plural=(n%10==1 && n%100!=11 ? 0 : n%10>=2 && n%10<=4 && (n%100<10 || n%100>=20) ? 1 : 2);
X-Generator: Poedit 2.3
"
"data/game-button.ui:7","_Restart","_Начать заново"
"data/lightsoff-menus.ui:8","_Help","_Справка"
"data/lightsoff-menus.ui:14","_About Lights Off","_О приложении"
"data/lightsoff.ui:8","_First puzzle","Перв_ая головоломка"
"data/lightsoff.ui:14","_Previous puzzle","_Предыдущая головоломка"
"data/lightsoff.ui:20","Ne_xt puzzle","С_ледующая головоломка"
"data/lightsoff.ui:46","_Change Puzzle","_Изменить головоломку"
"data/org.gnome.LightsOff.appdata.xml.in:7 data/org.gnome.LightsOff.desktop.in:3 src/lightsoff.vala:18","Lights Off","Туши свет"
"data/org.gnome.LightsOff.appdata.xml.in:8 data/org.gnome.LightsOff.desktop.in:4 src/lightsoff.vala:150","Turn off all the lights","Погасить все огоньки"
"data/org.gnome.LightsOff.appdata.xml.in:10","Lights Off is a collection of light switch puzzles. Clicking on a light toggles it either on or off, but also toggles all the surrounding lights, too. Your objective is simple: turn off all the lights!","Туши свет — это коллекция головоломок, в которых необходимо погасить все огоньки. Нажатие на огонёк либо включает, либо выключает его, но включение и выключение также включает и выключает близлежащие огоньки. Цель игра проста — гасите все огни!"
"data/org.gnome.LightsOff.appdata.xml.in:15","Players who delight in turning off lights will enjoy the huge number of levels.","Игрокам доставит удовольствие большое количество уровней."
"data/org.gnome.LightsOff.appdata.xml.in:42","The GNOME Project","Проект GNOME"
"data/org.gnome.LightsOff.desktop.in:6","game;logic;board;tiles;adjacent;puzzle;","game;logic;board;tiles;adjacent;puzzle;игра;логическая;настольная;головоломка;game;logic;board;tiles;adjacent;puzzle;"
"data/org.gnome.LightsOff.gschema.xml:7","The current level","Текущий уровень"
"data/org.gnome.LightsOff.gschema.xml:9","The users’s most recent level.","Последний уровень пользователя."
"data/org.gnome.LightsOff.gschema.xml:17","The width of the window","Ширина окна в пикселах"
"data/org.gnome.LightsOff.gschema.xml:19","The width of the main window in pixels.","Ширина главного окна в пикселах."
"data/org.gnome.LightsOff.gschema.xml:24","The height of the window","Высота окна"
"data/org.gnome.LightsOff.gschema.xml:26","The height of the main window in pixels.","Высота главного окна в пикселах."
"data/org.gnome.LightsOff.gschema.xml:31","A flag to enable maximized mode","Флаг для включения развернутого режима"
"data/org.gnome.LightsOff.gschema.xml:33","If “true”, the main window starts in maximized mode.","Если “true”, главное окно запускается в развернутом режиме."
"src/lightsoff.vala:26","Display version number","Показать версию приложения"
"src/lightsoff.vala:73","Failed to parse command-line arguments.","Не удалось проанализировать аргументы командной строки."
"src/lightsoff.vala:154","Page on GNOME wiki","Страница на GNOME wiki"
"src/lightsoff.vala:166","translator-credits","Ivan Komaritsyn <vantu5z@mail.ru>, 2015.
Yuri Myasoedov <ymyasoedov@yandex.ru>, 2012-2015.
Stas Solovey <whats_up@tut.by>, 2016-2018."
"src/lightsoff-window.vala:88","Turn off all the lights!","Погасите все огоньки!"
"src/lightsoff-window.vala:141","Puzzle %d","Головоломка %d"
