"location","source","target"
"","po header","Project-Id-Version: metacity ru
Report-Msgid-Bugs-To: https://gitlab.gnome.org/GNOME/mutter/issues
POT-Creation-Date: 2022-07-03 15:27+0000
PO-Revision-Date: 2022-02-08 12:05+0300
Last-Translator: Aleksandr Melman <Alexmelman88@gmail.com>
Language-Team: Русский <gnome-cyr@gnome.org>
Language: ru
MIME-Version: 1.0
Content-Type: text/plain; charset=UTF-8
Content-Transfer-Encoding: 8bit
Plural-Forms: nplurals=3; plural=(n%10==1 && n%100!=11 ? 0 : n%10>=2 && n%10<=4 && (n%100<10 || n%100>=20) ? 1 : 2);
X-Generator: Poedit 3.0
"
"data/50-mutter-navigation.xml:6","Navigation","Перемещение"
"data/50-mutter-navigation.xml:9","Move window to workspace 1","Переместить окно на рабочее место 1"
"data/50-mutter-navigation.xml:12","Move window to workspace 2","Переместить окно на рабочее место 2"
"data/50-mutter-navigation.xml:15","Move window to workspace 3","Переместить окно на рабочее место 3"
"data/50-mutter-navigation.xml:18","Move window to workspace 4","Переместить окно на рабочее место 4"
"data/50-mutter-navigation.xml:21","Move window to last workspace","Переместить окно на последнее рабочее место"
"data/50-mutter-navigation.xml:24","Move window one workspace to the left","Переместить окно на одно рабочее место влево"
"data/50-mutter-navigation.xml:27","Move window one workspace to the right","Переместить окно на одно рабочее место вправо"
"data/50-mutter-navigation.xml:31","Move window one workspace up","Переместить окно на одно рабочее место вверх"
"data/50-mutter-navigation.xml:35","Move window one workspace down","Переместить окно на одно рабочее место вниз"
"data/50-mutter-navigation.xml:38","Move window one monitor to the left","Переместить окно на один монитор влево"
"data/50-mutter-navigation.xml:41","Move window one monitor to the right","Переместить окно на один монитор вправо"
"data/50-mutter-navigation.xml:44","Move window one monitor up","Переместить окно на один монитор вверх"
"data/50-mutter-navigation.xml:47","Move window one monitor down","Переместить окно на один монитор вниз"
"data/50-mutter-navigation.xml:51","Switch applications","Переключить приложения"
"data/50-mutter-navigation.xml:56","Switch to previous application","Переключить на предыдущее приложение"
"data/50-mutter-navigation.xml:60","Switch windows","Переключить окна"
"data/50-mutter-navigation.xml:65","Switch to previous window","Переключить на предыдущее окно"
"data/50-mutter-navigation.xml:69","Switch windows of an application","Переключить окна приложения"
"data/50-mutter-navigation.xml:74","Switch to previous window of an application","Переключить на окно приложения"
"data/50-mutter-navigation.xml:78","Switch system controls","Переключить элементы управления"
"data/50-mutter-navigation.xml:83","Switch to previous system control","Переключить на предыдущий элемент управления"
"data/50-mutter-navigation.xml:87","Switch windows directly","Немедленно переключить окна"
"data/50-mutter-navigation.xml:92","Switch directly to previous window","Немедленно переключить на предыдущее окно"
"data/50-mutter-navigation.xml:96","Switch windows of an app directly","Немедленно переключить окна приложения"
"data/50-mutter-navigation.xml:101","Switch directly to previous window of an app","Немедленно переключить на предыдущее окно приложения"
"data/50-mutter-navigation.xml:105","Switch system controls directly","Немедленно переключить элементы управления"
"data/50-mutter-navigation.xml:110","Switch directly to previous system control","Немедленно переключить на предыдущий элемент управления"
"data/50-mutter-navigation.xml:113","Hide all normal windows","Скрыть все обычные окна"
"data/50-mutter-navigation.xml:116","Switch to workspace 1","Переключиться на рабочее место 1"
"data/50-mutter-navigation.xml:119","Switch to workspace 2","Переключиться на рабочее место 2"
"data/50-mutter-navigation.xml:122","Switch to workspace 3","Переключиться на рабочее место 3"
"data/50-mutter-navigation.xml:125","Switch to workspace 4","Переключиться на рабочее место 4"
"data/50-mutter-navigation.xml:128","Switch to last workspace","Переключиться на последнее рабочее место"
"data/50-mutter-navigation.xml:131","Move to workspace on the left","Переместить на рабочее место влево"
"data/50-mutter-navigation.xml:134","Move to workspace on the right","Переместить на рабочее место вправо"
"data/50-mutter-navigation.xml:138","Move to workspace above","Переместить на рабочее место вверх"
"data/50-mutter-navigation.xml:142","Move to workspace below","Переместить на рабочее место вниз"
"data/50-mutter-system.xml:6 data/50-mutter-wayland.xml:6","System","Система"
"data/50-mutter-system.xml:8","Show the run command prompt","Показать командную строку"
"data/50-mutter-wayland.xml:8","Restore the keyboard shortcuts","Восстановление сочетаний клавиш"
"data/50-mutter-windows.xml:6","Windows","Окна"
"data/50-mutter-windows.xml:8","Activate the window menu","Активировать меню окна"
"data/50-mutter-windows.xml:10","Toggle fullscreen mode","Переключить полноэкранный режим"
"data/50-mutter-windows.xml:12","Toggle maximization state","Переключить состояние развёрнутости на весь экран"
"data/50-mutter-windows.xml:14","Maximize window","Развернуть окно на весь экран"
"data/50-mutter-windows.xml:16","Restore window","Восстановить окно"
"data/50-mutter-windows.xml:18","Close window","Закрыть окно"
"data/50-mutter-windows.xml:20","Hide window","Скрыть окно"
"data/50-mutter-windows.xml:22","Move window","Переместить окно"
"data/50-mutter-windows.xml:24","Resize window","Изменить размер окна"
"data/50-mutter-windows.xml:27","Toggle window on all workspaces or one","Переключить окно на все рабочие места или на одно"
"data/50-mutter-windows.xml:29","Raise window if covered, otherwise lower it","Поднять окно, если оно закрыто другими окнами, иначе — опустить его"
"data/50-mutter-windows.xml:31","Raise window above other windows","Поместить окно поверх всех окон"
"data/50-mutter-windows.xml:33","Lower window below other windows","Поместить окно под другими окнами"
"data/50-mutter-windows.xml:35","Maximize window vertically","Развернуть окно на весь экран вертикально"
"data/50-mutter-windows.xml:37","Maximize window horizontally","Развернуть окно на весь экран горизонтально"
"data/50-mutter-windows.xml:41 data/org.gnome.mutter.gschema.xml.in:173","View split on left","Разделитель слева"
"data/50-mutter-windows.xml:45 data/org.gnome.mutter.gschema.xml.in:178","View split on right","Разделитель справа"
"data/mutter.desktop.in:4","Mutter","Mutter"
"data/org.gnome.mutter.gschema.xml.in:15","Modifier to use for extended window management operations","Модификатор для использования дополнительных действий управления окнами"
"data/org.gnome.mutter.gschema.xml.in:16","This key will initiate the “overlay”, which is a combination window overview and application launching system. The default is intended to be the “Windows key” on PC hardware. It’s expected that this binding either the default or set to the empty string.","Этот ключ инициирует перекрытие (обзор окон и система запуска приложений). Для обычных ПК используется клавиша «Windows». Ожидается, что значение этой привязки будет иметь значение по умолчанию или будет пустой строкой."
"data/org.gnome.mutter.gschema.xml.in:28","Attach modal dialogs","Прикреплять модальные диалоговые окна"
"data/org.gnome.mutter.gschema.xml.in:29","When true, instead of having independent titlebars, modal dialogs appear attached to the titlebar of the parent window and are moved together with the parent window.","Если установлено, вместо независимых заголовков окон модальные диалоговые окна будут прикрепляться к заголовку родительского окна и перемещаться вместе с родительским окном."
"data/org.gnome.mutter.gschema.xml.in:38","Enable edge tiling when dropping windows on screen edges","Включить краевые фреймы при перемещении окон к границам экрана"
"data/org.gnome.mutter.gschema.xml.in:39","If enabled, dropping windows on vertical screen edges maximizes them vertically and resizes them horizontally to cover half of the available area. Dropping windows on the top screen edge maximizes them completely.","Если включено, то перемещение окна к вертикальным границам экрана разворачивает окно по вертикали и изменяет горизонтальный размер окна, покрывая половину доступного места. Перемещение окна к верхней части экрана полностью разворачивает окно."
"data/org.gnome.mutter.gschema.xml.in:48","Workspaces are managed dynamically","Рабочие места управляются динамически"
"data/org.gnome.mutter.gschema.xml.in:49","Determines whether workspaces are managed dynamically or whether there’s a static number of workspaces (determined by the num-workspaces key in org.gnome.desktop.wm.preferences).","Определяет, управляются ли рабочие места динамически или количество рабочих мест постоянно (количество задаётся ключом в org.gnome.desktop.wm.preferences)."
"data/org.gnome.mutter.gschema.xml.in:58","Workspaces only on primary","Рабочие места только на главном окне"
"data/org.gnome.mutter.gschema.xml.in:59","Determines whether workspace switching should happen for windows on all monitors or only for windows on the primary monitor.","Определяет, должно ли переключение рабочего места происходить для окон на всех мониторах или только для окон на главном мониторе."
"data/org.gnome.mutter.gschema.xml.in:67","No tab popup","Без всплывающей табуляции"
"data/org.gnome.mutter.gschema.xml.in:68","Determines whether the use of popup and highlight frame should be disabled for window cycling.","Определяет, нужно ли отключить использование всплывающей области для циклического переключения окон."
"data/org.gnome.mutter.gschema.xml.in:76","Delay focus changes until the pointer stops moving","Отложить переключение фокуса до тех пор, пока не остановится указатель"
"data/org.gnome.mutter.gschema.xml.in:77","If set to true, and the focus mode is either “sloppy” or “mouse” then the focus will not be changed immediately when entering a window, but only after the pointer stops moving.","Если установлено в значение «true» и режим фокуса установлен в значение «sloppy» или «mouse», тогда фокус не будет меняться при переходе к другому окну до тех пор, пока не остановится указатель."
"data/org.gnome.mutter.gschema.xml.in:87","Draggable border width","Ширина рамки перетаскивания"
"data/org.gnome.mutter.gschema.xml.in:88","The amount of total draggable borders. If the theme’s visible borders are not enough, invisible borders will be added to meet this value.","Общая ширина рамок для перетаскивания. Если видимых рамок, используемых в теме, недостаточно, то будут добавлены невидимые рамки до этого значения."
"data/org.gnome.mutter.gschema.xml.in:97","Auto maximize nearly monitor sized windows","Автоматически увеличивать размеры окна до размеров монитора"
"data/org.gnome.mutter.gschema.xml.in:98","If enabled, new windows that are initially the size of the monitor automatically get maximized.","Если включено, новые окна будут автоматически увеличены до максимального размера."
"data/org.gnome.mutter.gschema.xml.in:106","Place new windows in the center","Размещать новые окна в центре"
"data/org.gnome.mutter.gschema.xml.in:107","When true, the new windows will always be put in the center of the active screen of the monitor.","Если выбрано, то новые окна всегда будут помещаться в центр активного экрана монитора."
"data/org.gnome.mutter.gschema.xml.in:116","Enable experimental features","Включить экспериментальные функции"
"data/org.gnome.mutter.gschema.xml.in:117","To enable experimental features, add the feature keyword to the list. Whether the feature requires restarting the compositor depends on the given feature. Any experimental feature is not required to still be available, or configurable. Don’t expect adding anything in this setting to be future proof. Currently possible keywords: • “scale-monitor-framebuffer” — makes mutter default to layout logical monitors in a logical pixel coordinate space, while scaling monitor framebuffers instead of window content, to manage HiDPI monitors. Does not require a restart. • “kms-modifiers” — makes mutter always allocate scanout buffers with explicit modifiers, if supported by the driver. Requires a restart. • “rt-scheduler” — makes mutter request a low priority real-time scheduling. Requires a restart. • “autoclose-xwayland” — automatically terminates Xwayland if all relevant X11 clients are gone. Requires a restart.","Чтобы включить экспериментальные функции, добавьте в список ключевое слово feature. Требует ли функция перезапуска композитора, зависит от данной функции. Любая экспериментальная функция не обязана оставаться доступной или настраиваемой. Не ожидайте, что добавление чего-либо в этой настройке будет иметь будущее. В настоящее время возможные ключевые слова: - ""scale-monitor-framebuffer"" - заставляет mutter по умолчанию компоновать логические мониторы в логическом пиксельном координатном пространстве, при этом масштабируя фреймбуферы мониторов, а не содержимое окна, для управления мониторами HiDPI. Не требует перезапуска. - ""kms-modifiers"" - заставляет mutter всегда выделять буферы развертки с явными модификаторами, если они поддерживаются драйвером. Требует перезапуска. - ""rt-scheduler"" - заставляет mutter запрашивать низкоприоритетное планирование реального времени. Требуется перезапуск. - ""autoclose-xwayland"" - автоматически завершает работу Xwayland, если все соответствующие клиенты X11 удалены. Требуется перезагрузка."
"data/org.gnome.mutter.gschema.xml.in:150","Modifier to use to locate the pointer","Модификатор, используемый для определения местоположения указателя"
"data/org.gnome.mutter.gschema.xml.in:151","This key will initiate the “locate pointer” action.","Эта клавиша инициирует действие ""определить местоположение указателя""."
"data/org.gnome.mutter.gschema.xml.in:158","Timeout for check-alive ping","Тайм-аут для пинга с проверкой работоспособности"
"data/org.gnome.mutter.gschema.xml.in:159","Number of milliseconds a client has to respond to a ping request in order to not be detected as frozen. Using 0 will disable the alive check completely.","Количество миллисекунд, в течение которых клиент должен ответить на запрос ping, чтобы не быть определенным как ""замороженный"". Использование значения 0 полностью отключает проверку ""живого"" клиента."
"data/org.gnome.mutter.gschema.xml.in:183","Select window from tab popup","Выбор окна из всплывающей табуляции"
"data/org.gnome.mutter.gschema.xml.in:188","Cancel tab popup","Отменить всплывающую табуляцию"
"data/org.gnome.mutter.gschema.xml.in:193","Switch monitor configurations","Переключить конфигурации монитора"
"data/org.gnome.mutter.gschema.xml.in:198","Rotates the built-in monitor configuration","Перебирает встроенные конфигурации монитора"
"data/org.gnome.mutter.wayland.gschema.xml.in:12","Switch to VT 1","Переключиться на виртуальный терминал 1"
"data/org.gnome.mutter.wayland.gschema.xml.in:16","Switch to VT 2","Переключиться на виртуальный терминал 2"
"data/org.gnome.mutter.wayland.gschema.xml.in:20","Switch to VT 3","Переключиться на виртуальный терминал 3"
"data/org.gnome.mutter.wayland.gschema.xml.in:24","Switch to VT 4","Переключиться на виртуальный терминал 4"
"data/org.gnome.mutter.wayland.gschema.xml.in:28","Switch to VT 5","Переключиться на виртуальный терминал 5"
"data/org.gnome.mutter.wayland.gschema.xml.in:32","Switch to VT 6","Переключиться на виртуальный терминал 6"
"data/org.gnome.mutter.wayland.gschema.xml.in:36","Switch to VT 7","Переключиться на виртуальный терминал 7"
"data/org.gnome.mutter.wayland.gschema.xml.in:40","Switch to VT 8","Переключиться на виртуальный терминал 8"
"data/org.gnome.mutter.wayland.gschema.xml.in:44","Switch to VT 9","Переключиться на виртуальный терминал 9"
"data/org.gnome.mutter.wayland.gschema.xml.in:48","Switch to VT 10","Переключиться на виртуальный терминал 10"
"data/org.gnome.mutter.wayland.gschema.xml.in:52","Switch to VT 11","Переключиться на виртуальный терминал 11"
"data/org.gnome.mutter.wayland.gschema.xml.in:56","Switch to VT 12","Переключиться на виртуальный терминал 12"
"data/org.gnome.mutter.wayland.gschema.xml.in:60","Re-enable shortcuts","Разрешить комбинации клавиш снова"
"data/org.gnome.mutter.wayland.gschema.xml.in:70","Allow X11 grabs to lock keyboard focus with Xwayland","Разрешить X11-грабберам блокировать фокус клавиатуры с помощью Xwayland"
"data/org.gnome.mutter.wayland.gschema.xml.in:71","Allow all keyboard events to be routed to X11 “override redirect” windows with a grab when running in Xwayland. This option is to support X11 clients which map an “override redirect” window (which do not receive keyboard focus) and issue a keyboard grab to force all keyboard events to that window. This option is seldom used and has no effect on regular X11 windows which can receive keyboard focus under normal circumstances. For a X11 grab to be taken into account under Wayland, the client must also either send a specific X11 ClientMessage to the root window or be among the applications allowed in key “xwayland-grab-access-rules”.","Позволяет направлять все события клавиатуры на окна X11 ""override redirect"" с захватом при запуске в Xwayland. Эта опция предназначена для поддержки клиентов X11, которые отображают окно ""override redirect"" (которое не получает фокус клавиатуры) и выдают захват клавиатуры для перенаправления всех событий клавиатуры в это окно. Эта опция используется редко и не влияет на обычные окна X11, которые могут получать фокус клавиатуры при нормальных обстоятельствах. Чтобы захват X11 был принят во внимание в Wayland, клиент также должен либо послать определенное сообщение X11 ClientMessage корневому окну, либо быть среди приложений, разрешенных в ключевых ""xwayland-grab-access-rules""."
"data/org.gnome.mutter.wayland.gschema.xml.in:90","Xwayland applications allowed to issue keyboard grabs","Приложениям Xwayland разрешено производить захват клавиатуры"
"data/org.gnome.mutter.wayland.gschema.xml.in:91","List the resource names or resource class of X11 windows either allowed or not allowed to issue X11 keyboard grabs under Xwayland. The resource name or resource class of a given X11 window can be obtained using the command “xprop WM_CLASS”. Wildcards “*” and jokers “?” in the values are supported. Values starting with “!” are denied, which has precedence over the list of values allowed, to revoke applications from the default system list. The default system list includes the following applications: “@XWAYLAND_GRAB_DEFAULT_ACCESS_RULES@” Users can break an existing grab by using the specific keyboard shortcut defined by the keybinding key “restore-shortcuts”.","Список имен ресурсов или классов ресурсов окон X11, которым разрешено или запрещено выдавать клавиатурные захваты X11 под Xwayland. Имя ресурса или класс ресурса данного окна X11 можно получить с помощью команды ""xprop WM_CLASS"". Поддерживаются символы подстановки ""*"" и джокеры ""?"" в значениях. Значения, начинающиеся с ""!"", запрещены, что имеет приоритет над списком разрешенных значений, для отзыва приложений из системного списка по умолчанию. Список системы по умолчанию включает следующие приложения: ""@XWAYLAND_GRAB_DEFAULT_ACCESS_RULES@"" Пользователи могут нарушить существующий захват, используя конкретное сочетание клавиш, определенное клавишей привязки ""restore-shortcuts""."
"data/org.gnome.mutter.wayland.gschema.xml.in:116","Disable selected X extensions in Xwayland","Отключение выбранных расширений X в Xwayland"
"data/org.gnome.mutter.wayland.gschema.xml.in:117","This option disables the selected X extensions in Xwayland if Xwayland was built with support for those X extensions. This option has no effect if Xwayland was built without support for the selected extensions. Xwayland needs to be restarted for this setting to take effect.","Эта опция отключает выбранные X-расширения в Xwayland, если Xwayland был создан с поддержкой этих X-расширений. Эта опция не имеет эффекта, если Xwayland был создан без поддержки выбранных расширений. Чтобы эта настройка вступила в силу, Xwayland необходимо перезапустить."
"src/backends/meta-monitor.c:246","Built-in display","Встроенный дисплей"
"src/backends/meta-monitor.c:275","Unknown","Неизвестный"
"src/backends/meta-monitor.c:277","Unknown Display","Неизвестный дисплей"
"src/backends/meta-monitor.c:285","%s %s","%s %s"
"src/backends/meta-monitor.c:293","%s %s","%s %s"
"src/backends/meta-profiler.c:79","Compositor","Композитор"
"src/compositor/compositor.c:393","Another compositing manager is already running on screen %i on display “%s”.","На экране %i дисплея «%s» уже запущен другой композитный менеджер."
"src/core/bell.c:192","Bell event","Событие звонка"
"src/core/display.c:693","Privacy Screen Enabled","Экран конфиденциальности включен"
"src/core/display.c:694","Privacy Screen Disabled","Экран конфиденциальности отключен"
"src/core/meta-context-main.c:567","Replace the running window manager","Заменить запущенный оконный менеджер"
"src/core/meta-context-main.c:573","X Display to use","Используемый дисплей X"
"src/core/meta-context-main.c:579","Disable connection to session manager","Запретить подключение к менеджеру сеансов"
"src/core/meta-context-main.c:585","Specify session management ID","Указать идентификатор управления сеансом"
"src/core/meta-context-main.c:591","Initialize session from savefile","Инициализировать сеанс из сохранённого файла"
"src/core/meta-context-main.c:597","Make X calls synchronous","Сделать X-вызовы синхронными"
"src/core/meta-context-main.c:605","Run as a wayland compositor","Запустить в качестве композитора wayland"
"src/core/meta-context-main.c:611","Run as a nested compositor","Запустить в качестве встроенного композитора"
"src/core/meta-context-main.c:617","Run wayland compositor without starting Xwayland","Запуск wayland compositor без запуска Xwayland"
"src/core/meta-context-main.c:623","Specify Wayland display name to use","Укажите отображаемое имя Wayland для использования"
"src/core/meta-context-main.c:631","Run as a full display server, rather than nested","Запустить в качестве полноэкранного сервера вместо встроенного"
"src/core/meta-context-main.c:636","Run as a headless display server","Запуск в качестве сервера отображения без дисплея"
"src/core/meta-context-main.c:641","Add persistent virtual monitor (WxH or WxH@R)","Добавьте постоянный виртуальный монитор (WxH или WxH@R)"
"src/core/meta-context-main.c:653","Run with X11 backend","Запуск с бэкендом X11"
"src/core/meta-pad-action-mapper.c:842","Mode Switch (Group %d)","Переключатель режима: группа %d"
"src/core/meta-pad-action-mapper.c:865","Switch monitor","Переключить монитор"
"src/core/meta-pad-action-mapper.c:867","Show on-screen help","Показать справку на экране"
"src/core/mutter.c:74","Print version","Вывести версию"
"src/core/mutter.c:80","Mutter plugin to use","Использовать модуль mutter"
"src/core/prefs.c:1913","Workspace %d","Рабочее место %d"
"src/core/util.c:142","Mutter was compiled without support for verbose mode","Mutter был скомпилирован без поддержки режима verbose"
"src/wayland/meta-wayland-tablet-pad.c:520","Mode Switch: Mode %d","Переключатель режима: режим %d"
"src/x11/meta-x11-display.c:673","Display “%s” already has a window manager; try using the --replace option to replace the current window manager.","Дисплей «%s» уже использует менеджер окон; попробуйте использовать параметр --replace, чтобы заменить текущий менеджер окон."
"src/x11/meta-x11-display.c:1067","Failed to initialize GDK","Не удалось инициализировать GDK"
"src/x11/meta-x11-display.c:1091","Failed to open X Window System display “%s”","Не удалось открыть дисплей X Window System «%s»"
"src/x11/meta-x11-display.c:1199","Screen %d on display “%s” is invalid","Экран %d на дисплее «%s» недействителен"
"src/x11/meta-x11-selection-input-stream.c:474","Format %s not supported","Формат %s не поддерживается"
"src/x11/window-props.c:548","%s (on %s)","%s (на %s)"
