"location","source","target"
"","po header","Project-Id-Version: gnome-games trunk
Report-Msgid-Bugs-To: https://gitlab.gnome.org/GNOME/quadrapassel/issues
POT-Creation-Date: 2022-06-13 20:38+0000
PO-Revision-Date: 2021-12-06 18:18+0200
Last-Translator: Alexey Rubtsov <rushills@gmail.com>
Language-Team: русский <gnome-cyr@gnome.org>
Language: ru
MIME-Version: 1.0
Content-Type: text/plain; charset=UTF-8
Content-Transfer-Encoding: 8bit
Plural-Forms: nplurals=3; plural=(n%10==1 && n%100!=11 ? 0 : n%10>=2 && n%10<=4 && (n%100<10 || n%100>=20) ? 1 : 2);
X-Generator: Poedit 3.0
"
"data/org.gnome.Quadrapassel.gschema.xml:5","Image to use for drawing blocks","Изображение для блоков"
"data/org.gnome.Quadrapassel.gschema.xml:6","Image to use for drawing blocks.","Изображение для блоков."
"data/org.gnome.Quadrapassel.gschema.xml:10","The theme used for rendering the blocks","Тема блоков"
"data/org.gnome.Quadrapassel.gschema.xml:11","The name of the theme used for rendering the blocks and the background.","Тема, используемая для рисования блоков и фона."
"data/org.gnome.Quadrapassel.gschema.xml:16","Level to start with","Начальный уровень"
"data/org.gnome.Quadrapassel.gschema.xml:17","Level to start with.","Начальный уровень."
"data/org.gnome.Quadrapassel.gschema.xml:21","Whether to preview the next block","Показывать следующий блок"
"data/org.gnome.Quadrapassel.gschema.xml:22","Whether to preview the next block.","Показывать следующий блок."
"data/org.gnome.Quadrapassel.gschema.xml:26","Whether to show where the moving block will land","Показывать ли место приземления блока"
"data/org.gnome.Quadrapassel.gschema.xml:27","Whether to show where the moving block will land.","Показывать ли место приземления блока."
"data/org.gnome.Quadrapassel.gschema.xml:31","Whether to give blocks random colors","Использовать разноцветные блоки"
"data/org.gnome.Quadrapassel.gschema.xml:32","Whether to give blocks random colors.","Использовать разноцветные блоки."
"data/org.gnome.Quadrapassel.gschema.xml:36","Whether to rotate counter clock wise","Вращать по часовой стрелке"
"data/org.gnome.Quadrapassel.gschema.xml:37","Whether to rotate counter clock wise.","Вращать по часовой стрелке."
"data/org.gnome.Quadrapassel.gschema.xml:42","The number of rows to fill","Число заполняемый рядов"
"data/org.gnome.Quadrapassel.gschema.xml:43","The number of rows that are filled with random blocks at the start of the game.","Число рядов, заполненных случайными блоками в начале игры."
"data/org.gnome.Quadrapassel.gschema.xml:48","The density of filled rows","Плотность блоков в заполненных строках"
"data/org.gnome.Quadrapassel.gschema.xml:49","The density of blocks in rows filled at the start of the game. The value is between 0 (for no blocks) and 10 (for a completely filled row).","Количество рядов блоков в начале игры. Принимает значения от 0 (нет блоков) до 10 (полностью заполненный стакан)."
"data/org.gnome.Quadrapassel.gschema.xml:53","Whether to play sounds","Воспроизводить ли звук"
"data/org.gnome.Quadrapassel.gschema.xml:54","Whether to play sounds.","Воспроизводить ли звук."
"data/org.gnome.Quadrapassel.gschema.xml:58","Whether to pick blocks that are hard to place","Выбирать ли блоки, которые трудно размещать"
"data/org.gnome.Quadrapassel.gschema.xml:59","Whether to pick blocks that are hard to place.","Выбирать ли блоки, которые трудно размещать."
"data/org.gnome.Quadrapassel.gschema.xml:63 src/quadrapassel.vala:371","Move left","Влево"
"data/org.gnome.Quadrapassel.gschema.xml:64","Key press to move left.","Клавиша для перемещения влево."
"data/org.gnome.Quadrapassel.gschema.xml:68 src/quadrapassel.vala:374","Move right","Вправо"
"data/org.gnome.Quadrapassel.gschema.xml:69","Key press to move right.","Клавиша для перемещения вправо."
"data/org.gnome.Quadrapassel.gschema.xml:73 src/quadrapassel.vala:377","Move down","Двигаться вниз"
"data/org.gnome.Quadrapassel.gschema.xml:74","Key press to move down.","Клавиша для перемещения вниз."
"data/org.gnome.Quadrapassel.gschema.xml:78 src/quadrapassel.vala:380","Drop","Бросить"
"data/org.gnome.Quadrapassel.gschema.xml:79","Key press to drop.","Клавиша для сброса."
"data/org.gnome.Quadrapassel.gschema.xml:83 src/quadrapassel.vala:383","Rotate","Поворот"
"data/org.gnome.Quadrapassel.gschema.xml:84","Key press to rotate.","Нажмите клавишу для поворота."
"data/org.gnome.Quadrapassel.gschema.xml:88 src/quadrapassel.vala:386","Pause","Пауза"
"data/org.gnome.Quadrapassel.gschema.xml:89","Key press to pause.","Клавиша для паузы."
"data/org.gnome.Quadrapassel.gschema.xml:93","Enter","Ввод"
"data/org.gnome.Quadrapassel.gschema.xml:94","Key to start the game","Клавиша для начала игры"
"data/org.gnome.Quadrapassel.gschema.xml:98","Width of the window in pixels","Ширина окна в пикселах"
"data/org.gnome.Quadrapassel.gschema.xml:102","Height of the window in pixels","Высота окна в пикселах"
"data/org.gnome.Quadrapassel.gschema.xml:106","true if the window is maximized","истинно, если окно имеет максимальный размер"
"data/org.gnome.Quadrapassel.appdata.xml.in:7 data/org.gnome.Quadrapassel.desktop.in:3 src/quadrapassel.vala:99 src/quadrapassel.vala:110 src/quadrapassel.vala:868 src/quadrapassel.vala:913","Quadrapassel","Quadrapassel"
"data/org.gnome.Quadrapassel.appdata.xml.in:8 data/org.gnome.Quadrapassel.desktop.in:4","Fit falling blocks together","Укладывайте падающие блоки вместе"
"data/org.gnome.Quadrapassel.appdata.xml.in:10","Quadrapassel is a derivative of a classic Russian falling-block game. Reposition and rotate the blocks as they fall, and attempt to fit them together. When you form a complete horizontal row of blocks, the row will disappear and you score points. The game is over when the blocks get stacked too high. As your score gets higher, you level up and the blocks fall faster.","Quadrapassel — это классическая игра-тетрис. Необходимо составить блоки, вращая и перемещая их налету. Если вы сложили сплошную линию из блоков, то эта линия исчезает, и вам начисляются очки. Игра заканчивается, когда блоки достигнут самого верха. По мере возрастания очков блоки начинают падать всё быстрее и быстрее."
"data/org.gnome.Quadrapassel.appdata.xml.in:17","If you’re looking for a challenge, Quadrapassel allows you to increase the initial speed of the blocks, or begin the game with partial blocks on some of the rows. Or, instead of allowing the blocks to fall randomly, it can select blocks that will be hard for you to place.","Если вы хотите усложнить игру, в Quadrapassel можно увеличить скорость падения блоков, можно начать игру с частично уложенными блоками. Или вместо того, чтобы разрешать блокам падать в случайном порядке, Quadrapassel может подбирать неудобные для укладки блоки."
"data/org.gnome.Quadrapassel.appdata.xml.in:33","The GNOME Project","Проект GNOME"
"data/org.gnome.Quadrapassel.desktop.in:12","tetris;","тетрис;"
"src/game-view.vala:335","Paused","Пауза"
"src/game-view.vala:337","Game Over","Игра окончена"
"src/quadrapassel.vala:117","_New Game","_Новая игра"
"src/quadrapassel.vala:118","_Scores","_Результаты"
"src/quadrapassel.vala:121","_Preferences","_Параметры"
"src/quadrapassel.vala:122","_Help","_Справка"
"src/quadrapassel.vala:123","_About Quadrapassel","Об игре Quadrapassel"
"src/quadrapassel.vala:151 src/quadrapassel.vala:806","Start a new game","Начать новую игру"
"src/quadrapassel.vala:156","Next","Следующий"
"src/quadrapassel.vala:169 src/score-dialog.vala:51","Score","Счёт"
"src/quadrapassel.vala:180","Lines","Линии"
"src/quadrapassel.vala:191","Level","Уровень"
"src/quadrapassel.vala:276","Preferences","Параметры"
"src/quadrapassel.vala:294","Game","Игра"
"src/quadrapassel.vala:298","_Number of pre-filled rows:","_Число заранее заполненных строк:"
"src/quadrapassel.vala:313","_Density of blocks in a pre-filled row:","_Плотность блоков в заполненных строках:"
"src/quadrapassel.vala:327","_Starting level:","_Начальный уровень:"
"src/quadrapassel.vala:340","_Enable sounds","Включить _звуки"
"src/quadrapassel.vala:345","Choose difficult _blocks","Выбирать _сложные блоки"
"src/quadrapassel.vala:350","_Preview next block","Показывать _следующий блок"
"src/quadrapassel.vala:356","_Rotate blocks counterclockwise","Вращение против часовой стр_елки"
"src/quadrapassel.vala:361","Show _where the block will land","Показывать место попадания _блока"
"src/quadrapassel.vala:405","Controls","Управление"
"src/quadrapassel.vala:411","Theme","Тема"
"src/quadrapassel.vala:423","Plain","Простая"
"src/quadrapassel.vala:428","Tango Flat","Танго"
"src/quadrapassel.vala:433","Tango Shaded","Танго с тенями"
"src/quadrapassel.vala:438","Clean","Чистая"
"src/quadrapassel.vala:502","Unable to change key, as this key already exists","Невозможно изменить клавишу, так как она уже используется"
"src/quadrapassel.vala:787","Unpause the game","Возобновить игру"
"src/quadrapassel.vala:792","Pause the game","Приостановить игру"
"src/quadrapassel.vala:870","A classic game where you rotate blocks to make complete rows, but don't pile your blocks too high or it's game over!","Классическая игра где вам нужно вращать и укладывать блоки, чтобы заполнить полный ряд, не позволяя блокам занять слишком много рядов, иначе вы проиграете!"
"src/quadrapassel.vala:875","translator-credits","Юрий Мясоедов <ymyasoedov@yandex.ru>, 2013-2014.
Станислав Соловей <whats_up@tut.by>, 2018.
Alexey Rubtsov <rushills@gmail.com>, 2021"
"src/score-dialog.vala:26","_Close","_Закрыть"
"src/score-dialog.vala:27","New Game","Новая игра"
"src/score-dialog.vala:30","_OK","_OK"
"src/score-dialog.vala:48","Date","Дата"
