"location","source","target"
"","po header","Project-Id-Version: rygel master
Report-Msgid-Bugs-To: https://gitlab.gnome.org/GNOME/rygel/issues
POT-Creation-Date: 2022-06-05 12:32+0000
PO-Revision-Date: 2022-05-29 21:29+0300
Last-Translator: Aleksandr Melman <Alexmelman88@gmail.com>
Language-Team: Русский <gnome-cyr@gnome.org>
Language: ru
MIME-Version: 1.0
Content-Type: text/plain; charset=UTF-8
Content-Transfer-Encoding: 8bit
Plural-Forms: nplurals=3; plural=(n%10==1 && n%100!=11 ? 0 : n%10>=2 && n%10<=4 && (n%100<10 || n%100>=20) ? 1 : 2);
X-Generator: Poedit 3.0.1
"
"data/rygel.desktop.in.in:3","Rygel","Rygel"
"data/rygel.desktop.in.in:4","UPnP/DLNA Services","Службы UPnP/DLNA"
"data/rygel.desktop.in.in:6","mediaserver;mediarenderer;share;audio;video;pictures;","медиасервер;медиаплеер;доступ;аудио;видео;фото;изображения;"
"data/rygel-preferences.desktop.in.in:3 data/rygel-preferences.ui:24","Rygel Preferences","Параметры Rygel"
"data/rygel-preferences.desktop.in.in:4","UPnP/DLNA Preferences","Параметры UPnP/DLNA"
"data/rygel-preferences.ui:94","Add a directory to the list of shared directories","Добавить папку в список общедоступных папок"
"data/rygel-preferences.ui:95","Add shared directory","Добавить папку в общий доступ"
"data/rygel-preferences.ui:107","Remove a directory from the list of shared directories","Убрать папку из списка общедоступных папок"
"data/rygel-preferences.ui:108","Remove shared directory","Убрать папку из общего доступа"
"data/rygel-preferences.ui:153","_Share media through DLNA","_Открыть общий доступ через DLNA"
"data/rygel-preferences.ui:230 data/rygel-preferences.ui:231","Add a network interface Rygel should serve files on","Добавить сетевой интерфейс, по которому Rygel будет обслуживать файлы"
"data/rygel-preferences.ui:232","Add network interface","Добавить сетевой интерфейс"
"data/rygel-preferences.ui:245 data/rygel-preferences.ui:246","Remove a network interface Rygel should no longer serve files on","Удалить сетевой интерфейс, по которому Rygel больше не будет обслуживать файлы"
"data/rygel-preferences.ui:247","Remove network interface","Удалить сетевой интерфейс"
"data/rygel-preferences.ui:276","Networks:","Сети:"
"data/rygel-preferences.ui:335","Select folders","Выберите папки"
"src/librygel-core/rygel-base-configuration.vala:30 src/librygel-core/rygel-base-configuration.vala:35 src/librygel-core/rygel-base-configuration.vala:39 src/librygel-core/rygel-base-configuration.vala:43 src/librygel-core/rygel-base-configuration.vala:47 src/librygel-core/rygel-base-configuration.vala:51 src/librygel-core/rygel-base-configuration.vala:55 src/librygel-core/rygel-base-configuration.vala:59 src/librygel-core/rygel-base-configuration.vala:63 src/librygel-core/rygel-base-configuration.vala:67 src/librygel-core/rygel-base-configuration.vala:71 src/librygel-core/rygel-base-configuration.vala:75 src/librygel-core/rygel-base-configuration.vala:79 src/librygel-core/rygel-base-configuration.vala:83 src/librygel-core/rygel-base-configuration.vala:87 src/librygel-core/rygel-base-configuration.vala:93 src/librygel-core/rygel-base-configuration.vala:99 src/librygel-core/rygel-base-configuration.vala:107 src/librygel-core/rygel-base-configuration.vala:113 src/librygel-core/rygel-base-configuration.vala:119","Not implemented","Не реализовано"
"src/librygel-core/rygel-basic-management-test.vala:197","Failed to read standard output from %s: %s","Не удалось прочитать стандартный вывод из %s: %s"
"src/librygel-core/rygel-basic-management-test.vala:225","Failed to read error output from %s: %s","Не удалось прочитать вывод ошибок из %s: %s"
"src/librygel-core/rygel-basic-management.vala:158","No Such Test","Нет такого теста"
"src/librygel-core/rygel-basic-management.vala:166 src/librygel-core/rygel-basic-management.vala:283 src/librygel-core/rygel-basic-management.vala:382 src/librygel-core/rygel-basic-management.vala:471","Wrong Test Type","Неверный тип теста"
"src/librygel-core/rygel-basic-management.vala:174","Invalid Test State “%s”","Недопустимое состояние теста «%s»"
"src/librygel-core/rygel-basic-management.vala:180","State “%s” Precludes Cancel","Состояние «%s» препятствует отмене"
"src/librygel-core/rygel-basic-management.vala:213 src/librygel-core/rygel-basic-management.vala:228 src/librygel-core/rygel-basic-management.vala:255 src/librygel-core/rygel-basic-management.vala:271 src/librygel-core/rygel-basic-management.vala:328 src/librygel-core/rygel-basic-management.vala:353 src/librygel-core/rygel-basic-management.vala:369 src/librygel-core/rygel-basic-management.vala:414 src/librygel-core/rygel-basic-management.vala:441 src/librygel-core/rygel-basic-management.vala:458 src/librygel-core/rygel-basic-management.vala:503 src/librygel-core/rygel-basic-management.vala:518 src/librygel-core/rygel-basic-management.vala:533 src/librygel-core/rygel-basic-management.vala:557 src/librygel-core/rygel-connection-manager.vala:95 src/librygel-core/rygel-connection-manager.vala:109 src/librygel-core/rygel-connection-manager.vala:126 src/librygel-core/rygel-energy-management.vala:223 src/librygel-renderer/rygel-av-transport.vala:198 src/librygel-renderer/rygel-rendering-control.vala:131 src/librygel-ruih/rygel-ruih-service.vala:63 src/librygel-server/rygel-content-directory.vala:261 src/librygel-server/rygel-content-directory.vala:289 src/librygel-server/rygel-content-directory.vala:308 src/librygel-server/rygel-content-directory.vala:343 src/librygel-server/rygel-content-directory.vala:372 src/librygel-server/rygel-content-directory.vala:397 src/librygel-server/rygel-content-directory.vala:618 src/librygel-server/rygel-content-directory.vala:767 src/librygel-server/rygel-media-receiver-registrar.vala:61","Invalid argument","Неверный аргумент"
"src/librygel-core/rygel-basic-management.vala:254","Cannot run “Ping” action: Host is empty","Не удалось запустить действие «Ping»: пустой узел"
"src/librygel-core/rygel-basic-management.vala:352","Cannot run “NSLookup” action: HostName is empty","Не удалось запустить действие «NSLookup»: пустое имя узла"
"src/librygel-core/rygel-basic-management.vala:440","Cannot run “Traceroute” action: Host is empty","Не удалось запустить действие «Traceroute»: пустой узел"
"src/librygel-core/rygel-cmdline-config.vala:47","Display version number","Показать номер версии"
"src/librygel-core/rygel-cmdline-config.vala:49","Network Interfaces","Сетевые интерфейсы"
"src/librygel-core/rygel-cmdline-config.vala:51","Port","Порт"
"src/librygel-core/rygel-cmdline-config.vala:53","Disable transcoding","Отключить транскодирование"
"src/librygel-core/rygel-cmdline-config.vala:55","Disallow upload","Запретить загрузку"
"src/librygel-core/rygel-cmdline-config.vala:57","Disallow deletion","Запретить удаление"
"src/librygel-core/rygel-cmdline-config.vala:59","Comma-separated list of domain:level pairs. See rygel(1) for details","Разделённый запятыми список пар домен:уровень. Подробнее см. rygel (1)"
"src/librygel-core/rygel-cmdline-config.vala:61","Plugin Path","Путь к модулю"
"src/librygel-core/rygel-cmdline-config.vala:63","Engine Path","Путь к движку"
"src/librygel-core/rygel-cmdline-config.vala:66","Disable plugin","Отключить модуль"
"src/librygel-core/rygel-cmdline-config.vala:68","Set plugin titles","Установить названия модулей"
"src/librygel-core/rygel-cmdline-config.vala:70","Set plugin options","Установить параметры модулей"
"src/librygel-core/rygel-cmdline-config.vala:72","Use configuration file instead of user configuration","Использовать конфигурационный файл вместо пользовательской конфигурации"
"src/librygel-core/rygel-cmdline-config.vala:74","Shut down remote Rygel reference","Остановить удалённый Rygel"
"src/librygel-core/rygel-cmdline-config.vala:98 src/librygel-core/rygel-cmdline-config.vala:107 src/librygel-core/rygel-cmdline-config.vala:116 src/librygel-core/rygel-cmdline-config.vala:125 src/librygel-core/rygel-cmdline-config.vala:134 src/librygel-core/rygel-cmdline-config.vala:143 src/librygel-core/rygel-cmdline-config.vala:179 src/librygel-core/rygel-cmdline-config.vala:192 src/librygel-core/rygel-cmdline-config.vala:207 src/librygel-core/rygel-cmdline-config.vala:213 src/librygel-core/rygel-cmdline-config.vala:220 src/librygel-core/rygel-cmdline-config.vala:224 src/librygel-core/rygel-cmdline-config.vala:228 src/librygel-core/rygel-cmdline-config.vala:248 src/librygel-core/rygel-cmdline-config.vala:270 src/librygel-core/rygel-cmdline-config.vala:274 src/librygel-core/rygel-cmdline-config.vala:287 src/librygel-core/rygel-environment-config.vala:100 src/librygel-core/rygel-environment-config.vala:104 src/librygel-core/rygel-environment-config.vala:108 src/librygel-core/rygel-meta-config.vala:105 src/librygel-core/rygel-meta-config.vala:125 src/librygel-core/rygel-meta-config.vala:144 src/librygel-core/rygel-meta-config.vala:163 src/librygel-core/rygel-meta-config.vala:182 src/librygel-core/rygel-meta-config.vala:201 src/librygel-core/rygel-meta-config.vala:220 src/librygel-core/rygel-meta-config.vala:239 src/librygel-core/rygel-meta-config.vala:258 src/librygel-core/rygel-meta-config.vala:277","No value available","Значение отсутствует"
"src/librygel-core/rygel-connection-manager.vala:132","Invalid connection reference","Неверная ссылка для подключения"
"src/librygel-core/rygel-description-file.vala:494","Failed to write modified description to %s","Не удалось записать изменённое описание в %s"
"src/librygel-core/rygel-energy-management-helper.c:55","Failed to get a socket: %s","Не удалось получить сокет: %s"
"src/librygel-core/rygel-energy-management-helper.c:62","Failed to get MAC address for %s: %s","Не удалось получить MAC-адрес для %s: %s"
"src/librygel-core/rygel-energy-management-helper.c:104","MAC and network type querying not implemented","Получение информации о MAC и типе сети не реализовано"
"src/librygel-core/rygel-log-handler.vala:68","Failed to get log level from configuration: %s","Не удалось получить уровень журналирования из конфигурации: %s"
"src/librygel-core/rygel-meta-config.vala:352","No value set for “%s/enabled”","Нет установленных значений для «%s/enabled»"
"src/librygel-core/rygel-meta-config.vala:371","No value set for “%s/title”","Нет установленных значений для «%s/title»"
"src/librygel-core/rygel-meta-config.vala:391 src/librygel-core/rygel-meta-config.vala:413 src/librygel-core/rygel-meta-config.vala:439 src/librygel-core/rygel-meta-config.vala:461 src/librygel-core/rygel-meta-config.vala:485","No value available for “%s/%s”","Нет доступного значения для «%s/%s»"
"src/librygel-core/rygel-plugin-information.vala:67","[Plugin] group not found","[Модуль] группа не найдена"
"src/librygel-core/rygel-plugin-information.vala:79","Plugin module %s does not exist","Модуль %s не существует"
"src/librygel-core/rygel-plugin-loader.vala:89","New plugin “%s” available","Доступен новый модуль «%s»"
"src/librygel-core/rygel-plugin-loader.vala:104","A module named %s is already loaded","Модуль «%s» уже загружен"
"src/librygel-core/rygel-plugin-loader.vala:118","Failed to load module from path “%s”: %s","Не удалось загрузить модуль из пути «%s»: %s"
"src/librygel-core/rygel-plugin-loader.vala:128","Failed to find entry point function “%s” in “%s”: %s","Не удалось найти точку входа в функцию «%s» в «%s»: %s"
"src/librygel-core/rygel-plugin-loader.vala:156","Module '%s' conflicts with already loaded module '%s'. Skipping","Модуль «%s» конфликтует с уже загруженным «%s». Пропускаю"
"src/librygel-core/rygel-recursive-module-loader.vala:70","Failed to open plugins folder: “%s”","Не удалось открыть папку с модулями: «%s»"
"src/librygel-core/rygel-recursive-module-loader.vala:160","Error listing contents of folder “%s”: %s","Ошибка создания списка содержимого папки «%s»: %s"
"src/librygel-core/rygel-recursive-module-loader.vala:204","Could not load plugin: %s","Не удалось загрузить модуль: %s"
"src/librygel-core/rygel-recursive-module-loader.vala:231","Failed to query content type for “%s”","Не удалось выполнить запрос о типе содержимого «%s»"
"src/librygel-core/rygel-user-config.vala:246","Failed to load user configuration from file “%s”: %s","Не удалось загрузить конфигурацию пользователя из файла «%s»: %s"
"src/librygel-core/rygel-user-config.vala:299","No value available for “%s”","Нет доступного значения для «%s»"
"src/librygel-core/rygel-user-config.vala:370","Value of “%s” out of range","Значение «%s» выходит за пределы диапазона"
"src/librygel-db/database-cursor.vala:99","Unsupported type %s","Неподдерживаемый тип %s"
"src/librygel-db/database.vala:175","Error while opening SQLite database %s: %s","Ошибка открытия базы данных SQLite %s: %s"
"src/librygel-db/database.vala:306","Failed to roll back transaction: %s","Не удалось откатить транзакцию: %s"
"src/librygel-renderer-gst/rygel-playbin-player.vala:370","Your GStreamer installation seems to be missing the “playbin3” element. The Rygel GStreamer renderer implementation cannot work without it","В установленном GStreamer отсутствует элемент «playbin3». Отрисовщик Rygel GStreamer не может работать без этого элемента"
"src/librygel-renderer/rygel-av-transport.vala:204 src/librygel-renderer/rygel-rendering-control.vala:137","Invalid InstanceID","Недопустимый InstanceID"
"src/librygel-renderer/rygel-av-transport.vala:474","Play speed not supported","Скорость воспроизведения не поддерживается"
"src/librygel-renderer/rygel-av-transport.vala:481 src/librygel-renderer/rygel-av-transport.vala:499","Transition not available","Перемещение недоступно"
"src/librygel-renderer/rygel-av-transport.vala:529 src/librygel-renderer/rygel-av-transport.vala:554 src/librygel-renderer/rygel-av-transport.vala:584","Seek mode not supported","Режим перемещения не поддерживается"
"src/librygel-renderer/rygel-av-transport.vala:535 src/librygel-renderer/rygel-av-transport.vala:560 src/librygel-renderer/rygel-av-transport.vala:573 src/librygel-renderer/rygel-av-transport.vala:598 src/librygel-renderer/rygel-av-transport.vala:610","Illegal seek target","Недопустимый запрос перемещения"
"src/librygel-renderer/rygel-av-transport.vala:659","Play mode not supported","Режим воспроизведения не поддерживается"
"src/librygel-renderer/rygel-av-transport.vala:773 src/librygel-renderer/rygel-av-transport.vala:779 src/librygel-renderer/rygel-av-transport.vala:794 src/librygel-renderer/rygel-av-transport.vala:803 src/librygel-renderer/rygel-av-transport.vala:863 src/librygel-renderer/rygel-av-transport.vala:898","Resource not found","Ресурс не найден"
"src/librygel-renderer/rygel-av-transport.vala:792","Problem parsing playlist: %s","Проблема при разборе списка воспроизведения: %s"
"src/librygel-renderer/rygel-av-transport.vala:859 src/librygel-renderer/rygel-av-transport.vala:894","Failed to access resource at %s: %s","Не удалось получить доступ к ресурсу %s: %s"
"src/librygel-renderer/rygel-av-transport.vala:875","Illegal MIME-type","Недопустимый тип MIME"
"src/librygel-renderer/rygel-rendering-control.vala:168","Invalid Name","Недопустимое имя"
"src/librygel-renderer/rygel-rendering-control.vala:182","Invalid Channel","Неверный канал"
"src/librygel-renderer/rygel-rendering-control.vala:218 src/librygel-renderer/rygel-rendering-control.vala:260 src/librygel-renderer/rygel-rendering-control.vala:269","Action Failed","Сбой выполнения действия"
"src/librygel-ruih/rygel-ruih-icon-elem.vala:66","Unable to parse Icon data — unexpected node: %s","Невозможно разобрать данные Icon — неожиданный узел: %s"
"src/librygel-ruih/rygel-ruih-protocol-elem.vala:42","Unable to parse Protocol data — unexpected attribute: %s","Невозможно разобрать данные Protocol — неожиданный атрибут: %s"
"src/librygel-ruih/rygel-ruih-protocol-elem.vala:63","Unable to parse Protocol data — unexpected node: %s","Невозможно разобрать данные Protocol — неожиданный узел: %s"
"src/librygel-ruih/rygel-ruih-servicemanager.vala:90","Failed to set UIList for file %s — %s","Не удалось установить UIList для файла %s — %s"
"src/librygel-ruih/rygel-ruih-servicemanager.vala:101","Failed to set initial UI list for file %s — %s","Не удалось установить исходный список UI для файла %s — %s"
"src/librygel-ruih/rygel-ruih-servicemanager.vala:105","Failed to monitor the file %s — %s","Не удалось установить наблюдение за файлом %s — %s"
"src/librygel-ruih/rygel-ruih-servicemanager.vala:128","Unable to parse UI list file %s","Не удалось разобрать файл %s со списком UI"
"src/librygel-ruih/rygel-ruih-servicemanager.vala:156","Unable to parse device profile data: %s","Не удалось разобрать данные профиля устройства: %s"
"src/librygel-ruih/rygel-ruih-servicemanager.vala:255","Invalid UI filter: %s","Недопустимый фильтр UI: %s"
"src/librygel-ruih/rygel-ruih-ui-elem.vala:78","Unable to parse UI data — unexpected node: %s","Не удалось разобрать данные UI — неожиданный узел: %s"
"src/librygel-server/rygel-browse.vala:63","Invalid Arguments","Недопустимые аргументы"
"src/librygel-server/rygel-browse.vala:94","Cannot browse children on item","Не удалось прочитать дочерние элементы"
"src/librygel-server/rygel-browse.vala:134","Failed to browse “%s”: %s
","Не удалось выполнить обзор «%s»: %s
"
"src/librygel-server/rygel-client-hacks.vala:147","Not Applicable","Не применимо"
"src/librygel-server/rygel-content-directory.vala:639","No such file transfer","Нет такой передачи файлов"
"src/librygel-server/rygel-dbus-thumbnailer.vala:116","No D-Bus thumbnailer service available","Нет доступной службы миниатюр D-Bus"
"src/librygel-server/rygel-http-byte-seek-request.vala:116","Range end value %lld is smaller than range start value %lld: '%s'","Конечное значение диапазона %lld меньше начального значения диапазона %lld: '%s'"
"src/librygel-server/rygel-http-get.vala:53","Invalid Request (only GET and HEAD supported)","Некорректный запрос (поддерживаются только GET и HEAD)"
"src/librygel-server/rygel-http-get.vala:61"," must be 1"," должно быть 1"
"src/librygel-server/rygel-http-get.vala:91","%s transfer mode not supported for '%s'","%s режим передачи не поддерживается для '%s'"
"src/librygel-server/rygel-http-item-uri.vala:152","Invalid URI “%s”","Недопустимый URI «%s»"
"src/librygel-server/rygel-http-item-uri.vala:192","Not found","Не найдено"
"src/librygel-server/rygel-http-post.vala:64 src/librygel-server/rygel-import-resource.vala:215","Pushing data to non-empty item “%s” not allowed","Размещение данных в непустом элементе «%s» запрещено"
"src/librygel-server/rygel-http-post.vala:72","No writable URI for %s available","Нет доступного записываемого URI для %s"
"src/librygel-server/rygel-http-post.vala:187","Failed to move dotfile %s: %s","Не удалось переместить скрытый файл %s: %s"
"src/librygel-server/rygel-http-request.vala:104","Requested item “%s” not found","Запрошенный элемент «%s» не найден"
"src/librygel-server/rygel-http-resource-handler.vala:91","Couldn’t create data source for %s","Не удалось создать источник данных для %s"
"src/librygel-server/rygel-import-resource.vala:123","Failed to get original URI for “%s”: %s","Не удалось получить исходный URI для «%s»: %s"
"src/librygel-server/rygel-import-resource.vala:210","URI “%s” invalid for importing contents to","Недопустимый URI «%s» для импортирования содержимого"
"src/librygel-server/rygel-import-resource.vala:237","Failed to import file from %s: %s","Не удалось импортировать файл из %s: %s"
"src/librygel-server/rygel-item-destroyer.vala:53","ContainerID missing","Отсутствует ContainerID"
"src/librygel-server/rygel-item-destroyer.vala:60","Successfully destroyed object “%s”","Объект «%s» успешно уничтожен"
"src/librygel-server/rygel-item-destroyer.vala:68","Failed to destroy object “%s”: %s","Не удалось уничтожить объект «%s»: %s"
"src/librygel-server/rygel-item-destroyer.vala:105 src/librygel-server/rygel-item-updater.vala:283 src/librygel-server/rygel-media-query-action.vala:194 src/librygel-server/rygel-reference-creator.vala:68 src/librygel-server/rygel-reference-creator.vala:115","No such object","Нет такого объекта"
"src/librygel-server/rygel-item-destroyer.vala:108","Removal of object %s not allowed","Удаление объекта %s запрещено"
"src/librygel-server/rygel-item-destroyer.vala:111","Object removal from %s not allowed","Удаление объекта из %s запрещено"
"src/librygel-server/rygel-item-updater.vala:74","Object ID missing","Отсутствует ID объекта"
"src/librygel-server/rygel-item-updater.vala:81","Successfully updated object “%s”","Объект «%s» успешно обновлён"
"src/librygel-server/rygel-item-updater.vala:89","Failed to update object “%s”: %s","Не удалось обновить объект «%s»: %s"
"src/librygel-server/rygel-item-updater.vala:162 src/librygel-server/rygel-object-creator.vala:614","Invalid date format: %s","Неверный формат даты: «%s»"
"src/librygel-server/rygel-item-updater.vala:171 src/librygel-server/rygel-object-creator.vala:623","Invalid date: %s","Неверная дата: «%s»"
"src/librygel-server/rygel-item-updater.vala:256","Bad current tag value.","Неверное значение текущего тэга."
"src/librygel-server/rygel-item-updater.vala:260","Bad new tag value.","Неверное значение нового тэга."
"src/librygel-server/rygel-item-updater.vala:263","Tried to delete required tag.","Попытка удаления необходимого тэга."
"src/librygel-server/rygel-item-updater.vala:266","Tried to change read-only property.","Попытка изменения свойства доступного только для чтения."
"src/librygel-server/rygel-item-updater.vala:269","Parameter count mismatch.","Несоответствие параметров счётчика."
"src/librygel-server/rygel-item-updater.vala:272","Unknown error.","Неизвестная ошибка."
"src/librygel-server/rygel-item-updater.vala:285","Metadata modification of object %s not allowed","Изменение метаданных объекта %s запрещено"
"src/librygel-server/rygel-item-updater.vala:290","Metadata modification of object %s being a child of restricted object %s not allowed","Изменение метаданных объекта %s, являющегося дочерним для закрытого объекта %s, запрещено"
"src/librygel-server/rygel-m3u-playlist.vala:67 src/librygel-server/rygel-m3u-playlist.vala:70","Unknown","Неизвестный"
"src/librygel-server/rygel-media-art-store.vala:111","Failed to add album art for %s: %s","Не удалось добавить обложку альбома для %s: %s"
"src/librygel-server/rygel-media-art-store.vala:125","Failed to find media art for %s: %s","Не удалось найти медиаданные для %s: %s"
"src/librygel-server/rygel-media-container.vala:67","Seeking not supported","Поиск не поддерживается"
"src/librygel-server/rygel-media-container.vala:72","Speed not supported","Скорость не поддерживается"
"src/librygel-server/rygel-media-container.vala:123","Failed to generate playlist","Не удалось создать список воспроизведения"
"src/librygel-server/rygel-media-container.vala:472","Unknown MediaContainer resource: %s","Неизвестный ресурс MediaContainer: %s"
"src/librygel-server/rygel-media-engine.vala:63","No media engine found.","Не найден движок мультимедиа."
"src/librygel-server/rygel-media-engine.vala:75","MediaEngine.init was not called. Cannot continue.","MediaEngine.init не был вызван. Продолжение невозможно."
"src/librygel-server/rygel-media-file-item.vala:177 src/librygel-server/rygel-video-item.vala:242","Could not determine protocol for URI %s","Не удалось определить протокол для URI %s"
"src/librygel-server/rygel-media-object.vala:284","Could not determine protocol for %s","Не удалось определить протокол для %s"
"src/librygel-server/rygel-media-object.vala:491","Bad URI: %s","Неверный URI: %s"
"src/librygel-server/rygel-media-query-action.vala:100","Invalid number of arguments","Неверное число аргументов"
"src/librygel-server/rygel-media-query-action.vala:122","ObjectID argument missing","Отсутствует аргумент ObjectID"
"src/librygel-server/rygel-media-query-action.vala:127","Invalid range","Неверный диапазон"
"src/librygel-server/rygel-media-query-action.vala:131","Missing filter","Отсутствует фильтр"
"src/librygel-server/rygel-media-query-action.vala:197 src/librygel-server/rygel-object-creator.vala:414","No such container","Нет такого контейнера"
"src/librygel-server/rygel-object-creator.vala:150","upnp:createClass value not supported","upnp:createClass значение не поддерживается"
"src/librygel-server/rygel-object-creator.vala:193","“Elements” argument missing.","Отсутствует аргумент «Elements»."
"src/librygel-server/rygel-object-creator.vala:196","Comments not allowed in XML","Комментарии XML запрещены"
"src/librygel-server/rygel-object-creator.vala:202","Missing ContainerID argument","Отсутствует аргумент ContainerID"
"src/librygel-server/rygel-object-creator.vala:226","No objects in DIDL-Lite from client: “%s”","Нет объектов в DIDL-Lite от клиента: «%s»"
"src/librygel-server/rygel-object-creator.vala:233","@id must be set to """" in CreateObject call","@id должен быть пустой строкой в вызове CreateObject"
"src/librygel-server/rygel-object-creator.vala:238","dc:title must not be empty in CreateObject call","dc:title не должно быть пустым в вызове CreateObject"
"src/librygel-server/rygel-object-creator.vala:249","Flags that must not be set were found in “dlnaManaged”","Флаги, которые не должны быть установлены, были найдены в «dlnaManaged»"
"src/librygel-server/rygel-object-creator.vala:257","Invalid upnp:class given in CreateObject","Неверный upnp:class в CreateObject"
"src/librygel-server/rygel-object-creator.vala:261","Object is missing the @restricted attribute","В объекта отсутствует атрибут @restricted"
"src/librygel-server/rygel-object-creator.vala:268","Cannot create restricted item","Невозможно создать элемент с ограничениями"
"src/librygel-server/rygel-object-creator.vala:385","UPnP class “%s” not supported","UPnP-класс «%s» не поддерживается"
"src/librygel-server/rygel-object-creator.vala:419 src/librygel-server/rygel-object-creator.vala:431 src/librygel-server/rygel-object-creator.vala:721 src/librygel-server/rygel-reference-creator.vala:118","Object creation in %s not allowed","Создание объекта в %s запрещено"
"src/librygel-server/rygel-object-creator.vala:476","Failed to create item under “%s”: %s","Не удалось создать элемент под «%s»: %s"
"src/librygel-server/rygel-object-creator.vala:552","DLNA profile “%s” not supported","Профиль DLNA «%s» не поддерживается"
"src/librygel-server/rygel-object-creator.vala:656","Cannot create object of class “%s”: Not supported","Не удалось создать объект класса «%s»: не поддерживается"
"src/librygel-server/rygel-object-creator.vala:752","Error from container “%s” on trying to find the newly added child object “%s” in it: %s","Ошибка в контейнере «%s» при попытке найти в нём новый добавленный дочерний объект «%s»: %s"
"src/librygel-server/rygel-reference-creator.vala:50","“ContainerID” agument missing.","Отсутствует аргумент «ContainerID»."
"src/librygel-server/rygel-reference-creator.vala:55","“ObjectID” argument missing.","Отсутствует аргумент «ObjectID»."
"src/librygel-server/rygel-reference-creator.vala:86","Failed to create object under “%s”: %s","Не удалось создать объект под «%s»: %s"
"src/librygel-server/rygel-search.vala:70","Invalid search criteria given","Некорректный критерий поиска"
"src/librygel-server/rygel-search.vala:94","Failed to search in “%s”: %s","Не удалось выполнить поиск в «%s»: %s"
"src/librygel-server/rygel-subtitle-manager.vala:49 src/librygel-server/rygel-subtitle-manager.vala:96","No subtitle available","Субтитры недоступны"
"src/librygel-server/rygel-thumbnailer.vala:61","No thumbnailer available: %s","Нет доступного компонента для создания миниатюр: %s"
"src/librygel-server/rygel-thumbnailer.vala:74","Thumbnailing not supported","Создание миниатюр не поддерживается"
"src/librygel-server/rygel-thumbnailer.vala:88 src/librygel-server/rygel-thumbnailer.vala:102 src/librygel-server/rygel-thumbnailer.vala:113","No thumbnail available","Нет доступных миниатюр"
"src/librygel-server/rygel-thumbnailer.vala:97","No thumbnail available. Generation requested.","Нет доступных миниатюр. Требуется создание."
"src/librygel-server/rygel-thumbnailer.vala:132","No D-Bus thumbnailer available","Нет доступного модуля миниатюр D-Bus"
"src/media-engines/gstreamer/rygel-gst-data-source.vala:46","Could not create GstElement for URI %s","Не удалось создать GstElement для URI %s"
"src/media-engines/gstreamer/rygel-gst-data-source.vala:78 src/media-engines/simple/rygel-simple-data-source.vala:84","Playspeed not supported","Скорость воспроизведения не поддерживается"
"src/media-engines/gstreamer/rygel-gst-data-source.vala:108","HTTPSeekRequest type %s unsupported","Тип запроса HTTPSeekRequest %s не поддерживается"
"src/media-engines/gstreamer/rygel-gst-data-source.vala:152","Failed to create pipeline","Не удалось создать конвейер"
"src/media-engines/gstreamer/rygel-gst-data-source.vala:163 src/media-engines/gstreamer/rygel-gst-data-source.vala:184","Failed to link %s to %s","Не удалось соединить %s с %s"
"src/media-engines/gstreamer/rygel-gst-data-source.vala:198","Failed to link pad %s to %s","Не удалось соединить коннектор %s с %s"
"src/media-engines/gstreamer/rygel-gst-data-source.vala:263","Error from pipeline %s: %s","Ошибка в конвейере %s: %s"
"src/media-engines/gstreamer/rygel-gst-data-source.vala:270","Warning from pipeline %s: %s","Предупреждение в конвейере %s: %s"
"src/media-engines/gstreamer/rygel-gst-data-source.vala:323","Unsupported seek type","Неподдерживаемый тип перемещения"
"src/media-engines/gstreamer/rygel-gst-data-source.vala:340","Failed to seek to offsets %lld:%lld","Не удалось переместиться к смещению %lld:%lld"
"src/media-engines/gstreamer/rygel-gst-data-source.vala:342","Failed to seek","Не удалось переместиться"
"src/media-engines/gstreamer/rygel-gst-media-engine.vala:131","Invalid URI without prefix: %s","Неверный URI без префикса: %s"
"src/media-engines/gstreamer/rygel-gst-media-engine.vala:142","Can’t process URI %s with protocol %s","Невозможно обработать URI %s с протоколом %s"
"src/media-engines/gstreamer/rygel-gst-media-engine.vala:247","Failed to create GStreamer data source for %s: %s","Не удалось создать источник данных GStreamer для %s: %s"
"src/media-engines/gstreamer/rygel-gst-transcoding-data-source.vala:29","Could not create a transcoder configuration. Your GStreamer installation might be missing a plug-in","Не удалось создать конфигурацию транскодера. В установленном GStreamer может отсутствовать модуль"
"src/media-engines/gstreamer/rygel-gst-utils.vala:39","Required element %s missing","Отсутствует необходимый элемент %s"
"src/media-engines/gstreamer/rygel-gst-utils.vala:58","GStreamer element “dvdreadsrc” not found. DVD support does not work","Элемент GStreamer «dvdreadsrc» не найден. Поддержка DVD не работает"
"src/media-engines/simple/rygel-simple-data-source.vala:64","Only byte-based seek supported","Поддерживается только побайтное перемещение"
"src/media-engines/simple/rygel-simple-media-engine.vala:57 src/media-engines/simple/rygel-simple-media-engine.vala:99","Can only process file-based MediaObjects (MediaFileItems)","Может обрабатывать только MediaObjects, основанные на файлах (MediaFileItems)"
"src/plugins/external/rygel-external-plugin-factory.vala:35 src/plugins/mpris/rygel-mpris-plugin-factory.vala:35","Module “%s” could not connect to D-Bus session bus. Ignoring…","Модулю «%s» не удалось подключиться к шине D-Bus. Игнорирование…"
"src/plugins/external/rygel-external-variant-util.vala:23","External provider %s did not provide mandatory property “%s”","Внешний поставщик %s не предоставляет обязательное свойство «%s»"
"src/plugins/lms/rygel-lms-albums.vala:166 src/plugins/tracker3/rygel-tracker-albums.vala:31 src/plugins/tracker/rygel-tracker-albums.vala:31","Albums","Альбомы"
"src/plugins/lms/rygel-lms-all-images.vala:89 src/plugins/lms/rygel-lms-all-music.vala:171 src/plugins/media-export/rygel-media-export-node-query-container.vala:63 src/plugins/media-export/rygel-media-export-root-container.vala:33","All","Все"
"src/plugins/lms/rygel-lms-image-years.vala:53","Years","Года"
"src/plugins/lms/rygel-lms-music-root.vala:35 src/plugins/tracker3/rygel-tracker-artists.vala:31 src/plugins/tracker/rygel-tracker-artists.vala:31","Artists","Исполнители"
"src/plugins/lms/rygel-lms-root-container.vala:33","Shared media","Общедоступный носитель"
"src/plugins/lms/rygel-lms-root-container.vala:45 src/plugins/media-export/rygel-media-export-root-container.vala:605","Music","Музыка"
"src/plugins/lms/rygel-lms-root-container.vala:49 src/plugins/media-export/rygel-media-export-root-container.vala:610","Videos","Видео"
"src/plugins/lms/rygel-lms-root-container.vala:53 src/plugins/media-export/rygel-media-export-root-container.vala:608","Pictures","Изображения"
"src/plugins/media-export/rygel-media-export-dvd-container.vala:127","Title %d","Название %d"
"src/plugins/media-export/rygel-media-export-dvd-parser.vala:39","Failed to find lsdvd binary in path. DVD extraction will not be available","Не удалось найти двоичный файл lsdvd. Извлечение информации о DVD недоступно"
"src/plugins/media-export/rygel-media-export-extract.vala:73","Invalid command received, ignoring","Получена допустимая команда, игнорируется"
"src/plugins/media-export/rygel-media-export-extract.vala:90","Failed to discover URI %s: %s","Не удалось просмотреть URI %s: %s"
"src/plugins/media-export/rygel-media-export-extract.vala:105","Failed to read from pipe: %s","Не удалось прочитать из канала: %s"
"src/plugins/media-export/rygel-media-export-extract.vala:132 src/plugins/media-export/rygel-media-export-extract.vala:144","Failed to send error to parent: %s","Не удалось отправить ошибку родителю: %s"
"src/plugins/media-export/rygel-media-export-extract.vala:157","— helper binary for Rygel to extract metadata","— помощник, используемый Rygel для извлечения метаданных"
"src/plugins/media-export/rygel-media-export-extract.vala:164","Failed to parse commandline args: %s","Не удалось разобрать аргументы командной строки: %s"
"src/plugins/media-export/rygel-media-export-generic-extractor.vala:50","Failed to create media art extractor: %s","Не удалось создать компонент для извлечения обложек: %s"
"src/plugins/media-export/rygel-media-export-harvester.vala:150","“%s” harvested","«%s» обработан"
"src/plugins/media-export/rygel-media-export-harvester.vala:205","Error fetching object “%s” from database: %s","Ошибка получения объекта «%s» из базы данных: %s"
"src/plugins/media-export/rygel-media-export-harvester.vala:213","Failed to query info of a file %s: %s","Не удалось запросить информацию о файле %s: %s"
"src/plugins/media-export/rygel-media-export-harvester.vala:248","Could not find object %s or its parent. Database is inconsistent","Не удалось найти объект %s или его родителя. База данных не согласована"
"src/plugins/media-export/rygel-media-export-harvester.vala:252","Error removing object from database: %s","Ошибка удаления объекта из базы данных: %s"
"src/plugins/media-export/rygel-media-export-harvesting-task.vala:127","Failed to harvest file %s: %s","Не удалось обработать файл %s: %s"
"src/plugins/media-export/rygel-media-export-harvesting-task.vala:191","Failed to query database: %s","Не удалось запросить базу данных: %s"
"src/plugins/media-export/rygel-media-export-harvesting-task.vala:272","Failed to enumerate folder “%s”: %s","Не удалось перечитать папку «%s»: %s"
"src/plugins/media-export/rygel-media-export-harvesting-task.vala:290","Failed to get children of container %s: %s","Не удалось получить потомков в контейнере %s: %s"
"src/plugins/media-export/rygel-media-export-harvesting-task.vala:349","Failed to extract meta-data for file %s","Не удалось выбрать мета-данные для файла %s"
"src/plugins/media-export/rygel-media-export-harvesting-task.vala:362","Skipping URI %s; extraction completely failed: %s","URI %s пропущен; извлечение завершилось неудачно: %s"
"src/plugins/media-export/rygel-media-export-leaf-query-container.vala:62","Failed to get child count of query container: %s","Не удалось получить количество потомков в контейнере запроса: %s"
"src/plugins/media-export/rygel-media-export-media-cache-upgrader.vala:67","Failed to force reindex to fix database: %s","Не удалось принудительно реиндексировать базу данных для её исправления: %s"
"src/plugins/media-export/rygel-media-export-media-cache-upgrader.vala:78","Failed to create indices: %s","Не удалось создать индексы: %s"
"src/plugins/media-export/rygel-media-export-media-cache-upgrader.vala:97","Cannot upgrade from version %d","Невозможно обновиться с версии %d"
"src/plugins/media-export/rygel-media-export-media-cache-upgrader.vala:117","Database upgrade to v18 failed: %s","Сбой при обновлении базы данных до v18: %s"
"src/plugins/media-export/rygel-media-export-media-cache.vala:135","Failed to add item with ID %s: %s","Не удалось добавить элемент с ID %s: %s"
"src/plugins/media-export/rygel-media-export-media-cache.vala:218","Failed to get update IDs: %s","Не удалось получить идентификаторы обновлений: %s"
"src/plugins/media-export/rygel-media-export-media-cache.vala:401","Inconsistent database: item %s does not have parent %s","Рассогласование базы данных: у элемента %s нет родителя %s"
"src/plugins/media-export/rygel-media-export-media-cache.vala:526","Failed to get reset token","Не удалось получить токен для сброса"
"src/plugins/media-export/rygel-media-export-media-cache.vala:538","Failed to persist ServiceResetToken: %s","Не удалось удержать ServiceResetToken: %s"
"src/plugins/media-export/rygel-media-export-media-cache.vala:548","Failed to remove virtual folders: %s","Не удалось удалить виртуальные папки: %s"
"src/plugins/media-export/rygel-media-export-media-cache.vala:562","Failed to mark item %s as guarded (%d): %s","Не удалось пометить элемент %s как защищённый (%d): %s"
"src/plugins/media-export/rygel-media-export-media-cache.vala:572","Cannot create references to containers","Невозможно создать ссылки на контейнеры"
"src/plugins/media-export/rygel-media-export-media-cache.vala:598","Failed to add %s to ignored files: %s","Не удалось добавить %s в список игнорируемых файлов: %s"
"src/plugins/media-export/rygel-media-export-media-cache.vala:611","Failed to get whether URI %s is ignored: %s","Не удалось определить, находится ли URI %s в списке игнорируемых: %s"
"src/plugins/media-export/rygel-media-export-media-cache.vala:627","Failed to get whether item %s is guarded: %s","Не удалось определить, защищён ли элемент %s: %s"
"src/plugins/media-export/rygel-media-export-media-cache.vala:667","The version “%d” of the detected database is newer than our supported version “%d”","Обнаруженная версия базы данных «%d» новее, чем поддерживаемая версия «%d»"
"src/plugins/media-export/rygel-media-export-media-cache.vala:689","Incompatible schema… cannot proceed","Несовместимая схема… продолжение невозможно"
"src/plugins/media-export/rygel-media-export-media-cache.vala:695","Invalid database, cannot query sqlite_master table: %s","Некорретная база данных, не удалось запросить таблицу sqlite_master: %s"
"src/plugins/media-export/rygel-media-export-media-cache.vala:896","Failed to create database schema: %s","Не удалось создать схему базы данных: %s"
"src/plugins/media-export/rygel-media-export-media-cache.vala:1233","Skipping unsupported sort field: %s","Пропущено неподдерживаемое сортировочное поле: %s"
"src/plugins/media-export/rygel-media-export-metadata-extractor.vala:104","Failed to gracefully stop the process. Using KILL","Не удалось корректно остановить процесс. Используется KILL"
"src/plugins/media-export/rygel-media-export-metadata-extractor.vala:152","Process check_async failed: %s","Сбой check_async в процессе: %s"
"src/plugins/media-export/rygel-media-export-metadata-extractor.vala:158","Process died while handling URI %s","Процесс умер при попытке обработать URI %s"
"src/plugins/media-export/rygel-media-export-metadata-extractor.vala:164","Setting up extraction subprocess failed: %s","Установка подпроцесса для извлечения завершилась неудачно: %s"
"src/plugins/media-export/rygel-media-export-metadata-extractor.vala:186","Received invalid string from child: %s","Из процесса-потомка получена недопустимая строка: %s"
"src/plugins/media-export/rygel-media-export-metadata-extractor.vala:193","Received ill-formed response string %s from child…","От процесса-потомка %s получена неправильно сформированная строка…"
"src/plugins/media-export/rygel-media-export-metadata-extractor.vala:243","Read from child failed: %s","Сбой при чтении из процесса-потомка: %s"
"src/plugins/media-export/rygel-media-export-metadata-extractor.vala:270","Failed to send command to child: %s","Не удалось отправить команду процессу-потомку: %s"
"src/plugins/media-export/rygel-media-export-node-query-container.vala:93","Failed to get child count: %s","Не удалось получить количество потомков: %s"
"src/plugins/media-export/rygel-media-export-playlist-container.vala:70 src/plugins/media-export/rygel-media-export-playlist-root-container.vala:75","Can’t create items in %s","Невозможно создать элементы в %s"
"src/plugins/media-export/rygel-media-export-playlist-container.vala:91","Can’t add containers in %s","Невозможно добавить контейнеры в %s"
"src/plugins/media-export/rygel-media-export-playlist-container.vala:99","Can’t remove containers in %s","Невозможно удалить контейнеры в %s"
"src/plugins/media-export/rygel-media-export-playlist-root-container.vala:43 src/plugins/media-export/rygel-media-export-root-container.vala:612","Playlists","Списки воспроизведения"
"src/plugins/media-export/rygel-media-export-playlist-root-container.vala:83","Can’t remove items in %s","Невозможно удалить элементы в %s"
"src/plugins/media-export/rygel-media-export-playlist-root-container.vala:93","upnp:class not supported in %s","upnp:class не поддерживается в %s"
"src/plugins/media-export/rygel-media-export-plugin.vala:53","Failed to load plugin %s: %s","Не удалось загрузить модуль %s: %s"
"src/plugins/media-export/rygel-media-export-recursive-file-monitor.vala:36","Will not monitor file changes","Не будет следить за изменениями файлов"
"src/plugins/media-export/rygel-media-export-recursive-file-monitor.vala:105","Failed to setup up file monitor for %s: %s","Не удалось настроить наблюдение за изменениями файлов для %s: %s"
"src/plugins/media-export/rygel-media-export-root-container.vala:32 src/plugins/tracker3/rygel-tracker-years.vala:33 src/plugins/tracker/rygel-tracker-years.vala:33","Year","Год"
"src/plugins/media-export/rygel-media-export-root-container.vala:39","Artist","Исполнитель"
"src/plugins/media-export/rygel-media-export-root-container.vala:40","Album","Альбом"
"src/plugins/media-export/rygel-media-export-root-container.vala:41 src/plugins/tracker3/rygel-tracker-genre.vala:31 src/plugins/tracker/rygel-tracker-genre.vala:31","Genre","Жанр"
"src/plugins/media-export/rygel-media-export-root-container.vala:56","Files & Folders","Файлы и папки"
"src/plugins/media-export/rygel-media-export-root-container.vala:366 src/plugins/tracker3/rygel-tracker-plugin.vala:34 src/plugins/tracker/rygel-tracker-plugin.vala:33","@REALNAME@’s media","Носитель @REALNAME@"
"src/plugins/media-export/rygel-media-export-root-container.vala:457 src/plugins/media-export/rygel-media-export-root-container.vala:524","Failed to remove entry: %s","Не удалось удалить элемент: %s"
"src/plugins/media-export/rygel-media-export-trackable-db-container.vala:56 src/plugins/media-export/rygel-media-export-trackable-db-container.vala:64","Failed to save object: %s","Не удалось сохранить объект: %s"
"src/plugins/media-export/rygel-media-export-trackable-db-container.vala:79","Failed to add object: %s","Не удалось добавить объект: %s"
"src/plugins/media-export/rygel-media-export-trackable-db-container.vala:87","Failed to remove object: %s","Не удалось удалить элемент: %s"
"src/plugins/media-export/rygel-media-export-writable-db-container.vala:108","Failed to remove file %s: %s","Не удалось удалить файл %s: %s"
"src/plugins/media-export/rygel-media-export-writable-db-container.vala:120","Could not find object %d in cache","Не удалось найти объект %d в кэше"
"src/plugins/mpris/rygel-mpris-plugin-factory.vala:131","MPRIS interface at %s is read-only. Ignoring.","Интерфейс MPRIS %s доступен только для чтения. Игнорирование."
"src/plugins/playbin/rygel-playbin-plugin.vala:35","GStreamer Player","Проигрыватель GStreamer"
"src/plugins/playbin/rygel-playbin-plugin.vala:43","Could not create GStreamer player","Не удалось создать проигрыватель GStreamer"
"src/plugins/tracker3/rygel-tracker-category-all-container.vala:55 src/plugins/tracker/rygel-tracker-category-all-container.vala:63","Failed to construct URI for folder “%s”: %s","Не удалось создать URI для папки «%s»: %s"
"src/plugins/tracker3/rygel-tracker-category-all-container.vala:71 src/plugins/tracker/rygel-tracker-category-all-container.vala:79","Could not subscribe to Tracker signals: %s","Не удалось подписаться на сигналы Tracker: %s"
"src/plugins/tracker3/rygel-tracker-category-all-container.vala:94 src/plugins/tracker/rygel-tracker-category-all-container.vala:97","Not supported","Не поддерживается"
"src/plugins/tracker3/rygel-tracker-metadata-container.vala:102 src/plugins/tracker/rygel-tracker-metadata-container.vala:110","Error getting all values for “%s”: %s","Ошибка получения всех значений для «%s»: %s"
"src/plugins/tracker3/rygel-tracker-plugin-factory.vala:35 src/plugins/tracker/rygel-tracker-plugin-factory.vala:35","Failed to start Tracker service: %s. Plugin disabled.","Не удалось запустить службу Tracker: %s. Модуль отключён."
"src/plugins/tracker3/rygel-tracker-search-container.vala:228 src/plugins/tracker/rygel-tracker-search-container.vala:228","Error getting item count under category “%s”: %s","Ошибка получения количества элементов в категории «%s»: %s"
"src/plugins/tracker3/rygel-tracker-titles.vala:58 src/plugins/tracker/rygel-tracker-titles.vala:58","Titles","Названия"
"src/plugins/tracker/rygel-tracker-category-all-container.vala:54","Failed to create a Tracker connection: %s","Сбой при создании соединения с Tracker: %s"
"src/plugins/tracker/rygel-tracker-metadata-container.vala:58","Failed to create Tracker connection: %s","Сбой при создании соединения Tracker: %s"
"src/plugins/tracker/rygel-tracker-search-container.vala:104","Failed to get Tracker connection: %s","Сбой при получении соединения Tracker: %s"
"src/rygel/application.vala:88","Failed to load user configuration: %s","Не удалось загрузить конфигурацию пользователя: %s"
"src/rygel/application.vala:125","No plugins found in %d second; giving up…
msgid_plural: No plugins found in %d seconds; giving up…","msgstr[0]: За %d секунду не найдено ни одного модуля; отмена…
msgstr[1]: За %d секунды не найдено ни одного модуля; отмена…
msgstr[2]: За %d секунд не найдено ни одного модуля; отмена…"
"src/rygel/application.vala:154","Rygel v%s starting…","Запуск Rygel v%s…"
"src/rygel/application.vala:202","Failed to create RootDevice for %s. Reason: %s","Не удалось создать RootDevice для %s. Причина: %s"
"src/rygel/application.vala:283","Failed to create root device factory: %s","Не удалось создать фабрику корневого устройства: %s"
"src/rygel/rygel-acl.vala:110","Failed to query ACL: %s","Не удалось опросить ACL: %s"
"src/rygel/rygel-acl.vala:127","Error creating D-Bus proxy for ACL: %s","Ошибка создания DBus-прокси для ACL: %s"
"src/rygel/rygel-acl.vala:145","No ACL fallback policy found. Using “allow”","Не найдено ни одной резервной политики ACL. Применяется «allow»"
"src/rygel/rygel-acl.vala:147","No ACL fallback policy found. Using “deny”","Не найдено ни одной резервной политики ACL. Применяется «deny»"
"src/ui/rygel-preferences-dialog.vala:109","Failed to create preferences dialog: %s","Не удалось создать диалоговое окно параметров: %s"
"src/ui/rygel-writable-user-config.vala:119","Failed to save configuration data to file “%s”: %s","Не удалось сохранить конфигурацию в файл «%s»: %s"
"src/ui/rygel-writable-user-config.vala:214","Failed to start Rygel service: %s","Не удалось запустить службу Rygel: %s"
"src/ui/rygel-writable-user-config.vala:216","Failed to stop Rygel service: %s","Не удалось остановить службу Rygel: %s"
