"location","source","target"
"","po header","Project-Id-Version: seahorse trunk
Report-Msgid-Bugs-To: https://gitlab.gnome.org/GNOME/seahorse/issues
POT-Creation-Date: 2022-06-26 18:42+0000
PO-Revision-Date: 2022-06-06 19:54+0300
Last-Translator: Aleksandr Melman <Alexmelman88@gmail.com>
Language-Team: Русский <gnome-cyr@gnome.org>
Language: ru
MIME-Version: 1.0
Content-Type: text/plain; charset=UTF-8
Content-Transfer-Encoding: 8bit
Plural-Forms: nplurals=3; plural=(n%10==1 && n%100!=11 ? 0 : n%10>=2 && n%10<=4 && (n%100<10 || n%100>=20) ? 1 : 2);
X-Generator: Poedit 3.0.1
"
"common/add-keyserver-dialog.vala:32","Add Key Server","Добавить сервер ключей"
"common/add-keyserver-dialog.vala:66","Custom","Другой"
"common/add-keyserver-dialog.vala:70 gkr/seahorse-gkr-add-item.ui:132 gkr/seahorse-gkr-add-keyring.ui:82 pgp/seahorse-keyserver-search.ui:100 pkcs11/seahorse-pkcs11-generate.ui:186 ssh/seahorse-ssh-upload.ui:138","Cancel","Отменить"
"common/add-keyserver-dialog.vala:71","Save","Сохранить"
"common/catalog.vala:115","Cannot delete","Не удалось удалить"
"common/catalog.vala:129","Couldn’t export keys","Не удалось экспортировать ключи"
"common/catalog.vala:139","Couldn’t export data","Не удалось экспортировать данные"
"common/datepicker.vala:55","Enter the date directly","Введите дату"
"common/datepicker.vala:62","Select the date from a calendar","Выберите дату с помощью календаря"
"common/delete-dialog.vala:87 common/exportable.vala:191 common/passphrase-prompt.vala:117 pgp/seahorse-gpgme-add-uid.ui:118 pgp/seahorse-gpgme-generate-dialog.ui:286 pgp/seahorse-gpgme-photos.c:73 pgp/seahorse-gpgme-photos.c:260 pgp/seahorse-gpgme-photos.c:320 pgp/seahorse-gpgme-revoke-dialog.ui:74 pgp/seahorse-keyserver-sync.ui:79 pgp/seahorse-revoke.ui:73 pkcs11/pkcs11-request.vala:55 pkcs11/pkcs11-request.vala:106 src/import-dialog.vala:34 src/key-manager.vala:270 ssh/seahorse-ssh-generate.ui:193","_Cancel","_Отменить"
"common/delete-dialog.vala:91 pgp/seahorse-gpgme-photos.c:319 pgp/seahorse-pgp-uid-list-box-row.ui:15 src/sidebar.vala:390","_Delete","_Удалить"
"common/exportable.vala:191 pkcs11/seahorse-pkcs11-properties.ui:33","Export","Экспортировать"
"common/interaction.vala:63","Enter PIN or password for: %s","Введите PIN-код или пароль: %s"
"common/passphrase-prompt.vala:92","Confirm:","Подтверждение:"
"common/passphrase-prompt.vala:121 pgp/seahorse-gpgme-add-uid.ui:127","_OK","_ОК"
"common/passphrase-prompt.vala:145 ssh/seahorse-ssh-askpass.c:117","Password:","Пароль:"
"common/place.vala:40 gkr/gkr-backend.vala:39","Passwords","Пароли"
"common/place.vala:42","Keys","Ключи"
"common/place.vala:44 pkcs11/seahorse-pkcs11-backend.c:207","Certificates","Сертификаты"
"common/prefs.vala:30","Preferences","Параметры"
"common/prefs-keyservers.vala:44","None: Don’t publish keys","Нет: не публиковать ключи"
"common/seahorse-add-keyserver.ui:12","initial temporary item","временный элемент для инициализации"
"common/seahorse-add-keyserver.ui:34","Key Server Type:","Тип сервера ключей:"
"common/seahorse-add-keyserver.ui:58","Host:","Узел:"
"common/seahorse-add-keyserver.ui:77 ssh/seahorse-ssh-upload.ui:67 ssh/seahorse-ssh-upload.ui:108","The host name or address of the server.","Имя узла или адрес сервера."
"common/seahorse-add-keyserver.ui:93",":",":"
"common/seahorse-add-keyserver.ui:105","The port to access the server on.","Порт для доступа к серверу."
"common/seahorse-prefs-keyservers.ui:6 common/seahorse-prefs-keyservers.ui:10","Keyservers","Серверы ключей"
"common/seahorse-prefs-keyservers.ui:40","Add keyserver","Добавить сервер ключей"
"common/seahorse-prefs-keyservers.ui:51","Key Synchronization","Синхронизация ключей"
"common/seahorse-prefs-keyservers.ui:61","_Publish keys to:","_Публиковать ключи на:"
"common/seahorse-prefs-keyservers.ui:84","Automatically retrieve keys from _key servers","Авто_матически загружать ключи с серверов"
"common/seahorse-prefs-keyservers.ui:99","Automatically synchronize _modified keys with key servers","Автоматически син_хронизировать изменённые ключи с серверами ключей"
"common/server-category.vala:63","LDAP Key Server","Сервер ключей LDAP"
"common/server-category.vala:66","HTTP Key Server","Сервер ключей HTTP"
"common/server-category.vala:67","HTTPS Key Server","Сервер ключей HTTPS"
"common/validity.vala:38 pgp/seahorse-pgp-private-key-properties.ui:11 pgp/seahorse-pgp-public-key-properties.ui:11","Unknown","Неизвестно"
"common/validity.vala:40 pgp/seahorse-pgp-private-key-properties.ui:14 pgp/seahorse-pgp-public-key-properties.ui:14","Never","Не доверяю"
"common/validity.vala:42 pgp/seahorse-pgp-private-key-properties.ui:17","Marginal","Слабо"
"common/validity.vala:44 pgp/seahorse-pgp-private-key-properties.ui:20","Full","Полностью"
"common/validity.vala:46 pgp/seahorse-pgp-private-key-properties.ui:23","Ultimate","Безоговорочно"
"common/validity.vala:48","Disabled","Отключён"
"common/validity.vala:50","Revoked","Отозван"
"data/gtk/help-overlay.ui:9","Overview","Обзор"
"data/gtk/help-overlay.ui:14","Help","Справка"
"data/gtk/help-overlay.ui:21","Open menu","Открыть меню"
"data/gtk/help-overlay.ui:28","Create a new item","Создать новый элемент"
"data/gtk/help-overlay.ui:35","Import item from file","Импортировать из файла"
"data/gtk/help-overlay.ui:42","Search","Искать"
"data/gtk/help-overlay.ui:49","Shortcut list","Список сочетаний клавиш"
"data/gtk/help-overlay.ui:56","Quit","Завершить"
"data/gtk/help-overlay.ui:64","Navigation","Навигация"
"data/gtk/help-overlay.ui:69","Select previous keyring","Выбрать предыдущее хранилище ключей"
"data/gtk/help-overlay.ui:76","Select next keyring","Выбрать следующее хранилище ключей"
"data/gtk/help-overlay.ui:83","Show sidebar (on small screens)","Показывать боковую панель (на маленьком экране)"
"data/gtk/help-overlay.ui:90","Show keyring contents (on small screens)","Показать содержание хранилища ключей (на маленьком экране)"
"data/org.gnome.seahorse.gschema.xml:5","Auto retrieve keys","Автоматическое получение ключей"
"data/org.gnome.seahorse.gschema.xml:6","Whether or not keys should be automatically retrieved from key servers.","Следует или нет автоматически получать ключи с серверов ключей."
"data/org.gnome.seahorse.gschema.xml:10","Auto publish keys","Автоматическая публикация ключей"
"data/org.gnome.seahorse.gschema.xml:11","Whether or not modified keys should be automatically published.","Следует или нет автоматически публиковать измененные ключи."
"data/org.gnome.seahorse.gschema.xml:15","Publish keys to this key server","Опубликовать ключи на этот сервер ключей"
"data/org.gnome.seahorse.gschema.xml:16","The key server to publish PGP keys to. Or empty to suppress publishing of PGP keys.","Сервер ключей для публикации ключей PGP. Или оставьте поле пустым чтобы предотвратить публикацию ключей PGP."
"data/org.gnome.seahorse.gschema.xml:20","Last key server search pattern","Последний шаблон поиска сервера ключей"
"data/org.gnome.seahorse.gschema.xml:21","The last search pattern searched for against a key server.","Последний шаблон поиска, найденный для сервера ключей."
"data/org.gnome.seahorse.gschema.xml:25","Last key servers used","Последние задействованные серверы ключей"
"data/org.gnome.seahorse.gschema.xml:26","The last key server a search was performed against or empty for all key servers.","Последний ключевой сервер, который был обыскан или пуст для всех серверов ключей."
"data/org.gnome.seahorse.manager.gschema.xml:5","Show keyrings sidebar","Показывать боковую панель связок ключей"
"data/org.gnome.seahorse.manager.gschema.xml:6","Show keyrings sidebar in Seahorse.","Показывать боковую панель связок ключей в Паролях и ключах."
"data/org.gnome.seahorse.manager.gschema.xml:10","Which items to show","Какие элементы показывать"
"data/org.gnome.seahorse.manager.gschema.xml:11","Filter which items to show. If empty, show all items, if “personal” show personal keys, if “trusted” show trusted.","Фильтрует какие элементы показывать. Если пусто, показывает все элементы, если значение «personal» (личные), будут показаны личные ключи, если «trusted» (доверенные) будут показаны доверенные ключи."
"data/org.gnome.seahorse.manager.gschema.xml:16","Width of the side pane","Ширина боковой панели"
"data/org.gnome.seahorse.manager.gschema.xml:17","The default width of the side pane.","Ширина боковой панели по умолчанию."
"data/org.gnome.seahorse.manager.gschema.xml:21","The keyrings chosen","Выбранные связки ключей"
"data/org.gnome.seahorse.manager.gschema.xml:22","The URIs of the keyrings chosen in the sidebar.","URI выбранных связок ключей в боковой панели."
"data/org.gnome.seahorse.manager.gschema.xml:29","The column to sort the Seahorse keys by","Столбец сортировки ключей в Паролях и ключах"
"data/org.gnome.seahorse.manager.gschema.xml:30","Specify the column to sort the Seahorse key manager main window by. Columns are: “name”, “id”, “validity”, “expires”, “trust”, and “type”. Put a “-” in front of the column name to sort in descending order.","Укажите столбец для сортировки главного окна менеджера ключей Пароли и ключи. Столбцы: «name», «id», «validity», «expires», «trust» и «type». Поместите символ «-» перед именем столбца, чтобы отсортировать его в обратном порядке."
"data/org.gnome.seahorse.manager.gschema.xml:34","Show validity column","Показать столбец действительности"
"data/org.gnome.seahorse.manager.gschema.xml:35 data/org.gnome.seahorse.manager.gschema.xml:40 data/org.gnome.seahorse.manager.gschema.xml:45 data/org.gnome.seahorse.manager.gschema.xml:50","No longer in use.","Больше не используется."
"data/org.gnome.seahorse.manager.gschema.xml:39","Show expiry column","Показать столбец истечения срока действия"
"data/org.gnome.seahorse.manager.gschema.xml:44","Show trust column","Показать столбец доверенности"
"data/org.gnome.seahorse.manager.gschema.xml:49","Show type column","Показать столбец типа"
"data/org.gnome.seahorse.window.gschema.xml:5","Width of the window","Ширина окна"
"data/org.gnome.seahorse.window.gschema.xml:6","Width (in pixels) of the window.","Ширина окна в пикселях."
"data/org.gnome.seahorse.window.gschema.xml:10","Height of the window","Высота окна"
"data/org.gnome.seahorse.window.gschema.xml:11","Height (in pixels) of the window.","Высота окна в пикселях."
"data/org.gnome.seahorse.Application.appdata.xml.in:6 data/org.gnome.seahorse.Application.desktop.in.in:3 src/application.vala:174 src/seahorse-key-manager.ui:291","Passwords and Keys","Пароли и ключи"
"data/org.gnome.seahorse.Application.appdata.xml.in:7 data/org.gnome.seahorse.Application.desktop.in.in:4","Manage your passwords and encryption keys","Управление паролями и ключами шифрования"
"data/org.gnome.seahorse.Application.appdata.xml.in:9","Passwords and Keys is a GNOME application for managing encryption keys.","Пароли и ключи это приложение GNOME для управления хранилищами ключей шифрования."
"data/org.gnome.seahorse.Application.appdata.xml.in:12","With Passwords and Keys you can create and manage PGP keys, create and manage SSH keys, publish and retrieve keys from key servers, cache your passphrase so you don’t have to keep typing it and backup your keys and keyring.","С помощью Паролей и ключей можно создавать и управлять ключами PGP, создавать и управлять ключами SSH, публиковать и получать ключи с серверов, кэшировать парольные фразы, создавать резервные копии ключей и связок с ключами."
"data/org.gnome.seahorse.Application.appdata.xml.in:220","The GNOME Project","Проект GNOME"
"data/org.gnome.seahorse.Application.desktop.in.in:6","keyring;encryption;security;sign;ssh;gpg;pgp;","связка;шифрование;безопасность;подпись;ssh;gpg;pgp;"
"gkr/gkr-backend.vala:43","Stored personal passwords, credentials and secrets","Хранящиеся личные пароли, мандаты и секреты"
"gkr/gkr-item-add.vala:113 src/sidebar.vala:448","Couldn’t unlock","Не удалось разблокировать"
"gkr/gkr-item-add.vala:137","Couldn’t add item","Не удалось добавить элемент"
"gkr/gkr-item-info.vala:30","Password or Secret","Пароль или секрет"
"gkr/gkr-item-info.vala:118","Network connection secret","Секрет NetworkManager"
"gkr/gkr-item-info.vala:127","Wi-Fi password","Пароль Wi-Fi"
"gkr/gkr-item-info.vala:144","Network password","Пароль для сети"
"gkr/gkr-item-info.vala:234","GNOME Web password","Пароль для GNOME Web"
"gkr/gkr-item-info.vala:253","Google Chrome password","Пароль для Google Chrome"
"gkr/gkr-item-info.vala:286","Instant messaging password","Пароль для обмена мгновенными сообщениями"
"gkr/gkr-item-info.vala:291","IM account password for ","Пароль учётной записи обмена сообщениями "
"gkr/gkr-item-info.vala:323","Telepathy password","Пароль для Telepathy"
"gkr/gkr-item-info.vala:358","GNOME Online Accounts password","Пароль для сетевых учётных записей GNOME"
"gkr/gkr-item-properties.vala:106","Save changes for this item?","Сохранить изменения для этого элемента?"
"gkr/gkr-item-properties.vala:123","Access a network share or resource","Даёт доступ к сетевому хранилищу или ресурсу"
"gkr/gkr-item-properties.vala:126","Access a website","Даёт доступ к веб-сайту"
"gkr/gkr-item-properties.vala:129","Unlocks a PGP key","Разблокирует ключ PGP"
"gkr/gkr-item-properties.vala:132","Unlocks a Secure Shell key","Разблокирует ключ SSH"
"gkr/gkr-item-properties.vala:135","Saved password or login","Сохранённый пароль или учётное имя"
"gkr/gkr-item-properties.vala:147","Network Credentials","Сетевые учётные сведения"
"gkr/gkr-item-properties.vala:152 gkr/seahorse-gkr-item-properties.ui:68 src/seahorse-key-manager.ui:193","Password","Пароль"
"gkr/gkr-item-properties.vala:217","Couldn’t change password.","Не удалось изменить пароль."
"gkr/gkr-item-properties.vala:241","Couldn’t set description.","Не удалось установить описание."
"gkr/gkr-item-properties.vala:268","Error deleting the password.","Ошибка при удалении пароля."
"gkr/gkr-item.vala:165","Stored note","Хранящееся примечание"
"gkr/gkr-item.vala:167","Keyring password","Пароль для связки ключей"
"gkr/gkr-item.vala:169","Encryption key password","Пароль для ключа шифрования"
"gkr/gkr-item.vala:171","Key storage password","Пароль для ключа хранилища"
"gkr/gkr-item.vala:173","Network Manager secret","Секрет NetworkManager"
"gkr/gkr-item.vala:341","Are you sure you want to delete the password “%s”?","Уверены, что хотите безвозвратно удалить пароль «%s»?"
"gkr/gkr-item.vala:343","Are you sure you want to delete %d password?
msgid_plural: Are you sure you want to delete %d passwords?","msgstr[0]: Уверены, что хотите безвозвратно удалить %d пароль?
msgstr[1]: Уверены, что хотите безвозвратно удалить %d пароля?
msgstr[2]: Уверены, что хотите безвозвратно удалить %d паролей?"
"gkr/gkr-keyring-add.vala:52","Couldn’t add keyring","Не удалось добавить связку ключей"
"gkr/gkr-keyring-properties.vala:65","Unknown date","Неизвестная дата"
"gkr/gkr-keyring.vala:34","A keyring that is automatically unlocked on login","Связка ключей, которая автоматически разблокируется при входе в систему"
"gkr/gkr-keyring.vala:35","A keyring used to store passwords","Связка ключей, используемая для хранения паролей"
"gkr/gkr-keyring.vala:200","Couldn’t set default keyring","Не удалось назначить связку ключей по умолчанию"
"gkr/gkr-keyring.vala:227 gkr/gkr-keyring.vala:232","Couldn’t change keyring password","Не удалось изменить пароль к связке ключей"
"gkr/gkr-keyring.vala:251","_Set as default","_Установить по умолчанию"
"gkr/gkr-keyring.vala:252","Change _Password","Изменить _пароль"
"gkr/gkr-keyring.vala:263","Are you sure you want to delete the password keyring “%s”?","Уверены, что хотите удалить связку ключей для паролей «%s»?"
"gkr/gkr-keyring.vala:266","I understand that all items will be permanently deleted.","Я понимаю, что все элементы будут безвозвратно удалены."
"gkr/gkr-password-entry.vala:35","Show/Hide password","Показать/скрыть пароль"
"gkr/seahorse-gkr-add-item.ui:5","Add Password","Добавить пароль"
"gkr/seahorse-gkr-add-item.ui:24","_Keyring:","_Связка ключей:"
"gkr/seahorse-gkr-add-item.ui:45 pgp/seahorse-gpgme-revoke-dialog.ui:44 pgp/seahorse-revoke.ui:43","_Description:","_Описание:"
"gkr/seahorse-gkr-add-item.ui:71","_Password:","_Пароль:"
"gkr/seahorse-gkr-add-item.ui:139 gkr/seahorse-gkr-add-keyring.ui:89","Add","Добавить"
"gkr/seahorse-gkr-add-keyring.ui:6","Add password keyring","Добавить связку ключей для паролей"
"gkr/seahorse-gkr-add-keyring.ui:24","Please choose a name for the new keyring. You will be prompted for an unlock password.","Введите название новой связки ключей. Далее вас попросят ввести пароль для разблокировки."
"gkr/seahorse-gkr-add-keyring.ui:42","New Keyring Name:","Имя новой связки ключей:"
"gkr/seahorse-gkr-item-properties.ui:8","Item Properties","Свойства элемент"
"gkr/seahorse-gkr-item-properties.ui:52","Description","Описание"
"gkr/seahorse-gkr-item-properties.ui:75","Copy","Копировать"
"gkr/seahorse-gkr-item-properties.ui:99","Use","Назначение"
"gkr/seahorse-gkr-item-properties.ui:112 pgp/seahorse-pgp-subkey-list-box-row.ui:96","Type","Тип"
"gkr/seahorse-gkr-item-properties.ui:125","Server","Сервер"
"gkr/seahorse-gkr-item-properties.ui:138","Login","Имя пользователя"
"gkr/seahorse-gkr-item-properties.ui:156","Details","Подробности"
"gkr/seahorse-gkr-item-properties.ui:171","Delete Password","Удалить пароль"
"gkr/seahorse-gkr-keyring.ui:9","Keyring properties","Свойства связки ключей"
"gkr/seahorse-gkr-keyring.ui:52","Name","Имя"
"gkr/seahorse-gkr-keyring.ui:80","Created on","Создан в"
"gkr/seahorse-gkr-keyring.ui:110","Change password","Изменить пароль"
"gkr/seahorse-gkr-keyring.ui:117","Set as default","Установить по умолчанию"
"pgp/seahorse-gpgme-add-subkey.c:208","Add subkey to %s","Добавить подключ к %s"
"pgp/seahorse-gpgme-add-subkey.c:236 pgp/seahorse-gpgme-generate-dialog.c:83","DSA (sign only)","DSA (только подпись)"
"pgp/seahorse-gpgme-add-subkey.c:244","ElGamal (encrypt only)","ElGamal (только шифрование)"
"pgp/seahorse-gpgme-add-subkey.c:250 pgp/seahorse-gpgme-generate-dialog.c:84","RSA (sign only)","RSA (только подпись)"
"pgp/seahorse-gpgme-add-subkey.c:256","RSA (encrypt only)","RSA (только шифрование)"
"pgp/seahorse-gpgme-add-subkey.ui:28","Key _Type","_Тип ключа"
"pgp/seahorse-gpgme-add-subkey.ui:54","Key _Length","_Длина ключа"
"pgp/seahorse-gpgme-add-subkey.ui:71","Length of Key","Длина ключа"
"pgp/seahorse-gpgme-add-subkey.ui:86","Expiration Date","Истекает"
"pgp/seahorse-gpgme-add-subkey.ui:109","Never E_xpires","Никогда не _истекает"
"pgp/seahorse-gpgme-add-subkey.ui:113","If key never expires","Если срок действия ключа никогда не истекает"
"pgp/seahorse-gpgme-add-subkey.ui:149","Generate a new subkey","Создать новый подключ"
"pgp/seahorse-gpgme-add-uid.c:149","Add user ID to %s","Добавить идентификатор пользователя к %s"
"pgp/seahorse-gpgme-add-uid.c:217","Couldn’t add user ID","Не удалось добавить идентификатор пользователя"
"pgp/seahorse-gpgme-add-uid.ui:8","Add User ID","Добавить идентификатор пользователя"
"pgp/seahorse-gpgme-add-uid.ui:24 pgp/seahorse-gpgme-generate-dialog.ui:62","Full _Name","_Полное имя"
"pgp/seahorse-gpgme-add-uid.ui:42","Must be at least 5 characters long","Должен быть не менее 5 символов"
"pgp/seahorse-gpgme-add-uid.ui:55 pgp/seahorse-gpgme-generate-dialog.ui:92","_Email Address","_Адрес эл. почты"
"pgp/seahorse-gpgme-add-uid.ui:72","Optional email address","Необязательный адрес эл. почты"
"pgp/seahorse-gpgme-add-uid.ui:85","Key Co_mment","_Комментарий к ключу"
"pgp/seahorse-gpgme-add-uid.ui:102","Optional comment describing key","Необязательный комментарий с описанием ключа"
"pgp/seahorse-gpgme-add-uid.ui:134","Create the new user ID","Создать новый идентификатор пользователя"
"pgp/seahorse-gpgme.c:69","Decryption failed. You probably do not have the decryption key.","Не удалось расшифровать. Возможно, у вас нет ключа для расшифровки."
"pgp/seahorse-gpgme.c:73","The operation was cancelled","Действие было отменено"
"pgp/seahorse-gpgme-expires-dialog.c:70","Invalid expiry date","Недопустимый срок действия"
"pgp/seahorse-gpgme-expires-dialog.c:71","The expiry date must be in the future","Срок действия должен заканчиваться в будущем"
"pgp/seahorse-gpgme-expires-dialog.c:84","Couldn’t change expiry date","Не удалось изменить срок действия"
"pgp/seahorse-gpgme-expires-dialog.c:155","Expiry: %s","Срок действия: %s"
"pgp/seahorse-gpgme-expires-dialog.ui:16","_Never expires","Нико_гда не истекает"
"pgp/seahorse-gpgme-expires-dialog.ui:48","C_hange","_Изменить"
"pgp/seahorse-gpgme-exporter.c:72","Multiple Keys","Несколько ключей"
"pgp/seahorse-gpgme-exporter.c:76","Key Data","Данные ключа"
"pgp/seahorse-gpgme-exporter.c:104","Armored PGP keys","Защищённые ключи PGP"
"pgp/seahorse-gpgme-exporter.c:108","PGP keys","Ключи PGP"
"pgp/seahorse-gpgme-generate-dialog.c:81 pkcs11/pkcs11-generate.vala:60 ssh/seahorse-ssh-generate.ui:130","RSA","RSA"
"pgp/seahorse-gpgme-generate-dialog.c:82","DSA ElGamal","DSA ElGamal"
"pgp/seahorse-gpgme-generate-dialog.c:98","Couldn’t generate PGP key","Не удалось создать ключ PGP"
"pgp/seahorse-gpgme-generate-dialog.c:137","Passphrase for New PGP Key","Пароль для нового ключа PGP"
"pgp/seahorse-gpgme-generate-dialog.c:138","Enter the passphrase for your new key twice.","Введите дважды пароль для нового ключа."
"pgp/seahorse-gpgme-generate-dialog.c:150","When creating a key we need to generate a lot of
random data and we need you to help. It’s a good
idea to perform some other action like typing on
the keyboard, moving the mouse, using applications.
This gives the system the random data that it needs.","При создании ключа необходимо сгенерировать большое
количество случайных данных. Мы советуем выполнять
некоторые другие действия: печать на клавиатуре,
перемещение курсора мыши, работа с приложениями.
Эти действия обеспечат случайные данные, необходимые системе."
"pgp/seahorse-gpgme-generate-dialog.c:155 pkcs11/pkcs11-generate.vala:216","Generating key","Создание ключа"
"pgp/seahorse-gpgme-generate-dialog.c:179","Name must be at least 5 characters long.","Имя должно быть не менее 5 символов."
"pgp/seahorse-gpgme-generate-dialog.ui:18","New PGP key","Новый ключ PGP"
"pgp/seahorse-gpgme-generate-dialog.ui:43","A PGP key allows you to encrypt email or files to other people.","Ключ PGP позволяет шифровать почту и файлы для других людей."
"pgp/seahorse-gpgme-generate-dialog.ui:124 pkcs11/seahorse-pkcs11-generate.ui:110","_Advanced key options","_Дополнительные параметры ключа"
"pgp/seahorse-gpgme-generate-dialog.ui:138","_Comment","_Комментарий"
"pgp/seahorse-gpgme-generate-dialog.ui:169 ssh/seahorse-ssh-generate.ui:110","Encryption _Type","_Тип шифрования"
"pgp/seahorse-gpgme-generate-dialog.ui:199 ssh/seahorse-ssh-generate.ui:147","Key _Strength (bits)","_Стойкость ключа (в битах)"
"pgp/seahorse-gpgme-generate-dialog.ui:229","E_xpiration Date","Истекает"
"pgp/seahorse-gpgme-generate-dialog.ui:255","Ne_ver Expires","Н_икогда не истекает"
"pgp/seahorse-gpgme-generate-dialog.ui:296","C_reate","_Создать"
"pgp/seahorse-gpgme-generate-dialog.ui:303","Generate a new key","Создать новый ключ"
"pgp/seahorse-gpgme-key-deleter.c:76 pgp/seahorse-gpgme-secret-deleter.c:59 pkcs11/pkcs11-deleter.vala:35 pkcs11/pkcs11-key-deleter.vala:33","Are you sure you want to permanently delete %s?","Уверены, что хотите безвозвратно удалить %s?"
"pgp/seahorse-gpgme-key-deleter.c:79","Are you sure you want to permanently delete %d keys?
msgid_plural: Are you sure you want to permanently delete %d keys?","msgstr[0]: Действительно безвозвратно удалить %d ключ?
msgstr[1]: Действительно безвозвратно удалить %d ключа?
msgstr[2]: Действительно безвозвратно удалить %d ключей?"
"pgp/seahorse-gpgme-key-op.c:362","Wrong password","Неправильный пароль"
"pgp/seahorse-gpgme-key-op.c:362","This was the third time you entered a wrong password. Please try again.","Вы уже третий раз ввели неправильный пароль. Попробуйте ещё раз."
"pgp/seahorse-gpgme-keyring.c:113","Wrong passphrase.","Неправильный пароль."
"pgp/seahorse-gpgme-keyring.c:117","Enter new passphrase for “%s”","Введите новый пароль для «%s»"
"pgp/seahorse-gpgme-keyring.c:119","Enter passphrase for “%s”","Введите пароль для «%s»"
"pgp/seahorse-gpgme-keyring.c:122 src/seahorse-change-passphrase.ui:28","Enter new passphrase","Введите новый пароль"
"pgp/seahorse-gpgme-keyring.c:124","Enter passphrase","Введите пароль"
"pgp/seahorse-gpgme-keyring.c:127","Passphrase","Пароль"
"pgp/seahorse-gpgme-keyring.c:302","Loaded %d key
msgid_plural: Loaded %d keys","msgstr[0]: Загружен %d ключ
msgstr[1]: Загружено %d ключа
msgstr[2]: Загружено %d ключей"
"pgp/seahorse-gpgme-keyring.c:638","Invalid key data (missing UIDs). This may be due to a computer with a date set in the future or a missing self-signature.","Недопустимые данные ключа (отсутствуют идентификаторы пользователя). Причиной может быть неправильно установленное на компьютере время (время в будущем) или отсутствие собственной подписи."
"pgp/seahorse-gpgme-keyring.c:785","GnuPG keys","Ключи GnuPG"
"pgp/seahorse-gpgme-keyring.c:796","GnuPG: default keyring directory","GnuPG: каталог по умолчанию для связки ключей"
"pgp/seahorse-gpgme-photos.c:69","<big><b>The photo is too large</b></big>
The recommended size for a photo on your key is %d × %d pixels.","<big><b>Фотография слишком большая</b></big>
Рекомендуемый размер фотографии на ключе — %d × %d точек."
"pgp/seahorse-gpgme-photos.c:74","_Don’t Resize","_Не менять размер"
"pgp/seahorse-gpgme-photos.c:75","_Resize","Из_менить размер"
"pgp/seahorse-gpgme-photos.c:124","This is not a image file, or an unrecognized kind of image file. Try to use a JPEG image.","Этот файл не содержит изображение, или содержит неизвестный тип изображения. Попробуйте использовать изображение в формате JPEG."
"pgp/seahorse-gpgme-photos.c:219","All image files","Все файлы изображений"
"pgp/seahorse-gpgme-photos.c:232","All JPEG files","Все файлы формата JPEG"
"pgp/seahorse-gpgme-photos.c:237 src/key-manager.vala:310","All files","Все файлы"
"pgp/seahorse-gpgme-photos.c:258","Choose Photo to Add to Key","Выберите фотографию для добавления к ключу"
"pgp/seahorse-gpgme-photos.c:261 src/key-manager.vala:270","_Open","_Открыть"
"pgp/seahorse-gpgme-photos.c:280","Couldn’t prepare photo","Не удалось подготовить фотографию"
"pgp/seahorse-gpgme-photos.c:290 pgp/seahorse-gpgme-photos.c:293","Couldn’t add photo","Не удалось добавить фотографию"
"pgp/seahorse-gpgme-photos.c:291","The file could not be loaded. It may be in an invalid format.","Не удалось загрузить файл. Может быть, он имеет недопустимый формат."
"pgp/seahorse-gpgme-photos.c:317","Are you sure you want to remove the current photo from your key?","Уверены, что хотите удалить текущую фотографию из вашего ключа?"
"pgp/seahorse-gpgme-photos.c:330","Couldn’t delete photo","Не удалось удалить фотографию"
"pgp/seahorse-gpgme-revoke-dialog.c:81","Couldn’t revoke subkey","Не удалось отозвать подключ"
"pgp/seahorse-gpgme-revoke-dialog.c:141","Revoke: %s","Отозвать: %s"
"pgp/seahorse-gpgme-revoke-dialog.c:159","No reason","Нет причины"
"pgp/seahorse-gpgme-revoke-dialog.c:160","No reason for revoking key","Нет причины для отзыва ключа"
"pgp/seahorse-gpgme-revoke-dialog.c:166","Compromised","Скомпрометирован"
"pgp/seahorse-gpgme-revoke-dialog.c:167","Key has been compromised","Ключ скомпрометирован"
"pgp/seahorse-gpgme-revoke-dialog.c:173","Superseded","Заменён"
"pgp/seahorse-gpgme-revoke-dialog.c:174","Key has been superseded","Ключ заменён"
"pgp/seahorse-gpgme-revoke-dialog.c:180","Not Used","Не используется"
"pgp/seahorse-gpgme-revoke-dialog.c:181","Key is no longer used","Ключ больше не используется"
"pgp/seahorse-gpgme-revoke-dialog.ui:21 pgp/seahorse-revoke.ui:20","_Reason:","При_чина:"
"pgp/seahorse-gpgme-revoke-dialog.ui:22 pgp/seahorse-revoke.ui:21","Reason for revoking the key","Причина для отзыва ключа"
"pgp/seahorse-gpgme-revoke-dialog.ui:57 pgp/seahorse-revoke.ui:56","Optional description of revocation","Необязательное описание отзыва"
"pgp/seahorse-gpgme-revoke-dialog.ui:89 pgp/seahorse-revoke.ui:88","Revoke key","Отозвать ключ"
"pgp/seahorse-gpgme-revoke-dialog.ui:90 pgp/seahorse-revoke.ui:89","Re_voke","Отозвать"
"pgp/seahorse-gpgme-secret-deleter.c:64 ssh/deleter.vala:43","I understand that this secret key will be permanently deleted.","Я понимаю, что этот секретный ключ будет безвозвратно удалён."
"pgp/seahorse-gpgme-sign-dialog.c:146","This key was already signed by
“%s”","Этот ключ уже был подписан
«%s»"
"pgp/seahorse-gpgme-sign-dialog.c:151","Couldn’t sign key","Не удалось подписать ключ"
"pgp/seahorse-gpgme-sign-dialog.c:281","No keys usable for signing","Нет ключей, которыми можно подписать"
"pgp/seahorse-gpgme-sign-dialog.c:282","You have no personal PGP keys that can be used to indicate your trust of this key.","У вас нет личных ключей PGP, с помощью которых можно было бы выразить доверие этому ключу."
"pgp/seahorse-gpgme-sign-dialog.ui:6","Sign Key","Подписать ключ"
"pgp/seahorse-gpgme-sign-dialog.ui:25","By signing you indicate your trust that this key belongs to:","Подписывая ключ, вы заявляете о своей уверенности в том, что владелец этого ключа:"
"pgp/seahorse-gpgme-sign-dialog.ui:32","Key Name","Имя ключа"
"pgp/seahorse-gpgme-sign-dialog.ui:52","How carefully have you checked this key?","Насколько тщательно вы проверили этот ключ?"
"pgp/seahorse-gpgme-sign-dialog.ui:77","_Not at all","_Никак"
"pgp/seahorse-gpgme-sign-dialog.ui:88","_Casually","_Поверхностно"
"pgp/seahorse-gpgme-sign-dialog.ui:100","_Very Carefully","Очень т_щательно"
"pgp/seahorse-gpgme-sign-dialog.ui:127","<i>Not at all:</i> means you believe the key is owned by the person who claims to own it, but you could not or did not verify this to be a fact.","<i>Никак:</i> означает, что вы верите, что этот ключ принадлежит тому, кто записан владельцем, но вы не проверили это."
"pgp/seahorse-gpgme-sign-dialog.ui:140","<i>Casually:</i> means you have done a casual verification that the key is owned by the person who claims to own it. For example, you could read the key fingerprint to the owner over the phone.","<i>Поверхностно:</i> означает, что вы провели поверхностную проверку того, что этот ключ принадлежит тому, кто записан владельцем. Например, вы с владельцем сверили отпечатки ключа по телефону."
"pgp/seahorse-gpgme-sign-dialog.ui:161","<i>Very Carefully:</i> Select this only if you are absolutely sure that this key is genuine.","<i>Очень тщательно:</i> Выбирайте этот вариант, только если вы полностью уверены, что этот ключ — подлинный."
"pgp/seahorse-gpgme-sign-dialog.ui:177","You could use a hard to forge photo identification (such as a passport) to personally check that the name on the key is correct. You should have also used email to check that the email address belongs to the owner.","Вы можете использовать трудноподделываемый документ с фотографией (например, паспорт), чтобы лично удостовериться в правильности имени владельца ключа. Вам следует также проверить, что адрес электронной почты принадлежит владельцу, послав на него письмо."
"pgp/seahorse-gpgme-sign-dialog.ui:206","How others will see this signature:","Другие увидят эту подпись как:"
"pgp/seahorse-gpgme-sign-dialog.ui:222","_Others may not see this signature","_Другие не могут видеть эту подпись"
"pgp/seahorse-gpgme-sign-dialog.ui:248","I can _revoke this signature at a later date.","Я могу _отозвать эту подпись позднее."
"pgp/seahorse-gpgme-sign-dialog.ui:282","Sign key as:","Подписать ключ как:"
"pgp/seahorse-gpgme-sign-dialog.ui:300","_Signer:","_Автор подписи:"
"pgp/seahorse-gpgme-sign-dialog.ui:335 pgp/seahorse-pgp-uid-list-box-row.ui:11","_Sign","_Подписать"
"pgp/seahorse-gpgme-subkey.c:84","Unknown","Неизвестно"
"pgp/seahorse-gpgme-subkey.c:86","ElGamal","ElGamal"
"pgp/seahorse-keyserver-results.c:62","Couldn’t import key: %s","Не удалось импортировать ключ: %s"
"pgp/seahorse-keyserver-results.c:66","Key import succeeded","Импорт ключа удался"
"pgp/seahorse-keyserver-results.c:154","Import","Импортировать"
"pgp/seahorse-keyserver-results.c:156","Can’t import key","Не удалось импортировать ключ"
"pgp/seahorse-keyserver-results.c:226","Remote keys","Ключи из сети"
"pgp/seahorse-keyserver-results.c:228","Remote keys containing “%s”","Ключи из сети, содержащие «%s»"
"pgp/seahorse-keyserver-results.c:342","The search for keys failed.","Сбой при поиске ключей."
"pgp/seahorse-keyserver-results.ui:16","Double click on a key to inspect it, or click the import button to import it into your local keyring.","Для просмотра ключа щёлкните два раза, или щёлкните кнопку импорта для добавления ключа в хранилище."
"pgp/seahorse-keyserver-search.ui:8","Find Remote Keys","Найти ключи в сети"
"pgp/seahorse-keyserver-search.ui:31","This will find keys for others on the Internet. These keys can then be imported into your local key ring.","Так можно найти другие ключи в сети. Эти ключи будут импортированы в локальную связку ключей."
"pgp/seahorse-keyserver-search.ui:46","_Search for keys containing: ","Иск_ать ключи, содержащие: "
"pgp/seahorse-keyserver-search.ui:68","Where to search:","Где искать:"
"pgp/seahorse-keyserver-search.ui:114","_Search","_Искать"
"pgp/seahorse-keyserver-sync.c:70","Couldn’t publish keys to server","Не удалось опубликовать ключи на сервере"
"pgp/seahorse-keyserver-sync.c:86","Couldn’t retrieve keys from server: %s","Не удалось получить ключи с сервера: %s"
"pgp/seahorse-keyserver-sync.c:196","<b>%d key is selected for synchronizing</b>
msgid_plural: <b>%d keys are selected for synchronizing</b>","msgstr[0]: <b>%d ключ выбран для синхронизации</b>
msgstr[1]: <b>%d ключа выбрано для синхронизации</b>
msgstr[2]: <b>%d ключей выбрано для синхронизации</b>"
"pgp/seahorse-keyserver-sync.c:304","Synchronizing keys…","Синхронизация ключей…"
"pgp/seahorse-keyserver-sync.ui:5","Sync Keys","Синхронизировать ключи"
"pgp/seahorse-keyserver-sync.ui:36","This will publish the keys in your key ring so they’re available for others to use. You’ll also get any changes others have made since you received their keys.","Ключи из вашей связки ключей будут опубликованы на сервере и станут доступными для других. Также вы получите сведения, обновившиеся с момента последнего соединения с сервером ключей."
"pgp/seahorse-keyserver-sync.ui:45","This will retrieve any changes others have made since you received their keys. No key server has been chosen for publishing, so your keys will not be made available to others.","Все изменения, произведённые с момента последнего соединения с сервером, будут перенесены на ваш компьютер. Серверов для публикации ключей выбрано не было, поэтому ваши ключи не будут доступны другим."
"pgp/seahorse-keyserver-sync.ui:65","_Key Servers","_Серверы ключей"
"pgp/seahorse-keyserver-sync.ui:89","_Sync","_Синхронизировать"
"pgp/seahorse-ldap-source.c:433","Couldn’t communicate with %s: %s","Не удалось связаться с %s: %s"
"pgp/seahorse-ldap-source.c:593","Couldn’t resolve address %s","Не удалось определить адрес: %s"
"pgp/seahorse-ldap-source.c:598","Connecting to: %s","Устанавливается соединение с: %s"
"pgp/seahorse-ldap-source.c:653","Invalid URI: %s","Недопустимый URI: %s"
"pgp/seahorse-ldap-source.c:661","Resolving server address: %s","Идёт определение адреса сервера: %s"
"pgp/seahorse-pgp-backend.c:198","PGP Keys","Ключи PGP"
"pgp/seahorse-pgp-backend.c:204","PGP keys are for encrypting email or files","Ключи PGP используются для шифрования почты и файлов"
"pgp/seahorse-pgp-key.c:187","(and %d other)
msgid_plural: (and %d others)","msgstr[0]: (и ещё %d)
msgstr[1]: (и ещё %d)
msgstr[2]: (и ещё %d)"
"pgp/seahorse-pgp-key.c:625","Personal PGP key","Личный ключ PGP"
"pgp/seahorse-pgp-key.c:627","PGP key","Ключ PGP"
"pgp/seahorse-pgp-key-properties.c:218","Couldn’t change primary photo","Не удалось изменить главную фотографию"
"pgp/seahorse-pgp-key-properties.c:385","Error changing password","Ошибка изменения пароля"
"pgp/seahorse-pgp-key-properties.c:430","%s — Private key","%s — личный ключ"
"pgp/seahorse-pgp-key-properties.c:434","%s — Public key","%s — Открытый ключ"
"pgp/seahorse-pgp-key-properties.c:467","(unknown)","(неизвестно)"
"pgp/seahorse-pgp-key-properties.c:472","This key expired on %s","Этот ключ истёк %s"
"pgp/seahorse-pgp-key-properties.c:522","Never","Никогда"
"pgp/seahorse-pgp-key-properties.c:606 pgp/seahorse-pgp-key-properties.c:781","Unable to change trust","Не удалось изменить уровень доверия"
"pgp/seahorse-pgp-key-properties.c:618 ssh/key-properties.vala:191","Couldn’t export key","Не удалось экспортировать ключ"
"pgp/seahorse-pgp-key-properties.c:997","I believe “%s” is the owner of this key","Я думаю, что этим ключом владеет «%s»"
"pgp/seahorse-pgp-key-properties.c:1002","I no longer trust that “%s” owns this key","Я больше не доверяю тому, что «%s» владеет этим ключом"
"pgp/seahorse-pgp-private-key-properties.ui:30","Change _passphrase","Изменить _пароль"
"pgp/seahorse-pgp-private-key-properties.ui:36","Export _public key","Экспортировать _публичный ключ"
"pgp/seahorse-pgp-private-key-properties.ui:40","Export _secret key","Экспортировать _личный ключ"
"pgp/seahorse-pgp-private-key-properties.ui:60 pgp/seahorse-pgp-public-key-properties.ui:42","The owner of the key revoked the key. It should no longer be used.","Владелец отозвал ключ. Его больше не следует использовать."
"pgp/seahorse-pgp-private-key-properties.ui:140","Add a photo to this key","Добавить фотографию"
"pgp/seahorse-pgp-private-key-properties.ui:155","Remove this photo from this key","Удалить эту фотографию из этого ключа"
"pgp/seahorse-pgp-private-key-properties.ui:170","Make this photo the primary photo","Сделать эту фотографию главной"
"pgp/seahorse-pgp-private-key-properties.ui:191 pgp/seahorse-pgp-public-key-properties.ui:125","Go to previous photo","Перейти к предыдущей фотографии"
"pgp/seahorse-pgp-private-key-properties.ui:206 pgp/seahorse-pgp-public-key-properties.ui:146","Go to next photo","Перейти к следующей фотографии"
"pgp/seahorse-pgp-private-key-properties.ui:262 pgp/seahorse-pgp-public-key-properties.ui:210","Comment","Комментарий"
"pgp/seahorse-pgp-private-key-properties.ui:289 pgp/seahorse-pgp-public-key-properties.ui:238","Key ID","Идентификатор ключа"
"pgp/seahorse-pgp-private-key-properties.ui:316 pgp/seahorse-pgp-public-key-properties.ui:266 pgp/seahorse-pgp-subkey-list-box-row.ui:71 ssh/seahorse-ssh-key-properties.ui:197","Fingerprint","Отпечаток"
"pgp/seahorse-pgp-private-key-properties.ui:347 pgp/seahorse-pgp-public-key-properties.ui:299","Expires","Истекает"
"pgp/seahorse-pgp-private-key-properties.ui:408 pgp/seahorse-pgp-public-key-properties.ui:334","User IDs","Идентификаторы пользователя"
"pgp/seahorse-pgp-private-key-properties.ui:421","Add user ID","Добавить идентификатор пользователя"
"pgp/seahorse-pgp-private-key-properties.ui:445 pgp/seahorse-pgp-public-key-properties.ui:356","Subkeys","Подчинённые ключи"
"pgp/seahorse-pgp-private-key-properties.ui:458","_Add subkey","_Добавить подключ"
"pgp/seahorse-pgp-private-key-properties.ui:476 pgp/seahorse-pgp-public-key-properties.ui:384","Trust","Доверие"
"pgp/seahorse-pgp-private-key-properties.ui:477 pgp/seahorse-pgp-public-key-properties.ui:385","Your trust of this key","Ваше доверие этому ключу"
"pgp/seahorse-pgp-private-key-properties.ui:493","Override owner trust","Переопределить _доверие владельца"
"pgp/seahorse-pgp-public-key-properties.ui:17","Marginally","Слабо"
"pgp/seahorse-pgp-public-key-properties.ui:20","Fully","Полностью"
"pgp/seahorse-pgp-public-key-properties.ui:23","Ultimately","Безоговорочно"
"pgp/seahorse-pgp-public-key-properties.ui:401","Signature trust","Доверие подписи"
"pgp/seahorse-pgp-public-key-properties.ui:402","I trust signatures from this key on other keys","Я доверяю подписям, поставленным этим ключом на других ключах"
"pgp/seahorse-pgp-public-key-properties.ui:418","Sign key","Подписать ключ"
"pgp/seahorse-pgp-public-key-properties.ui:425","_Sign key","_Подписать ключ"
"pgp/seahorse-pgp-public-key-properties.ui:436","Revoke key signature","Отозвать подпись ключа"
"pgp/seahorse-pgp-public-key-properties.ui:443","_Revoke","_Отозвать"
"pgp/seahorse-pgp-public-key-properties.ui:454","Owner trust","Доверитель"
"pgp/seahorse-pgp-public-key-properties.ui:455","Give a trust level to the owner of this key","Довериться владельцу данного ключа"
"pgp/seahorse-pgp-subkey.c:212","Encrypt","Зашифровать"
"pgp/seahorse-pgp-subkey.c:212","This subkey can be used for encryption","Этот подключ может быть использован для шифрования"
"pgp/seahorse-pgp-subkey.c:213","Sign","Подписать"
"pgp/seahorse-pgp-subkey.c:213","This subkey can be used to create data signatures","Этот подключ может быть использован для создания подписей данных"
"pgp/seahorse-pgp-subkey.c:214","Certify","Сертифицировать"
"pgp/seahorse-pgp-subkey.c:214","This subkey can be used to create certificates","Этот подключ может быть использован для создания сертификатов"
"pgp/seahorse-pgp-subkey.c:215","Authenticate","Подтвердить подлинность"
"pgp/seahorse-pgp-subkey.c:215","This subkey can be used for authentication","Этот подключ может быть использован для входа"
"pgp/seahorse-pgp-subkey.c:409","Key","Ключ"
"pgp/seahorse-pgp-subkey.c:414","Subkey %d of %s","Подключ %d ключа %s"
"pgp/seahorse-pgp-subkey-list-box.c:203","Are you sure you want to permanently delete subkey %s?","Уверены, что хотите безвозвратно удалить подключ %s?"
"pgp/seahorse-pgp-subkey-list-box.c:210","Couldn’t delete subkey","Не удалось удалить подключ"
"pgp/seahorse-pgp-subkey-list-box.c:263","Subkey was revoked","Этот подключ был отозван"
"pgp/seahorse-pgp-subkey-list-box.c:270","Subkey has expired","Срок действия этого подключа истёк"
"pgp/seahorse-pgp-subkey-list-box.c:273","Subkey is disabled","Этот подключ запрещён"
"pgp/seahorse-pgp-subkey-list-box.c:283","Never expires","Никогда не истекает"
"pgp/seahorse-pgp-subkey-list-box.c:308","%s (%d bit)","%s (%d бит)"
"pgp/seahorse-pgp-subkey-list-box.c:315","Unknown","Неизвестно"
"pgp/seahorse-pgp-subkey-list-box-row.ui:7","Change expiration date","Изменить срок действия"
"pgp/seahorse-pgp-subkey-list-box-row.ui:11","Revoke subkey","Отозвать подключ"
"pgp/seahorse-pgp-subkey-list-box-row.ui:15","Delete subkey","Удалить подключ"
"pgp/seahorse-pgp-subkey-list-box-row.ui:46","Usages","Использования"
"pgp/seahorse-pgp-subkey-list-box-row.ui:120","Created","Создан"
"pgp/seahorse-pgp-subkey-list-box-row.ui:149","Change expiry date","Изменить срок действия"
"pgp/seahorse-pgp-subkey-list-box-row.ui:156","Revoke","Отозвать"
"pgp/seahorse-pgp-subkey-list-box-row.ui:163 pkcs11/seahorse-pkcs11-properties.ui:22 src/seahorse-key-manager-widgets.ui:18","Delete","Удалить"
"pgp/seahorse-pgp-uid-list-box.c:260","Are you sure you want to permanently delete the “%s” user ID?","Уверены, что хотите безвозвратно удалить идентификатор пользователя «%s»?"
"pgp/seahorse-pgp-uid-list-box.c:268","Couldn’t delete user ID","Не удалось удалить идентификатор пользователя"
"pgp/seahorse-pgp-uid-list-box.c:280","Couldn’t change primary user ID","Не удалось изменить идентификатор главного пользователя"
"pgp/seahorse-pgp-uid-list-box.c:372","(Unknown)","(Неизвестно)"
"pgp/seahorse-pgp-uid-list-box-row.ui:7","Make _primary","Сделать _Основным"
"pgp/seahorse-pgp-uid-list-box-row.ui:64","Signatures","Подписи"
"pgp/seahorse-pgp-uid-list-box-row.ui:77 pgp/seahorse-pgp-uid-list-box-row.ui:88","Only display the signatures of people I trust","Показывать только подписи людей, которым я доверяю"
"pgp/seahorse-pgp-uid-list-box-row.ui:87","Only trusted","Только доверенные"
"pgp/seahorse-pgp-uid-list-box-row.ui:106","No signatures available","Нет подписей"
"pgp/seahorse-transfer.c:233 pgp/seahorse-transfer.c:276","Exporting data","Экспортирование данных"
"pgp/seahorse-transfer.c:233 pgp/seahorse-transfer.c:276","Retrieving data","Получение данных"
"pgp/seahorse-transfer.c:236 pgp/seahorse-transfer.c:279","Importing data","Импортирование данных"
"pgp/seahorse-transfer.c:236 pgp/seahorse-transfer.c:279","Sending data","Отправка данных"
"pgp/seahorse-unknown.c:59","Unavailable","Недоступно"
"pkcs11/certificate-der-exporter.vala:43 pkcs11/pkcs11-certificate.vala:98","Certificate","Сертификат"
"pkcs11/certificate-der-exporter.vala:57","Certificates (DER encoded)","Сертификаты (закодировано DER)"
"pkcs11/pkcs11-certificate.vala:94","Personal certificate and key","Личный сертификат и ключ"
"pkcs11/pkcs11-certificate.vala:96","Personal certificate","Личный сертификат"
"pkcs11/pkcs11-deleter.vala:37","Are you sure you want to permanently delete %d certificate?
msgid_plural: Are you sure you want to permanently delete %d certificates?","msgstr[0]: Действительно безвозвратно удалить %d сертификат?
msgstr[1]: Действительно безвозвратно удалить %d сертификата?
msgstr[2]: Действительно безвозвратно удалить %d сертификатов?"
"pkcs11/pkcs11-generate.vala:229","Couldn’t generate private key","Не удалось сгенерировать закрытый ключ"
"pkcs11/pkcs11-key-deleter.vala:34","I understand that this key will be permanently deleted.","Я понимаю, что этот ключ будет безвозвратно удалён."
"pkcs11/pkcs11-private-key.vala:61","Unnamed private key","Безымянный закрытый ключ"
"pkcs11/pkcs11-private-key.vala:70 src/seahorse-key-manager.ui:227","Private key","Секретный ключ"
"pkcs11/pkcs11-properties.vala:98","Unnamed","Безымянный"
"pkcs11/pkcs11-properties.vala:130","Failed to export certificate","Не удалось экспортировать сертификат"
"pkcs11/pkcs11-properties.vala:154 src/sidebar.vala:464","Couldn’t delete","Не удалось удалить"
"pkcs11/pkcs11-request.vala:56 pkcs11/seahorse-pkcs11-generate.ui:193","Create","Создать"
"pkcs11/pkcs11-request.vala:87","Couldn’t create certificate request","Не удалось создать запрос сертификата"
"pkcs11/pkcs11-request.vala:104","Save certificate request","Сохранить запрос сертификата"
"pkcs11/pkcs11-request.vala:106","_Save","Со_хранить"
"pkcs11/pkcs11-request.vala:111","Certificate request","Запрос сертификата"
"pkcs11/pkcs11-request.vala:119","PEM encoded request","Запрос, закодированный PEM"
"pkcs11/pkcs11-request.vala:147","Couldn’t save certificate request","Не удалось сохранить запрос сертификата"
"pkcs11/pkcs11-token.vala:74","Unknown","Неизвестно"
"pkcs11/seahorse-pkcs11-backend.c:213","X.509 certificates and related keys","Ключи и сертификаты X.509"
"pkcs11/seahorse-pkcs11-generate.ui:6","New private key","Новый секретный ключ"
"pkcs11/seahorse-pkcs11-generate.ui:39","Create a new private key","Создать новый секретный ключ"
"pkcs11/seahorse-pkcs11-generate.ui:58","Label:","Метка:"
"pkcs11/seahorse-pkcs11-generate.ui:71","Stored at:","Расположение:"
"pkcs11/seahorse-pkcs11-generate.ui:128","Key _Type:","_Тип ключа:"
"pkcs11/seahorse-pkcs11-generate.ui:151","Key _Strength (bits):","_Стойкость ключа (в битах):"
"pkcs11/seahorse-pkcs11-properties.ui:23","Delete this certificate or key","Удалить этот сертификат или ключ"
"pkcs11/seahorse-pkcs11-properties.ui:34","Export the certificate","Экспортировать сертификат"
"pkcs11/seahorse-pkcs11-properties.ui:41","Request Certificate","Запросить _сертификата"
"pkcs11/seahorse-pkcs11-properties.ui:42","Create a certificate request file for this key","Создать файл с запросом сертификата для этого ключа"
"pkcs11/seahorse-pkcs11-request.ui:34","Create a certificate request file.","Создать файл запроса сертификата."
"pkcs11/seahorse-pkcs11-request.ui:52","The common name (CN) placed in the certificate request.","Имя сертификата (CN), помещённое в запрос сертификата."
"pkcs11/seahorse-pkcs11-request.ui:54","Name (CN):","Имя (сертификата):"
"src/application.vala:38","Contributions:","Помощники:"
"src/application.vala:65","Version of this application","Версия этого приложения"
"src/application.vala:176","translator-credits","Yuri Myasoedov <ymyasoedov@yandex.ru>, 2012-2014.
Stas Solovey <whats_up@tut.by>, 2012-2018.
Alexey Rubtsov <rushills@gmail.com>, 2021"
"src/application.vala:179","Seahorse Project Homepage","Домашняя страница проекта Пароли и ключи"
"src/import-dialog.vala:30","Data to be imported","Импортируемые данные"
"src/import-dialog.vala:38","_Import","_Импортировать"
"src/import-dialog.vala:77","Import failed","Сбой импортирования"
"src/key-manager.vala:268 ssh/operation.vala:216","Import Key","Импортировать ключ"
"src/key-manager.vala:276","All key files","Все файлы ключей"
"src/key-manager.vala:341","Dropped text","Перетащенный текст"
"src/key-manager.vala:369","Clipboard text","Текст буфера обмена"
"src/key-manager.vala:499","Couldn’t unlock keyring","Не удалось разблокировать хранилище ключей"
"src/seahorse-change-passphrase.ui:8","Change Passphrase","Изменить пароль"
"src/seahorse-change-passphrase.ui:43","New _Passphrase:","_Новый пароль:"
"src/seahorse-change-passphrase.ui:56","Confirm new passphrase","Подтвердить новый пароль"
"src/seahorse-change-passphrase.ui:73","Con_firm Passphrase:","Подтверждение п_ароля:"
"src/seahorse-key-manager.ui:7","_Find remote keys…","_Найти ключи в из сети…"
"src/seahorse-key-manager.ui:12","_Sync and publish keys…","_Синхронизировать и опубликовать ключи…"
"src/seahorse-key-manager.ui:19","_Preferences","Па_раметры"
"src/seahorse-key-manager.ui:24","_Help","_Справка"
"src/seahorse-key-manager.ui:28","_Keyboard Shortcuts","_Сочетания клавиш"
"src/seahorse-key-manager.ui:32","_About Passwords and Keys","О Паролях и ключах"
"src/seahorse-key-manager.ui:40","Filter items:","Фильтрация элементов:"
"src/seahorse-key-manager.ui:42","Show p_ersonal","Показывать _личные"
"src/seahorse-key-manager.ui:47","Show _trusted","Показать _доверенные"
"src/seahorse-key-manager.ui:52","Show an_y","Показать _все"
"src/seahorse-key-manager.ui:91","Secure Shell key","Ключ SSH"
"src/seahorse-key-manager.ui:98","Used to access other computers","Используется для соединения с другими компьютерами"
"src/seahorse-key-manager.ui:125","GPG key","Ключ PGP"
"src/seahorse-key-manager.ui:132","Used to encrypt emails and files","Используется для шифрования почты и файлов"
"src/seahorse-key-manager.ui:159","Password keyring","Хранилище ключей для паролей"
"src/seahorse-key-manager.ui:166","Used to store application and network passwords","Используется для хранения паролей приложений и сетевых узлов"
"src/seahorse-key-manager.ui:200","Safely store a password or secret","Безопасно храните пароль или секрет"
"src/seahorse-key-manager.ui:234","Used to request a certificate","Используется для запроса сертификата"
"src/seahorse-key-manager.ui:260","Import from file…","Импортировать из файла…"
"src/seahorse-key-manager.ui:297","Add a new key or item","Добавить новый ключ или элемент"
"src/seahorse-key-manager.ui:367","Back","Назад"
"src/seahorse-key-manager.ui:402","Search for a key or password","Искать ключ или пароль"
"src/seahorse-key-manager.ui:466","Filter","Фильтр"
"src/seahorse-key-manager.ui:515","This collection seems to be empty","Коллекция выглядит пустой"
"src/seahorse-key-manager.ui:521","Add new items","Добавить новые элементы"
"src/seahorse-key-manager.ui:536","Keyring is locked","Связка ключей заблокирована"
"src/seahorse-key-manager.ui:541","Unlock","Разблокировать"
"src/seahorse-key-manager-widgets.ui:7","Copy secret","Скопировать секрет"
"src/seahorse-key-manager-widgets.ui:12","Export…","Экспортировать…"
"src/seahorse-key-manager-widgets.ui:25","Properties","Свойства"
"src/seahorse-key-manager-widgets.ui:29","Configure Key for Secure Shell…","Настроить ключ для SSH…"
"src/sidebar.vala:377","_Lock","_Заблокировать"
"src/sidebar.vala:382","_Unlock","_Разблокировать"
"src/sidebar.vala:399","_Properties","_Свойства"
"src/sidebar.vala:429","Couldn’t lock","Не удалось заблокировать"
"ssh/backend.vala:27","Secure Shell","Безопасная оболочка"
"ssh/backend.vala:28","Keys used to connect securely to other computers","Ключи используемые для безопасного подключения к другим компьютерам"
"ssh/deleter.vala:41 ssh/deleter.vala:46","Are you sure you want to delete the secure shell key “%s”?","Уверены, что хотите безвозвратно удалить ключ SSH «%s»?"
"ssh/deleter.vala:51","Are you sure you want to delete %u secure shell key?
msgid_plural: Are you sure you want to delete %u secure shell keys?","msgstr[0]: Уверены, что хотите удалить %u ключ SSH?
msgstr[1]: Уверены, что хотите удалить %u ключа SSH?
msgstr[2]: Уверены, что хотите удалить %u ключей SSH?"
"ssh/exporter.vala:52","Secret SSH keys","Секретные ключи SSH"
"ssh/exporter.vala:56","Public SSH keys","Открытые ключи SSH"
"ssh/exporter.vala:87","SSH Key","Ключ SSH"
"ssh/exporter.vala:125","No public key file is available for this key.","Для этого ключа нет ни одного доступного файла открытого ключа."
"ssh/generate.vala:85","Creating Secure Shell Key","Создание ключа SSH"
"ssh/generate.vala:93","Couldn’t load newly generated Secure Shell key","Не удалось загрузить созданный ключ SSH"
"ssh/generate.vala:96","Couldn’t generate Secure Shell key","Не удалось создать ключ SSH"
"ssh/key-length-chooser.vala:92","1024 bits","1024 бит"
"ssh/key-length-chooser.vala:96","256 bits","256 бит"
"ssh/key-length-chooser.vala:100","Unknown key type!","Неизвестный тип ключа!"
"ssh/key-properties.vala:80","Unknown type","Неизвестный тип"
"ssh/key-properties.vala:105","Couldn’t rename key.","Не удалось переименовать ключ."
"ssh/key-properties.vala:131","Couldn’t change authorization for key.","Не удалось изменить параметры авторизации для этого ключа."
"ssh/key-properties.vala:147","Couldn’t change passphrase for key.","Не удалось изменить пароль для этого ключа."
"ssh/key-properties.vala:171","Error deleting the SSH key.","Ошибка при удалении ключа SSH."
"ssh/key.vala:52","Personal SSH key","Личный ключ SSH"
"ssh/key.vala:52","SSH key","Ключ SSH"
"ssh/key.vala:122","(Unreadable Secure Shell Key)","(нечитаемый ключ SSH)"
"ssh/key.vala:125 ssh/key.vala:129","Secure Shell Key","Ключ SSH"
"ssh/operation.vala:111","Remote Host Password","Пароль удалённого сервера"
"ssh/operation.vala:154","Enter Key Passphrase","Введите пароль ключа"
"ssh/operation.vala:180","Passphrase for New Secure Shell Key","Пароль для нового ключа SSH"
"ssh/operation.vala:213","Importing key: %s","Импортирование ключа: %s"
"ssh/operation.vala:213","Importing key. Enter passphrase","Импортирование ключа. Введите пароль"
"ssh/seahorse-ssh-askpass.c:78 ssh/seahorse-ssh-askpass.c:86","Enter your Secure Shell passphrase:","Введите ваш пароль SSH:"
"ssh/seahorse-ssh-askpass.c:100","Old Key Passphrase","Старый пароль ключа"
"ssh/seahorse-ssh-askpass.c:101","Enter the old passphrase for: %s","Введите старый пароль для: %s"
"ssh/seahorse-ssh-askpass.c:105 ssh/seahorse-ssh-askpass.c:110","New Key Passphrase","Новый пароль ключа"
"ssh/seahorse-ssh-askpass.c:106","Enter the new passphrase for: %s","Введите новый пароль для: %s"
"ssh/seahorse-ssh-askpass.c:111","Enter the new passphrase again: %s","Введите новый пароль ещё раз: %s"
"ssh/seahorse-ssh-generate.ui:7","New Secure Shell Key","Новый ключ SSH"
"ssh/seahorse-ssh-generate.ui:38","A Secure Shell (SSH) key lets you connect securely to other computers.","Ключ для безопасной оболочки (SSH) позволяет безопасно подключаться к другим компьютерам."
"ssh/seahorse-ssh-generate.ui:61","_Description","_Описание"
"ssh/seahorse-ssh-generate.ui:94","Your email address, or a reminder of what this key is for.","Адрес эл. почты или другое напоминание для назначения ключа."
"ssh/seahorse-ssh-generate.ui:131","DSA","DSA"
"ssh/seahorse-ssh-generate.ui:132","ECDSA","ECDSA"
"ssh/seahorse-ssh-generate.ui:133","ED25519","ED25519"
"ssh/seahorse-ssh-generate.ui:178","If there is a computer you want to use this key with, you can set up that computer to recognize your new key.","Если есть компьютер, для которого вы хотите использовать этот ключ, вы можете настроить удалённый компьютер для использования вашего нового ключа."
"ssh/seahorse-ssh-generate.ui:201","_Generate","_Сгенерировать"
"ssh/seahorse-ssh-key-properties.ui:11","SSH Key Properties","Свойства ключа SSH"
"ssh/seahorse-ssh-key-properties.ui:64","Name","Имя"
"ssh/seahorse-ssh-key-properties.ui:98","Algorithm","Алгоритм"
"ssh/seahorse-ssh-key-properties.ui:131","Key Length","Длина ключа"
"ssh/seahorse-ssh-key-properties.ui:163","Location","Местоположение"
"ssh/seahorse-ssh-key-properties.ui:230","Public Key","Публичный ключ"
"ssh/seahorse-ssh-key-properties.ui:237","Copy public key to clipboard","Скопировать ключ в буфер обмена"
"ssh/seahorse-ssh-key-properties.ui:276","Remote access","Удалённый доступ"
"ssh/seahorse-ssh-key-properties.ui:277","Allows accessing this computer remotely","Позволяет получить доступ к ключу из сети"
"ssh/seahorse-ssh-key-properties.ui:299","_Export","_Экспортировать"
"ssh/seahorse-ssh-key-properties.ui:313","Change _Passphrase","Изменить _пароль"
"ssh/seahorse-ssh-key-properties.ui:328","_Delete SSH Key","_Удалить ключ SSH"
"ssh/seahorse-ssh-upload.ui:5","Set Up Computer for SSH Connection","Настроить компьютер для работы с SSH"
"ssh/seahorse-ssh-upload.ui:32","To use your Secure Shell key with another computer that uses SSH, you must already have a login account on that computer.","Чтобы использовать ваш ключ SSH с другим компьютером, использующим SSH, у вас уже должна быть учётная запись на том компьютере."
"ssh/seahorse-ssh-upload.ui:48","_Server address:","_Адрес сервера:"
"ssh/seahorse-ssh-upload.ui:77","eg: fileserver.example.com:port","например: fileserver.example.com:порт"
"ssh/seahorse-ssh-upload.ui:93","_Login name:","_Учётная запись:"
"ssh/seahorse-ssh-upload.ui:129","Set Up","Установить"
"ssh/source.vala:46","OpenSSH keys","Ключи OpenSSH"
"ssh/source.vala:51","OpenSSH: %s","OpenSSH: %s"
"ssh/source.vala:55","openssh://%s","openssh://%s"
"ssh/source.vala:250","No private key file is available for this key.","Не удалось найти секретного ключа для этого публичного ключа."
"ssh/upload.vala:67","Couldn’t configure Secure Shell keys on remote computer.","Не удалось настроить ключи SSH на удалённом компьютере."
"ssh/upload.vala:71","Configuring Secure Shell Keys…","Настройка ключей SSH…"
