"location","source","target"
"","po header","Project-Id-Version: simple-scan
Report-Msgid-Bugs-To: https://gitlab.gnome.org/GNOME/simple-scan/issues
POT-Creation-Date: 2022-05-16 12:50+0000
PO-Revision-Date: 2022-04-19 12:13+0300
Last-Translator: Aleksandr Melman <Alexmelman88@gmail.com>
Language-Team: Russian <gnome-cyr@gnome.org>
Language: ru
MIME-Version: 1.0
Content-Type: text/plain; charset=UTF-8
Content-Transfer-Encoding: 8bit
Plural-Forms: nplurals=3; plural=(n%10==1 && n%100!=11 ? 0 : n%10>=2 && n%10<=4 && (n%100<10 || n%100>=20) ? 1 : 2);
X-Launchpad-Export-Date: 2016-12-19 05:08+0000
X-Generator: Poedit 3.0.1
X-DL-Team: ru
X-DL-Module: simple-scan
X-DL-Branch: master
X-DL-Domain: po
X-DL-State: None
"
"data/org.gnome.SimpleScan.gschema.xml:11","Device to scan from","Устройство сканирования"
"data/org.gnome.SimpleScan.gschema.xml:12","SANE device to acquire images from.","Устройство SANE для получения изображений."
"data/org.gnome.SimpleScan.gschema.xml:20","Type of document being scanned","Тип сканируемого документа"
"data/org.gnome.SimpleScan.gschema.xml:21","Type of document being scanned. This setting decides on the scan resolution, colors and post-processing.","Тип сканируемого документа. Эта настройка отвечает за разрешение, глубину цвета и пост-обработку."
"data/org.gnome.SimpleScan.gschema.xml:25","Width of paper in tenths of a mm","Ширина бумаги  в сантиметрах"
"data/org.gnome.SimpleScan.gschema.xml:26","The width of the paper in tenths of a mm (or 0 for automatic paper detection).","Ширина бумаги в десятках мм (или 0 для автоматического определения)"
"data/org.gnome.SimpleScan.gschema.xml:30","Height of paper in tenths of a mm","Высота бумаги в сантиметрах"
"data/org.gnome.SimpleScan.gschema.xml:31","The height of the paper in tenths of a mm (or 0 for automatic paper detection).","Высота бумаги в десятках мм (или 0 для автоматического определения)."
"data/org.gnome.SimpleScan.gschema.xml:35","Brightness of scan","Яркость изображения"
"data/org.gnome.SimpleScan.gschema.xml:36","The brightness adjustment from -100 to 100 (0 being none).","Значение яркости от -100 до 100 (0 — без изменений)."
"data/org.gnome.SimpleScan.gschema.xml:40","Contrast of scan","Контрастность изображения"
"data/org.gnome.SimpleScan.gschema.xml:41","The contrast adjustment from -100 to 100 (0 being none).","Значение контрастности от -100 до 100 (0 — без изменений)."
"data/org.gnome.SimpleScan.gschema.xml:45","Resolution for text scans","Разрешение при сканировании текста"
"data/org.gnome.SimpleScan.gschema.xml:46","The resolution in dots-per-inch to use when scanning text.","Разрешение в точках на дюйм при сканировании текста."
"data/org.gnome.SimpleScan.gschema.xml:50","Resolution for image scans","Разрешение для сканирования изображений"
"data/org.gnome.SimpleScan.gschema.xml:51","The resolution in dots-per-inch to use when scanning images.","Разрешение в точках на дюйм, используемое при сканировании изображений."
"data/org.gnome.SimpleScan.gschema.xml:55","Page side to scan","Сторона страницы для сканирования"
"data/org.gnome.SimpleScan.gschema.xml:56","The page side to scan.","Сторона страницы для сканирования."
"data/org.gnome.SimpleScan.gschema.xml:60","Directory to save files to","Папка для сохранения файлов"
"data/org.gnome.SimpleScan.gschema.xml:61","The directory to save files to. Defaults to the documents directory if unset.","Папка для сохранения файлов. По умолчанию используется папка с документами."
"data/org.gnome.SimpleScan.gschema.xml:65","File format that is used for saving image files","Формат файла, который используется для сохранения файлов изображений"
"data/org.gnome.SimpleScan.gschema.xml:66","MIME type that is used for saving image files. Examples of supported MIME types: image/jpeg, image/png, application/pdf","Тип MIME, который используется для сохранения файлов изображений. Примеры поддерживаемых типов MIME: image/jpeg, image/png, application/pdf"
"data/org.gnome.SimpleScan.gschema.xml:71","Quality value to use for JPEG compression","Значение качества, используемого для сжатия JPEG"
"data/org.gnome.SimpleScan.gschema.xml:72","Quality value to use for JPEG compression.","Значение качества, используемого для сжатия JPEG."
"data/org.gnome.SimpleScan.gschema.xml:77","Delay in millisecond between pages","Задержка в миллисекундах между страницами"
"data/org.gnome.SimpleScan.gschema.xml:78","Delay in millisecond between pages.","Задержка в миллисекундах между страницами."
"data/org.gnome.SimpleScan.gschema.xml:82","Whether or not postprocessing is enabled","Включена или нет постобработка"
"data/org.gnome.SimpleScan.gschema.xml:83","Whether or not postprocessing is enabled.","Включена или нет постобработка."
"data/org.gnome.SimpleScan.gschema.xml:87","The path to the postprocessing script","Путь к сценарию постобработки"
"data/org.gnome.SimpleScan.gschema.xml:88","The path to the postprocessing script.","Путь к сценарию постобработки."
"data/org.gnome.SimpleScan.gschema.xml:92","Additional arguments for the postprocessing script","Дополнительные аргументы для скрипта постобработки"
"data/org.gnome.SimpleScan.gschema.xml:93","Additional arguments for the postprocessing script.","Дополнительные аргументы для скрипта постобработки."
"data/org.gnome.SimpleScan.gschema.xml:97","Whether or not to keep the original, unprocessed file","Сохранять или нет исходный, необработанный файл"
"data/org.gnome.SimpleScan.gschema.xml:98","Whether or not to keep the original, unprocessed file. The ""_orig"" filename will be added to the filename immediately before the file extension.","Сохранять или нет исходный, необработанный файл. Имя ""_orig"" будет добавлено к имени файла непосредственно перед расширением файла."
"data/simple-scan.appdata.xml.in:6 data/simple-scan.desktop.in:3 data/ui/app-window.ui:454 src/app-window.vala:1558 src/app-window.vala:1832","Document Scanner","Сканер документов"
"data/simple-scan.appdata.xml.in:7 data/simple-scan.desktop.in:4","Make a digital copy of your photos and documents","Сделайте цифровую копию своих фотографий и документов"
"data/simple-scan.appdata.xml.in:9","A really easy way to scan both text and images. You can crop out the bad parts of an image and rotate it if it is the wrong way round. You can print your scans, export them to pdf, or save them in a range of image formats.","Очень простой способ сканирования текста и изображений. Вы можете обрезать неудачные части изображения и повернуть его, если оно расположено неправильно. Сканы можно распечатать, экспортировать в pdf или сохранить в различных форматах."
"data/simple-scan.appdata.xml.in:14","This app uses the SANE framework to support most existing scanners.","Это приложение использует фреймворк SANE для поддержки большинства существующих сканеров."
"data/simple-scan.appdata.xml.in:27","The GNOME Project","Проект GNOME"
"data/simple-scan.desktop.in:6","scan;scanner;flatbed;adf;","сканировать;сканер;планшетный;автоподатчик;"
"data/ui/app-window.ui:10","Rotate _Left","Повернуть в_лево"
"data/ui/app-window.ui:19","Rotate _Right","Повернуть в_право"
"data/ui/app-window.ui:28","_Crop","_Обрезать"
"data/ui/app-window.ui:36","_None","_Нет"
"data/ui/app-window.ui:46","A_4","A_4"
"data/ui/app-window.ui:56","A_5","A_5"
"data/ui/app-window.ui:75","_Letter","US _Letter"
"data/ui/app-window.ui:85","Le_gal","US Le_gal"
"data/ui/app-window.ui:95","4×6","4×6"
"data/ui/app-window.ui:105","A_3","A_3"
"data/ui/app-window.ui:115","_Custom","_Другое"
"data/ui/app-window.ui:131","_Rotate Crop","_Повернуть выбранное"
"data/ui/app-window.ui:143","Move Left","Переместить влево"
"data/ui/app-window.ui:151","Move Right","Переместить вправо"
"data/ui/app-window.ui:225","_Single Page","Одна _страница"
"data/ui/app-window.ui:272","All Pages From _Feeder","Все страницы из _автоподатчика"
"data/ui/app-window.ui:319","_Multiple Pages From Flatbed","_Несколько страниц с планшета"
"data/ui/app-window.ui:366","_Text","_Текст"
"data/ui/app-window.ui:413","_Image","_Изображение"
"data/ui/app-window.ui:433 src/app-window.vala:1862","_Preferences","_Параметры"
"data/ui/app-window.ui:472","Stop the current scan","Прервать выполняемое сканирование"
"data/ui/app-window.ui:493","S_top","_Остановить"
"data/ui/app-window.ui:544","_Scan","_Сканировать"
"data/ui/app-window.ui:640","Save document to a file","Сохранить документ в файл"
"data/ui/app-window.ui:714","Refresh device list","Обнов. список устр-в"
"data/ui/authorize-dialog.ui:22","_Authorize","Р_азрешить"
"data/ui/authorize-dialog.ui:80","_Username for resource:","Имя поль_зователя для ресурса:"
"data/ui/authorize-dialog.ui:92","_Password:","_Пароль:"
"data/ui/help-overlay.ui:12","Scanning","Сканирование"
"data/ui/help-overlay.ui:17","Scan a single page","Сканировать одну страницу"
"data/ui/help-overlay.ui:24","Scan all pages from document feeder","Сканировать все страницы с устройства подачи документа"
"data/ui/help-overlay.ui:31","Scan continuously from a flatbed scanner","Непрерывное сканирование с планшетного сканера"
"data/ui/help-overlay.ui:38","Stop scan in progress","Выполняется остановка сканирования"
"data/ui/help-overlay.ui:46","Document Modification","Изменение документа"
"data/ui/help-overlay.ui:51","Move page left","Переместить страницу влево"
"data/ui/help-overlay.ui:58","Move page right","Переместить страницу вправо"
"data/ui/help-overlay.ui:65","Rotate page to the left (anti-clockwise)","Повернуть страницу влево (против часовой стрелки)"
"data/ui/help-overlay.ui:72","Rotate page to the right (clockwise)","Повернуть страницу вправо (по часовой стрелке)"
"data/ui/help-overlay.ui:79","Delete page","Удалить страницу"
"data/ui/help-overlay.ui:87","Document Management","Управление документами"
"data/ui/help-overlay.ui:92","Start new document","Создать новый документ"
"data/ui/help-overlay.ui:99","Save scanned document","Сохранить отсканированный документ"
"data/ui/help-overlay.ui:106","Email scanned document","Отправить отсканированный документ по электронной почте"
"data/ui/help-overlay.ui:113","Print scanned document","Напечатать отсканированный документ"
"data/ui/help-overlay.ui:120","Copy current page to clipboard","Копировать текущую страницу в буфер обмена"
"data/ui/help-overlay.ui:128","General","Общие"
"data/ui/help-overlay.ui:133","Show help","Показать справку"
"data/ui/help-overlay.ui:140","Open menu","Открыть меню"
"data/ui/help-overlay.ui:147","Keyboard shortcuts","Комбинации клавиш"
"data/ui/help-overlay.ui:154","Quit","Выйти"
"data/ui/preferences-dialog.ui:52","Scanning","Сканирование"
"data/ui/preferences-dialog.ui:56","Scan _Sides","Сканировать _стороны"
"data/ui/preferences-dialog.ui:66","Front","Лицевая сторона"
"data/ui/preferences-dialog.ui:76","Back","Обратная сторона"
"data/ui/preferences-dialog.ui:86","Both","Обе"
"data/ui/preferences-dialog.ui:104","_Page Size","_Размер страницы"
"data/ui/preferences-dialog.ui:120","_Delay in Seconds","_Задержка в секундах"
"data/ui/preferences-dialog.ui:121","Interval to scan multiple pages","Интервал для сканирования нескольких страниц"
"data/ui/preferences-dialog.ui:131","0","0"
"data/ui/preferences-dialog.ui:141","3","3"
"data/ui/preferences-dialog.ui:152","6","6"
"data/ui/preferences-dialog.ui:163","10","10"
"data/ui/preferences-dialog.ui:174","15","15"
"data/ui/preferences-dialog.ui:195","Quality","Качество"
"data/ui/preferences-dialog.ui:199","_Text Resolution","Р_азрешение текста"
"data/ui/preferences-dialog.ui:214","_Image Resolution","Разрешение _изображения"
"data/ui/preferences-dialog.ui:229","_Brightness","_Яркость"
"data/ui/preferences-dialog.ui:247","_Contrast","_Контрастность"
"data/ui/preferences-dialog.ui:267","Postprocessing","Постобработка"
"data/ui/preferences-dialog.ui:271","_Enable Postprocessing","_Включить постобработку"
"data/ui/preferences-dialog.ui:294","_Script","_Сценарий"
"data/ui/preferences-dialog.ui:317","_Script arguments","_Аргументы сценария"
"data/ui/preferences-dialog.ui:340","_Keep original file","_Сохранить исходный файл"
"src/app-window.vala:229 src/app-window.vala:1660","_Close","_Закрыть"
"src/app-window.vala:238","Username and password required to access “%s”","Требуется имя пользователя и пароль для доступа к «%s»"
"src/app-window.vala:255","Searching for Scanners…","Поиск сканеров…"
"src/app-window.vala:263","Ready to Scan","Готово к сканированию"
"src/app-window.vala:273","Additional Software Needed","Требуется дополнительное программное обеспечение"
"src/app-window.vala:275","You need to <a href=""install-firmware"">install driver software</a> for your scanner.","Необходимо <a href=""install-firmware"">установить драйвер</a> для вашего сканера."
"src/app-window.vala:282","No Scanners Detected","Сканеры не обнаружены"
"src/app-window.vala:284","Please check your scanner is connected and powered on.","Убедитесь, что сканер подключен и включён."
"src/app-window.vala:388","An autosaved book exists. Do you want to open it?","Существует автоматически сохраненная книга. Хотите ли вы открыть её?"
"src/app-window.vala:462","Save As…","Сохранить как…"
"src/app-window.vala:465 src/app-window.vala:764","_Save","Со_хранить"
"src/app-window.vala:466 src/app-window.vala:648 src/app-window.vala:763","_Cancel","_Отменить"
"src/app-window.vala:476","Scanned Document","Отсканированный документ"
"src/app-window.vala:482","Image Files","Файлы изображений"
"src/app-window.vala:492","All Files","Все файлы"
"src/app-window.vala:501","PDF (multi-page document)","PDF (многостраничный документ)"
"src/app-window.vala:507","JPEG (compressed)","JPEG (сжатый)"
"src/app-window.vala:513","PNG (lossless)","PNG (без потерь в качестве)"
"src/app-window.vala:520","WebP (compressed)","WebP (сжатый)"
"src/app-window.vala:531","File format:","Формат файла:"
"src/app-window.vala:554","Compression:","Сжатие:"
"src/app-window.vala:561","Minimum size","Минимальный размер"
"src/app-window.vala:565","Full detail","Полная информация"
"src/app-window.vala:647","A file named “%s” already exists.  Do you want to replace it?","Файл с именем «%s» уже существует. Заменить его?"
"src/app-window.vala:650","_Replace","_Заменить"
"src/app-window.vala:717","Saving","Сохранение"
"src/app-window.vala:737","Failed to save file","Не удалось сохранить файл"
"src/app-window.vala:761","If you don’t save, changes will be permanently lost.","Если не выполнить сохранение, все изменения будут утеряны."
"src/app-window.vala:797","Save current document?","Сохранить текущий документ?"
"src/app-window.vala:799","_Discard Changes","_Отменить изменения"
"src/app-window.vala:840","Contacting Scanner…","Связываюсь со сканером…"
"src/app-window.vala:911","Scan a single page from the scanner","Сканировать одну страницу со сканера"
"src/app-window.vala:916 src/app-window.vala:921","Scan multiple pages from the scanner","Сканировать несколько страниц со сканера"
"src/app-window.vala:1111","Unable to save image for preview","Не удалось сохранить изображение для предварительного просмотра"
"src/app-window.vala:1123","Unable to open image preview application","Не удалось открыть программу для просмотра изображений"
"src/app-window.vala:1285","Reorder Pages","Организация страниц"
"src/app-window.vala:1308","Combine sides","Объединить стороны"
"src/app-window.vala:1318","Combine sides (reverse)","Объединить стороны (в обратном порядке)"
"src/app-window.vala:1328","Reverse","В обратном порядке"
"src/app-window.vala:1338","Keep unchanged","Оставить без изменений"
"src/app-window.vala:1533","Unable to open help file","Не удалось открыть файл справки"
"src/app-window.vala:1547","About Document Scanner","О Сканере документов"
"src/app-window.vala:1549","Simple document scanning tool","Простой инструмент для сканирования документов"
"src/app-window.vala:1554","translator-credits","Stas Solovey <whats_up@tut.by>, 2015-2018
Роман Верменко <dargodet@gmail.com>, 2017
Aleksandr Melman <alexmelman88@gmail.com>, 2021"
"src/app-window.vala:1573","Save document before quitting?","Сохранить документ перед выходом?"
"src/app-window.vala:1575","_Quit without Saving","_Выйти без сохранения"
"src/app-window.vala:1616","You appear to have a Brother scanner.","Похоже, у вас сканер компании Brother."
"src/app-window.vala:1618","Drivers for this are available on the <a href=""http://support.brother.com"">Brother website</a>.","Драйверы для этих сканеров доступны на <a href=""http://support.brother.com"">веб-сайте Brother</a>."
"src/app-window.vala:1622","You appear to have a Canon scanner, which is supported by the <a href=""http://www.sane-project.org/man/sane-pixma.5.html"">Pixma SANE backend</a>.","Судя по всему, у вас сканер Canon, который поддерживается <a href=""http://www.sane-project.org/man/sane-pixma.5.html"">бэкендом Pixma SANE</a>."
"src/app-window.vala:1624","Please check if your <a href=""http://www.sane-project.org/sane-supported-devices.html"">scanner is supported by SANE</a>, otherwise report the issue to the <a href=""https://alioth-lists.debian.net/cgi-bin/mailman/listinfo/sane-devel"">SANE mailing list</a>.","Пожалуйста, проверьте, <a href=""http://www.sane-project.org/sane-supported-devices.html"">поддерживается</a> ли ваш <a href=""http://www.sane-project.org/sane-supported-devices.html"">сканер SANE</a>, в противном случае сообщите о проблеме в <a href=""https://alioth-lists.debian.net/cgi-bin/mailman/listinfo/sane-devel"">список рассылки SANE</a>."
"src/app-window.vala:1628","You appear to have a Samsung scanner.","Похоже, у вас сканер компании Samsung."
"src/app-window.vala:1631","Drivers for this are available on the <a href=""https://support.hp.com"">HP website</a> (HP acquired Samsung's printing business).","Драйверы для этого устройства доступны на <a href=""https://support.hp.com"">сайте HP</a> (HP приобрела бизнес Samsung по печати)."
"src/app-window.vala:1636","You appear to have an HP scanner.","Похоже, у вас сканер компании HP."
"src/app-window.vala:1644","Drivers for this are available on the <a href=""https://support.hp.com"">HP website</a>.","Драйверы для этого можно найти на <a href=""https://support.hp.com"">веб-сайте HP</a>."
"src/app-window.vala:1648","You appear to have an Epson scanner.","Похоже, у вас сканер компании Epson."
"src/app-window.vala:1650","Drivers for this are available on the <a href=""http://support.epson.com"">Epson website</a>.","Драйверы для этих сканеров доступны на <a href=""http://support.epson.com"">веб-сайте Epson</a>."
"src/app-window.vala:1654","You appear to have an Lexmark scanner.","Похоже, у вас сканер Lexmark."
"src/app-window.vala:1656","Drivers for this are available on the <a href=""http://support.lexmark.com"">Lexmark website</a>.","Драйверы для него можно найти на <a href=""http://support.lexmark.com"">веб-сайте Lexmark</a>."
"src/app-window.vala:1660","Install drivers","Установка драйверов"
"src/app-window.vala:1694","Once installed you will need to restart this app.","После установки вам нужно будет перезапустить это приложение."
"src/app-window.vala:1707","Installing drivers…","Установка драйверов…"
"src/app-window.vala:1715","Drivers installed successfully!","Драйверы успешно установлены!"
"src/app-window.vala:1725","Failed to install drivers (error code %d).","Не удалось установить драйверы (код ошибки %d)."
"src/app-window.vala:1731","Failed to install drivers.","Не удалось установить драйверы."
"src/app-window.vala:1738","You need to install the %s package.
msgid_plural: You need to install the %s packages.","msgstr[0]: Необходимо установить %s пакет.
msgstr[1]: Необходимо установить %s пакета.
msgstr[2]: Необходимо установить %s пакетов."
"src/app-window.vala:1857","_Email","Отправить _почтой"
"src/app-window.vala:1858","Pri_nt","Рас_печатать"
"src/app-window.vala:1859","_Reorder Pages","_Организация страниц"
"src/app-window.vala:1863","_Keyboard Shortcuts","_Комбинации клавиш"
"src/app-window.vala:1864","_Help","_Справка"
"src/app-window.vala:1865","_About Document Scanner","_О Сканере документов"
"src/app-window.vala:1873","_New Document","_Новый документ"
"src/app-window.vala:1892","Rotate the page to the left (counter-clockwise)","Повернуть страницу влево (против часовой стрелки)"
"src/app-window.vala:1901","Rotate the page to the right (clockwise)","Повернуть страницу вправо (по часовой стрелке)"
"src/app-window.vala:1913","Crop the selected page","Обрезать выбранную страницу"
"src/app-window.vala:1931","Delete the selected page","Удалить выбранную страницу"
"src/app-window.vala:2107","Cancel","Отменить"
"src/book.vala:355 src/book.vala:361","Unable to encode page %i","Не удалось преобразовать страницу %i"
"src/preferences-dialog.vala:71","Automatic","Автоматический"
"src/preferences-dialog.vala:108","Darker","Темнее"
"src/preferences-dialog.vala:110","Lighter","Светлее"
"src/preferences-dialog.vala:118","Less","Меньше"
"src/preferences-dialog.vala:120","More","Больше"
"src/preferences-dialog.vala:318","%d dpi (default)","%d dpi (по умолчанию)"
"src/preferences-dialog.vala:321","%d dpi (draft)","%d dpi (черновик)"
"src/preferences-dialog.vala:324","%d dpi (high resolution)","%d dpi (высокое разрешение)"
"src/preferences-dialog.vala:327","%d dpi","%d dpi"
"src/scanner.vala:901","No scanners available.  Please connect a scanner.","Нет доступных сканеров. Подключите сканер."
"src/scanner.vala:931","Unable to connect to scanner","Не удалось подключиться к сканеру"
"src/scanner.vala:1361 src/scanner.vala:1496","Document feeder empty","Автоподача документов пуста"
"src/scanner.vala:1369","Insufficient memory to perform scan.
Try to decrease <tt>Resolution</tt> or <tt>Page Size</tt> in <tt>Preferences</tt> menu. For some scanners when scanning in high resolution, the scan size is restricted.","Недостаточно памяти для выполнения сканирования.
Попробуйте уменьшить <tt>Разрешение</tt> или <tt>Размер страницы</tt> в меню <tt>Параметры</tt>. Для некоторых сканеров при сканировании в высоком разрешении размер сканирования ограничен."
"src/scanner.vala:1382","Unable to start scan","Не удалось начать сканирование"
"src/scanner.vala:1395 src/scanner.vala:1506","Error communicating with scanner","Ошибка связи со сканером"
"src/simple-scan.vala:21","Show release version","Показать версию"
"src/simple-scan.vala:24","Print debugging messages","Показать сообщения отладки"
"src/simple-scan.vala:26","Fix PDF files generated with older versions of this app","Исправить PDF-файлы, созданные предыдущими версиями Сканера документов"
"src/simple-scan.vala:1758","Failed to scan","Сканирование не удалось"
"src/simple-scan.vala:1773","Scan in progress","Выполняется сканирование"
"src/simple-scan.vala:1957","[DEVICE…] — Scanning utility","[DEVICE…] — Устройство сканирования"
"src/simple-scan.vala:1968","Run “%s --help” to see a full list of available command line options.","Выполните «%s --help», чтобы вывести полный список доступных опций."
