"location","source","target"
"","po header","Project-Id-Version: gnome-games trunk
Report-Msgid-Bugs-To: https://gitlab.gnome.org/GNOME/swell-foop/issues
POT-Creation-Date: 2022-03-08 18:50+0000
PO-Revision-Date: 2022-01-08 01:49+1000
Last-Translator: Ser82-png
Language-Team: Русский <gnome-cyr@gnome.org>
Language: ru
MIME-Version: 1.0
Content-Type: text/plain; charset=UTF-8
Content-Transfer-Encoding: 8bit
Plural-Forms: nplurals=3; plural=(n%10==1 && n%100!=11 ? 0 : n%10>=2 && n%10<=4 && (n%100<10 || n%100>=20) ? 1 : 2);
X-Generator: Poedit 2.3
"
"data/org.gnome.SwellFoop.appdata.xml.in:7 data/org.gnome.SwellFoop.desktop.in:3 data/ui/swell-foop.ui:141 data/ui/swell-foop.ui:147 src/swell-foop.vala:16","Swell Foop","Swell Foop"
"data/org.gnome.SwellFoop.appdata.xml.in:8 data/org.gnome.SwellFoop.desktop.in:4","Clear the screen by removing groups of colored and shaped tiles","Очистите поле, удаляя группы цветных шаров"
"data/org.gnome.SwellFoop.appdata.xml.in:10","Remove as many squares as possible from the board. Click on a group of squares of the same color to make them all disappear in one fell swoop, causing other squares to fall into place. It is not possible to remove a single square at a time. You get far more points for clearing a larger group of squares, and also for clearing the entire board.","Уберите с доски как можно больше квадратов. Нажмите на группу квадратов одного цвета, чтобы убрать их с доски. Вы не можете убирать одиночные квадраты. Чем больше удаляемая группа квадратов, тем больше очков вы получаете. Очки также начисляются за полную очистку игровой доски."
"data/org.gnome.SwellFoop.appdata.xml.in:17","Swell Foop is always very quick to play, but you can make it somewhat longer by changing the board size.","Swell Foop — быстрая игра, но вы можете сделать её чуть длиннее, изменяя размер доски."
"data/org.gnome.SwellFoop.appdata.xml.in:71","The GNOME Project","Проект GNOME"
"data/org.gnome.SwellFoop.desktop.in:6","game;logic;board;same;matching;","game;logic;board;same;matching;игра;логическая;настольная;совпадение;"
"data/org.gnome.SwellFoop.gschema.xml:11","The theme to use","Используемая в игре тема"
"data/org.gnome.SwellFoop.gschema.xml:13","The title of the tile theme to use.","Название файла используемой игровой темы."
"data/org.gnome.SwellFoop.gschema.xml:18","Board size","Размер игрового поля"
"data/org.gnome.SwellFoop.gschema.xml:20","The size of the game board.","Размер игровой доски."
"data/org.gnome.SwellFoop.gschema.xml:26","Board color count","Количество цветов на доске"
"data/org.gnome.SwellFoop.gschema.xml:28","The number of colors of tiles to use in the game.","Количество различных цветов, используемых на игровой доске."
"data/org.gnome.SwellFoop.gschema.xml:33","Is this the first run","Если это первый запуск"
"data/org.gnome.SwellFoop.gschema.xml:35","Setting to decide whether to show first-run hint dialog or not.","Параметр, определяющий, нужно ли показывать диалог первого запуска."
"data/org.gnome.SwellFoop.gschema.xml:40","Zealous animation","Использовать быструю анимацию"
"data/org.gnome.SwellFoop.gschema.xml:42","Use more flashy, but slower, animations.","Использовать красивую анимацию."
"data/org.gnome.SwellFoop.gschema.xml:47","Saved game","Сохранённая игра"
"data/org.gnome.SwellFoop.gschema.xml:49","Has value “nothing” if there is no saved game. Else, contains a copy of the initial board, an index in the history, and the history of actions saved by an array of coords.","Имеет значение “nothing”, если нет сохраненной игры. Иначе, содержит копию исходной доски, индекс в журнале и журнал действий, сохраненные в массиве координат."
"data/ui/first-run-stack.ui:43","Welcome to Swell Foop","Добро пожаловать в Swell Foop"
"data/ui/first-run-stack.ui:64","Let’s _Play","_Играть"
"data/ui/help-overlay.ui:31","Play with keyboard","Играть с помощью клавиатуры"
"data/ui/help-overlay.ui:36","Move keyboard highlight","Переместить выделение с помощью клавиатуры"
"data/ui/help-overlay.ui:44","Destroy selected block","Уничтожить выбранный блок"
"data/ui/help-overlay.ui:54","History","История"
"data/ui/help-overlay.ui:59","Undo","Отменить"
"data/ui/help-overlay.ui:67","Redo","Вернуть"
"data/ui/help-overlay.ui:75","Restart","Перезапустить"
"data/ui/help-overlay.ui:85","Main functions","Основные функции"
"data/ui/help-overlay.ui:91","Start a new game","Начать новую игру"
"data/ui/help-overlay.ui:100","Generic","Общее"
"data/ui/help-overlay.ui:105","Open menu","Открыть меню"
"data/ui/help-overlay.ui:113","Keyboard shortcuts","Комбинации клавиш"
"data/ui/help-overlay.ui:121","Help","Справка"
"data/ui/help-overlay.ui:129","About","О приложении"
"data/ui/help-overlay.ui:137","Quit","Выход"
"data/ui/swell-foop.ui:25 data/ui/swell-foop.ui:74 src/window.vala:303","_New Game","_Новая игра"
"data/ui/swell-foop.ui:30","_Setup","_Настройка"
"data/ui/swell-foop.ui:34","_Small (6 × 5)","_Маленький (6 × 5)"
"data/ui/swell-foop.ui:40","Nor_mal (15 × 10)","_Обычный (15 × 10)"
"data/ui/swell-foop.ui:46","_Large (20 × 15)","_Большой (20 × 15)"
"data/ui/swell-foop.ui:54","_Two colors","_Два цвета"
"data/ui/swell-foop.ui:60","T_hree colors","_Три цвета"
"data/ui/swell-foop.ui:66","_Four colors","_Четыре цвета"
"data/ui/swell-foop.ui:83","High _Scores","Лучшие _результаты"
"data/ui/swell-foop.ui:88","A_ppearance","_Вид"
"data/ui/swell-foop.ui:92","_Colors","_Цвета"
"data/ui/swell-foop.ui:98","_Shapes and Colors","_Фигуры и цвета"
"data/ui/swell-foop.ui:104","_Boring Shapes","_Скучные фигуры"
"data/ui/swell-foop.ui:112","_Zealous Animation","_Быстрая анимация"
"data/ui/swell-foop.ui:121","_Keyboard Shortcuts","_Комбинации клавиш"
"data/ui/swell-foop.ui:126","_Help","_Справка"
"data/ui/swell-foop.ui:131","_About Swell Foop","_О приложении Swell Foop"
"data/ui/swell-foop.ui:160","Undo","Отменить"
"data/ui/swell-foop.ui:177","Redo","Вернуть"
"src/game-view.vala:439","_Play Again","_Играть снова"
"src/game-view.vala:631","%u point
msgid_plural: %u points","msgstr[0]: %u очко
msgstr[1]: %u очка
msgstr[2]: %u очков"
"src/game-view.vala:634","Game Over!","Игра окончена!"
"src/swell-foop.vala:25","Print release version and exit","Показать номер версии и выйти"
"src/swell-foop.vala:106 src/swell-foop.vala:114","Tim Horton","Tim Horton"
"src/swell-foop.vala:110","Sophia Yu","Sophia Yu"
"src/swell-foop.vala:123","I want to play that game!
You know, they all light-up and you click on them and they vanish!","Хочу играть в эту игру!
Они все светятся и пропадают, когда вы щёлкаете по ним!"
"src/swell-foop.vala:127","Copyright © 2009 Tim Horton","Авторские права © 2009 Тим Хортон (Tim Horton)"
"src/swell-foop.vala:131","translator-credits","Ivan Komaritsyn <vantu5z@mail.ru>, 2015.
Yuri Myasoedov <ymyasoedov@yandex.ru>, 2012, 2015.
Stas Solovey <whats_up@tut.by>, 2015-2018.
Ser82-png, 2022."
"src/window.vala:52","Small","Маленький"
"src/window.vala:55","Normal","Обычный"
"src/window.vala:58","Large","Большой"
"src/window.vala:146","Clear as many blocks as you can.
Fewer clicks means more points.","Удалите столько блоков, сколько сможете.
Чем меньше нажатий, тем больше очков."
"src/window.vala:174","Score: %u","Счёт: %u"
"src/window.vala:297","Abandon this game to start a new one?","Бросить эту игру и начать новую?"
"src/window.vala:300","_Cancel","_Отмена"
"src/window.vala:389","%s, %d color
msgid_plural: %s, %d colors","msgstr[0]: %s, %d цвет
msgstr[1]: %s, %d цвета
msgstr[2]: %s, %d цветов"
"src/window.vala:400","Type","Тип"
