"location","source","target"
"","po header","Project-Id-Version: gnome-games trunk
Report-Msgid-Bugs-To: https://gitlab.gnome.org/GNOME/tali/issues
POT-Creation-Date: 2022-07-04 18:27+0000
PO-Revision-Date: 2022-01-17 16:44+0200
Last-Translator: Alexey Rubtsov <rushills@gmail.com>
Language-Team: Русский <gnome-cyr@gnome.org>
Language: ru
MIME-Version: 1.0
Content-Type: text/plain; charset=UTF-8
Content-Transfer-Encoding: 8bit
Plural-Forms: nplurals=3; plural=(n%10==1 && n%100!=11 ? 0 : n%10>=2 && n%10<=4 && (n%100<10 || n%100>=20) ? 1 : 2);
X-Generator: Poedit 3.0.1
"
"data/help-overlay.ui:16","Start a new game","Начать новую игру"
"data/help-overlay.ui:23","Roll the dice","Бросить кости"
"data/help-overlay.ui:30","Toggle the first die","Выбрать первую кость"
"data/help-overlay.ui:37","Toggle the second die","Выбрать вторую кость"
"data/help-overlay.ui:44","Toggle the third die","Выбрать третью кость"
"data/help-overlay.ui:51","Toggle the fourth die","Выбрать четвёртую кость"
"data/help-overlay.ui:58","Toggle the fifth die","Выбрать пятую кость"
"data/help-overlay.ui:65","Undo move","Отменить ход"
"data/help-overlay.ui:72","Show Help","Показать справку"
"data/help-overlay.ui:79","Show Keyboard Shortcuts","Показать комбинации клавиш"
"data/help-overlay.ui:86","Quit","Завершить"
"data/org.gnome.Tali.appdata.xml.in:7 data/org.gnome.Tali.desktop.in:3 src/gyahtzee.c:52","Tali","Тали"
"data/org.gnome.Tali.appdata.xml.in:8","Roll dice and score points","Бросайте кости и набирайте очки"
"data/org.gnome.Tali.appdata.xml.in:10","A variation on poker with dice and less money, this game is a family classic. Throw the dice three times in a row, holding back the ones you like, in order to make the best possible hand. You can also play a lesser-known variant with colored dice.","Вариация игры в покер с костями. Выкидываете кости три раз подряд, откладывая после броска выгодные цифры. Вы также можете сыграть в менее известный вариант с цветными костями."
"data/org.gnome.Tali.appdata.xml.in:16","Play between one and five opponents at three difficulty levels.","Играйте с оппонентами (от одного до пяти) на трёх уровнях сложности."
"data/org.gnome.Tali.appdata.xml.in:270","The GNOME Project","Проект GNOME"
"data/org.gnome.Tali.desktop.in:4","Beat the odds in a poker-style dice game","Сыграйте в кости в стиле покера"
"data/org.gnome.Tali.desktop.in:8","yahtzee;","яцзы;"
"data/org.gnome.Tali.gschema.xml:11","Delay between rolls","Задержка между бросками"
"data/org.gnome.Tali.gschema.xml:12","Choose whether or not to insert a delay between the computer’s dice rolls so the player can follow what it is doing.","Выберите, вставлять или нет задержку между бросками костей компьютером так, чтобы игрок мог видеть, что происходит."
"data/org.gnome.Tali.gschema.xml:16","Display the computer’s thoughts","Показывать ход размышлений компьютера"
"data/org.gnome.Tali.gschema.xml:17","If set to true, a dump of the AI’s working will be done to standard output.","Если выбрано, то в стандартный вывод будет выводиться результат работы искусственного интеллекта."
"data/org.gnome.Tali.gschema.xml:20","[ 'Human', 'Alice', 'Bob', 'Carol', 'Dave', 'Eve' ]","[ 'Человек', 'Иван', 'Андрей', 'Василий', 'Анастасия', 'Полина' ]"
"data/org.gnome.Tali.gschema.xml:23","'Regular'","'Обычная'"
"data/tali-menus.ui:7","_New Game","_Новая игра"
"data/tali-menus.ui:11","_Scores","_Результаты"
"data/tali-menus.ui:17","_Preferences","_Параметры"
"data/tali-menus.ui:21","_Keyboard Shortcuts","_Комбинации клавиш"
"data/tali-menus.ui:25","_Help","_Справка"
"data/tali-menus.ui:29","_About Tali","_О приложении"
"src/clist.c:156","Already used! Where do you want to put that?","Уже занято! Куда это поместить?"
"src/clist.c:412","Score: %d","Счёт: %d"
"src/clist.c:414","Field used","Используемое поле"
"src/gyahtzee.c:97","Delay computer moves","Задержка ходов компьютера"
"src/gyahtzee.c:99","Display computer thoughts","Показать мысли компьютера"
"src/gyahtzee.c:101","Number of computer opponents","Количество компьютерных соперников"
"src/gyahtzee.c:101 src/gyahtzee.c:103 src/gyahtzee.c:107 src/gyahtzee.c:109","NUMBER","ЧИСЛО"
"src/gyahtzee.c:103","Number of human opponents","Количество соперников-людей"
"src/gyahtzee.c:105","Game choice: Regular or Colors","Выбор игры: обычная или цветная"
"src/gyahtzee.c:105","STRING","СТРОКА"
"src/gyahtzee.c:107","Number of computer-only games to play","Количество игр только для компьютеров"
"src/gyahtzee.c:109","Number of trials for each roll for the computer","Количество попыток для каждого броска компьютера"
"src/gyahtzee.c:121 src/setup.c:354","Regular","Обычная"
"src/gyahtzee.c:122 src/setup.c:355","Colors","Цветная"
"src/gyahtzee.c:162","Roll all!","Бросить все!"
"src/gyahtzee.c:165 src/gyahtzee.c:827","Roll!","Бросок!"
"src/gyahtzee.c:212","The game is a draw!","Игра закончилась ничьей!"
"src/gyahtzee.c:227","%s wins the game with %d point
msgid_plural: %s wins the game with %d points","msgstr[0]: %s победил в игре с %d очком
msgstr[1]: %s победил в игре с %d очками
msgstr[2]: %s победил в игре с %d очками"
"src/gyahtzee.c:231","Game over!","Игра закончена!"
"src/gyahtzee.c:275","Computer playing for %s","Компьютер играет за %s"
"src/gyahtzee.c:277","%s! – You’re up.","%s! — Ваша очередь."
"src/gyahtzee.c:470","Select dice to roll or choose a score slot.","Выберите кости для перебрасывания или выберите клетку счёта."
"src/gyahtzee.c:497","Roll","Бросить"
"src/gyahtzee.c:555","You are only allowed three rolls. Choose a score slot.","Можно сделать только три броска. Выберите клетку."
"src/gyahtzee.c:612","GNOME version (1998):","Версия GNOME (1998):"
"src/gyahtzee.c:615","Console version (1992):","Текстовая версия (1992):"
"src/gyahtzee.c:618","Colors game and multi-level AI (2006):","Цветной режим игры и многоуровневый ИИ (2006):"
"src/gyahtzee.c:635","A variation on poker with dice and less money.","Вариант игры в покер с костями и деньгами."
"src/gyahtzee.c:639","translator-credits","Ivan Komaritsyn <vantu5z@mail.ru>, 2015.
Yuri Myasoedov <ymyasoedov@yandex.ru>, 2014."
"src/gyahtzee.c:791","Undo your most recent move","Отменить последний ход"
"src/gyahtzee.c:879","Game Type:","Тип игры:"
"src/gyahtzee.c:1013 src/yahtzee.c:68","Human","Человек"
"src/setup.c:118","Preferences will be updated in the next game.","Параметры будут применены в следующей игре."
"src/setup.c:260","Preferences","Параметры"
"src/setup.c:280","Human Players","Игроки-люди"
"src/setup.c:290","_Number of players:","_Количество игроков:"
"src/setup.c:304","Computer Opponents","Компьютерные соперники"
"src/setup.c:311","_Delay between rolls","_Задержка между бросками"
"src/setup.c:321","N_umber of opponents:","Количество _соперников:"
"src/setup.c:335","_Difficulty:","С_ложность:"
"src/setup.c:338","Easy","Лёгкая"
"src/setup.c:339","Medium","Средняя"
"src/setup.c:340","Hard","Тяжёлая"
"src/setup.c:351","Game Type","Тип игры"
"src/setup.c:363","Player Names","Имена игроков"
"src/yahtzee.c:84 src/yahtzee.c:108 src/yahtzee.c:512","1s [total of 1s]","1 [сумма единиц]"
"src/yahtzee.c:85 src/yahtzee.c:109 src/yahtzee.c:513","2s [total of 2s]","2 [сумма двоек]"
"src/yahtzee.c:86 src/yahtzee.c:110 src/yahtzee.c:514","3s [total of 3s]","3 [сумма троек]"
"src/yahtzee.c:87 src/yahtzee.c:111 src/yahtzee.c:515","4s [total of 4s]","4 [сумма четвёрок]"
"src/yahtzee.c:88 src/yahtzee.c:112 src/yahtzee.c:516","5s [total of 5s]","5 [сумма пятёрок]"
"src/yahtzee.c:89 src/yahtzee.c:113 src/yahtzee.c:517","6s [total of 6s]","6 [сумма шестёрок]"
"src/yahtzee.c:91 src/yahtzee.c:116 src/yahtzee.c:518","3 of a Kind [total]","3 одинаковых [сумма]"
"src/yahtzee.c:92 src/yahtzee.c:519","4 of a Kind [total]","4 одинаковых [сумма]"
"src/yahtzee.c:93 src/yahtzee.c:520","Full House [25]","Фулл-хаус [25]"
"src/yahtzee.c:94 src/yahtzee.c:521","Small Straight [30]","Малый стрит [30]"
"src/yahtzee.c:95 src/yahtzee.c:120 src/yahtzee.c:522","Large Straight [40]","Главный стрит [40]"
"src/yahtzee.c:96","5 of a Kind [50]","5 одинаковых [50]"
"src/yahtzee.c:97 src/yahtzee.c:123 src/yahtzee.c:524","Chance [total]","Шанс [сумма]"
"src/yahtzee.c:99 src/yahtzee.c:125","Lower Total","Малая сумма"
"src/yahtzee.c:100 src/yahtzee.c:126","Grand Total","Главная сумма"
"src/yahtzee.c:102 src/yahtzee.c:128","Upper total","Верхняя сумма"
"src/yahtzee.c:103 src/yahtzee.c:129","Bonus if >62","Бонус, если >62"
"src/yahtzee.c:115 src/yahtzee.c:525","2 pair Same Color [total]","2 пары одного цвета [сумма]"
"src/yahtzee.c:117 src/yahtzee.c:526","Full House [15 + total]","Фулл-хаус [15 + сумма]"
"src/yahtzee.c:118 src/yahtzee.c:527","Full House Same Color [20 + total]","Фулл-хаус одного цвета [20 + сумма]"
"src/yahtzee.c:119 src/yahtzee.c:528","Flush (all same color) [35]","Флэш (все одного цвета) [35]"
"src/yahtzee.c:121 src/yahtzee.c:529","4 of a Kind [25 + total]","4 одинаковых [25 + сумма]"
"src/yahtzee.c:122 src/yahtzee.c:530","5 of a Kind [50 + total]","5 одинаковых [50 + сумма]"
"src/yahtzee.c:249","Choose a score slot.","Выберите клетку счёта."
"src/yahtzee.c:523","5 of a Kind [total]","5 одинаковых [сумма]"
