"location","source","target"
"","po header","Project-Id-Version: totem trunk
Report-Msgid-Bugs-To: https://gitlab.gnome.org/GNOME/totem-pl-parser/issues
POT-Creation-Date: 2022-06-21 09:17+0000
PO-Revision-Date: 2016-11-24 00:26+0300
Last-Translator: Stas Solovey <whats_up@tut.by>
Language-Team: Русский <gnome-cyr@gnome.org>
Language: ru
MIME-Version: 1.0
Content-Type: text/plain; charset=UTF-8
Content-Transfer-Encoding: 8bit
Plural-Forms: nplurals=3; plural=(n%10==1 && n%100!=11 ? 0 : n%10>=2 && n%10<=4 && (n%100<10 || n%100>=20) ? 1 : 2)
X-Generator: Gtranslator 2.91.7
"
"plparse/totem-disc.c:276 plparse/totem-disc.c:289 plparse/totem-disc.c:532","Failed to mount %s.","Не удалось подключить %s."
"plparse/totem-disc.c:418","No media in drive for device “%s”.","Нет носителя в приводе устройства «%s»."
"plparse/totem-disc.c:475","Please check that a disc is present in the drive.","Убедитесь, что диск вставлен в устройство."
"plparse/totem-disc.c:946","Audio CD","Аудио CD"
"plparse/totem-disc.c:948","Video CD","Видео CD"
"plparse/totem-disc.c:950","DVD","DVD"
"plparse/totem-disc.c:952","Digital Television","Цифровое телевидение"
"plparse/totem-disc.c:954","Blu-ray","Blu-ray"
