"location","source","target"
"","po header","Project-Id-Version: ru
Report-Msgid-Bugs-To: https://gitlab.gnome.org/GNOME/tracker/issues
POT-Creation-Date: 2022-07-02 18:58+0000
PO-Revision-Date: 2022-07-01 18:49+0300
Last-Translator: Aleksandr Melman <Alexmelman88@gmail.com>
Language-Team: Русский <gnome-cyr@gnome.org>
Language: ru
MIME-Version: 1.0
Content-Type: text/plain; charset=UTF-8
Content-Transfer-Encoding: 8bit
Plural-Forms: nplurals=3; plural=(n%10==1 && n%100!=11 ? 0 : n%10>=2 && n%10<=4 && (n%100<10 || n%100>=20) ? 1 : 2);
X-Generator: Poedit 3.0.1
"
"src/libtracker-sparql/core/tracker-collation.c:333","the|a|an","the|a|an"
"src/portal/tracker-main.c:53","Version","Версия"
"src/portal/tracker-main.c:109 src/tracker/tracker-endpoint.c:387 src/tracker/tracker-export.c:509 src/tracker/tracker-import.c:196 src/tracker/tracker-sparql.c:1566 src/tracker/tracker-sql.c:239","Unrecognized options","Неизвестный параметр"
"src/tracker/tracker-endpoint.c:50 src/tracker/tracker-export.c:48 src/tracker/tracker-import.c:46 src/tracker/tracker-sparql.c:110 src/tracker/tracker-sql.c:44","Location of the database","Местоположение базы данных"
"src/tracker/tracker-endpoint.c:51 src/tracker/tracker-endpoint.c:63","DIR","КАТ"
"src/tracker/tracker-endpoint.c:54","Specify the DBus name of this endpoint","Укажите имя целевой точки DBus"
"src/tracker/tracker-endpoint.c:55 src/tracker/tracker-endpoint.c:59","NAME","ИМЯ"
"src/tracker/tracker-endpoint.c:58","Specify the ontology name used in this endpoint","Укажите имя онтологии, использованной в этой целевой точке"
"src/tracker/tracker-endpoint.c:62","Specify a path to an ontology to be used in this endpoint","Укажите местоположение онтологии, использованной в этой целевой точке"
"src/tracker/tracker-endpoint.c:66","HTTP port","Порт HTTP"
"src/tracker/tracker-endpoint.c:70","Whether to only allow HTTP connections in the loopback device","Разрешать ли только HTTP соединение при в устройстве loopback"
"src/tracker/tracker-endpoint.c:74","Use session bus","Использовать шину сессии"
"src/tracker/tracker-endpoint.c:78","Use system bus","Использовать системную шину"
"src/tracker/tracker-endpoint.c:82","List SPARQL endpoints available in DBus","Перечислить список конечных точек SPARQL, доступных в DBus"
"src/tracker/tracker-endpoint.c:103","--list can only be used with --session or --system","--list  может использоваться только с --session или --system"
"src/tracker/tracker-endpoint.c:109","One “ontology” or “ontology-path” option should be provided","Должна быть указана одна опция «ontology» или «ontology-path»"
"src/tracker/tracker-endpoint.c:115","--http-port cannot be used with --dbus-service","--http-port cannot не может использоваться с --dbus-service"
"src/tracker/tracker-endpoint.c:186","Creating HTTP endpoint at %s…","Создание конечной точки HTTP в %s…"
"src/tracker/tracker-endpoint.c:206 src/tracker/tracker-endpoint.c:269","Listening to SPARQL commands. Press Ctrl-C to stop.","Слушаю команды SPARQL. Нажмите Ctrl-C, чтобы остановить."
"src/tracker/tracker-endpoint.c:214 src/tracker/tracker-endpoint.c:284","Closing connection…","Закрываю соединение…"
"src/tracker/tracker-endpoint.c:229","Creating endpoint at %s…","Создаю конечную точку в %s…"
"src/tracker/tracker-endpoint.c:265","Could not own DBus name","Не удалось захватить имя DBus"
"src/tracker/tracker-endpoint.c:279","DBus name lost","Потеряно имя DBus"
"src/tracker/tracker-endpoint.c:421","Opening database at %s…","Открываю базу данных в %s…"
"src/tracker/tracker-endpoint.c:424","Creating in-memory database","Создание базы данных в памяти"
"src/tracker/tracker-endpoint.c:451","New database created. Use the “--dbus-service” option to share this database on a message bus.","Новая база данных создана. Используйте опцию «—dbus-service» чтобы подключить шину сообщений к ней."
"src/tracker/tracker-export.c:49 src/tracker/tracker-import.c:47 src/tracker/tracker-import.c:62 src/tracker/tracker-import.c:63 src/tracker/tracker-sparql.c:111 src/tracker/tracker-sparql.c:123 src/tracker/tracker-sql.c:45 src/tracker/tracker-sql.c:49","FILE","ФАЙЛ"
"src/tracker/tracker-export.c:52 src/tracker/tracker-import.c:50 src/tracker/tracker-sparql.c:114","Connects to a DBus service","Соединяется с сервисом DBus"
"src/tracker/tracker-export.c:53 src/tracker/tracker-import.c:51 src/tracker/tracker-sparql.c:115","DBus service name","Имя сервиса DBus"
"src/tracker/tracker-export.c:56 src/tracker/tracker-import.c:54 src/tracker/tracker-sparql.c:118","Connects to a remote service","Подключается к удалённому сервису"
"src/tracker/tracker-export.c:57 src/tracker/tracker-import.c:55 src/tracker/tracker-sparql.c:119","Remote service URI","URI удалённого сервиса"
"src/tracker/tracker-export.c:60","Output TriG format which includes named graph information","Вывести формат TriG, содержащий информацию именованного графа"
"src/tracker/tracker-export.c:72 src/tracker/tracker-export.c:73","IRI","ИИР"
"src/tracker/tracker-export.c:98 src/tracker/tracker-import.c:88 src/tracker/tracker-sparql.c:199","Specify one “--database”, “--dbus-service” or “--remote-service” option","Укажите одну опцию «—database», «—dbus-service» или «—remote-service»"
"src/tracker/tracker-export.c:305 src/tracker/tracker-export.c:325 src/tracker/tracker-import.c:125 src/tracker/tracker-sparql.c:1124","No error given","Сообщение об ошибке не указано"
"src/tracker/tracker-export.c:324 src/tracker/tracker-import.c:124 src/tracker/tracker-sparql.c:1123","Could not establish a connection to Tracker","Не удалось установить соединение с Tracker"
"src/tracker/tracker-export.c:391 src/tracker/tracker-export.c:404 src/tracker/tracker-export.c:414 src/tracker/tracker-sparql.c:1502 src/tracker/tracker-sql.c:137 src/tracker/tracker-sql.c:170","Could not run query","Не удалось выполнить запрос"
"src/tracker/tracker-help.c:60 src/tracker/tracker-help.c:72","failed to exec “%s”: %s","не удалось запустить «%s»: %s"
"src/tracker/tracker-import.c:58","Read TriG format which includes named graph information","Прочитать формат TriG, содержащий информацию именованного графа"
"src/tracker/tracker-import.c:103 src/tracker/tracker-import.c:141","Could not run import","Не удалось запустить импорт"
"src/tracker/tracker-main.c:89","Get help on how to use Tracker and any of these commands","Справка по использованию Tracker и любых его команд"
"src/tracker/tracker-main.c:90","Create a SPARQL endpoint","Создать конечную точку SPARQL"
"src/tracker/tracker-main.c:91","Export data from a Tracker database","Экспортировать данные из базы данных Tracker"
"src/tracker/tracker-main.c:92","Import data into a Tracker database","Импортировать данные в базу данных Tracker"
"src/tracker/tracker-main.c:93","Query and update the index using SPARQL or search, list and tree the ontology","Запрашивать и обновлять индекс, используя SPARQL или искать, перечислять и создавать дерево онтологии"
"src/tracker/tracker-main.c:94","Query the database at the lowest level using SQL","Запрос к базе данных на самом низком уровне с использованием SQL"
"src/tracker/tracker-main.c:134","“%s” is not a tracker3 command. See “tracker3 --help”","«%s» не является командой tracker3. Смотрите справку «tracker3 --help»"
"src/tracker/tracker-main.c:169","Available tracker3 commands are:","Доступные команды tracker3:"
"src/tracker/tracker-main.c:209","Additional / third party commands are:","Дополнительные / сторонние команды:"
"src/tracker/tracker-main.c:224","See “tracker3 help <command>” to read about a specific subcommand.","Введите «tracker3 help <команда>» для информации о специфичных подкомандах."
"src/tracker/tracker-sparql.c:122","Path to use to run a query or update from file","Путь, используемый для выполнения запроса или обновления из файла"
"src/tracker/tracker-sparql.c:126","SPARQL query","Запрос SPARQL"
"src/tracker/tracker-sparql.c:127","SPARQL","SPARQL"
"src/tracker/tracker-sparql.c:130","This is used with --query and for database updates only.","Это используется с ключом --query и только для обновлений базы данных."
"src/tracker/tracker-sparql.c:134","Retrieve classes","Получить классы"
"src/tracker/tracker-sparql.c:138","Retrieve class prefixes","Получить префиксы классов"
"src/tracker/tracker-sparql.c:142","Retrieve properties for a class, prefixes can be used too (e.g. rdfs:Resource)","Получить свойства класса, также можно использовать префиксы (напр. rdfs:Resource)"
"src/tracker/tracker-sparql.c:143 src/tracker/tracker-sparql.c:147 src/tracker/tracker-sparql.c:159 src/tracker/tracker-sparql.c:167 src/tracker/tracker-sparql.c:171","CLASS","КЛАСС"
"src/tracker/tracker-sparql.c:146","Retrieve classes which notify changes in the database (CLASS is optional)","Получить классы, которые сообщают об изменениях в базе данных (КЛАСС — необязательный параметр)"
"src/tracker/tracker-sparql.c:150","Retrieve indexes used in database to improve performance (PROPERTY is optional)","Получить индексы, используемые в базе данных для улучшения производительности (СВОЙСТВО — необязательный параметр)"
"src/tracker/tracker-sparql.c:151","PROPERTY","СВОЙСТВО"
"src/tracker/tracker-sparql.c:154","Retrieve all named graphs","Получить все именованные графы"
"src/tracker/tracker-sparql.c:158","Describe subclasses, superclasses (can be used with -s to highlight parts of the tree and -p to show properties)","Описать подклассы, суперклассы (можно использовать с -s, чтобы выделить части дерева, и -p, чтобы показать свойства)"
"src/tracker/tracker-sparql.c:162","Search for a class or property and display more information (e.g. Document)","Найти класс или свойство и показать о нём дополнительную информацию (напр. Document)"
"src/tracker/tracker-sparql.c:163","CLASS/PROPERTY","КЛАСС/СВОЙСТВО"
"src/tracker/tracker-sparql.c:166","Returns the shorthand for a class (e.g. nfo:FileDataObject).","Возвращает сокращённую запись класса (напр.: nfo:FileDataObject)."
"src/tracker/tracker-sparql.c:170","Returns the full namespace for a class.","Возвращает полное пространство имён для класса."
"src/tracker/tracker-sparql.c:232","Unable to retrieve namespace prefixes","Не удалось получить префиксы пространств имён"
"src/tracker/tracker-sparql.c:240","No namespace prefixes were returned","Не получено ни одного префикса пространства имён"
"src/tracker/tracker-sparql.c:286","Could not get namespace prefixes","Не удалось получить префиксы пространств имён"
"src/tracker/tracker-sparql.c:295","No namespace prefixes were found","Префиксы пространств имён не найдены"
"src/tracker/tracker-sparql.c:541 src/tracker/tracker-sparql.c:589","None","Нет"
"src/tracker/tracker-sparql.c:1003","Could not create tree: subclass query failed","Не удалось создать дерево: ошибка запроса подкласса"
"src/tracker/tracker-sparql.c:1052","Could not create tree: class properties query failed","Не удалось создать дерево: ошибка запроса свойств класса"
"src/tracker/tracker-sparql.c:1139","Could not list classes","Не удалось показать список классов"
"src/tracker/tracker-sparql.c:1147","No classes were found","Классы не найдены"
"src/tracker/tracker-sparql.c:1147 src/tracker/tracker-sparql.c:1363","Classes","Классы"
"src/tracker/tracker-sparql.c:1163","Could not list class prefixes","Не удалось вывести список префиксов классов"
"src/tracker/tracker-sparql.c:1171","No class prefixes were found","Префиксы классов не найдены"
"src/tracker/tracker-sparql.c:1171","Prefixes","Префиксы"
"src/tracker/tracker-sparql.c:1191","Could not find property for class prefix, e.g. :Resource in “rdfs:Resource”","Не удалось найти свойство для префикса класса, например, :Resource в «rdfs:Resource»"
"src/tracker/tracker-sparql.c:1230","Could not list properties","Не удалось показать список свойств"
"src/tracker/tracker-sparql.c:1238","No properties were found","Свойства не найдены"
"src/tracker/tracker-sparql.c:1238 src/tracker/tracker-sparql.c:1386","Properties","Свойства"
"src/tracker/tracker-sparql.c:1266","Could not find notify classes","Не удалось найти классы уведомлений"
"src/tracker/tracker-sparql.c:1274","No notifies were found","Уведомления не найдены"
"src/tracker/tracker-sparql.c:1274","Notifies","Уведомления"
"src/tracker/tracker-sparql.c:1300","Could not find indexed properties","Не удалось найти проиндексированные свойства"
"src/tracker/tracker-sparql.c:1308","No indexes were found","Индексы не найдены"
"src/tracker/tracker-sparql.c:1308","Indexes","Индексы"
"src/tracker/tracker-sparql.c:1324","Could not list named graphs","Не удалось перечислить именованные графы"
"src/tracker/tracker-sparql.c:1332","No graphs were found","Графы не найдены"
"src/tracker/tracker-sparql.c:1332","Named graphs","Именованные графы"
"src/tracker/tracker-sparql.c:1355","Could not search classes","Не удалось выполнить поиск классов"
"src/tracker/tracker-sparql.c:1363","No classes were found to match search term","Не найдено ни одного класса, соответствующего параметрам поиска"
"src/tracker/tracker-sparql.c:1378","Could not search properties","Не удалось выполнить поиск свойств"
"src/tracker/tracker-sparql.c:1386","No properties were found to match search term","Не найдено ни одного свойства, соответствующего параметрам поиска"
"src/tracker/tracker-sparql.c:1423 src/tracker/tracker-sql.c:70","Could not get UTF-8 path from path","Не удалось получить путь в кодировке UTF-8"
"src/tracker/tracker-sparql.c:1435 src/tracker/tracker-sql.c:81","Could not read file","Не удалось прочитать файл"
"src/tracker/tracker-sparql.c:1454","Could not run update","Не удалось выполнить обновление"
"src/tracker/tracker-sparql.c:1461","Done","Выполнено"
"src/tracker/tracker-sparql.c:1515 src/tracker/tracker-sparql.c:1518","No results found matching your query","Не найдено ничего, соответствующего вашему запросу"
"src/tracker/tracker-sparql.c:1515 src/tracker/tracker-sparql.c:1518 src/tracker/tracker-sql.c:144","Results","Результаты"
"src/tracker/tracker-sparql.c:1575 src/tracker/tracker-sql.c:250","File and query can not be used together","Нельзя одновременно использовать файл и запрос"
"src/tracker/tracker-sparql.c:1577","The --list-properties argument can only be empty when used with the --tree argument","Аргумент --list-properties может быть пустым только при использовании аргумента --tree"
"src/tracker/tracker-sql.c:48","Path to use to run a query from file","Путь, используемый для выполнения запроса из файла"
"src/tracker/tracker-sql.c:52","SQL query","Запрос SQL"
"src/tracker/tracker-sql.c:53","SQL","SQL"
"src/tracker/tracker-sql.c:114","Failed to initialize data manager","Не удалось инициализировать диспетчер данных"
"src/tracker/tracker-sql.c:178","Empty result set","Пустой набор результатов"
"src/tracker/tracker-sql.c:248","A database path must be specified","Должен быть указан путь к базе данных"
