"location","source","target"
"","po header","Project-Id-Version: ru
Report-Msgid-Bugs-To: https://gitlab.gnome.org/GNOME/vte/issues
POT-Creation-Date: 2022-05-09 18:18+0000
PO-Revision-Date: 2021-06-28 15:08+0300
Last-Translator: Alexey Rubtsov <rushills@gmail.com>
Language-Team: Русский <gnome-cyr@gnome.org>
Language: ru
MIME-Version: 1.0
Content-Type: text/plain; charset=UTF-8
Content-Transfer-Encoding: 8bit
X-Generator: Poedit 3.0
Plural-Forms: nplurals=3; plural=(n%10==1 && n%100!=11 ? 0 : n%10>=2 && n%10<=4 && (n%100<10 || n%100>=20) ? 1 : 2);
"
"src/vte.cc:7689","WARNING","ПРЕДУПРЕЖДЕНИЕ"
"src/vte.cc:7691","GnuTLS not enabled; data will be written to disk unencrypted!","GnuTLS не включён; данные будут записаны на диск в незашифрованном виде!"
"src/spawn.cc:124","Failed to set pipe nonblocking: %s","Не удалось установить неблокирующий канал: %s"
"src/spawn.cc:169","poll error: %s","ошибка опроса: %s"
"src/spawn.cc:176","Operation timed out","Превышено время ожидания операции"
"src/spawn.cc:186","Operation was cancelled","Операция отменена"
"src/spawn.cc:204","Failed to read from child pipe (%s)","Не удалось считать из дочернего канала (%s)"
"src/spawn.cc:639","Failed to change to directory “%s”: %s","Не удалось перейти в каталог «%s»: %s"
"src/spawn.cc:708","Failed to execute child process “%s”: ","Не удалось выполнить дочерний процесс «%s»: "
