"location","source","target"
"","po header","Project-Id-Version: gnome-doc-utils trunk
Report-Msgid-Bugs-To: https://gitlab.gnome.org/GNOME/yelp-xsl/issues
POT-Creation-Date: 2022-05-11 16:40+0000
PO-Revision-Date: 2018-09-06 23:20+0300
Last-Translator: Stas Solovey <whats_up@tut.by>
Language-Team: Russian <gnome-cyr@gnome.org>
Language: ru
MIME-Version: 1.0
Content-Type: text/plain; charset=UTF-8
Content-Transfer-Encoding: 8bit
Plural-Forms: nplurals=3; plural=(n%10==1 && n%100!=11 ? 0 : n%10>=2 && n%10<=4 && (n%100<10 || n%100>=20) ? 1 : 2);
X-Generator: Poedit 2.1.1
"
"yelp-xsl.xml.in:34","default:LTR","default:LTR"
"yelp-xsl.xml.in:47",", ",", "
"yelp-xsl.xml.in:60",", and ",", и "
"yelp-xsl.xml.in:71"," and "," и "
"yelp-xsl.xml.in:86","Q:","В:"
"yelp-xsl.xml.in:99","A:","О:"
"yelp-xsl.xml.in:109","About","Общие сведения"
"yelp-xsl.xml.in:114","Advanced","Подробности"
"yelp-xsl.xml.in:119","Bibliography","Дополнительные документы"
"yelp-xsl.xml.in:124","Bug","Дефект"
"yelp-xsl.xml.in:132","Candidate","Кандидат"
"yelp-xsl.xml.in:137","Caution","Внимание"
"yelp-xsl.xml.in:142","Close","Закрыть"
"yelp-xsl.xml.in:147","Colophon","Заключение"
"yelp-xsl.xml.in:152","Contents","Содержание"
"yelp-xsl.xml.in:157","Creative Commons","Creative Commons"
"yelp-xsl.xml.in:162","Danger","Опасно"
"yelp-xsl.xml.in:167","Dedication","Посвящение"
"yelp-xsl.xml.in:175","Draft","Черновик"
"yelp-xsl.xml.in:180","Edited By","Отредактировано"
"yelp-xsl.xml.in:188","Final","Завершено"
"yelp-xsl.xml.in:193","Glossary","Словарь терминов"
"yelp-xsl.xml.in:198","Important","Важно"
"yelp-xsl.xml.in:206","Incomplete","Не завершено"
"yelp-xsl.xml.in:211","Index","Оглавление"
"yelp-xsl.xml.in:216","Legal","Надлежащее уведомление"
"yelp-xsl.xml.in:223","License","Лицензия"
"yelp-xsl.xml.in:228","Maintained By","Сопровождается"
"yelp-xsl.xml.in:233","More Information","Дополнительная информация"
"yelp-xsl.xml.in:238","Next","Вперёд"
"yelp-xsl.xml.in:243","Note","Примечание"
"yelp-xsl.xml.in:248","On This Page","На этой странице"
"yelp-xsl.xml.in:256","Other Credits","Другие участники"
"yelp-xsl.xml.in:264","Outdated","Устарело"
"yelp-xsl.xml.in:269","Package","Пакет"
"yelp-xsl.xml.in:274","Pause","Пауза"
"yelp-xsl.xml.in:279","Play","Воспроизвести"
"yelp-xsl.xml.in:284","Previous","Назад"
"yelp-xsl.xml.in:289","Published By","Опубликовано"
"yelp-xsl.xml.in:297","Ready for review","Готово для рецензирования"
"yelp-xsl.xml.in:302","See Also","Смотрите также"
"yelp-xsl.xml.in:311","Scale images down","Уменьшить масштаб изображений"
"yelp-xsl.xml.in:316","Sidebar","Боковая область"
"yelp-xsl.xml.in:323","Stub","Заготовка"
"yelp-xsl.xml.in:331","Synopsis","Аннотация"
"yelp-xsl.xml.in:336","Tip","Подсказка"
"yelp-xsl.xml.in:341","Translated By","Переведено"
"yelp-xsl.xml.in:349","View images at normal size","Обычный размер изображений"
"yelp-xsl.xml.in:354","Warning","Предупреждение"
"yelp-xsl.xml.in:359","Written By","Написано"
"yelp-xsl.xml.in:375","View the bibliography entry <biblioentry.label/>.","Просмотр элемента библиографии <biblioentry.label/>."
"yelp-xsl.xml.in:398","[<biblioentry.label/>]","[<biblioentry.label/>]"
"yelp-xsl.xml.in:415","[<citation.label/>]","[<citation.label/>]"
"yelp-xsl.xml.in:444","from <comment.name/> on <comment.date/>","от <comment.name/>, <comment.date/>"
"yelp-xsl.xml.in:472","from <comment.name/>","от <comment.name/>"
"yelp-xsl.xml.in:485","© <copyright.years/> <copyright.name/>","© <copyright.years/> <copyright.name/>"
"yelp-xsl.xml.in:497","Send email to ‘<string/>’.","Послать письмо по эл. почте «<string/>»."
"yelp-xsl.xml.in:509","Read the definition for ‘<glossterm/>’.","Смотрите определение «<glossterm/>»."
"yelp-xsl.xml.in:530","See <glosssee/>.","Смотрите <glosssee/>."
"yelp-xsl.xml.in:552","See also <glosssee/>.","Смотрите также <glosssee/>."
"yelp-xsl.xml.in:564","“<node/>”","«<node/>»"
"yelp-xsl.xml.in:576","‘<node/>’","„<node/>”"
"yelp-xsl.xml.in:591","See <seeie/>.","Смотрите <seeie/>."
"yelp-xsl.xml.in:606","See also <seeie/>.","Смотрите также <seeie/>."
