"location","source","target"
"","po header","Project-Id-Version: ru
Report-Msgid-Bugs-To: https://gitlab.gnome.org/GNOME/yelp/issues
POT-Creation-Date: 2022-05-11 16:39+0000
PO-Revision-Date: 2019-02-26 20:42+0300
Last-Translator: Stas Solovey <whats_up@tut.by>
Language-Team: Русский <gnome-cyr@gnome.org>
Language: ru
MIME-Version: 1.0
Content-Type: text/plain; charset=UTF-8
Content-Transfer-Encoding: 8bit
Plural-Forms: nplurals=3; plural=(n%10==1 && n%100!=11 ? 0 : n%10>=2 && n%10<=4 && (n%100<10 || n%100>=20) ? 1 : 2);
X-Generator: Poedit 2.2.1
"
"data/domains/yelp.xml.in:36","Install <string/>","Установить <string/>"
"data/yelp.appdata.xml.in:25 src/yelp-application.c:269 src/yelp-window.c:1192 yelp.desktop.in:3","Help","Справка"
"data/yelp.appdata.xml.in:26","Help viewer for GNOME","Приложение для просмотра справки GNOME"
"data/yelp.appdata.xml.in:28","Yelp is the GNOME help viewer. It is the default Mallard viewer, but it can also display DocBook, info, man, and HTML documentation.","Yelp — приложение для просмотра справки GNOME. Это приложение для просмотра Mallard по умолчанию, но оно также может отображать документацию DocBook, info, man и HTML."
"data/yelp.appdata.xml.in:32","It makes it easy to find the documentation you need, with interactive search and bookmarks.","Позволяет легко найти необходимую вам документацию с интерактивным поиском и закладками."
"data/yelp.appdata.xml.in:36","It also has an editor mode, which shows editorial comments and revision statuses when editing Mallard documents.","Также имеет режим редактора, который показывает редакционные комментарии и статусы ревизий при редактировании документов Mallard."
"data/yelp.appdata.xml.in:51","The GNOME Project","Проект GNOME"
"libyelp/yelp-bz2-decompressor.c:143 libyelp/yelp-lzma-decompressor.c:152","Invalid compressed data","Недопустимые сжатые данные"
"libyelp/yelp-bz2-decompressor.c:149 libyelp/yelp-lzma-decompressor.c:158","Not enough memory","Недостаточно памяти"
"libyelp/yelp-docbook-document.c:298 libyelp/yelp-info-document.c:220 libyelp/yelp-mallard-document.c:312 libyelp/yelp-mallard-document.c:477 libyelp/yelp-man-document.c:198","The page ‘%s’ was not found in the document ‘%s’.","Не удалось найти страницу «%s» в документе «%s»."
"libyelp/yelp-docbook-document.c:337 libyelp/yelp-info-document.c:357 libyelp/yelp-man-document.c:335","The file does not exist.","Файл не существует."
"libyelp/yelp-docbook-document.c:347 libyelp/yelp-info-document.c:367 libyelp/yelp-man-document.c:345","The file ‘%s’ does not exist.","Файл «%s» не существует."
"libyelp/yelp-docbook-document.c:365","The file ‘%s’ could not be parsed because it is not a well-formed XML document.","Не удалось разобрать файл «%s», потому что он не является корректно сформированным файлом XML."
"libyelp/yelp-docbook-document.c:378","The file ‘%s’ could not be parsed because one or more of its included files is not a well-formed XML document.","Не удалось разобрать файл «%s», некоторые подключаемые части этого файла не являются корректно сформированными файлами XML."
"libyelp/yelp-docbook-document.c:813","Unknown","Неизвестно"
"libyelp/yelp-docbook-document.c:911 libyelp/yelp-info-document.c:300 libyelp/yelp-man-document.c:278","The requested page was not found in the document ‘%s’.","Требуемая страница не найдена в документе «%s»."
"libyelp/yelp-document.c:888","Search results for “%s”","Найти результаты для «%s»"
"libyelp/yelp-document.c:898","No matching help pages found.","Не найдено совпадений в справочных страницах."
"libyelp/yelp-error.c:35","An unknown error occurred.","Произошла неизвестная ошибка."
"libyelp/yelp-help-list.c:537","All Help Documents","Вся справочная документация"
"libyelp/yelp-info-document.c:382","The file ‘%s’ could not be parsed because it is not a well-formed info page.","Не удалось разобрать файл «%s», потому что он не является корректной страницей в формате info."
"libyelp/yelp-mallard-document.c:354","The directory ‘%s’ does not exist.","Каталог «%s» не существует."
"libyelp/yelp-search-entry.c:435","Search for “%s”","Поиск «%s»"
"libyelp/yelp-transform.c:379 libyelp/yelp-transform.c:394","The XSLT stylesheet ‘%s’ is either missing or not valid.","Таблица стилей XSLT «%s» отсутствует или является некорректной."
"libyelp/yelp-transform.c:528","No href attribute found on yelp:document
","Отсутствует атрибут ссылки в yelp:document
"
"libyelp/yelp-transform.c:543","Out of memory","Недостаточно памяти"
"libyelp/yelp-view.c:253","C_opy Code Block","_Копировать блок кода"
"libyelp/yelp-view.c:258","_Copy Link Location","_Копировать адрес ссылки"
"libyelp/yelp-view.c:263","_Open Link","_Открыть ссылку"
"libyelp/yelp-view.c:268","Open Link in New _Window","Открыть ссылку в _новом окне"
"libyelp/yelp-view.c:278","_Install Packages","_Установить пакеты"
"libyelp/yelp-view.c:283","Save Code _Block As…","Сохранить _блок кода как…"
"libyelp/yelp-view.c:298","_Copy Text","_Копировать текст"
"libyelp/yelp-view.c:845 libyelp/yelp-view.c:2162","The URI ‘%s’ does not point to a valid page.","URI «%s» указывает на недопустимую страницу."
"libyelp/yelp-view.c:851 libyelp/yelp-view.c:2168","The URI does not point to a valid page.","URI указывает на недопустимую страницу."
"libyelp/yelp-view.c:856 libyelp/yelp-view.c:2174","The URI ‘%s’ could not be parsed.","Не удалось разобрать URI «%s»."
"libyelp/yelp-view.c:861","Unknown Error.","Неизвестная ошибка."
"libyelp/yelp-view.c:1015","You do not have PackageKit. Package install links require PackageKit.","Отсутствует приложение PackageKit. Ссылки для установки пакетов требуют PackageKit."
"libyelp/yelp-view.c:1262","Save Image","Сохранить изображение"
"libyelp/yelp-view.c:1361","Save Code","Сохранить код"
"libyelp/yelp-view.c:1457","Send email to %s","Сохранить эл. почту в %s"
"libyelp/yelp-view.c:1561","_Save Image As…","_Сохранить изображение как…"
"libyelp/yelp-view.c:1562","_Save Video As…","_Сохранить видео как…"
"libyelp/yelp-view.c:1570","S_end Image To…","О_тправить изображение…"
"libyelp/yelp-view.c:1571","S_end Video To…","О_тправить видео…"
"libyelp/yelp-view.c:1926","Could not load a document for ‘%s’","Не удалось загрузить документ для «%s»"
"libyelp/yelp-view.c:1932","Could not load a document","Не удалось загрузить документ"
"libyelp/yelp-view.c:1987","Document Not Found","Документ не найден"
"libyelp/yelp-view.c:1989","Page Not Found","Страница не найдена"
"libyelp/yelp-view.c:1992","Cannot Read","Не удалось прочитать"
"libyelp/yelp-view.c:1998","Unknown Error","Неизвестная ошибка"
"libyelp/yelp-view.c:2018","Search for packages containing this document.","Найти пакеты, содержащие этот документ."
"src/yelp-application.c:60","Turn on editor mode","Включить режим редактирования"
"src/yelp-window.c:346","Back","Назад"
"src/yelp-window.c:353","Forward","Вперёд"
"src/yelp-window.c:364","Menu","Меню"
"src/yelp-window.c:369","New Window","Создать окно"
"src/yelp-window.c:370","Find…","Найти…"
"src/yelp-window.c:371","Print…","Печать…"
"src/yelp-window.c:376","Previous Page","Предыдущая страница"
"src/yelp-window.c:377","Next Page","Следующая страница"
"src/yelp-window.c:382","Larger Text","Увеличить текст"
"src/yelp-window.c:383","Smaller Text","Уменьшить текст"
"src/yelp-window.c:388","All Help","Вся справочная документация"
"src/yelp-window.c:410","Search (Ctrl+S)","Найти (Ctrl+S)"
"src/yelp-window.c:427","Bookmarks","Закладки"
"src/yelp-window.c:444","No bookmarks","Нет закладок"
"src/yelp-window.c:452","Add Bookmark","Добавить закладку"
"src/yelp-window.c:458","Remove Bookmark","Удалить закладку"
"yelp.desktop.in:4","Get help with GNOME","Получение справки в среде GNOME"
"yelp.desktop.in:6","documentation;information;manual;help;","документация;информация;руководство;справка;"
