"location","source","target"
"","po header","Project-Id-Version: ru
Report-Msgid-Bugs-To: https://gitlab.gnome.org/GNOME/zenity/issues
POT-Creation-Date: 2022-07-01 18:03+0000
PO-Revision-Date: 2021-06-27 19:44+0300
Last-Translator: Alexey Rubtsov <rushills@gmail.com>
Language-Team: Русский <gnome-cyr@gnome.org>
Language: ru
MIME-Version: 1.0
Content-Type: text/plain; charset=UTF-8
Content-Transfer-Encoding: 8bit
X-Generator: Poedit 3.0
Plural-Forms: nplurals=3; plural=(n%10==1 && n%100!=11 ? 0 : n%10>=2 && n%10<=4 && (n%100<10 || n%100>=20) ? 1 : 2);
"
"src/about.c:56","This program is free software; you can redistribute it and/or modify it under the terms of the GNU Lesser General Public License as published by the Free Software Foundation; either version 2 of the License, or (at your option) any later version.
","Это свободное ПО; вы можете распространять и/или изменять его на условиях универсальной общественной лицензии GNU, опубликованной фондом Free Software Foundation; либо версии 2 этой лицензии, либо (на ваш выбор) любой более поздней версии.
"
"src/about.c:61","This program is distributed in the hope that it will be useful, but WITHOUT ANY WARRANTY; without even the implied warranty of MERCHANTABILITY or FITNESS FOR A PARTICULAR PURPOSE.  See the GNU Lesser General Public License for more details.
","Данная программа распространяется в надежде, что он может быть полезен, но БЕЗ КАКОГО-ЛИБО ВИДА ГАРАНТИЙ, ВЫРАЖЕННЫХ ЯВНО ИЛИ ПОДРАЗУМЕВАЕМЫХ, ВКЛЮЧАЯ, НО НЕ ОГРАНИЧИВАЯСЬ ПОДРАЗУМЕВАЕМЫМИ ГАРАНТИЯМИ КОММЕРЧЕСКОЙ ЦЕННОСТИ И ПРИГОДНОСТИ ДЛЯ КОНКРЕТНОЙ ЦЕЛИ. Для получения дополнительных сведений обратитесь к универсальной общественной лицензии GNU.
"
"src/about.c:65","You should have received a copy of the GNU Lesser General Public License along with this program; if not, write to the Free Software Foundation, Inc., 51 Franklin Street, Fifth Floor, Boston, MA 02110-1301, USA.","Вы должны получить копию лицензии GNU вместе c программой. Если лицензия не была получена, известите об этом Фонд свободного программного обеспечения по адресу Free Software Foundation, Inc.: Franklin Street, Fifth Floor, Boston, MA 02110-1301, США."
"src/about.c:76","translator-credits","Станислав Соловей <whats_up@tut.by>, 2013-2019.
Юрий Мясоедов <ymyasoedov@yandex.ru>, 2014.
Alexey Rubtsov <rushills@gmail.com>, 2021"
"src/about.c:93","Display dialog boxes from shell scripts","Программа для создания диалоговых окон из сценариев оболочки"
"src/fileselection.c:62 src/fileselection.c:76 src/password.c:60","_OK","_ОК"
"src/fileselection.c:63 src/fileselection.c:74 src/password.c:57","_Cancel","_Отменить"
"src/main.c:105","You must specify a dialog type. See 'zenity --help' for details
","Укажите тип диалога. См. «zenity --help» для получения подробной информации
"
"src/msg.c:38","_No","_Нет"
"src/msg.c:40","_Yes","_Да"
"src/notification.c:50","Could not parse message
","Не удалось разобрать сообщение
"
"src/notification.c:132","Invalid value for a boolean typed hint.
Supported values are 'true' or 'false'.
","Некорректное значение свойства логического типа.
Возможные значения: «true» или «false».
"
"src/notification.c:149","Unsupported hint. Skipping.
","Неподдерживаемое свойство, пропускается.
"
"src/notification.c:166","Unknown hint name. Skipping.
","Неизвестное имя свойства, пропускается.
"
"src/notification.c:218","Could not parse command from stdin
","Не удалось разобрать команду из стандартного ввода
"
"src/notification.c:318","Zenity notification","Уведомление Zenity"
"src/option.c:164","Set the dialog title","Установить заголовок диалога"
"src/option.c:165","TITLE","ЗАГОЛОВОК"
"src/option.c:171","Set the window icon","Установить значок диалога"
"src/option.c:172","ICONPATH","ПУТЬ_К_ЗНАЧКУ"
"src/option.c:178","Set the width","Установить ширину"
"src/option.c:179","WIDTH","ШИРИНА"
"src/option.c:185","Set the height","Установить высоту"
"src/option.c:186","HEIGHT","ВЫСОТА"
"src/option.c:192","Set dialog timeout in seconds","Установить задержку диалога в секундах"
"src/option.c:194","TIMEOUT","ЗАДЕРЖКА"
"src/option.c:200","Set the label of the OK button","Устанавливает метку для кнопки «ОК»"
"src/option.c:201 src/option.c:208 src/option.c:215 src/option.c:245 src/option.c:289 src/option.c:296 src/option.c:319 src/option.c:362 src/option.c:468 src/option.c:565 src/option.c:579 src/option.c:598 src/option.c:658 src/option.c:730 src/option.c:737 src/option.c:786 src/option.c:829 src/option.c:960","TEXT","ТЕКСТ"
"src/option.c:207","Set the label of the Cancel button","Устанавливает метку для кнопки «Отменить»"
"src/option.c:214","Add an extra button","Добавляет дополнительную кнопку"
"src/option.c:221","Set the modal hint","Установить модальное свойство"
"src/option.c:228","Set the parent window to attach to","Установить родительское окно для прикрепления"
"src/option.c:229","WINDOW","ОКНО"
"src/option.c:237","Display calendar dialog","Показать диалог выбора даты"
"src/option.c:244 src/option.c:288 src/option.c:318 src/option.c:361 src/option.c:467 src/option.c:597 src/option.c:657 src/option.c:785 src/option.c:828 src/option.c:959","Set the dialog text","Установить текст диалога"
"src/option.c:251","Set the calendar day","Установить день в календаре"
"src/option.c:252","DAY","ДЕНЬ"
"src/option.c:258","Set the calendar month","Установить месяц в календаре"
"src/option.c:259","MONTH","МЕСЯЦ"
"src/option.c:265","Set the calendar year","Установить год в календаре"
"src/option.c:266","YEAR","ГОД"
"src/option.c:272 src/option.c:973","Set the format for the returned date","Установить формат возвращаемой даты"
"src/option.c:273 src/option.c:974","PATTERN","ШАБЛОН"
"src/option.c:281","Display text entry dialog","Показать диалог с полем ввода"
"src/option.c:295","Set the entry text","Установить текст для поля ввода"
"src/option.c:302","Hide the entry text","Скрывать текст в поле ввода"
"src/option.c:311","Display error dialog","Показать диалог для вывода ошибки"
"src/option.c:325 src/option.c:368 src/option.c:664 src/option.c:792","Set the dialog icon","Установить значок диалога"
"src/option.c:326 src/option.c:369 src/option.c:665 src/option.c:793","ICON-NAME","ИМЯ_ЗНАЧКА"
"src/option.c:332 src/option.c:375 src/option.c:671 src/option.c:799","Do not enable text wrapping","Запретить перенос текста"
"src/option.c:339 src/option.c:382 src/option.c:678 src/option.c:806","Do not enable Pango markup","Не включать разметку Pango"
"src/option.c:345 src/option.c:388 src/option.c:691 src/option.c:812","Enable ellipsizing in the dialog text. This fixes the high window size with long texts","Включить усечение текста в диалогах. Это функция уменьшает размер окна с длинным текстом"
"src/option.c:354","Display info dialog","Показать диалог для вывода информации"
"src/option.c:398","Display file selection dialog","Показать диалог выбора файлов"
"src/option.c:405","Set the filename","Установить имя файла"
"src/option.c:406 src/option.c:716","FILENAME","ИМЯ_ФАЙЛА"
"src/option.c:412","Allow multiple files to be selected","Разрешить выбор нескольких файлов"
"src/option.c:419","Activate directory-only selection","Включить выделение только по каталогам"
"src/option.c:426","Activate save mode","Включить безопасный режим"
"src/option.c:433 src/option.c:502 src/option.c:966","Set output separator character","Установить выходной разделяющий символ"
"src/option.c:434 src/option.c:503 src/option.c:967","SEPARATOR","РАЗДЕЛИТЕЛЬ"
"src/option.c:440","Confirm file selection if filename already exists","Подтверждать выбор файла, если имя файла уже существует"
"src/option.c:448","Set a filename filter","Устанавливает фильтр имён файлов"
"src/option.c:451","NAME | PATTERN1 PATTERN2 ...","ИМЯ или ШАБЛОН1 ШАБЛОН2 …"
"src/option.c:460","Display list dialog","Показать диалог со списком"
"src/option.c:474","Set the column header","Установить заголовок столбца"
"src/option.c:475","COLUMN","СТОЛБЕЦ"
"src/option.c:481","Use check boxes for the first column","Использовать флажки для первого столбца"
"src/option.c:488","Use radio buttons for the first column","Использовать переключатели для первого столбца"
"src/option.c:495","Use an image for the first column","Использовать изображение для первого столбца"
"src/option.c:509","Allow multiple rows to be selected","Разрешить выбор нескольких строк"
"src/option.c:516 src/option.c:722","Allow changes to text","Разрешить изменять текст"
"src/option.c:523","Print a specific column (Default is 1. 'ALL' can be used to print all columns)","Показать указанный столбец (по умолчанию — 1-й; «ALL» — показать все столбцы)"
"src/option.c:526 src/option.c:533","NUMBER","ЧИСЛО"
"src/option.c:532","Hide a specific column","Скрыть указанный столбец"
"src/option.c:539","Hide the column headers","Скрыть заголовки столбцов"
"src/option.c:546","Change list default search function searching for text in the middle, not on the beginning","Изменить функцию поисковой системы списка для поиска текста в середине, а не в начале"
"src/option.c:557","Display notification","Показать диалог уведомления"
"src/option.c:564","Set the notification text","Установить текст уведомления"
"src/option.c:571","Listen for commands on stdin","Выполнять команды со стандартного ввода"
"src/option.c:578","Set the notification hints","Установить свойства уведомления"
"src/option.c:590","Display progress indication dialog","Показать диалог выполнения процесса"
"src/option.c:604","Set initial percentage","Указать начальный процент"
"src/option.c:605","PERCENTAGE","ПРОЦЕНТЫ"
"src/option.c:611","Pulsate progress bar","Пульсирующий индикатор выполнения"
"src/option.c:619","Dismiss the dialog when 100% has been reached","Закрыть диалог при достижении 100%"
"src/option.c:626","Kill parent process if Cancel button is pressed","Завершить родительский процесс, если нажата кнопка «Отменить»"
"src/option.c:633","Hide Cancel button","Скрыть кнопку «Отменить»"
"src/option.c:641","Estimate when progress will reach 100%","Расчётное время, когда прогресс достигнет 100%"
"src/option.c:650","Display question dialog","Показать диалог с вопросом"
"src/option.c:684","Give Cancel button focus by default","Фокус по умолчанию находится на кнопке «Отменить»"
"src/option.c:698","Suppress OK and Cancel buttons","Скрыть кнопки «ОК» и «Отменить»"
"src/option.c:708","Display text information dialog","Показать диалог с текстовой информацией"
"src/option.c:715","Open file","Открыть файл"
"src/option.c:729","Set the text font","Установить шрифт текста"
"src/option.c:736","Enable an I read and agree checkbox","Включить кнопку с флагом «Я прочитал(а) и согласен(на)»"
"src/option.c:744","Enable HTML support","Включить поддержку HTML"
"src/option.c:751","Do not enable user interaction with the WebView. Only works if you use --html option","Запретить взаимодействие пользователя с WebView. Работает только с параметром --html"
"src/option.c:759","Set an URL instead of a file. Only works if you use --html option","Устанавливает вместо файла URL. Работает только с параметром --html"
"src/option.c:761","URL","URL"
"src/option.c:768","Auto scroll the text to the end. Only when text is captured from stdin","Автоматически прокручивать текст до конца. Только когда текст захвачен из стандартного ввода"
"src/option.c:778","Display warning dialog","Показать диалог с предупреждением"
"src/option.c:821","Display scale dialog","Показать диалог масштаба"
"src/option.c:835","Set initial value","Установить начальное значение"
"src/option.c:836 src/option.c:843 src/option.c:850 src/option.c:857 src/option.c:1008","VALUE","ЗНАЧЕНИЕ"
"src/option.c:842","Set minimum value","Установить минимальное значение"
"src/option.c:849","Set maximum value","Установить максимальное значение"
"src/option.c:856","Set step size","Установить шаг"
"src/option.c:863","Print partial values","Печатать частичные значения"
"src/option.c:870","Hide value","Скрыть величину"
"src/option.c:879","Display forms dialog","Показать диалог форм"
"src/option.c:886","Add a new Entry in forms dialog","Добавить новое поле в диалог форм"
"src/option.c:887 src/option.c:894","Field name","Название поля"
"src/option.c:893","Add a new Password Entry in forms dialog","Добавить новое поле с паролем в диалог форм"
"src/option.c:900","Add a new Calendar in forms dialog","Добавить новый календарь в диалог форм"
"src/option.c:901","Calendar field name","Название поле календаря"
"src/option.c:907","Add a new List in forms dialog","Добавить новый список в диалог форм"
"src/option.c:908","List field and header name","Поле списка и название заголовка"
"src/option.c:914","List of values for List","Список значений для списка"
"src/option.c:915 src/option.c:922 src/option.c:936","List of values separated by |","Список значений, разделённых «|»"
"src/option.c:921","List of values for columns","Список значений для столбцов"
"src/option.c:928","Add a new combo box in forms dialog","Добавить новый выпадающий список в диалог форм"
"src/option.c:929","Combo box field name","Название поле выпадающего списка"
"src/option.c:935","List of values for combo box","Список значений для выпадающего списка"
"src/option.c:952","Show the columns header","Показать заголовок столбцов"
"src/option.c:983","Display password dialog","Показать диалог пароля"
"src/option.c:990","Display the username option","Показать параметр имени пользователя"
"src/option.c:1000","Display color selection dialog","Показать диалог выбора цвета"
"src/option.c:1007","Set the color","Установить цвет"
"src/option.c:1014","Show the palette","Показать палитру цветов"
"src/option.c:1023","About zenity","О программе zenity"
"src/option.c:1030","Print version","Вывести версию"
"src/option.c:1913","General options","Общие параметры"
"src/option.c:1914","Show general options","Показать общие параметры"
"src/option.c:1926","Calendar options","Параметры календаря"
"src/option.c:1927","Show calendar options","Показать параметры календаря"
"src/option.c:1939","Text entry options","Параметры ввода текста"
"src/option.c:1940","Show text entry options","Показать параметры ввода текста"
"src/option.c:1952","Error options","Параметры диалога вывода ошибки"
"src/option.c:1952","Show error options","Показать параметры диалога вывода ошибки"
"src/option.c:1962","Info options","Параметры диалога вывода информации"
"src/option.c:1962","Show info options","Показать параметры диалога вывода информации"
"src/option.c:1972","File selection options","Параметры диалога выбора файла"
"src/option.c:1973","Show file selection options","Показать параметры диалога выбора файлов"
"src/option.c:1985","List options","Параметры списка"
"src/option.c:1985","Show list options","Показать параметры списка"
"src/option.c:1996","Notification icon options","Параметры значка уведомления"
"src/option.c:1997","Show notification icon options","Показать параметры значка уведомления"
"src/option.c:2011","Progress options","Параметры хода процесса"
"src/option.c:2012","Show progress options","Показать параметры хода процесса"
"src/option.c:2024","Question options","Параметры запроса"
"src/option.c:2025","Show question options","Показать параметры запроса"
"src/option.c:2037","Warning options","Параметры диалога для вывода предупреждения"
"src/option.c:2038","Show warning options","Показать параметры диалога для вывода предупреждения"
"src/option.c:2050","Scale options","Параметры масштаба"
"src/option.c:2050","Show scale options","Показать параметры масштаба"
"src/option.c:2060","Text information options","Параметры текстовой информации"
"src/option.c:2061","Show text information options","Показать параметры текстовой информации"
"src/option.c:2073","Color selection options","Параметры выбора цвета"
"src/option.c:2074","Show color selection options","Показать параметры диалога выбора файлов"
"src/option.c:2086","Password dialog options","Параметры диалога ввода пароля"
"src/option.c:2087","Show password dialog options","Показать параметры диалога ввода пароля"
"src/option.c:2099","Forms dialog options","Параметры диалога форм"
"src/option.c:2100","Show forms dialog options","Показать параметры диалога форм"
"src/option.c:2112","Miscellaneous options","Прочие параметры"
"src/option.c:2113","Show miscellaneous options","Показать прочие параметры"
"src/option.c:2139","This option is not available. Please see --help for all possible usages.
","Этот параметр недоступен. Используйте --help для просмотра всех возможных параметров.
"
"src/option.c:2144","--%s is not supported for this dialog
","--%s не поддерживается данным диалогом
"
"src/option.c:2148","Two or more dialog options specified
","Указано два или более параметра для диалога
"
"src/password.c:70","Type your password","Введите пароль"
"src/password.c:73","Type your username and password","Введите имя пользователя и пароль"
"src/password.c:100","Username:","Имя пользователя:"
"src/password.c:110","Password:","Пароль:"
"src/progress.c:102","Time remaining: %lu:%02lu:%02lu","Оставшееся время: %lu:%02lu:%02lu"
"src/scale.c:62","Maximum value must be greater than minimum value.
","Максимальное значение должно быть больше, чем минимальное.
"
"src/scale.c:69","Value out of range.
","Значение за пределами диапазона.
"
"src/tree.c:389","No column titles specified for List dialog.
","Для диалога со списком не указаны заголовки столбцов.
"
"src/tree.c:395","You should use only one List dialog type.
","Необходимо использовать только один тип диалога «Список».
"
"src/zenity.ui:14 src/zenity.ui:77","Adjust the scale value","Изменение значения масштаба"
"src/zenity.ui:30 src/zenity.ui:136 src/zenity.ui:248 src/zenity.ui:379 src/zenity.ui:580 src/zenity.ui:787 src/zenity.ui:974","Cancel","Отменить"
"src/zenity.ui:44 src/zenity.ui:149 src/zenity.ui:262 src/zenity.ui:393 src/zenity.ui:483 src/zenity.ui:593 src/zenity.ui:700 src/zenity.ui:801 src/zenity.ui:988 src/zenity.ui:1085","OK","ОК"
"src/zenity.ui:118","Text View","Текстовая область"
"src/zenity.ui:232","Calendar selection","Выбор даты"
"src/zenity.ui:299","Select a date from below.","Выберите дату."
"src/zenity.ui:320","C_alendar:","_Календарь:"
"src/zenity.ui:362","Add a new entry","Добавление нового поля"
"src/zenity.ui:429","_Enter new text:","_Введите новый текст:"
"src/zenity.ui:466","Error","Ошибка"
"src/zenity.ui:532","An error has occurred.","Произошла ошибка."
"src/zenity.ui:660","Forms dialog","Диалог форм"
"src/zenity.ui:683","Information","Информация"
"src/zenity.ui:744","All updates are complete.","Все обновления завершены."
"src/zenity.ui:771","Progress","Индикатор выполнения"
"src/zenity.ui:834","Running...","Выполняется…"
"src/zenity.ui:885","Question","Вопрос"
"src/zenity.ui:933 src/zenity.ui:1131","Are you sure you want to proceed?","Уверены, что хотите продолжить?"
"src/zenity.ui:957","Select items from the list","Выберите элементы из списка"
"src/zenity.ui:1019","Select items from the list below.","Выберите элементы из списка."
"src/zenity.ui:1068","Warning","Предупреждение"
