"location","source","target"
"atk/atkhyperlink.c:126","Selected Link",""
"atk/atkhyperlink.c:127","Specifies whether the AtkHyperlink object is selected",""
"atk/atkhyperlink.c:133","Number of Anchors",""
"atk/atkhyperlink.c:134","The number of anchors associated with the AtkHyperlink object",""
"atk/atkhyperlink.c:142","End index",""
"atk/atkhyperlink.c:143","The end index of the AtkHyperlink object",""
"atk/atkhyperlink.c:151","Start index",""
"atk/atkhyperlink.c:152","The start index of the AtkHyperlink object",""
"atk/atkobject.c:98","invalid",""
"atk/atkobject.c:99","accelerator label",""
"atk/atkobject.c:100","alert",""
"atk/atkobject.c:101","animation",""
"atk/atkobject.c:102","arrow",""
"atk/atkobject.c:103","calendar",""
"atk/atkobject.c:104","canvas",""
"atk/atkobject.c:105","check box",""
"atk/atkobject.c:106","check menu item",""
"atk/atkobject.c:107","color chooser",""
"atk/atkobject.c:108","column header",""
"atk/atkobject.c:109","combo box",""
"atk/atkobject.c:110","dateeditor",""
"atk/atkobject.c:111","desktop icon",""
"atk/atkobject.c:112","desktop frame",""
"atk/atkobject.c:113","dial",""
"atk/atkobject.c:114","dialog",""
"atk/atkobject.c:115","directory pane",""
"atk/atkobject.c:116","drawing area",""
"atk/atkobject.c:117","file chooser",""
"atk/atkobject.c:118","filler",""
"atk/atkobject.c:120","fontchooser",""
"atk/atkobject.c:121","frame",""
"atk/atkobject.c:122","glass pane",""
"atk/atkobject.c:123","html container",""
"atk/atkobject.c:124","icon",""
"atk/atkobject.c:125","image",""
"atk/atkobject.c:126","internal frame",""
"atk/atkobject.c:127","label",""
"atk/atkobject.c:128","layered pane",""
"atk/atkobject.c:129","list",""
"atk/atkobject.c:130","list item",""
"atk/atkobject.c:131","menu",""
"atk/atkobject.c:132","menu bar",""
"atk/atkobject.c:133","menu item",""
"atk/atkobject.c:134","option pane",""
"atk/atkobject.c:135","page tab",""
"atk/atkobject.c:136","page tab list",""
"atk/atkobject.c:137","panel",""
"atk/atkobject.c:138","password text",""
"atk/atkobject.c:139","popup menu",""
"atk/atkobject.c:140","progress bar",""
"atk/atkobject.c:141","push button",""
"atk/atkobject.c:142","radio button",""
"atk/atkobject.c:143","radio menu item",""
"atk/atkobject.c:144","root pane",""
"atk/atkobject.c:145","row header",""
"atk/atkobject.c:146","scroll bar",""
"atk/atkobject.c:147","scroll pane",""
"atk/atkobject.c:148","separator",""
"atk/atkobject.c:149","slider",""
"atk/atkobject.c:150","split pane",""
"atk/atkobject.c:151","spin button",""
"atk/atkobject.c:152","statusbar",""
"atk/atkobject.c:153","table",""
"atk/atkobject.c:154","table cell",""
"atk/atkobject.c:155","table column header",""
"atk/atkobject.c:156","table row header",""
"atk/atkobject.c:157","tear off menu item",""
"atk/atkobject.c:158","terminal",""
"atk/atkobject.c:159","text",""
"atk/atkobject.c:160","toggle button",""
"atk/atkobject.c:161","tool bar",""
"atk/atkobject.c:162","tool tip",""
"atk/atkobject.c:163","tree",""
"atk/atkobject.c:164","tree table",""
"atk/atkobject.c:165","unknown",""
"atk/atkobject.c:166","viewport",""
"atk/atkobject.c:167","window",""
"atk/atkobject.c:168","header",""
"atk/atkobject.c:169","footer",""
"atk/atkobject.c:170","paragraph",""
"atk/atkobject.c:171","ruler",""
"atk/atkobject.c:172","application",""
"atk/atkobject.c:173","autocomplete",""
"atk/atkobject.c:174","edit bar",""
"atk/atkobject.c:175","embedded component",""
"atk/atkobject.c:176","entry",""
"atk/atkobject.c:177","chart",""
"atk/atkobject.c:178","caption",""
"atk/atkobject.c:179","document frame",""
"atk/atkobject.c:180","heading",""
"atk/atkobject.c:181","page",""
"atk/atkobject.c:182","section",""
"atk/atkobject.c:183","redundant object",""
"atk/atkobject.c:184","form",""
"atk/atkobject.c:185","link",""
"atk/atkobject.c:186","input method window",""
"atk/atkobject.c:187","table row",""
"atk/atkobject.c:188","tree item",""
"atk/atkobject.c:189","document spreadsheet",""
"atk/atkobject.c:190","document presentation",""
"atk/atkobject.c:191","document text",""
"atk/atkobject.c:192","document web",""
"atk/atkobject.c:193","document email",""
"atk/atkobject.c:194","comment",""
"atk/atkobject.c:195","list box",""
"atk/atkobject.c:196","grouping",""
"atk/atkobject.c:197","image map",""
"atk/atkobject.c:198","notification",""
"atk/atkobject.c:199","info bar",""
"atk/atkobject.c:200","level bar",""
"atk/atkobject.c:201","title bar",""
"atk/atkobject.c:202","block quote",""
"atk/atkobject.c:203","audio",""
"atk/atkobject.c:204","video",""
"atk/atkobject.c:205","definition",""
"atk/atkobject.c:206","article",""
"atk/atkobject.c:207","landmark",""
"atk/atkobject.c:208","log",""
"atk/atkobject.c:209","marquee",""
"atk/atkobject.c:210","math",""
"atk/atkobject.c:211","rating",""
"atk/atkobject.c:212","timer",""
"atk/atkobject.c:213","description list",""
"atk/atkobject.c:214","description term",""
"atk/atkobject.c:215","description value",""
"atk/atkobject.c:391","Accessible Name",""
"atk/atkobject.c:392","Object instance’s name formatted for assistive technology access",""
"atk/atkobject.c:398","Accessible Description",""
"atk/atkobject.c:399","Description of an object, formatted for assistive technology access",""
"atk/atkobject.c:405","Accessible Parent",""
"atk/atkobject.c:406","Parent of the current accessible as returned by atk_object_get_parent()",""
"atk/atkobject.c:422","Accessible Value",""
"atk/atkobject.c:423","Is used to notify that the value has changed",""
"atk/atkobject.c:431","Accessible Role",""
"atk/atkobject.c:432","The accessible role of this object",""
"atk/atkobject.c:439","Accessible Layer",""
"atk/atkobject.c:440","The accessible layer of this object",""
"atk/atkobject.c:448","Accessible MDI Value",""
"atk/atkobject.c:449","The accessible MDI value of this object",""
"atk/atkobject.c:465","Accessible Table Caption",""
"atk/atkobject.c:466","Is used to notify that the table caption has changed; this property should not be used. accessible-table-caption-object should be used instead",""
"atk/atkobject.c:480","Accessible Table Column Header",""
"atk/atkobject.c:481","Is used to notify that the table column header has changed",""
"atk/atkobject.c:496","Accessible Table Column Description",""
"atk/atkobject.c:497","Is used to notify that the table column description has changed",""
"atk/atkobject.c:512","Accessible Table Row Header",""
"atk/atkobject.c:513","Is used to notify that the table row header has changed",""
"atk/atkobject.c:527","Accessible Table Row Description",""
"atk/atkobject.c:528","Is used to notify that the table row description has changed",""
"atk/atkobject.c:534","Accessible Table Summary",""
"atk/atkobject.c:535","Is used to notify that the table summary has changed",""
"atk/atkobject.c:541","Accessible Table Caption Object",""
"atk/atkobject.c:542","Is used to notify that the table caption has changed",""
"atk/atkobject.c:548","Number of Accessible Hypertext Links",""
"atk/atkobject.c:549","The number of links which the current AtkHypertext has",""
"atk/atkvalue.c:194","very weak",""
"atk/atkvalue.c:201","weak",""
"atk/atkvalue.c:208","acceptable",""
"atk/atkvalue.c:215","strong",""
"atk/atkvalue.c:222","very strong",""
"atk/atkvalue.c:230","very low",""
"atk/atkvalue.c:238","medium",""
"atk/atkvalue.c:246","high",""
"atk/atkvalue.c:254","very high",""
"atk/atkvalue.c:262","very bad",""
"atk/atkvalue.c:270","bad",""
"atk/atkvalue.c:278","good",""
"atk/atkvalue.c:286","very good",""
"atk/atkvalue.c:294","best",""
"atspi/atspi-component.c:332 atspi/atspi-misc.c:1068 atspi/atspi-value.c:111","The application no longer exists","Аԥшьы уаҳа ыҟаӡам"
"atspi/atspi-misc.c:1891","Attempted synchronous call where prohibited","Синхронтәу асра аҟаҵара азин ыҟаӡам"
