"location","source","target"
"data/cheese-main-window.ui:52","Photo mode",""
"data/cheese-main-window.ui:53","Photo",""
"data/cheese-main-window.ui:65","Video mode",""
"data/cheese-main-window.ui:66","Video","Авидио"
"data/cheese-main-window.ui:77","Photo burst mode",""
"data/cheese-main-window.ui:78","Burst",""
"data/cheese-main-window.ui:107 src/cheese-window.vala:1409","Take a photo using a webcam",""
"data/cheese-main-window.ui:133","Navigate to the previous page of effects",""
"data/cheese-main-window.ui:148","Effects",""
"data/cheese-main-window.ui:157","_Effects",""
"data/cheese-main-window.ui:170","Navigate to the next page of effects",""
"data/cheese-main-window.ui:192","Leave fullscreen mode and go back to windowed mode",""
"data/cheese-prefs.ui:7","Preferences",""
"data/cheese-prefs.ui:13 data/headerbar.ui:21","_Help",""
"data/cheese-prefs.ui:22","_Close",""
"data/cheese-prefs.ui:51","Device",""
"data/cheese-prefs.ui:66","Photo resolution",""
"data/cheese-prefs.ui:81","Video resolution",""
"data/cheese-prefs.ui:140 libcheese/cheese-fileutil.c:283 libcheese/cheese-fileutil.c:303","Webcam",""
"data/cheese-prefs.ui:159","Brightness",""
"data/cheese-prefs.ui:174","Saturation",""
"data/cheese-prefs.ui:189","Hue",""
"data/cheese-prefs.ui:280","Contrast",""
"data/cheese-prefs.ui:298","Image",""
"data/cheese-prefs.ui:324","Shutter",""
"data/cheese-prefs.ui:338","_Countdown",""
"data/cheese-prefs.ui:358","Fire _flash",""
"data/cheese-prefs.ui:394","Burst mode",""
"data/cheese-prefs.ui:412","Number of photos",""
"data/cheese-prefs.ui:427","Delay between photos (seconds)",""
"data/cheese-prefs.ui:486","Capture",""
"data/headerbar.ui:6","_Fullscreen",""
"data/headerbar.ui:10","P_references",""
"data/headerbar.ui:16","_Keyboard Shortcuts",""
"data/headerbar.ui:25","_About Cheese",""
"data/headerbar.ui:32 libcheese/cheese-avatar-chooser.c:85 src/cheese-window.vala:1438","Take a Photo",""
"data/menus.ui:6","Open",""
"data/menus.ui:11","Save _As…",""
"data/menus.ui:16","Move to _Trash",""
"data/menus.ui:21","Delete",""
"data/org.gnome.Cheese.appdata.xml.in:9 data/org.gnome.Cheese.desktop.in:3 src/cheese-application.vala:116 src/cheese-application.vala:582","Cheese",""
"data/org.gnome.Cheese.appdata.xml.in:10 data/org.gnome.Cheese.desktop.in:5 src/cheese-application.vala:577","Take photos and videos with your webcam, with fun graphical effects",""
"data/org.gnome.Cheese.appdata.xml.in:12","Cheese uses your webcam to take photos and videos, applies fancy special effects and lets you share the fun with others.",""
"data/org.gnome.Cheese.appdata.xml.in:16","Take multiple photos in quick succession with burst mode. Use the countdown to give yourself time to strike a pose, and wait for the flash!",""
"data/org.gnome.Cheese.appdata.xml.in:21","Under the hood, Cheese uses GStreamer to apply fancy effects to photos and videos. With Cheese it is easy to take photos of you, your friends, pets or whatever you want and share them with others.",""
"data/org.gnome.Cheese.desktop.in:4","Webcam Booth",""
"data/org.gnome.Cheese.desktop.in:7","photo;video;webcam;camera;selfie;",""
"data/org.gnome.Cheese.gschema.xml:5","Use a countdown",""
"data/org.gnome.Cheese.gschema.xml:6","Set to true to show a countdown before taking a photo",""
"data/org.gnome.Cheese.gschema.xml:11","Countdown length",""
"data/org.gnome.Cheese.gschema.xml:12","The duration of the countdown before taking a photo, in seconds",""
"data/org.gnome.Cheese.gschema.xml:18","Fire flash before taking a photo",""
"data/org.gnome.Cheese.gschema.xml:19","Set to true to fire a flash before taking a photo",""
"data/org.gnome.Cheese.gschema.xml:24","Camera device string indicator",""
"data/org.gnome.Cheese.gschema.xml:25","The path to the device node which points to the camera, for example /dev/video0",""
"data/org.gnome.Cheese.gschema.xml:30","Last selected effect",""
"data/org.gnome.Cheese.gschema.xml:31","Name of the installed effect that was selected last",""
"data/org.gnome.Cheese.gschema.xml:36","Photo width",""
"data/org.gnome.Cheese.gschema.xml:37","The width of the image captured from the camera, in pixels",""
"data/org.gnome.Cheese.gschema.xml:43","Photo height",""
"data/org.gnome.Cheese.gschema.xml:44","The height of the image captured from the camera, in pixels",""
"data/org.gnome.Cheese.gschema.xml:50","Video width","Авидио"
"data/org.gnome.Cheese.gschema.xml:51","The width of the video captured from the camera, in pixels",""
"data/org.gnome.Cheese.gschema.xml:57","Video height",""
"data/org.gnome.Cheese.gschema.xml:58","The height of the video captured from the camera, in pixels",""
"data/org.gnome.Cheese.gschema.xml:64","Image brightness",""
"data/org.gnome.Cheese.gschema.xml:65","Adjusts the brightness of the image coming from the camera",""
"data/org.gnome.Cheese.gschema.xml:71","Image contrast",""
"data/org.gnome.Cheese.gschema.xml:72","Adjusts the contrast of the image coming from the camera",""
"data/org.gnome.Cheese.gschema.xml:78","Image saturation",""
"data/org.gnome.Cheese.gschema.xml:79","Adjusts the saturation of the image coming from the camera",""
"data/org.gnome.Cheese.gschema.xml:85","Image hue",""
"data/org.gnome.Cheese.gschema.xml:86","Adjusts the hue (color tint) of the image coming from the camera",""
"data/org.gnome.Cheese.gschema.xml:92","Video path","Авидио"
"data/org.gnome.Cheese.gschema.xml:93","Defines the path where the videos are stored. If empty, “XDG_VIDEOS_DIR/Webcam” will be used.",""
"data/org.gnome.Cheese.gschema.xml:98","Photo path",""
"data/org.gnome.Cheese.gschema.xml:99","Defines the path where the photos are stored. If empty, “XDG_PICTURES_DIR/Webcam” will be used.",""
"data/org.gnome.Cheese.gschema.xml:104","Time between photos in burst mode",""
"data/org.gnome.Cheese.gschema.xml:105","The length of time, in milliseconds, to delay between taking each photo in a burst sequence of photos. If the burst delay is less than the countdown duration, the countdown duration will be used instead.",""
"data/org.gnome.Cheese.gschema.xml:111","Number of photos in burst mode",""
"data/org.gnome.Cheese.gschema.xml:112","The number of photos to take in a single burst.",""
"data/shortcuts.ui:12","Overview",""
"data/shortcuts.ui:16","Fullscreen on / off",""
"data/shortcuts.ui:22","Quit the application",""
"data/shortcuts.ui:30","Thumbnails",""
"data/shortcuts.ui:34","Open",""
"data/shortcuts.ui:40","Save As",""
"data/shortcuts.ui:46","Move to Trash",""
"data/shortcuts.ui:52","Delete",""
"libcheese/cheese-avatar-chooser.c:80 src/cheese-window.vala:257 src/cheese-window.vala:286 src/cheese-window.vala:361","_Cancel",""
"libcheese/cheese-avatar-chooser.c:82","_Select",""
"libcheese/cheese-avatar-widget.c:128 src/cheese-window.vala:685","Shutter sound",""
"libcheese/cheese-avatar-widget.c:270","_Take Another Picture",""
"libcheese/cheese-camera.c:445 libcheese/cheese-camera.c:1639","One or more needed GStreamer elements are missing: ",""
"libcheese/cheese-camera.c:1581","No device found",""
"libcheese/cheese-camera.c:1874","%02i:%02i:%02i",""
"libcheese/cheese-camera-device.c:577","Device capabilities not supported",""
"libcheese/cheese-camera-device.c:735","Unknown device",""
"libcheese/cheese-camera-device.c:754","Cancellable initialization not supported",""
"src/cheese-application.vala:56","Start in wide mode",""
"src/cheese-application.vala:59","Device to use as a camera",""
"src/cheese-application.vala:59","DEVICE",""
"src/cheese-application.vala:61","Output version information and exit",""
"src/cheese-application.vala:63","Start in fullscreen mode",""
"src/cheese-application.vala:321","Webcam in use",""
"src/cheese-application.vala:583","translator-credits",""
"src/cheese-application.vala:585","Cheese Website",""
"src/cheese-effects-manager.vala:51","No Effect",""
"src/cheese-window.vala:229","Could not open %s",""
"src/cheese-window.vala:254","Are you sure you want to permanently delete the file?
msgid_plural: Are you sure you want to permanently delete %d files?","msgstr[0]: 
msgstr[1]: "
"src/cheese-window.vala:258","_Delete",""
"src/cheese-window.vala:260","If you delete an item, it will be permanently lost
msgid_plural: If you delete the items, they will be permanently lost","msgstr[0]: 
msgstr[1]: "
"src/cheese-window.vala:284","Could not delete %s",""
"src/cheese-window.vala:287","Skip",""
"src/cheese-window.vala:288","Skip all",""
"src/cheese-window.vala:333","Could not move %s to trash",""
"src/cheese-window.vala:358","Save File",""
"src/cheese-window.vala:362","Save",""
"src/cheese-window.vala:392","Could not save %s",""
"src/cheese-window.vala:813","Stop recording",""
"src/cheese-window.vala:828","Record a video",""
"src/cheese-window.vala:863","Stop taking pictures",""
"src/cheese-window.vala:886","Take multiple photos",""
"src/cheese-window.vala:1080","No effects found",""
"src/cheese-window.vala:1204","There was an error playing video from the webcam",""
"src/cheese-window.vala:1413","Record a video using a webcam",""
"src/cheese-window.vala:1419","Take multiple photos using a webcam",""
"src/cheese-window.vala:1431","Choose an Effect",""
"src/cheese-window.vala:1442","Record a Video",""
"src/cheese-window.vala:1446","Take Multiple Photos",""
