"location","source","target"
"src/grd-daemon.c:480","GNOME Remote Desktop","Ихароу аусуратә еишәа GNOME"
"src/grd-prompt.c:124","Do you want to share your desktop?","Ишәҭахума шәара шәусуратә еишәа еихышәшарц?"
"src/grd-prompt.c:125","A user on the computer '%s' is trying to remotely view or control your desktop."," Окомпиутер «%s» ахархәаҩ иҽазишәоит харантәи шәусуратә еишәа ахылаԥшра, мамзар аконтрользура"
"src/grd-prompt.c:131","Refuse","Мап акра"
"src/grd-prompt.c:136","Accept","Адкылара"
"src/grd-ctl.c:44","Usage: %s [OPTIONS...] COMMAND [SUBCOMMAND]...
",""
"src/grd-ctl.c:383","Commands:
",""
"src/grd-ctl.c:388","  rdp                                        - RDP subcommands:
    enable                                   - Enable the RDP backend
    disable                                  - Disable the RDP backend
    set-tls-cert <path-to-cert>              - Set path to TLS certificate
    set-tls-key <path-to-key>                - Set path to TLS key
    set-credentials <username> <password>    - Set username and password
                                               credentials
    clear-credentials                        - Clear username and password
                                               credentials
    enable-view-only                         - Disable remote control of input
                                               devices
    disable-view-only                        - Enable remote control of input
                                               devices

",""
"src/grd-ctl.c:407","  vnc                                        - VNC subcommands:
    enable                                   - Enable the VNC backend
    disable                                  - Disable the VNC backend
    set-password <password>                  - Set the VNC password
    clear-password                           - Clear the VNC password
    set-auth-method password|prompt          - Set the authorization method
    enable-view-only                         - Disable remote control of input
                                               devices
    disable-view-only                        - Enable remote control of input
                                               devices

",""
"src/grd-ctl.c:422","  status [--show-credentials]                - Show current status

Options:
  --help                                     - Print this help text
",""
"src/org.gnome.desktop.remote-desktop.gschema.xml.in:7","Whether the RDP backend is enabled or not",""
"src/org.gnome.desktop.remote-desktop.gschema.xml.in:8","If set to 'true' the RDP backend will be initialized.",""
"src/org.gnome.desktop.remote-desktop.gschema.xml.in:14","Screenshare mode of RDP connections",""
"src/org.gnome.desktop.remote-desktop.gschema.xml.in:15","The screenshare mode specifies, whether the RDP backend mirrors the primary screen, or whether a virtual monitor is created. For the initial resolution of the virtual monitor, the RDP backend uses either the client core data ([MS-RDPBCGR] 2.2.1.3.2) or the client monitor data ([MS-RDPBCGR] 2.2.1.3.6), depending on what is available. When using a remote desktop session with a virtual monitor, clients can resize the resolution of the virtual monitor during a session with the Display Control Channel Extension ([MS-RDPEDISP]). Allowed screenshare modes include: * mirror-primary - Record the primary monitor of the current user session. * extend - Create a new virtual monitor and use it for the remote desktop session. The resolution of this virtual monitor is derived from the monitor configuration, submitted by the remote desktop client.",""
"src/org.gnome.desktop.remote-desktop.gschema.xml.in:41","Path to the certificate file"," Асертификат афаил ахь амҩа"
"src/org.gnome.desktop.remote-desktop.gschema.xml.in:42 src/org.gnome.desktop.remote-desktop.gschema.xml.in:50","In order to be able to use RDP with TLS Security, both the private key file and the certificate file need to be provided to the RDP server.","RDP TLS Security еицҵаны шәхы иашәархәарц азы иаҭахуп асервер RDP азоужьра афаил ахатәы цаԥхеи,асертификат афаилеи"
"src/org.gnome.desktop.remote-desktop.gschema.xml.in:49","Path to the private key file","Ахатәы цаԥха афаил ахь амҩа"
"src/org.gnome.desktop.remote-desktop.gschema.xml.in:57 src/org.gnome.desktop.remote-desktop.gschema.xml.in:74","Only allow remote connections to view the screen content","Харантә аҿакрақәа заҵәык  азин рыҭара аекран иану арбаразы"
"src/org.gnome.desktop.remote-desktop.gschema.xml.in:58","When view-only is true, remote RDP connections cannot manipulate input devices (e.g. mouse and keyboard).","Аҵакы «ахәаԥшра мацаразы» true аҟны ианықәгылоу ихароу RDP- аҿакрақәа аҭагаларатәеиҿартәырақәа(иаҳҳәап аҳәынаԥ,мамзар арыдыркыра) наԥхгара рызрыҭаӡом "
"src/org.gnome.desktop.remote-desktop.gschema.xml.in:67","Whether the VNC backend is enabled or not",""
"src/org.gnome.desktop.remote-desktop.gschema.xml.in:68","If set to 'true' the VNC backend will be initialized.",""
"src/org.gnome.desktop.remote-desktop.gschema.xml.in:75","When view-only is true, remote VNC connections cannot manipulate input devices (e.g. mouse and keyboard).","Аҵакы «ахәаԥшра мацаразы» true аҟны ианықәгылоу,  ихароу VNC- аиԥшьрақәа аҭагаларатәеиҿартәырақәа(иаҳҳәап аҳәынаԥ,мамзар арыдыркыра) наԥхгара рызрыҭаӡом"
"src/org.gnome.desktop.remote-desktop.gschema.xml.in:82","Method used to authenticate VNC connections","Аметод, VNC аимдарақәа рхаҭареилкааразы ахархәара зауо"
"src/org.gnome.desktop.remote-desktop.gschema.xml.in:83","The VNC authentication method describes how a remote connection is authenticated. It can currently be done in two different ways: * prompt - by prompting the user for each new connection, requiring a person with physical access to the workstation to explicitly approve the new connection. * password - by requiring the remote client to provide a known password","Ахаҭареилкаара аметод VNC иахцәажәоит ихароу аимадара ахаҭареилкаашьа шыҟаҵатәу.ҳазҭагылоу аамҭазы уи ҩ-ҟацашьак амоуп: адҵаалара - еснагь ахархәаҩ иахь адҵа аҟаҵарааҿакра ҿыц дазыразхарц.* Ажәамаӡа- хара иҟоу ахархәаҩ иахь идыру ажәамаӡа аҭагаларазы адҵа аҟаҵара."
