"location","source","target"
"data/gnome-classic.desktop.in:3","GNOME Classic","Аклассикатә GNOME"
"data/gnome-classic.desktop.in:4 data/gnome-classic-wayland.desktop.in:4 data/gnome-classic-xorg.desktop.in:4","This session logs you into GNOME Classic","Ари асеанс аклассикатә усуратә еишәа GNOME хархәагас иамоуп "
"data/gnome-classic-wayland.desktop.in:3","GNOME Classic on Wayland","Аклассикатә GNOME Wayland аҟны"
"data/gnome-classic-xorg.desktop.in:3","GNOME Classic on Xorg","Аклассикатә GNOME Xorg аҟны"
"extensions/apps-menu/extension.js:118","Favorites","Иалкаау"
"extensions/apps-menu/extension.js:379","Applications","Аԥшьқәа"
"extensions/auto-move-windows/org.gnome.shell.extensions.auto-move-windows.gschema.xml:6","Application and workspace list","Аԥшьи аусуратә ҵакырақәа рыхьӡынҵеи"
"extensions/auto-move-windows/org.gnome.shell.extensions.auto-move-windows.gschema.xml:7","A list of strings, each containing an application id (desktop file name), followed by a colon and the workspace number","Ацәаҳәақәа рыхьӡынҵа аиԥшрагәаҭага аԥшьы (desktop-фаил ахьӡ )змоу, зашьҭахь ҩ-кәаԥки аусуратә ҭыԥ аномери гылоу "
"extensions/auto-move-windows/prefs.js:152","Workspace Rules","Аусуратә ҵакыра аԥҟаррақәа"
"extensions/auto-move-windows/prefs.js:306","Add Rule","Аԥҟара ацҵара"
"extensions/drive-menu/extension.js:126 extensions/places-menu/placeDisplay.js:210","Ejecting drive “%s” failed:","Адиск «%s» аҭыгара залымшахеит:"
"extensions/drive-menu/extension.js:145","Removable devices","Иаҿыҵуа аиҿартәырақәа"
"extensions/drive-menu/extension.js:167","Open Files","Афаил аартра"
"extensions/native-window-placement/org.gnome.shell.extensions.native-window-placement.gschema.xml:5","Use more screen for windows","Изыцҵоу аекран аҵакыра аԥенџьырқәа рзы ахархәара"
"extensions/native-window-placement/org.gnome.shell.extensions.native-window-placement.gschema.xml:6","Try to use more screen for placing window thumbnails by adapting to screen aspect ratio, and consolidating them further to reduce the bounding box. This setting applies only with the natural placement strategy.","Шәхы иашәырхәа изыцҵоу аекран аҵакыра аминиатиура атыԥаркразыаекран аганқәа реизышәара ԥсахуа аҭыԥыркра шәыржәпала, анаҩс адаԥа ҳәаақәызҵо ашәагаа архәыҷразыари ахышәара ахархәара аиуоит аминиатиура «natural» аҭыԥыркра алгоритм  ахархәараан"
"extensions/native-window-placement/org.gnome.shell.extensions.native-window-placement.gschema.xml:11","Place window captions on top"," Аԥенџьырқәа рыхқәа хыхь рҭыԥыркра"
"extensions/native-window-placement/org.gnome.shell.extensions.native-window-placement.gschema.xml:12","If true, place window captions on top the respective thumbnail, overriding shell default of placing it at the bottom. Changing this setting requires restarting the shell to have any effect.","Иалхзар, ахқәа аминиатиура хыхьтәи ахәҭаҟны аҭыԥ ааныркылалоит(ишыҟоу еиԥш ахқәа ҵаҟатәи аҭыԥ ааныркылоит).Ари ахышәара аԥсахраан,уи аус аура иалагарцазы, иаҭахуп Shell аиҭарура."
"extensions/places-menu/extension.js:94 extensions/places-menu/extension.js:97","Places","Аҭыԥқәа"
"extensions/places-menu/placeDisplay.js:49","Failed to launch “%s”"," «%s» аус арура залшом"
"extensions/places-menu/placeDisplay.js:64","Failed to mount volume for “%s”","Иамоуӡит атом аибыҭара «%s» азы"
"extensions/places-menu/placeDisplay.js:125 extensions/places-menu/placeDisplay.js:148","Computer","Акомпиутер"
"extensions/places-menu/placeDisplay.js:336","Home","Аҩнытәи аҭаӡ"
"extensions/places-menu/placeDisplay.js:381","Browse Network","Аҳа алаԥшхагара"
"extensions/screenshot-window-sizer/org.gnome.shell.extensions.screenshot-window-sizer.gschema.xml:7","Cycle Screenshot Sizes","Аекран аҭыхымҭа ашәагаақәа рыԥсахра"
"extensions/screenshot-window-sizer/org.gnome.shell.extensions.screenshot-window-sizer.gschema.xml:11","Cycle Screenshot Sizes Backward","Аекран аҭыхымҭа ашәагаақәа  шьҭахьҟатәи ахырхарҭала рыԥсахра"
"extensions/user-theme/org.gnome.shell.extensions.user-theme.gschema.xml:5","Theme name","Атема ахьӡ"
"extensions/user-theme/org.gnome.shell.extensions.user-theme.gschema.xml:6","The name of the theme, to be loaded from ~/.themes/name/gnome-shell","~/.themes/name/gnome-shell аҟынтә иҭагалоу атема ахьӡ "
"extensions/window-list/extension.js:72","Close","Аркра"
"extensions/window-list/extension.js:92","Unminimize","Архынҳәра"
"extensions/window-list/extension.js:92","Minimize","Аиҟәырҳәра"
"extensions/window-list/extension.js:99","Unmaximize","Аиҭашьақәыргылара"
"extensions/window-list/extension.js:99","Maximize","Аиҵыхра"
"extensions/window-list/extension.js:441","Minimize all","Зегьы реиҟәырҳәра"
"extensions/window-list/extension.js:447","Unminimize all","Зегьы рырхынҳәра"
"extensions/window-list/extension.js:453","Maximize all","Зегьы реиҵыхра"
"extensions/window-list/extension.js:461","Unmaximize all","Зегьы реиҭашьақәыргылара"
"extensions/window-list/extension.js:469","Close all","Зегьы рыркра"
"extensions/window-list/extension.js:753","Window List","Аԥенџьырқәа рыхьӡынҵа"
"extensions/window-list/org.gnome.shell.extensions.window-list.gschema.xml:12","When to group windows","Аԥенџьырқәа аидыргәыԥлара анаҭаху"
"extensions/window-list/org.gnome.shell.extensions.window-list.gschema.xml:13","Decides when to group windows from the same application on the window list. Possible values are “never”, “auto” and “always”.","Иҳәаақәнаҵоит, ианаҭаху  ԥшьык иаҵанакуа аԥенџьырқәа реидыргәыԥлара, аԥенџьырқәа рыхьӡынҵаҟны Иҟалар зылшо аҵакқәа : «never» — ахаан; «auto» — автоматла; «always» — есқьынгьы"
"extensions/window-list/org.gnome.shell.extensions.window-list.gschema.xml:20 extensions/window-list/prefs.js:79","Show windows from all workspaces","Аҵакырақәа зегьы рҟынтә аԥенџьырқәа раарԥшра"
"extensions/window-list/org.gnome.shell.extensions.window-list.gschema.xml:21","Whether to show windows from all workspaces or only the current one.","Аԥенџьырқәа рыхьӡынҵа аусуратә ҵакырақәа зегь рҟынтә акәу,мамзар уажәтәи аҟынтә акәу ишаарԥшлатәу"
"extensions/window-list/org.gnome.shell.extensions.window-list.gschema.xml:27","Show the window list on all monitors","Аԥенџьырқәа рыхьӡынҵа амониторқәа зегьы рҟны рырбара"
"extensions/window-list/org.gnome.shell.extensions.window-list.gschema.xml:28","Whether to show the window list on all connected monitors or only on the primary one.","Аԥенџьырқәа рыхьӡынҵа иаҿаку амониторқәа зегьы рыҟноума иахьаарԥшлатәу , мамзар ихадоу аҟны акәу."
"extensions/window-list/prefs.js:35","Window Grouping","Аԥенџьырқәа  реидыргәыԥлара"
"extensions/window-list/prefs.js:40","Never group windows","Ахаангьы аԥенџьырқәа реидмыргәыԥлара"
"extensions/window-list/prefs.js:41","Group windows when space is limited","Аҭыԥ маҷхазар, аԥенџьырқәа еидшәыргәыԥла"
"extensions/window-list/prefs.js:42","Always group windows","Еснагь аԥенџьырқәа реидыргәыԥлара"
"extensions/window-list/prefs.js:66","Show on all monitors","Амониторқәа зегьы рҟны рырбара"
"extensions/window-list/workspaceIndicator.js:261 extensions/workspace-indicator/extension.js:266","Workspace Indicator","Аусуратә ҵакыра аиндикатор"
"extensions/workspace-indicator/prefs.js:62","Workspace %d","Аусуратә ҵакыра %d"
"extensions/workspace-indicator/prefs.js:129","Workspace Names","Аусуратә ҵакырақәа рыхьӡқәа"
"extensions/workspace-indicator/prefs.js:255","Add Workspace","Аусуратә ҵакыра ацҵара"
