"location","source","target"
"data/org.gnome.Mines.appdata.xml.in:8","GNOME Mines","Асапиор GNOME "
"data/org.gnome.Mines.appdata.xml.in:9 data/org.gnome.Mines.desktop.in:4","Clear hidden mines from a minefield","Иминарку адәы аҟны аминақәа рыԥшаара."
"data/org.gnome.Mines.appdata.xml.in:11","GNOME Mines is a puzzle game where you search for hidden mines. Flag the spaces with mines as quickly as possible to make the board a safer place. You win the game when you’ve flagged every mine on the board. Be careful not to trigger one, or the game is over!","Асапиор GNOME -ари  аминақәа рыҧшаара ахьаҭаху  хәмарроуп. Иқәшәыргылла абираҟқәа аминақәа ахьыҟоу адәқәа рҟны,излауо ала имаҷны аамҭа ақәырӡаны. Аминақәа зегьы абираҟқәа рыла иалышәкаар аиааира шәгоит. Аминақәа шәырмықәыӷәӷәан, мамзар ахәмарра хырқәшахоит."
"data/org.gnome.Mines.appdata.xml.in:17","You can select the size of the field you want to play on at the start of the game. If you get stuck, you can ask for a hint: there’s a time penalty, but that’s better than hitting a mine!","Ахәмарра алагамҭазы шәара ишәалшоит иалышәхыр ахәмарратә дәы ашәага зеиҧшрахо. Шәҭагылазаашьа цәгьахазар ишәоур шәылшоит аҵаҳәара, уи ахьшәоуа азы  иахыҧхьаӡалахоит ахараҧсатә аамҭа ,аха уи амина шәахаҧжәар аасҭа еиӷьуп."
"data/org.gnome.Mines.appdata.xml.in:47","The GNOME Project","Апроект GNOME"
"data/org.gnome.Mines.desktop.in:3 src/interface.ui:46 src/interface.ui:52 src/gnome-mines.vala:168 src/gnome-mines.vala:845","Mines","Аминақәа"
"data/org.gnome.Mines.desktop.in:12","minesweeper;","Асапиор;"
"data/org.gnome.Mines.desktop.in:17","Small board","Адәы хәыҷы"
"data/org.gnome.Mines.desktop.in:21","Medium board","Ибжьаратәиу адәы"
"data/org.gnome.Mines.desktop.in:25","Big board","Идуу адәы"
"data/org.gnome.Mines.gschema.xml:5","The theme to use","Ахархәара змоу атема"
"data/org.gnome.Mines.gschema.xml:6","The title of the tile theme to use.","Ахархәара змоу атема ахьӡ"
"data/org.gnome.Mines.gschema.xml:10","Use the unknown flag","Еилкаам абираҟ ахархәара"
"data/org.gnome.Mines.gschema.xml:11","Set to true to be able to mark squares as unknown.","Аҵакы «true» ықәшәыргыл, аквадратқәа рҟны адыргақәа «еилкаам» ақәыргылара алшара шәоурц азы."
"data/org.gnome.Mines.gschema.xml:15","Enable automatic placing of flags","Аминақәа автоматла раартра аҿакра"
"data/org.gnome.Mines.gschema.xml:16","Set to true to automatically flag squares as mined when enough squares are revealed","Иқәшәыргыл адырга «true»,акәша-мыкәша  иазхаша аквадратқәа анаарту аминақәа змоу аквадратқәа рхала иалкаахарц азы."
"data/org.gnome.Mines.gschema.xml:20","Enable animations","Анимациа аҿакра"
"data/org.gnome.Mines.gschema.xml:21","Set to false to disable theme-defined transition animations","Иқәшәыргыл аҵакы «false» атема  иқәнаргылаз анимация аҿыхразы"
"data/org.gnome.Mines.gschema.xml:26","Number of columns in a custom game","Аиҵагылақәа рхыҧхьаӡара иурхиар зуа ахәмарраҟны"
"data/org.gnome.Mines.gschema.xml:31","Number of rows in a custom game","Ацәаҳәақәа рхыҧхьаӡара иурхиар зуа ахәмарраҟны"
"data/org.gnome.Mines.gschema.xml:35","The number of mines in a custom game","Аминақәа рхыҧхьаӡара иурхиар зуа ахәмарраҟны"
"data/org.gnome.Mines.gschema.xml:40","Board size","Ахәмаррратә дәы ашәагаа"
"data/org.gnome.Mines.gschema.xml:41","Size of the board (0-2 = small-large, 3 = custom)","Адәы ашәагаа(0-2=ихәыҷу-идуу,3=иурхиар зуа )"
"data/org.gnome.Mines.gschema.xml:45","Width of the window in pixels","Аԥенџьыр  аҭбаара  пиксельла"
"data/org.gnome.Mines.gschema.xml:49","Height of the window in pixels","Аԥенџьыр  аҳаракыра  пиксельла"
"data/org.gnome.Mines.gschema.xml:53","true if the window is maximized","Иҵабыргуп, аԥенџьыр иамазар иреҳаӡоу ашәагаа"
"src/help-overlay.ui:12","Window and game","Аԥенџьыри ахәмарреи"
"src/help-overlay.ui:17","Start a new game","Ахәмарра ҿыц алагара"
"src/help-overlay.ui:24","Restart game with current settings","Ахәмарра ханатә алагара аҵыхәтәантәи аҧҟарақәа рыла"
"src/help-overlay.ui:31","Pause the game","Ахәмарра аанкылара"
"src/help-overlay.ui:38","Show Help","Аилыркаа арбара"
"src/help-overlay.ui:45","Open Menu","Амениу аартра"
"src/help-overlay.ui:52","Show Keyboard Shortcuts","Арыдқәа реилаҵа рырбара"
"src/help-overlay.ui:59","Quit","Ахырқәшара"
"src/help-overlay.ui:67","Game size selection","Ашәагаа алхра"
"src/help-overlay.ui:72","Game size: small","Ахәмарра ашәагаа: ихәыҷу"
"src/help-overlay.ui:79","Game size: medium","Ахәмарра ашәагаа: абжьаратәи"
"src/help-overlay.ui:86","Game size: large","Ахәмарра ашәагаа: аду"
"src/help-overlay.ui:93","Game size: custom","Ахәмарра ашәагаа:иурхиар зуа"
"src/help-overlay.ui:101","In-game","Ахәмарра аҟны"
"src/help-overlay.ui:106 src/help-overlay.ui:113","Move the keyboard cursor","Арыдқәа рфокус аиагара"
"src/help-overlay.ui:120","Reveal field","Адәы алкаара"
"src/help-overlay.ui:127","Toggle field flag state","Абираҟ аҭагылазаашьа адәы ахь аиагара"
"src/interface.ui:15","_Scores","_Аихшьала"
"src/interface.ui:19","A_ppearance","_Адәахьытәи ақәыԥшылара"
"src/interface.ui:25","_Use Question Flags","_абираҟқәа-азҵаарақәа рхархәара"
"src/interface.ui:31","_Keyboard Shortcuts","_Арыдқәа реидкыла"
"src/interface.ui:35","_Help","_Аилыркаа"
"src/interface.ui:39","_About Mines","_Аминақәа ирызкны"
"src/interface.ui:205","_Width","_Аҭбаара"
"src/interface.ui:229","_Height","_Аҳаракыра"
"src/interface.ui:253","Percent _mines","Аминақәа _рыпроцент"
"src/interface.ui:279","_Cancel","_Аԥыхра"
"src/interface.ui:296","_Play Game","_Ахәмарра алагара"
"src/interface.ui:477","Paused","Ааҭгылара"
"src/gnome-mines.vala:91","Print release version and exit","Апрограмма аверсиа аарԥшны аҭыҵра"
"src/gnome-mines.vala:92","Small game","Ихәыҷу ахәмарра"
"src/gnome-mines.vala:93","Medium game","Абжьаратәи ахәмарра"
"src/gnome-mines.vala:94","Big game","Идуу ахәмарра"
"src/gnome-mines.vala:265","Minefield:","Аминтә мхы:"
"src/gnome-mines.vala:301","%d × %d, %d mine
msgid_plural: %d × %d, %d mines","msgstr[0]: %d × %d, %d минак
msgstr[1]: %d × %d, %d аминақәа"
"src/gnome-mines.vala:352","Custom","Ахархәаратә"
"src/gnome-mines.vala:452","<b>%d</b> mine
msgid_plural: <b>%d</b> mines","msgstr[0]: <b>%d</b> минак
msgstr[1]: <b>%d</b> аминақәа"
"src/gnome-mines.vala:563","Do you want to start a new game?","Ишәҭахума ахәмарра ҿыцны шәалагар?"
"src/gnome-mines.vala:564","If you start a new game, your current progress will be lost.","Ахәмарра ҿыц шәалагар уажәтәи алҵшәақәа  ҧхьаӡахаӡом"
"src/gnome-mines.vala:565","Keep Current Game","Ахәмарра ацҵара"
"src/gnome-mines.vala:566","Start New Game","Ахәмарра ҿыц алагара"
"src/gnome-mines.vala:616","St_art Over","Ханатә алагара"
"src/gnome-mines.vala:672","_Pause","_Ааҭгылара"
"src/gnome-mines.vala:677","_Resume","_Ацҵара"
"src/gnome-mines.vala:760","Play _Again","_Еиҭа ахәмарра"
"src/gnome-mines.vala:821","Main game:","Ихадоу ахәмарра:"
"src/gnome-mines.vala:826","Score:","Аихшьала:"
"src/gnome-mines.vala:829","Resizing and SVG support:","Ашәагаа аԥсахреи SVG асахьақәа рыдгылареи:"
"src/gnome-mines.vala:848","Clear explosive mines off the board","Адәы аминақәа рҟынтә арыцқьара"
"src/gnome-mines.vala:855","translator-credits","Нанба Наала <naala-nanba@rambler.ru>, 2022."
"src/theme-selector-dialog.vala:104","Select Theme","Атема алхра"
