"location","source","target"
"data/sudoku-window.ui:7","_New Puzzle","_Ахыҧҽыга ҿыц"
"data/sudoku-window.ui:11","_Clear Board","_Аӷәы Арыцқьара "
"data/sudoku-window.ui:17 data/print-dialog.ui:38","_Print","_Акьыҧхьра"
"data/sudoku-window.ui:20","Print _Current Puzzle…","Акьыҧхьра _Уажәтәи Ахыҧҽыга…"
"data/sudoku-window.ui:24","Print _Multiple Puzzles…","Акьыҧхьра _Ҧыҭк Ахыҧҽыгақәа…"
"data/sudoku-window.ui:32","High_lighter","Аҿаҧарақәа_ралкаара"
"data/sudoku-window.ui:36","_Warnings","_Аҽазышәарақәа"
"data/sudoku-window.ui:42","_Help","_Аилыркаа"
"data/sudoku-window.ui:46","_About Sudoku","_Судоку Иазкны"
"data/sudoku-window.ui:52 data/sudoku-window.ui:57 data/org.gnome.Sudoku.desktop.in:3 src/gnome-sudoku.vala:495 src/sudoku-window.vala:213","Sudoku","Судоку"
"data/sudoku-window.ui:73","Undo your last action","Аҵыхәтәантәи аныҟәара аҧыхра"
"data/sudoku-window.ui:94","Redo your last action","Аҵыхәтәантәи аныҟәара архынҳәра"
"data/sudoku-window.ui:126","Pause","_Ааҭгылара"
"data/sudoku-window.ui:147","Start playing the custom puzzle you have created","Шәалага ахәмарра шәхала иаҧышәҵаз ахыҧҽыга"
"data/sudoku-window.ui:189","Go back to the current game","Уажәтәи ахәмарра ахь ахынҳәра"
"data/sudoku-window.ui:233 data/print-dialog.ui:157","_Easy","_Имариоу"
"data/sudoku-window.ui:241 data/print-dialog.ui:172","_Medium","_Агәыбжьанытәи"
"data/sudoku-window.ui:249 data/print-dialog.ui:188","_Hard","_Иуадаҩу"
"data/sudoku-window.ui:257 data/print-dialog.ui:204","_Very Hard","_Даара Иуадаҩу"
"data/sudoku-window.ui:265","_Create your own puzzle","_Шәхатәы хыҧҽыга аҧҵара"
"data/org.gnome.Sudoku.appdata.xml.in:7","GNOME Sudoku","Судоку GNOME"
"data/org.gnome.Sudoku.appdata.xml.in:8 data/org.gnome.Sudoku.desktop.in:4","Test your logic skills in this number grid puzzle","Иҧышәшәа шәлогика ари ахыҧхьӡарақәа рҭыҧыркра иазку ахыҧҽыгала"
"data/org.gnome.Sudoku.appdata.xml.in:10","Play the popular Japanese logic game. GNOME Sudoku is a must-install for Sudoku lovers, with a simple, unobtrusive interface that makes playing Sudoku fun for players of any skill level.","Зегьы еицырдыруа иапониатәи алогикатә хәмарра Судоку  ахәшьаҩцәагьы ргәы иақәшәоит.Судоку имариоу аиҧгаларҭа ишәнаҭоит  агәыҳалалра ахәмарра аҟынтә шәызцыхәмаруа иԥышәара зеиҧшразаалакгьы."
"data/org.gnome.Sudoku.appdata.xml.in:15","Each game is assigned a difficulty similar to those given by newspapers and websites, so your game will be as easy or as difficult as you want it to be.","Ахәмаррақәа   ҩадарала еиԥшым .Ахәмарра шаҟа иамриахо,мамзар иуадаҩхо ахэмарҩы ихала иалихыр илшоит. "
"data/org.gnome.Sudoku.appdata.xml.in:20","If you like to play on paper, you can print games out. You can choose how many games you want to print per page and what difficulty of games you want to print: as a result, GNOME Sudoku can act a renewable Sudoku book for you.","Ақьаад аҟны ахәмарра еиҳа шәгәы иақәшәозар ишәылшоит уи шәкьыԥхьарц.Иалшәх шаҟа хәмарра шәкьыԥхьар шәҭаху  , урҭ рыуадаҩра аҳаракыра зеиԥшрахо.Судоку GNOME  ҵыхәаҧҵәара змам Судоку -шәҟәны  иҟалар алшоит шәара шәзы."
"data/org.gnome.Sudoku.appdata.xml.in:30","A GNOME sudoku game preview","Судоку GNOME ахәмарра заатәи ахәаҧшра"
"data/org.gnome.Sudoku.appdata.xml.in:72","The GNOME Project","Апроект GNOME"
"data/org.gnome.Sudoku.desktop.in:6","magic;square;","Анашанатә;аквадрат;"
"data/org.gnome.Sudoku.gschema.xml:11","Difficulty level of sudokus to be printed",""
"data/org.gnome.Sudoku.gschema.xml:12","Set the difficulty level of the sudokus you want to print. Possible values are: ""easy"", ""medium"", ""hard"", ""very_hard""",""
"data/org.gnome.Sudoku.gschema.xml:17","Number of Sudokus to print",""
"data/org.gnome.Sudoku.gschema.xml:18","Set the number of sudokus you want to print",""
"data/org.gnome.Sudoku.gschema.xml:23","Number of Sudokus to print per page",""
"data/org.gnome.Sudoku.gschema.xml:24","Set the number of sudokus you want to print per page",""
"data/org.gnome.Sudoku.gschema.xml:28","Warn about unfillable squares and duplicate numbers",""
"data/org.gnome.Sudoku.gschema.xml:29","Displays a big red X in a square if it cannot possibly be filled by any number and duplicate numbers are highlighted in red",""
"data/org.gnome.Sudoku.gschema.xml:33","Highlight row, column and square that contain the selected cell",""
"data/org.gnome.Sudoku.gschema.xml:37","Width of the window in pixels",""
"data/org.gnome.Sudoku.gschema.xml:41","Height of the window in pixels",""
"data/org.gnome.Sudoku.gschema.xml:45","true if the window is maximized",""
"data/org.gnome.Sudoku.gschema.xml:49","Initialize the earmarks with the possible values for each cell","аҿаҧара цыҧхьаӡа азы анеира ахьауа аҵакқәа рырбара"
"data/print-dialog.ui:18","Print Multiple Puzzles","Ҧыҭк ахыҧҽыгақәа ркьыҧхьра"
"data/print-dialog.ui:27","_Cancel","_Аҧыхры"
"data/print-dialog.ui:65","_Number of puzzles","_Ахыҧҽыгақәа рхыҧхьаӡара"
"data/print-dialog.ui:101","_Number of puzzles per page","_Ахыҧҽыгақәа рхыҧхьаӡара"
"data/print-dialog.ui:138","Difficulty","Ауадаҩра"
"lib/sudoku-board.vala:591","Unknown Difficulty","Еилкаам Ауадаҩра Аҳаракыра"
"lib/sudoku-board.vala:593","Easy Difficulty","Имариоу Ауадаҩра"
"lib/sudoku-board.vala:595","Medium Difficulty","Игәыбжьанытәиу Ауадаҩра"
"lib/sudoku-board.vala:597","Hard Difficulty","Иҳараку Ауадаҩра"
"lib/sudoku-board.vala:599","Very Hard Difficulty","Даара Иҳараку Ауадаҩра"
"lib/sudoku-board.vala:601","Custom Puzzle","Ахархәаратә хыҧҽыга"
"src/gnome-sudoku.vala:72","Show release version","Аверсиа анумер арбара"
"src/gnome-sudoku.vala:76","Show the possible values for each cell","аҿаҧара цыҧхьаӡа азы анеира ахьауа аҵакқәа рырбара"
"src/gnome-sudoku.vala:231","The puzzle you have entered is not a valid Sudoku.","Иҭагалоу ахыҧҽыга ииашоу ахыҧҽыга Судоку акәӡам."
"src/gnome-sudoku.vala:231","Please enter a valid puzzle.","Иҭажәгала ииашоу ахыҧҽыга."
"src/gnome-sudoku.vala:240","The puzzle you have entered has multiple solutions.","Иҭагалоу ахыҧҽыга иамоуп аҳасабшьақәа ҧыҭк."
"src/gnome-sudoku.vala:240","Valid Sudoku puzzles have exactly one solution.","Ииашоу ахыҧҽыга Судоку иамоуп аҳасабшьа заҵәык."
"src/gnome-sudoku.vala:242","_Back","_Шьҭахьҟа"
"src/gnome-sudoku.vala:243","Play _Anyway","Зегь _Акоуп Ахәмарра"
"src/gnome-sudoku.vala:286","Well done, you completed the puzzle in %d minute!
msgid_plural: Well done, you completed the puzzle in %d minutes!","msgstr[0]: Даара ибзиоуп, шәара ишәҳасабеит ахыҧҽыга %d минут aла
msgstr[1]: Даара ибзиоуп, шәара ишәҳасабеит ахыҧҽыга %d минут рыла"
"src/gnome-sudoku.vala:290","_Quit","_Ахырқәшара"
"src/gnome-sudoku.vala:291","Play _Again","Еиҭа _Ахәмарра"
"src/gnome-sudoku.vala:397","Reset the board to its original state?","Ахәмарратә ӷәы аханатәтәи аҭагылазаашьа ахь архынҳәра?"
"src/gnome-sudoku.vala:492","The popular Japanese logic puzzle

Puzzles generated by QQwing %s","Еицырдыруа аиапониатә алогикатә хыҧҽыга

Ахыҧҽыгақәа аҧҵахоит QQwing %s "
"src/gnome-sudoku.vala:503","translator-credits","Нанба Наала <naala-nanba@rambler.ru>, 2022"
"src/number-picker.vala:85","Clear","Арыцқьара"
"src/sudoku-printer.vala:47","Error printing file:","Афаил акьыҧхьараан иҟалеит агха:"
"src/sudoku-view.vala:667","Paused","Иаанкылоуп"
"src/sudoku-window.vala:154","Select Difficulty","Ауадаҩра Алхра"
"src/sudoku-window.vala:215","Create Puzzle","Ахыҧҽыга Аҧҵара"
"","gnome-sudoku","gnome-sudoku"
"","Reset the board to its original state","Ахәмарратә ӷәы аханатәтәи аҭагылазаашьа ахь архынҳәра"
"","Start a new puzzle","Ахыҧҽыга ҿыц алагара"
"","_Start Playing","_Ахәмарра алагара"
"","_Resume","_Аиҭаҿакра"
