"location","source","target"
"data/character_dialog.ui:70","_Copy Character","_Асимвол ахкьыҧхьаара"
"data/character_dialog.ui:91","Unicode","Иуникод"
"data/character_dialog.ui:105","_See Also","_Насгьы шәахәаҧш"
"data/sidebar.ui:12","Recently Used","Ааигәа шәхы иашәырхәахьоу"
"data/sidebar.ui:21","Emojis","Emojis"
"data/sidebar.ui:35","Smileys & Emotion","Ақьачақьқәеи аемоциақәеи"
"data/sidebar.ui:43","People & Body","Ауааи ацәеижьи"
"data/sidebar.ui:51","Animals & Nature","Аҧсаатәқәеи аҧсабареи"
"data/sidebar.ui:59","Food & Drink","Афатәи ажәтәи"
"data/sidebar.ui:67","Travel & Places","Аныҟәареи аҭыҧқәеи"
"data/sidebar.ui:75","Activities","Аҽазыҟаҵарақәа"
"data/sidebar.ui:83","Objects","Аобиект"
"data/sidebar.ui:91","Symbols","Асимвол"
"data/sidebar.ui:99","Flags","Абираҟқәа"
"data/sidebar.ui:108","Letters & Symbols","Анбанқәеи асимволқәеи"
"data/sidebar.ui:122","Punctuation","Апунктуациа"
"data/sidebar.ui:130","Arrows","Ахыцқәа"
"data/sidebar.ui:138","Bullets","Амаркерқәа"
"data/sidebar.ui:146","Pictures","Асахьақәа"
"data/sidebar.ui:154","Currencies","Авалиутақәа"
"data/sidebar.ui:162","Math","Аматематика"
"data/sidebar.ui:170","Letters","Анбанқәа"
"data/shortcuts.ui:11","General","Зегьы ирзаку"
"data/shortcuts.ui:15","Open menu","Амениу аартара"
"data/shortcuts.ui:21","Search","Аҧшаара"
"data/shortcuts.ui:27","Keyboard shortcuts","Арыдқәа реилаҵа"
"data/shortcuts.ui:33","Quit","Аҭыҵра"
"data/window.ui:6","_Keyboard Shortcuts","_Ицоу арыдқәа"
"data/window.ui:10","_About Characters","_Асимволқәа ирызкны"
"data/window.ui:32 data/org.gnome.Characters.appdata.xml.in:4 data/org.gnome.Characters.desktop.in.in:4 src/main.js:58","Characters","Асимволқәа"
"data/window.ui:138","No Recent Characters","Аҵыхәтәантәи асимволқәа ыҟаӡам"
"data/window.ui:139","Characters will appear here if you use them.","Араҟа иарбахоит лассы шәхы иашәырхәо асимволқәа"
"data/window.ui:166","No Results","Аалҵшәақәа ыҟаӡам"
"data/window.ui:167","Try a different search.","Шәхы иашәырхәа егьырҭ аҧшаарқәа"
"data/window.ui:188","Loading…","Аҭагалара..."
"data/org.gnome.Characters.appdata.xml.in:5","Character map application","Асимволқәа рыхсаала аҧшьы"
"data/org.gnome.Characters.appdata.xml.in:9","Characters is a simple utility application to find and insert unusual characters. It allows you to quickly find the character you are looking for by searching for keywords.","Асимволқәа-ари имариоу ҧшьуп иалукааша асимволқәа рыҧшаареи аҭагалареи рзыУи ишәнаҭоит алшара ишәҭаху асимвол иаарццакны аҧшаара ихадоу ажәақәа рыла"
"data/org.gnome.Characters.appdata.xml.in:12","You can also browse characters by categories, such as Punctuation, Pictures, etc.","Насгьы асимволқәа шәрышьҭаларц шәылшоит хкыла,иаҳҳәап, апунктуациа адыргақәа, асахьақәа."
"data/org.gnome.Characters.desktop.in.in:5","Utility application to find and insert unusual characters","Имариоу аԥшьы иалукааша асимволқәа рыԥшаареи рҭагалареи рзы"
"data/org.gnome.Characters.desktop.in.in:13","characters;unicode;punctuation;math;letters;emoji;emoticon;symbols;","Асимволқәа;иуникод;апунктуациа;аматематика;анбанқәа;ақьачақьқәа;emoji;emoticon;"
"data/org.gnome.Characters.gschema.xml:8","Maximum recent characters","Аҵыхәтәантәи асимволқәа ыҟаӡам"
"src/characterDialog.js:102 src/searchProvider.js:86","Unknown character name","Асимвол ахьӡ еилкааӡам"
"src/characterDialog.js:127","%s is not included in %s","%s арбаӡам %s аҟны "
"src/characterDialog.js:166","Character copied to clipboard","Асимвол хкыҧхьаауп иаҭныҧсахлара абуфер ахь"
"src/charactersView.js:156","Unassigned","Иазкӡам"
"src/searchProvider.js:95","U+%s",""
"src/searchProvider.js:112","Character copied","Асимволқәа рыхсаала"
"src/searchProvider.js:113","Character was copied successfully","Асимвол хкыҧхьаауп иаҭныҧсахлара абуфер ахь"
"src/sidebarRow.js:72","%s Sidebar Row","%s Аварахьтәи аҵҟьа ацәаҳәа"
"src/window.js:152","Search Result","Алҵшәа аҧшаара "
"src/window.js:182","translator-credits","Нанба Наала <naala-nanba@rambler.ru>, 2022"
"src/window.js:183","GNOME Characters","GNOME асимволқәа"
"src/window.js:184","Character Map","Асимволқәа рыхсаала"
"","U+%s, %s: %s","U+%s, %s: %s"
