"location","source","target"
"effects/bulge.effect.desktop.in:4","Bulge","Алгәыгәлара"
"effects/bulge.effect.desktop.in:5","Bulges the center of the video","Алгәыгәлара агәҭаҟны"
"effects/cartoon.effect.desktop.in:4","Cartoon","Акомикс"
"effects/cartoon.effect.desktop.in:5","Cartoonify video input","Комиксҵас астиль аҭара"
"effects/cheguevara.effect.desktop.in:4","Che Guevara","Че Гевара"
"effects/cheguevara.effect.desktop.in:5","Transform video input into typical Che Guevara style","Астиль «Че Гевара» ахь аиҭеиҭакра"
"effects/chrome.effect.desktop.in:4","Chrome","Хром"
"effects/chrome.effect.desktop.in:5","Transform video input into a metallic look","Аметалл ԥшра аҭара"
"effects/dicetv.effect.desktop.in:4","Dice","Ҽыҭк"
"effects/dicetv.effect.desktop.in:5","Dices the video input into many small squares"," Авидео ҿыҭрацәала иԥнаҽоит"
"effects/distortion.effect.desktop.in:4","Distortion","Аицакра"
"effects/distortion.effect.desktop.in:5","Distort the video input","Авидеоқәа реишьҭаҵа аицакра"
"effects/edgetv.effect.desktop.in:4","Edge","Аҳәаақәа"
"effects/edgetv.effect.desktop.in:5","Display video input like good old low resolution computer way","Ижәытәу, аха иразу  зылшара лаҟәу астиль"
"effects/flip.effect.desktop.in:3","Flip","Ааҳәра"
"effects/flip.effect.desktop.in:4","Flip the image, as if looking at a mirror","Асарҟьа шәахәаԥшуашәа асахьа аарҳәра"
"effects/heat.effect.desktop.in:4","Heat","Ашоура"
"effects/heat.effect.desktop.in:5","Fake heat camera toning","Ашоуратә имцырку аԥшшәахәыркра"
"effects/historical.effect.desktop.in:4","Historical","Аҭоурыхтә"
"effects/historical.effect.desktop.in:5","Add age to video input using scratches and dust","Ацәҟьарақәеи абби рыцхыраарала ақәра ацҵара"
"effects/hulk.effect.desktop.in:4","Hulk","Азомби"
"effects/hulk.effect.desktop.in:5","Transform yourself into the amazing Hulk","Иџьшьахәу азомби шәылхра"
"effects/inversion.effect.desktop.in:4","Inversion","Аркшара"
"effects/inversion.effect.desktop.in:5","Invert colors of the video input","Аԥштәы аркшара"
"effects/kaleidoscope.effect.desktop.in:4","Kaleidoscope","Акалеидоскоп"
"effects/kaleidoscope.effect.desktop.in:5","A triangle Kaleidoscope","Х-кәакь змоу акалеидоскоп"
"effects/mauve.effect.desktop.in:4","Mauve","Адәыкрынԥштәы"
"effects/mauve.effect.desktop.in:5","Transform video input into a mauve color","адәыкрынԥштәы ацҵара"
"effects/mirror.effect.desktop.in:4","Mirror","Асаркьа"
"effects/mirror.effect.desktop.in:5","Mirrors the video","Иаарҳәны  аныԥшра"
"effects/noir.effect.desktop.in:4","Noir/Blanc","Иԥштәыдоу"
"effects/noir.effect.desktop.in:5","Transform video input into grayscale","Ахәа ацәылаԥштәхәқәа рахь аиҭакра"
"effects/optv.effect.desktop.in:4","Optical Illusion","Аоптикатә мцы"
"effects/optv.effect.desktop.in:5","Traditional black-white optical animation","Иԥштәыдоу аоптикатә анимациа"
"effects/pinch.effect.desktop.in:4","Pinch","Арҷҷара"
"effects/pinch.effect.desktop.in:5","Pinches the center of the video","Авидео агәҭаны арҷҷара"
"effects/quarktv.effect.desktop.in:4","Quark","Кварк"
"effects/quarktv.effect.desktop.in:5","Dissolves moving objects in the video input","Еиҭаҵуа аобиектқәа  рырӡыҭра"
"effects/radioactv.effect.desktop.in:4","Radioactive","Ашәахәоушьҭра"
"effects/radioactv.effect.desktop.in:5","Detect radioactivity and show it"," Арадиоактивра аарԥшра"
"effects/revtv.effect.desktop.in:4","Waveform","Ақәацара"
"effects/revtv.effect.desktop.in:5","Transform video input into a waveform monitor","Авидео ақәацра ахь шьаҭанкыла аиҭакра"
"effects/ripple.effect.desktop.in:4","Ripple","Ацәқәырԥа сса"
"effects/ripple.effect.desktop.in:5","Add the ripple mark effect on the video input","Ацәқәырԥа сса аеффект ацҵара"
"effects/saturation.effect.desktop.in:4","Saturation","Аԥштәылгара"
"effects/saturation.effect.desktop.in:5","Add more saturation to the video input","Аԥштәылгара азырҳара"
"effects/sepia.effect.desktop.in:4","Sepia","Сепиа"
"effects/sepia.effect.desktop.in:5","Sepia toning","Сепиа"
"effects/shagadelictv.effect.desktop.in:4","Shagadelic","Апсиходелиа"
"effects/shagadelictv.effect.desktop.in:5","Add some hallucination to the video input","Алаԥшҵашәарақәа рыцҵара"
"effects/sobel.effect.desktop.in:4","Sobel","Собель"
"effects/sobel.effect.desktop.in:5","Extracts edges in the video input through using the Sobel operator","Аоператор Собель ацхыраарала аҳәаақәа ралкаара"
"effects/square.effect.desktop.in:4","Square","Аквадрат"
"effects/square.effect.desktop.in:5","Makes a square out of the center of the video","Аквадрат агәҭаны иалнакаауеит"
"effects/streaktv.effect.desktop.in:4","Kung-Fu","Кун-Фу"
"effects/streaktv.effect.desktop.in:5","Transform motions into Kung-Fu style","Еиҭанакуеит аиҭаҵра кун-фу астиль ахь"
"effects/stretch.effect.desktop.in:4","Stretch","Аиҵыхра"
"effects/stretch.effect.desktop.in:5","Stretches the center of the video","Авидео агәҭы еиҵнахоит"
"effects/timedelay.effect.desktop.in:4","Time delay","Аамҭа аанкылара"
"effects/timedelay.effect.desktop.in:5","Show what was happening in the past","Иҟалахьоу арбара"
"effects/twirl.effect.desktop.in:4","Twirl","Аԥшеилагьежьра"
"effects/twirl.effect.desktop.in:5","Twirl the center of the video","Авидео агәҭы аиларгьежьра"
"effects/vertigotv.effect.desktop.in:4","Vertigo","Аблахаҵгьежьра"
"effects/vertigotv.effect.desktop.in:5","Add a loopback alpha blending effector with rotating and scaling"," Иацышәҵа альфа -еилаҵоу еиқәҳәалоу аеффект , ахагьежьреи амасштабркреи ацҵаны"
"effects/warptv.effect.desktop.in:4","Warp","Ахәахәахара"
"effects/warptv.effect.desktop.in:5","Transform video input into realtime goo’ing","Иканҵалоу авидео"
"effects/xray.effect.desktop.in:4","X-Ray","Арентген"
"effects/xray.effect.desktop.in:5","Invert and slightly shade to blue","Иркшаны нас аиеҵәа ацҵара"
