"location","source","target"
"data/org.gnome.Books.appdata.xml.in:7 data/org.gnome.Books.desktop.in:3 src/application.js:107 src/overview.js:1040","Books","Ашәҟәқәа"
"data/org.gnome.Books.appdata.xml.in:8","An e-book manager application for GNOME","GNOME аҟны аелектронтә ашәҟәқәа шәхы иашәырхәаларц азы аԥшьы"
"data/org.gnome.Books.appdata.xml.in:10","A simple application to access and organize your e-books on GNOME. It is meant to be a simple and elegant replacement for using a file manager to deal with e-books.",""
"data/org.gnome.Books.appdata.xml.in:15","It lets you:",""
"data/org.gnome.Books.appdata.xml.in:17","View recent e-books",""
"data/org.gnome.Books.appdata.xml.in:18","Search through e-books",""
"data/org.gnome.Books.appdata.xml.in:19","View e-books (ePubs and comics) fullscreen",""
"data/org.gnome.Books.appdata.xml.in:31","The GNOME Project",""
"data/org.gnome.Books.desktop.in:4","Access, manage and share books",""
"data/org.gnome.Books.desktop.in:14","Books;Comics;ePub;PDF;",""
"data/org.gnome.books.gschema.xml:5","View as",""
"data/org.gnome.books.gschema.xml:6","View as type",""
"data/org.gnome.books.gschema.xml:10","Sort by",""
"data/org.gnome.books.gschema.xml:11","Sort by type",""
"data/org.gnome.books.gschema.xml:15","Window size",""
"data/org.gnome.books.gschema.xml:16","Window size (width and height).",""
"data/org.gnome.books.gschema.xml:20","Window position",""
"data/org.gnome.books.gschema.xml:21","Window position (x and y).",""
"data/org.gnome.books.gschema.xml:25","Window maximized",""
"data/org.gnome.books.gschema.xml:26","Window maximized state",""
"data/org.gnome.books.gschema.xml:30","Night mode",""
"data/org.gnome.books.gschema.xml:31","Whether the application is in night mode.",""
"data/ui/books-app-menu.ui:6 src/preview.js:452","Night Mode",""
"data/ui/books-app-menu.ui:12","Keyboard Shortcuts",""
"data/ui/books-app-menu.ui:16","Help",""
"data/ui/books-app-menu.ui:20","About Books",""
"data/ui/help-overlay.ui:11","General",""
"data/ui/help-overlay.ui:15","Show help",""
"data/ui/help-overlay.ui:22","Quit",""
"data/ui/help-overlay.ui:29","Search",""
"data/ui/help-overlay.ui:36","Print the current document",""
"data/ui/help-overlay.ui:45","Navigation",""
"data/ui/help-overlay.ui:49 data/ui/help-overlay.ui:57","Go back",""
"data/ui/help-overlay.ui:67","Preview",""
"data/ui/help-overlay.ui:71","Zoom in",""
"data/ui/help-overlay.ui:78","Zoom out",""
"data/ui/help-overlay.ui:85","Bookmark the current page",""
"data/ui/help-overlay.ui:92","Open places and bookmarks dialog",""
"data/ui/help-overlay.ui:99","Copy selected text to clipboard",""
"data/ui/help-overlay.ui:106","Rotate counterclockwise",""
"data/ui/help-overlay.ui:113","Rotate clockwise",""
"data/ui/help-overlay.ui:120","Next occurrence of the search string",""
"data/ui/help-overlay.ui:127","Previous occurrence of the search string",""
"data/ui/help-overlay.ui:134","Presentation mode",""
"data/ui/help-overlay.ui:141","Open action menu",""
"data/ui/help-overlay.ui:148","Fullscreen",""
"data/ui/organize-collection-dialog.ui:40","Enter a name for your first collection",""
"data/ui/organize-collection-dialog.ui:56 data/ui/organize-collection-dialog.ui:113","New Collection…",""
"data/ui/organize-collection-dialog.ui:73 data/ui/organize-collection-dialog.ui:122","Add",""
"data/ui/organize-collection-dialog.ui:163 data/ui/selection-toolbar.ui:88 src/overview.js:1044 src/search.js:123","Collections",""
"data/ui/organize-collection-dialog.ui:167 src/overview.js:600","Cancel",""
"data/ui/organize-collection-dialog.ui:173","Done",""
"data/ui/preview-context-menu.ui:6","_Copy",""
"data/ui/preview-menu.ui:6 data/ui/selection-toolbar.ui:9 src/selections.js:977","Open",""
"data/ui/preview-menu.ui:10","Edit",""
"data/ui/preview-menu.ui:15","Print…",""
"data/ui/preview-menu.ui:21 src/preview.js:461","Fullscreen",""
"data/ui/preview-menu.ui:27","Present",""
"data/ui/preview-menu.ui:35","Zoom In",""
"data/ui/preview-menu.ui:41","Zoom Out",""
"data/ui/preview-menu.ui:49","Rotate ↶",""
"data/ui/preview-menu.ui:55","Rotate ↷",""
"data/ui/preview-menu.ui:62 data/ui/selection-toolbar.ui:79 src/properties.js:61","Properties",""
"data/ui/selection-menu.ui:6","Select All",""
"data/ui/selection-menu.ui:11","Select None",""
"data/ui/view-menu.ui:23","View items as a grid of icons",""
"data/ui/view-menu.ui:40","View items as a list",""
"data/ui/view-menu.ui:73","Sort",""
"data/ui/view-menu.ui:84","Author",""
"data/ui/view-menu.ui:93","Date",""
"data/ui/view-menu.ui:102","Name",""
"src/application.js:123","Show the version of the program",""
"src/documents.js:780","Failed to print document",""
"src/documents.js:822 src/search.js:373","Local",""
"src/documents.js:879","Collection",""
"src/documents.js:1073","You are using a preview of Books. Full viewing capabilities are coming soon!",""
"src/documents.js:1100","Oops! Unable to load “%s”",""
"src/epubview.js:315","chapter %s of %s",""
"src/evinceview.js:521 src/lib/gd-places-bookmarks.c:656","Bookmarks",""
"src/evinceview.js:529","Bookmark this page",""
"src/lib/gd-nav-bar.c:242","Page %u of %u",""
"src/lib/gd-pdf-loader.c:142","Unable to load the document",""
"src/lib/gd-places-bookmarks.c:321","Page %s",""
"src/lib/gd-places-bookmarks.c:384","No bookmarks",""
"src/lib/gd-places-bookmarks.c:392 src/lib/gd-places-links.c:257","Loading…",""
"src/lib/gd-places-links.c:342","No table of contents",""
"src/lib/gd-places-links.c:514","Contents",""
"src/lib/gd-utils.c:318","translator-credits",""
"src/lib/gd-utils.c:319","An e-books manager application",""
"src/mainToolbar.js:95","Menu",""
"src/mainToolbar.js:106","Search",""
"src/mainToolbar.js:116","Back",""
"src/notifications.js:47","“%s” deleted",""
"src/notifications.js:51","%d item deleted
msgid_plural: %d items deleted","msgstr[0]: 
msgstr[1]: "
"src/notifications.js:60 src/selections.js:384","Undo",""
"src/notifications.js:158","Printing “%s”: %s",""
"src/overview.js:287","No collections found",""
"src/overview.js:289","No books found",""
"src/overview.js:301","Try a different search",""
"src/overview.js:303","You can create collections from the Books view",""
"src/overview.js:313","Books from your <a href=""%s"">Documents</a> folder will appear here",""
"src/overview.js:546","View Menu",""
"src/overview.js:574","Click on items to select them",""
"src/overview.js:576","%d selected
msgid_plural: %d selected","msgstr[0]: 
msgstr[1]: "
"src/overview.js:657","Select Items",""
"src/overview.js:864","Yesterday",""
"src/overview.js:866","%d day ago
msgid_plural: %d days ago","msgstr[0]: 
msgstr[1]: "
"src/overview.js:870","Last week",""
"src/overview.js:872","%d week ago
msgid_plural: %d weeks ago","msgstr[0]: 
msgstr[1]: "
"src/overview.js:876","Last month",""
"src/overview.js:878","%d month ago
msgid_plural: %d months ago","msgstr[0]: 
msgstr[1]: "
"src/overview.js:882","Last year",""
"src/overview.js:884","%d year ago
msgid_plural: %d years ago","msgstr[0]: 
msgstr[1]: "
"src/password.js:42","Password Required",""
"src/password.js:45","_Unlock",""
"src/password.js:61","Document %s is locked and requires a password to be opened.",""
"src/password.js:75","_Password",""
"src/preview.js:444 src/selections.js:974","Open with %s",""
"src/preview.js:780","Find Previous",""
"src/preview.js:786","Find Next",""
"src/properties.js:81","Title",""
"src/properties.js:90","Author",""
"src/properties.js:97","Source",""
"src/properties.js:103","Date Modified",""
"src/properties.js:110","Date Created",""
"src/properties.js:119","Type",""
"src/search.js:118","Type",""
"src/search.js:121 src/search.js:227 src/search.js:367","All",""
"src/search.js:129","e-Books",""
"src/search.js:133","Comics",""
"src/search.js:224","Match",""
"src/search.js:230","Title",""
"src/search.js:233","Author",""
"src/search.js:236","Content",""
"src/search.js:363","Sources",""
"src/selections.js:357 src/selections.js:359","Rename…",""
"src/selections.js:363 src/selections.js:365","Delete",""
"src/selections.js:379","“%s” removed",""
"src/selections.js:776","Rename",""
"src/selections.js:782","Collections",""
"src/trackerController.js:176","Unable to fetch the list of documents",""
