"location","source","target"
"data/org.gnome.Tour.desktop.in.in:3 data/org.gnome.Tour.metainfo.xml.in.in:7 src/main.rs:21","Tour","Аекскурсиа"
"data/org.gnome.Tour.desktop.in.in:4","Greeter & Tour","Аԥсшәаҳәареи Аекскурсиеи"
"data/org.gnome.Tour.desktop.in.in:9","Gnome;GTK;","Gnome;GTK;"
"data/org.gnome.Tour.metainfo.xml.in.in:8","GNOME Tour and Greeter","GNOME Аԥсшәаҳәареи Аекскурсиеи "
"data/org.gnome.Tour.metainfo.xml.in.in:10","A guided tour and greeter for GNOME.","Имҩаақәҵоу аекскурсиа аԥсшәаҳәара GNOME азы"
"data/org.gnome.Tour.metainfo.xml.in.in:41","The GNOME Project","Апроект GNOME"
"data/resources/ui/paginator.ui:27","Previous","Шьҭахьҟа"
"data/resources/ui/paginator.ui:40","Next","Анаҩс"
"data/resources/ui/paginator.ui:53","Start","Алагара"
"data/resources/ui/window.ui:11","Start the Tour","Аекскурсиа алагара"
"data/resources/ui/window.ui:17","Get an Overview","Алаԥшхгара арежим"
"data/resources/ui/window.ui:18","Press the Super key to see open windows and apps.","Шәақәыӷәӷәа арыд Super, иаарту аԥенџьырқәеи аԥшьқәеи рбаразы"
"data/resources/ui/window.ui:24","Just Type to Search","Иҭажәгал ажәа аԥшааразы"
"data/resources/ui/window.ui:25","Type in the overview to search. Launch apps, find things.","Иҭажәгал аԥшаара ашәага алаԥшхагара арежим аҟны. Аԥшьқәа аус ршәырула, ишәыԥшаалаишәҭаху амаҭәарқәа."
"data/resources/ui/window.ui:31","Keep on Top with Workspaces","Иацышәҵа Аусуратә иужьрақәа аус рыдулара"
"data/resources/ui/window.ui:32","Easily organize windows with the workspaces view.","Иаармарианы наԥхгара рзыжәуала аԥенџьырқәа, аусуратә иужьрақәа рыхкқәа шәхы иархәаны"
"data/resources/ui/window.ui:38","Up/Down for the Overview","Аҩада/Алада Ақәыԥшыларатә режимла"
"data/resources/ui/window.ui:39","On a touchpad, use three-finger vertical swipes. Try it!","Акьыснырратә панель аҟны шәхы иашәархәа ахагәҵәытә еиҭагара х-нацәак рылаШәҽазышәшәа!"
"data/resources/ui/window.ui:45","Left/Right for Workspaces","Арымарахь/Арыӷьарахь аусуратә иужьрақәа рзы"
"data/resources/ui/window.ui:46","On a touchpad, use three-finger horizontal swipes. Try it!","Акьыснырратә панель аҟны шәхы иашәархәа ииаалоу аиҭагара х-нацәак рыла  Шәҽазышәшәа!"
"data/resources/ui/window.ui:52","That's it. Have a nice day!","Абр  аҟара ауп! Шәымш аабзиахааит!"
"data/resources/ui/window.ui:53","To get more advice and tips, see the Help app.","Иҵегь абжьгарақәеи адгаларақәеи шәоурц азы, шәнапы алашәкы аԥшьы Аилыркаа"
"src/widgets/window.rs:53","Learn about the key features in {name} {version}.","Еилышәкаа хадара злоу алҿиаақәа ирызкны {name} {version} рҟны"
"","Main Window","Ихадоу аԥенџьыр"
