"location","source","target"
"data/org.gnome.Mahjongg.appdata.xml.in:7","GNOME Mahjongg","GNOME Mahjongg"
"data/org.gnome.Mahjongg.appdata.xml.in:8","Match tiles and clear the board","Еиԥшқәоу акамаҭелқәа  алхны,аҭӡамц шәрыцқьа"
"data/org.gnome.Mahjongg.appdata.xml.in:10","A solitaire version of the classic Eastern tile game. Tiles are stacked on the board at the start of the game. The goal is to remove all the tiles in as little time as possible. Select two matching tiles and they will disappear from the board, but you can only select a tile if there is an empty space to its left or right at the same level. Be careful: tiles that look alike may actually be slightly different.","Солитер иклассику азиатә хәмарра .Ахәмарра алагамҭазы акамаҭелқәа ахәмарратә ишәаҟны иқәуп , дара-дара еихагыланы .Ахәмарра хықәкыс иамоуп акамаҭелқәа зегьы рықәгара излауа ала аамҭа маҷ шәхы иархәаны. Акамаҭелқәа рықәгаразы ишәыԥшаа ,нас  иалышәкаа ҩба еиԥшу ,уи ашьҭахь дара рхала ахәмарратә ишәа ианыҵоит.иалышәхыр ҟалоит акамаҭелқәа ҩаӡарак аҟны иҟоу,насгьы арыӷьаратә мамзар арымаратә зыркца зхы иақәитны иҟоу  .Азҿлымҳара аашәырԥшы, акамаҭелқәа руак еиԥшушәа шәгәы иаанагар алшоит,аха аиашазы зынӡа еиԥшӡам."
"data/org.gnome.Mahjongg.appdata.xml.in:18","GNOME Mahjongg features a variety of starting layouts, some easy and some difficult. If you get stuck, you can ask for a hint, but this adds a large time penalty.","Маджонг GNOME аҟны ахархәара рымоуп еиуеиԥшым акамаҭелқәа реихшақәа .Аихшақәа ыҟоуп иамариақәоугьы имариақәамгьы.Аныҟәара шәцәыуадаҩзар аҵаҳәа шәхы иашәархәар шәылшоит, аха уи ашьҭахь ахараԥсатә аамҭа шәхаԥхьаӡалахоит."
"data/org.gnome.Mahjongg.appdata.xml.in:41","The GNOME Project","The GNOME Project"
"data/org.gnome.Mahjongg.desktop.in:3 src/gnome-mahjongg.vala:363 src/gnome-mahjongg.vala:539","Mahjongg","Маджонг"
"data/org.gnome.Mahjongg.desktop.in:4","Disassemble a pile of tiles by removing matching pairs","Еилшәырга акамаҭелқәа реизга ду , еиқәшәо аихацалақәа ықәгауа"
"data/org.gnome.Mahjongg.desktop.in:6","game;strategy;puzzle;board;","game;strategy;puzzle;board;ахәмарра;астратегиа;ахыԥҽыга;аишәатә;"
"data/org.gnome.Mahjongg.gschema.xml:17","Width of the window in pixels","Аԥенџьыр аҭбаара пиксельла "
"data/org.gnome.Mahjongg.gschema.xml:21","Height of the window in pixels","Аԥенџьыр аҳаракыра пиксельла "
"data/org.gnome.Mahjongg.gschema.xml:25","true if the window is maximized","иалхзар,аԥенџьыр иамоуп иреиҳау ашәага"
"data/translatable_game_names.h:6","Easy","имариоу"
"data/translatable_game_names.h:7","The Ziggurat","Зиккурат"
"data/translatable_game_names.h:8","Four Bridges","Ԥшь-цҳак"
"data/translatable_game_names.h:9","Cloud","Аԥҭа"
"data/translatable_game_names.h:10","Tic-Tac-Toe","Аџьарқәеи анольқәеи"
"data/translatable_game_names.h:11","Red Dragon","Агәылшьаԥ ҟаԥшь"
"data/translatable_game_names.h:12","Overpass","Аиасра"
"data/translatable_game_names.h:13","Pyramid's Walls","Апирамида аҭӡамц"
"data/translatable_game_names.h:14","Confounding Cross","Еилаԥсоу аџьар"
"data/translatable_game_names.h:15","Difficult","Имариам"
"data/help-overlay.ui:12","Main functions","Ихадоу афункциақәа"
"data/help-overlay.ui:19","Start a new game","Ахәмарра ҿыц алагара"
"data/help-overlay.ui:27","Pause the game","Ахәмарра аанкылара"
"data/help-overlay.ui:35","Undo","Аԥыхра"
"data/help-overlay.ui:43","Redo","Архынҳәра"
"data/help-overlay.ui:51","Show a hint","Аҵаҳәара арбара"
"data/help-overlay.ui:59","Generic","Зегьы еицырзеиԥшу"
"data/help-overlay.ui:66","Toggle main menu","Ихадоу амениу аиагара"
"data/help-overlay.ui:74","Show Keyboard Shortcuts","Арыдқәа реилаҵа арбара "
"data/help-overlay.ui:82","Show Help","Аилыркаа арбара"
"data/help-overlay.ui:90","Fullscreen","Аекран зегьы иалакны арбара"
"data/help-overlay.ui:98","Quit","Аҭыҵра"
"data/ui/preferences.ui:13","Theme","Атема"
"data/ui/preferences.ui:18","Layout","Аихшара"
"data/ui/preferences.ui:23","Background color","Ақәыԥшылара аԥштәы"
"data/ui/score-dialog.ui:20","Layout: ","Аихшара :"
"data/ui/window.ui:53 src/score-dialog.vala:44","New Game","Ахәмарра ҿыц"
"data/ui/window.ui:57","Restart Game","Ахәмарра ханатә алагара"
"data/ui/window.ui:61","Scores","Алҵшәа"
"data/ui/window.ui:67","Preferences","Ахышәарақәа"
"data/ui/window.ui:71","Keyboard Shortcuts","Арыдқәа реилаҵа"
"data/ui/window.ui:75","Help","Аилыркаа"
"data/ui/window.ui:79","About Mahjongg","Маджонг аԥшьы иазкны"
"src/game-view.vala:228","Paused","Ааҭгылара"
"src/gnome-mahjongg.vala:25","Print release version and exit","Аверсиа аномер аарԥшны аҭыҵра"
"src/gnome-mahjongg.vala:155","Do you want to start a new game with this map?","Абри ахсаала шәхы иархәаны ахәмарра ҿыц шәалагар шәҭахума? "
"src/gnome-mahjongg.vala:156","If you continue playing the next game will use the new map.","Ахәмарра иацышәҵар анаҩстәи ахәмарра иамазаауеит ахсаала ҿыц."
"src/gnome-mahjongg.vala:157","_Continue playing"," _ Ахәмарра ацҵара"
"src/gnome-mahjongg.vala:158","Use _new map","Ахсаала_алхра"
"src/gnome-mahjongg.vala:209","There are no more moves.","Аныҟәарақәа рыхкқәа уаҳа ыҟаӡам"
"src/gnome-mahjongg.vala:210","Each puzzle has at least one solution.  You can undo your moves and try and find the solution, restart this game, or start a new one.","Ахыԥҽыгақәа доусы ирымоуп акы иагымхаргьы аҳасабшьа. Шәара ишәылшоит иҟашәҵаз аныҟәарақәааԥыхны аҳасабшьа шәашьҭалар, ахәмарра еиҭаҿашәкыр,мамзар аҿыц шәалагар"
"src/gnome-mahjongg.vala:212","You can also try to reshuffle the game, but this does not guarantee a solution.","Шәара ишәылшоит акамаҭелқәа еилшәырхыр,аха уи ахыԥҽыга аҳасабраҿы ахәдықәҵара шәнаҭаӡом. "
"src/gnome-mahjongg.vala:213","_Undo","_ Аԥыхра"
"src/gnome-mahjongg.vala:214","_Restart","_ҿыцны алагара"
"src/gnome-mahjongg.vala:215","_New game","_ Ахәмарра ҿыц"
"src/gnome-mahjongg.vala:216","_Shuffle","_Аилыхра"
"src/gnome-mahjongg.vala:328","Main game:","Ихадароу ахәмарра"
"src/gnome-mahjongg.vala:338","Maps:","Ахсаалақәа"
"src/gnome-mahjongg.vala:346","Tiles:","Акамаҭелқәа:"
"src/gnome-mahjongg.vala:366","A matching game played with Mahjongg tiles","Еиԥшқәоу акамаҭелқәа рыԥшааразы  Маджонг ахәмарра"
"src/gnome-mahjongg.vala:372","translator-credits","Нанба Наала <naala-nanba@rambler.ru>, 2022."
"src/score-dialog.vala:43","_Quit","_Ахырқәшара"
"src/score-dialog.vala:47","OK","ОК"
"src/score-dialog.vala:53","Date","Арыцхә"
"src/score-dialog.vala:56","Time","Аамҭа"
"src/window.vala:24","Moves Left:","Аныҟәарақәа аанханы иҟоуп"
"src/window.vala:34","Unpause the game","Ахәмарра аиҭалагара"
"src/window.vala:40","Pause the game","Ахәмарра аанкылара"
