"location","source","target"
"data/gnome-custom-session.desktop.in.in:3","Custom","Даҽа сеанск"
"data/gnome-custom-session.desktop.in.in:4","This entry lets you select a saved session","Ари анҵамҭа ишәнаҭоит азин еиқәырхоу асеанс алхра"
"data/gnome.desktop.in.in:3 data/gnome.session.desktop.in.in:3","GNOME","GNOME"
"data/gnome.desktop.in.in:4 data/gnome-wayland.desktop.in.in:4 data/gnome-xorg.desktop.in.in:4","This session logs you into GNOME","Ари асеанс GNOME аҭалара азин шәнаҭоит "
"data/gnome-dummy.session.desktop.in.in:3","GNOME dummy","Имцырку асеанс GNOME "
"data/gnome-wayland.desktop.in.in:3","GNOME on Wayland","GNOME Wayland аҟны"
"data/gnome-xorg.desktop.in.in:3","GNOME on Xorg","GNOME  Xorg аҟны"
"data/org.gnome.SessionManager.gschema.xml.in:5","Save sessions","Асеанс аиқәырхара"
"data/org.gnome.SessionManager.gschema.xml.in:6","If enabled, gnome-session will save the session automatically.","Иаҿакызар gnome-session автоматла еиқәнархоит асеанс."
"data/org.gnome.SessionManager.gschema.xml.in:10","Save this session","Ари асеанс аиқәырхара"
"data/org.gnome.SessionManager.gschema.xml.in:11","When enabled, gnome-session will automatically save the next session at log out even if auto saving is disabled.","Ианаҿаку,gnome-session автоматла еиқәнархоит анаҩстәи асеанс,асистема аҟынтә шәанҭыҵуа автоматтә еиқәырхара аҿыхзаргьы "
"data/org.gnome.SessionManager.gschema.xml.in:15","Logout prompt","Асеанс харқәшахаанӡа агәҽанҵара"
"data/org.gnome.SessionManager.gschema.xml.in:16","If enabled, gnome-session will prompt the user before ending a session.","Иаҿакызар, gnome-session ахархәаҩ асеанс хырқәшахаанӡа игәиҽаннаҵалоит."
"data/org.gnome.SessionManager.gschema.xml.in:20","Show the fallback warning","Амашәыртә гәҽанҵара арбара"
"data/org.gnome.SessionManager.gschema.xml.in:21","If enabled, gnome-session will display a warning dialog after login if the session was automatically fallen back.","Иаҿакызар,асеанс автоматла машәырла ихырқәшахзар ,асистема шәанҭалалак ашьҭахь gnome-session иаанарԥшоит аиҿцәажәаратә ԥенџьыр агәҽанҵара зну."
"data/session-selector.ui:15","Custom Session","Даҽа сеанск"
"data/session-selector.ui:50 tools/gnome-session-selector.c:102","Please select a custom session to run","Иалышәх асеанс аус аруразы"
"data/session-selector.ui:105","_New Session","_Асеанс ҿыц"
"data/session-selector.ui:119","_Remove Session","_Асеанс аныхра"
"data/session-selector.ui:133","Rena_me Session","Асеанс ахьӡ а_ԥсахра"
"data/session-selector.ui:168","_Continue","_Ацҵара"
"gnome-session/gsm-fail-whale-dialog.c:318","Oh no!  Something has gone wrong.","О,Мап! Ҳусқәа цәгьахеит."
"gnome-session/gsm-fail-whale-dialog.c:325","A problem has occurred and the system can’t recover. Please contact a system administrator","Иҟалаз агха иахҟьаны асистема зеиҭашьақәмыргылахеит.Шәидҵаал асистема ахада."
"gnome-session/gsm-fail-whale-dialog.c:327","A problem has occurred and the system can’t recover. All extensions have been disabled as a precaution.","Иҟалаз агха иахҟьаны асистема зеиҭашьақәмыргылахеит.Арҭбаарақәа зегьы аҿыхын ашәарҭадара аиқәыршәаразы."
"gnome-session/gsm-fail-whale-dialog.c:329","A problem has occurred and the system can’t recover.
Please log out and try again.","Иҟалаз агха иахҟьаны асистема зеиҭашьақәмыргылахеит.
Асеанс хырқәшаны шәеиҭаҭал."
"gnome-session/gsm-fail-whale-dialog.c:344","_Log Out","_Асеанс ахырқәшара"
"gnome-session/gsm-fail-whale-dialog.c:412 gnome-session/main.c:408","Enable debugging code","Аиқәыршәаратә код аҿакра"
"gnome-session/gsm-fail-whale-dialog.c:413","Allow logout","Асеанс ахырқәшаразы азин аҭалара"
"gnome-session/gsm-fail-whale-dialog.c:414","Show extension warning","Арҭбаарақәа рҟынтә агәҽанҵарақәа рырбара"
"gnome-session/gsm-manager.c:1317 gnome-session/gsm-manager.c:2058","Not responding","Аҭак ҟанаҵаӡом"
"gnome-session/gsm-util.c:431","_Log out","_Асеанс ахырқәшара"
"gnome-session/gsm-xsmp-client.c:557","Remembered Application","Игәынкылоу аԥшьы"
"gnome-session/gsm-xsmp-client.c:1216","This program is blocking logout.","Ари апрограмма асеанс ахырқәшара ааннакылоит "
"gnome-session/gsm-xsmp-server.c:340","Refusing new client connection because the session is currently being shut down
","Иҿыцу аҿакрақәа аклиентцәа рҟынтә мап рыцәкхоит ,избан акәзар асеанс хырқәшахоит
"
"gnome-session/gsm-xsmp-server.c:607","Could not create ICE listening socket: %s","ICE иазыӡырҩуа асокет ҿыц аҟаҵара залымшахеит:%s"
"gnome-session/main.c:402","Running as systemd service","Аус аруп systemd амаҵура аҳасабала "
"gnome-session/main.c:403","Use systemd session management","Асеансқәа рменеџьер systemd ахархәара "
"gnome-session/main.c:405","Use builtin session management (rather than the systemd based one)","Шәхы иашәырхәа иҭагалоу асессиа анаԥхгарақәа ( ихадоу systemd ацымхәрас)"
"gnome-session/main.c:406","Override standard autostart directories","Автоҿакраҟны истандарту аизакхьӡынҵақәа рыԥсахра"
"gnome-session/main.c:406","AUTOSTART_DIR","Автоҿакра_Аизакхьӡынҵа "
"gnome-session/main.c:407","Session to use","Асеанс ахархәара"
"gnome-session/main.c:407","SESSION_NAME","Асеанс_ахьӡ"
"gnome-session/main.c:409","Do not load user-specified applications","Ахархәаҩ иаирбаз аԥшьқәа рҭагалара мап ацәкра"
"gnome-session/main.c:410","Version of this application","Ари аԥшьы ахкы "
"gnome-session/main.c:412","Show the fail whale dialog for testing","Иаашәырԥшы агха иазку ацҳамҭа змоу аиҿцәажәара, уи арҽеиразы "
"gnome-session/main.c:413","Disable hardware acceleration check","Апараттә аццакра аҟазаара агәаҭага аҿыхра"
"gnome-session/main.c:445"," — the GNOME session manager"," —  GNOME асеансқәа рменедџьер"
"tools/gnome-session-ctl.c:245","Start gnome-session-shutdown.target","gnome-session-shutdown.target аус арура"
"tools/gnome-session-ctl.c:246","Start gnome-session-shutdown.target when receiving EOF or a single byte on stdin","gnome-session-shutdown.target аус арура EOF , мамзар баитк stdin аҟны  аиураан "
"tools/gnome-session-ctl.c:247","Signal initialization done to gnome-session","Адырра аинициалттәра ҟаҵоуп gnome-session азы"
"tools/gnome-session-ctl.c:248","Restart dbus.service if it is running","dbus.service аиҭаҿакра, аус ауозар"
"tools/gnome-session-ctl.c:249","Run from ExecStopPost to start gnome-session-failed.target on service failure","Аус арура ExecStopPost аҟынтә амаҵура шьақәҟьар gnome-session-failed.target аус аруразы "
"tools/gnome-session-ctl.c:279","Program needs exactly one parameter","Апрограмма хышәарак ауп иаҭаху"
"tools/gnome-session-inhibit.c:108","%s [OPTION…] COMMAND

Execute COMMAND while inhibiting some session functionality.

  -h, --help        Show this help
  --version         Show program version
  --app-id ID       The application id to use
                    when inhibiting (optional)
  --reason REASON   The reason for inhibiting (optional)
  --inhibit ARG     Things to inhibit, colon-separated list of:
                    logout, switch-user, suspend, idle, automount
  --inhibit-only    Do not launch COMMAND and wait forever instead
  -l, --list        List the existing inhibitions, and exit

If no --inhibit option is specified, idle is assumed.
","%s [АЛШАРА…] АДҴА

Асеанс афункциақәак аанкыланы адҵа COMMAND анагӡара.

  -h, --help        Аилыркаа арбара
  --version         Апрограмма ахкы арбара
  --app-id ID       Аԥшьы аидентификациа азура 
 ахархәаразы                    
 аанкылараан(ихымԥадатәиым)  --reason REASON   Азин амҭара мзыс иамоу (ихымԥадатәиым)
  --inhibit ARG     Азин зымхтәу, ахьӡынҵа,аҩҟәаԥ ала еиҩшоу:
                    logout, switch-user, suspend, idle, automount
  --inhibit-only    Иаҿашәымкын COMMAND,уи ацымхәрас наунагӡа шәазыԥшыз 
  -l, --list        Ақәиҭымтәрақәа рыхьӡынҵа , насгьы урҭ рыриааишьа

Алшара --inhibit арбамзар, азыԥшра арежим аҿакхоит .
"
"tools/gnome-session-inhibit.c:288","Failed to execute %s
","%s аҿакра залымшахеит
"
"tools/gnome-session-inhibit.c:352 tools/gnome-session-inhibit.c:362 tools/gnome-session-inhibit.c:372","%s requires an argument
","%s иаҭахуп ашьаҭаркыга
"
"tools/gnome-session-quit.c:50","Log out","Асеанс ахырқәшара"
"tools/gnome-session-quit.c:51","Power off","Аҿыхра"
"tools/gnome-session-quit.c:52","Reboot","Аиҭаҿакра"
"tools/gnome-session-quit.c:53","Ignoring any existing inhibitors","Аԥынгылақәа шәрызхьамԥшын "
"tools/gnome-session-quit.c:54","Don’t prompt for user confirmation"," Ахархәаҩ иҟынтә ашьақәырӷәӷәара аҳәара ҟашәымҵан "
"tools/gnome-session-quit.c:88 tools/gnome-session-quit.c:102","Could not connect to the session manager","Асеансқәа рменеџьер иҽимадара залымшахеит"
"tools/gnome-session-quit.c:198","Program called with conflicting options","Апрограмма ааԥхьара азуп аимактә хышәарақәа аманы."
"tools/gnome-session-selector.c:61","Session %d","Асеанс %d"
"tools/gnome-session-selector.c:107","Session names are not allowed to start with “.” or contain “/” characters","Асеанс ахьӡқәа залагаӡом “.” асимволқәа рыла, мамзар иалазар ҟалаӡом асимволқәа “/” "
"tools/gnome-session-selector.c:111","Session names are not allowed to start with “.”","Асеанс ахьӡқәа залагаӡом “.” асимволқәа рыла "
"tools/gnome-session-selector.c:115","Session names are not allowed to contain “/” characters","Асеансқәа рыхьӡқәа ирымазар ҟалаӡом “/” асимволқәа "
"tools/gnome-session-selector.c:123","A session named “%s” already exists","Абри аҩыза асеанс “%s” ыҟоуп "
