"location","source","target"
"data/org.gnome.desktop.file-sharing.gschema.xml:5","When to require passwords","Ажәамаӡа аҭагалара азы аҳәара анбаҟаҵатәу"
"data/org.gnome.desktop.file-sharing.gschema.xml:6","When to ask for passwords. Possible values are ""never"", ""on_write"", and ""always"".","Ажәамаӡа аҭагаларазы аҳәара анбаҟаҵатәу. Иаҳҳәап: ""ахаангьы"", ""аҩраан"", насгьы ""еснагь""."
"data/gnome-user-share-webdav.desktop.in.in:3","File Sharing","Азеиԥш неирҭа хаҭалатәи афаилқәа рахь"
"data/gnome-user-share-webdav.desktop.in.in:4","Launch File Sharing if enabled","Хаҭалатәи афаилқәа рахь азеиԥш неирҭа аартра , иаҿакызар"
"data/gnome-user-share-webdav.desktop.in.in:6","share;files;http;network;copy;send;","анеирҭа; афаил; аимадара; ахкьыԥхьаара;азнагара;"
"src/nautilus-share-bar.c:99","Sharing","Азеиԥш неирҭа"
"src/nautilus-share-bar.c:113","Sharing Settings","Анеирҭа ахышәарақәа"
"src/share-extension.c:117","Turn on File Sharing to share the contents of this folder over the network.","Иаҿашәк азеиԥш неирҭа,аимадара иалахәу рзы ақьаадҭра ахь анеирҭа маншәалахарц азы."
"src/http.c:124","%s's public files","Азеиԥш фаилқәа ахархәаҩ %s  итәы"
"src/http.c:128","%s's public files on %s","Азеиԥш фаилқәа ахархәаҩ%s итәы %s аҟны "
