"location","source","target"
"data/appdata/org.gnome.Notes.appdata.xml.in:6 data/org.gnome.Notes.desktop.in:3 data/org.gnome.Notes.xml.in:4 src/bjb-application.c:626 src/bjb-window.c:46","Notes","Азгәаҭақәа"
"data/appdata/org.gnome.Notes.appdata.xml.in:7","Notes for GNOME","Азгәаҭақәа GNOME азы "
"data/appdata/org.gnome.Notes.appdata.xml.in:9","A quick and easy way to make freeform notes or jot down simple lists. Store as many notes as you like and share them by email.","Иманшәалоуп еиуеиҧшым ахшыҩзцарақәеи,ахьӡынҵақәеи рынҵаразы .Еиқәшәырхала шаҟа шәҭаху азгәаҭақәа ,насгьы аелектронтә ҧошьҭала ишәышьҭла."
"data/appdata/org.gnome.Notes.appdata.xml.in:12","You can store your notes locally on your computer or sync with online services like ownCloud.","Шәара ишәылшоит шәазгәаҭақәа  иҭыҧыркны шәкампиутр аҟны еиқәшәырхарц, мамазар еицҿашәкыр онлаинсервисқәа Owngloud еиҧш иҟоугьы даргьы."
"data/appdata/org.gnome.Notes.appdata.xml.in:28","Edit view","Ариашара ахкы"
"data/appdata/org.gnome.Notes.appdata.xml.in:32","Select view","Алхра ахкы"
"data/appdata/org.gnome.Notes.appdata.xml.in:36","List view","Ахьӡынҵа ахкы"
"data/org.gnome.Notes.desktop.in:5","notes;reminder;notebook;sticky notes;","Азгәаҭақәа;агәаларшәарақәа;анҵарҭа шәҟәы,анҵамҭақәа"
"data/org.gnome.Notes.desktop.in:6","Post notes, tag files!","Иаҧышәҵала азгәаҭақәа, иазгәашәҭала афаилқәа "
"data/org.gnome.Notes.desktop.in:7","Note-taker","Афымцатә ҩыга"
"data/org.gnome.Notes.desktop.in:19","Create New Note","Азгәаҭа ҿыц аҧҵара"
"data/org.gnome.Notes.gschema.xml:10","Custom Font","Даҽа ҭыҧк"
"data/org.gnome.Notes.gschema.xml:11","The font name set here will be used as the font when displaying notes.",""
"data/org.gnome.Notes.gschema.xml:15","Whether to use the system monospace font",""
"data/org.gnome.Notes.gschema.xml:19","New notes color.","Азгәаҭа аҧштәы"
"data/org.gnome.Notes.gschema.xml:20","The color name set here will be used as the color when creating new notes.",""
"data/org.gnome.Notes.gschema.xml:24","Primary notes provider to use for new notes.",""
"data/org.gnome.Notes.gschema.xml:25","The primary notebook is the place where new notes are created.",""
"data/org.gnome.Notes.gschema.xml:29","Note path of the notes opened when Notes quits last time.",""
"data/org.gnome.Notes.gschema.xml:30","This stores the note path of the last opened item, so that we can open it on startup.",""
"data/org.gnome.Notes.gschema.xml:34","Window maximized",""
"data/org.gnome.Notes.gschema.xml:35","Window maximized state.",""
"data/org.gnome.Notes.gschema.xml:39","Window size",""
"data/org.gnome.Notes.gschema.xml:40","Window size (width and height).",""
"data/org.gnome.Notes.gschema.xml:44","Window position",""
"data/org.gnome.Notes.gschema.xml:45","Window position (x and y).",""
"data/org.gnome.Notes.gschema.xml:48","Text size used by note editor.",""
"data/org.gnome.Notes.gschema.xml:49","There are three text sizes available: small, medium (default) and large.",""
"data/resources/bjb-notebooks-dialog.ui:6 data/resources/bjb-window.ui:304 data/resources/bjb-window.ui:392 data/resources/selection-toolbar.ui:34","Notebooks","Анҵарҭа шәҟәқәа "
"data/resources/bjb-notebooks-dialog.ui:33","New Notebook…","Анҵарҭа шәҟәы ҿыц"
"data/resources/bjb-notebooks-dialog.ui:43","Add",""
"data/resources/bjb-window.ui:47 data/resources/bjb-window.ui:283 src/bjb-window.c:449","All Notes","Азгәаҭақәа зегьы"
"data/resources/bjb-window.ui:63","Open menu","Амениу аартра"
"data/resources/bjb-window.ui:148","More options","Еиҳаны ахкқәа "
"data/resources/bjb-window.ui:179 data/resources/import-dialog.ui:5","Import Notes","Азгәаҭақәа риагара"
"data/resources/bjb-window.ui:196","Text Sizes","Атекст ашәагақәа"
"data/resources/bjb-window.ui:205","_Large","_Аду"
"data/resources/bjb-window.ui:214","_Medium","_Агәабжьанытәи"
"data/resources/bjb-window.ui:223","_Small","_Ахәыҷы"
"data/resources/bjb-window.ui:240 data/resources/settings-dialog.ui:10","Preferences","Ахышәарақәа"
"data/resources/bjb-window.ui:248","Keyboard Shortcuts","Арыдқәа реилаҵа"
"data/resources/bjb-window.ui:256","Help","Ацхыраара"
"data/resources/bjb-window.ui:264","About Notes","Аҧшьы иазкны"
"data/resources/bjb-window.ui:330 src/bjb-window.c:459","Trash","Аклаҭ"
"data/resources/bjb-window.ui:352","Open in New Window","Аҧенџьыр ҿыц аҟны аартра"
"data/resources/bjb-window.ui:368","Undo","Архынҳәра"
"data/resources/bjb-window.ui:376","Redo","Аиҭаҟаҵара"
"data/resources/bjb-window.ui:400","Email this Note","Азгәаҭа аел. ҧошьҭала ашьҭра "
"data/resources/bjb-window.ui:408 data/resources/selection-toolbar.ui:96","Move to Trash","Аклаҭ ахь аныхра"
"data/resources/editor-toolbar.ui:63","Bold","Абжажәпа"
"data/resources/editor-toolbar.ui:79","Italic","Ахьынаара"
"data/resources/editor-toolbar.ui:95","Strike","Аҵәаӷәа зыхьшьу"
"data/resources/editor-toolbar.ui:123","Bullets","Аилыхра ахкы"
"data/resources/editor-toolbar.ui:139","List","Ахьӡынҵа"
"data/resources/editor-toolbar.ui:167","Indent","Ахьаҵ"
"data/resources/editor-toolbar.ui:183","Outdent","Адәахьтәи ахьаҵ"
"data/resources/editor-toolbar.ui:222","Copy selection to a new note","Алкаа азгәаҭа ҿыц ахь ахкьыҧхьаара"
"data/resources/empty-results-box.ui:33","No notes","Азгәаҭақәа ыҟаӡам"
"data/resources/help-overlay.ui:9","General","Ихадароу"
"data/resources/help-overlay.ui:14","Search notes","Азгәаҭақәа рыҧшаара"
"data/resources/help-overlay.ui:21","New note","Азгәаҭа ҿыц"
"data/resources/help-overlay.ui:28","Close window","Аҧенџьыр аркра"
"data/resources/help-overlay.ui:35","Quit","Ааныжьра"
"data/resources/help-overlay.ui:42","Go back","Ахынҳәра"
"data/resources/help-overlay.ui:49","Show help","Ацхыраара аарҧшра"
"data/resources/help-overlay.ui:56","Open menu","Амениу аартра"
"data/resources/help-overlay.ui:63","Keyboard shortcuts","Ицоу арыдқәа"
"data/resources/help-overlay.ui:71","Selection mode","Алхра арежим"
"data/resources/help-overlay.ui:76","Cancel selection mode","Алкаара арежим аҧыхра"
"data/resources/help-overlay.ui:83","Select all","Зегьы алхра"
"data/resources/help-overlay.ui:91","Note edit mode","Азгәаҭа аҧсахра арежим"
"data/resources/help-overlay.ui:96","Open in a new window","Аҧенџьыр ҿыц аҟны аартра"
"data/resources/help-overlay.ui:103","Bold","Абжажәпа"
"data/resources/help-overlay.ui:110","Italic","Ахьынаара"
"data/resources/help-overlay.ui:117","Strike through","Аҵәаӷәа ахьшьра"
"data/resources/help-overlay.ui:124","Undo","Архынҳәра"
"data/resources/help-overlay.ui:131","Redo","Аиҭаҟаҵара"
"data/resources/help-overlay.ui:138","Move note to trash","Азгәаҭа аклаҭ ахь аиагара"
"data/resources/import-dialog.ui:12","_Cancel","_Аҧыхра"
"data/resources/import-dialog.ui:22","_Import","_Аиагара"
"data/resources/import-dialog.ui:41","Select import location","Иалшәх иахьиажәго аҭыҧ"
"data/resources/import-dialog.ui:78","Gnote application","Аҧшьы Gnote "
"data/resources/import-dialog.ui:136","Tomboy application","Аҧшьы Tomboy"
"data/resources/import-dialog.ui:192","Custom Location","Даҽа ҭыҧк"
"data/resources/import-dialog.ui:224","Select a Folder","Иалшәх ақьаадҭра"
"data/resources/selection-toolbar.ui:43","Note color","Азгәаҭа аҧштәы"
"data/resources/selection-toolbar.ui:60","Share note","Азгәаҭа азнагара"
"data/resources/selection-toolbar.ui:78","Open in another window","Даҽа ҧенџьырк аҟны аартра"
"data/resources/selection-toolbar.ui:119","Restore","Аиҭашьақәыргылара "
"data/resources/selection-toolbar.ui:127","Permanently Delete","Наунагӡа аныхра"
"data/resources/settings-dialog.ui:37","Use System Font","Асистемтә шрифт ахархәара"
"data/resources/settings-dialog.ui:50","Note Font","Азгәаҭақәа рышрифт"
"data/resources/settings-dialog.ui:62","Default Color","Иаҧу аҧштәы"
"data/resources/settings-dialog.ui:113","Note Appearance","Азгәаҭақәа адәахьтәи рҿаҧшылара"
"data/resources/settings-dialog.ui:126","Select the default storage location:","Аиқәырхаразы иалшәх иаҧу аҭыҧ :"
"data/resources/settings-dialog.ui:157","Primary Book","Ираҧхьатәиу ашәҟәы"
"src/bijiben-shell-search-provider.c:229 src/bjb-window.c:134","Untitled","Ихьӡыдоу"
"src/bjb-application.c:222","GNOME Notes","GNOME азгәаҭақәа"
"src/bjb-application.c:277","Show verbose logs","Иҧкаау ажурнала арбара "
"src/bjb-application.c:279","Show the application’s version","Аҧшьы ахкы арбара"
"src/bjb-application.c:281","Create a new note","Азгәаҭа ҿыц аҧҵара"
"src/bjb-application.c:289","[FILE…]","ФАИЛ"
"src/bjb-application.c:290","Take notes and export them everywhere.","Азгәаҭақәа аанкыланы рҭыҧ шәыҧсах."
"src/bjb-application.c:627","Simple notebook for GNOME","Имариоу анҵарҭа шәҟәы GNOME азы"
"src/bjb-application.c:633","translator-credits","Naala Nanba <naala-nanba@rambler.ru>,2022."
"src/bjb-color-button.c:140","Note Color","Азгәаҭа аҧштәы"
"src/bjb-controller.c:237","Notebook","Анҵарҭа шәҟәы"
"src/bjb-empty-results-box.c:63","Press the New button to create a note.","Шәақәыӷәӷәа «Аҧҵара» азгәаҭа аҧҵаразы."
"src/bjb-empty-results-box.c:85","Oops","Унан"
"src/bjb-empty-results-box.c:91","Please install “Tracker” then restart the application.","Иқәшәыргыл “Tracker” еиҭаҿашәк аҧшьы."
"src/bjb-note-view.c:187","This note is being viewed in another window.","Ари азгәаҭа аартуп даҽа ҧенџьырк аҟны."
"src/bjb-utils.c:51","Unknown","Еилкаам"
"src/bjb-utils.c:68","Yesterday","Иацы"
"src/bjb-utils.c:74","This month","Ари амз азы"
"src/bjb-window.c:939","Last updated: %s","Ирҿыцуп: %s"
"src/libbiji/provider/biji-local-provider.c:366","Local storage","Иҭыҧырку аҵәахырҭа"
"","Enter a name to create a notebook","Анҵарҭа шәҟәы аҧҵаразы ахьыӡ ашәырба"
"","Today","Иахьа"
"","This week","Ари амчыбжь азы"
"","This year","Ари ашықәс азы"
"","Local","Иҭыҧырку"
