"location","source","target"
"data/ui/help-overlay.ui:31","Puzzle-related","Ахыԥҽыга"
"data/ui/help-overlay.ui:36","Toggle game menu","Ахәмарра амениу аиагара"
"data/ui/help-overlay.ui:44","Restart","Ханатә алагара"
"data/ui/help-overlay.ui:54","Change Puzzle popover","Ахыԥҽыга аԥсахра"
"data/ui/help-overlay.ui:59","Select new puzzle","Ахыԥҽыга ҿыц алхра"
"data/ui/help-overlay.ui:67","Previous puzzle","Аԥхьатәи"
"data/ui/help-overlay.ui:75","Next puzzle","Ахыԥҽыга ахьынҷҳа"
"data/ui/help-overlay.ui:83","Previous puzzles group","Иаԥхьааиуа ахыԥҽыгақәа ргәыԥ"
"data/ui/help-overlay.ui:91","Next puzzles group","Анаҩстәи ахыҽыгақәа ргәыԥ"
"data/ui/help-overlay.ui:101","Scores","_Алҵшәа"
"data/ui/help-overlay.ui:106","Scores dialog","_Алҵшәа"
"data/ui/help-overlay.ui:116","Generic","Азеԥш"
"data/ui/help-overlay.ui:121","Toggle main menu","Ихадоу амениу аиагара"
"data/ui/help-overlay.ui:129","Keyboard shortcuts","_Арыдқәа реилаҵа"
"data/ui/help-overlay.ui:137","Help","_Аилыркаа"
"data/ui/help-overlay.ui:145","About","Аԥшьы иазкны"
"data/ui/help-overlay.ui:153","Quit","Аҭыҵра"
"data/ui/klotski.ui:24","_Scores","_Алҵшәа"
"data/ui/klotski.ui:31","_Keyboard Shortcuts","_Арыдқәа реилаҵа"
"data/ui/klotski.ui:36","_Help","_Аилыркаа"
"data/ui/klotski.ui:41","_About Klotski","_Клоцки иазкны"
"data/ui/klotski.ui:50","_Start Over","_Ханатә алагара"
"data/ui/klotski.ui:94","Huarong Trail","Хуаронг амҩа"
"data/ui/klotski.ui:106","Challenge Pack","Аизга азҿлымҳаҩцәа рзы"
"data/ui/klotski.ui:118","Skill Pack","Аизга аԥышәара змоу рзы"
"data/ui/klotski.ui:300","Previous","Аԥхьатәи"
"data/ui/klotski.ui:313","Next","Анаҩстәи"
"data/ui/klotski.ui:328 data/ui/klotski.ui:339 data/org.gnome.Klotski.desktop.in:3 src/gnome-klotski.vala:25","Klotski","Клоцки"
"data/ui/klotski.ui:346","_Change Puzzle","Ахыԥҽыга аԥсахра"
"data/ui/klotski.ui:351","Choose an other puzzle","Даҽа хыԥҽыгак алшәх"
"data/ui/klotski.ui:364","Moves counter","Аныҟәарақәа рыԥхьаӡага"
"data/org.gnome.Klotski.appdata.xml.in:7","GNOME Klotski","Клоцки GNOME"
"data/org.gnome.Klotski.appdata.xml.in:8 data/org.gnome.Klotski.desktop.in:4","Slide blocks to solve the puzzle","Ахыԥҽыга аҳасабразы аблокқәа еиҭажәга"
"data/org.gnome.Klotski.appdata.xml.in:10","GNOME Klotski is a set of block sliding puzzles. The objective is to move the patterned block to the area bordered by green markers. To do so, you’ll need to slide other blocks out of the way. Complete each puzzle in as few moves as possible!","Клоцки GNOME-ахыԥҽыгақәа реизга аблокқәа реиҭагаразы.Ахәмарра хықәкыс иамоуп-аблок аиаҵәа дыргақәа змоу аҭыԥқәа рахь аиагара.Уи азы амҩа аҟынтә иқәгатәуп егьырҭ аблокқәа.Ахыԥҽыга аҳасабразы излауо ала имаҷны аныҟәарақәа ҟашәҵароуп!"
"data/org.gnome.Klotski.appdata.xml.in:16","GNOME Klotski comes with nearly thirty different puzzle layouts of varying difficulty. Some of the layouts are similar and only the size of one or more blocks differ. Other layouts have more variety.","Клоцки GNOME иаҵанакуеит иажәеи жәаба еиуеиԥшым ахыԥҽыгақәа.Ахыԥҽыгақәа шьоукы еиԥшуп,еиԥшымкәа ирымоу блокқәак роуп.Шьоукы  зынӡа  егьырҭ ахыԥҽыгақәа иреиԥшӡам."
"data/org.gnome.Klotski.appdata.xml.in:44","The GNOME Project","Апроект GNOME"
"data/org.gnome.Klotski.desktop.in:6","game;strategy;logic;move;","game;strategy;logic;move;ахәмарра; астратегиа; алогикатә ;шьаҿа-шьаҿалатәи;"
"data/org.gnome.Klotski.gschema.xml:6","The puzzle in play",""
"data/org.gnome.Klotski.gschema.xml:8","The number of the puzzle being played.",""
"data/org.gnome.Klotski.gschema.xml:13","The width of the window",""
"data/org.gnome.Klotski.gschema.xml:15","Width of the window in pixels",""
"data/org.gnome.Klotski.gschema.xml:20","The height of the window",""
"data/org.gnome.Klotski.gschema.xml:22","Height of the window in pixels",""
"data/org.gnome.Klotski.gschema.xml:27","A flag to enable maximized mode",""
"data/org.gnome.Klotski.gschema.xml:29","If “true”, the main window starts in maximized mode.",""
"src/gnome-klotski.vala:32","Print release version and exit","Апрограмма аверсиа кьыԥхьны аҭыҵра"
"src/klotski-window.vala:91","Only 18 Steps","18 шьаҿа заҵәык"
"src/klotski-window.vala:104","Daisy","Адәыкакаҷ"
"src/klotski-window.vala:117","Violet","Адәыкрын"
"src/klotski-window.vala:130","Poppy","Аблахкыга"
"src/klotski-window.vala:143","Pansy","Ааҵрахәшәы"
"src/klotski-window.vala:156","Snowdrop","Асықәа"
"src/klotski-window.vala:169","Red Donkey","Аҽада ҟаԥшь"
"src/klotski-window.vala:182","Trail","Амҩахәасҭа"
"src/klotski-window.vala:195","Ambush","Ахаҩара"
"src/klotski-window.vala:208","Agatka","Агатка"
"src/klotski-window.vala:219","Success","Ақәҿиара"
"src/klotski-window.vala:229","Bone","Абҩа"
"src/klotski-window.vala:242","Fortune","Аманшәалара"
"src/klotski-window.vala:256","Fool","Агаӡы"
"src/klotski-window.vala:266","Solomon","Соломон"
"src/klotski-window.vala:279","Cleopatra","Клеопатра"
"src/klotski-window.vala:291","Shark","Акула"
"src/klotski-window.vala:303","Rome","Рим"
"src/klotski-window.vala:315","Pennant Puzzle","Ахыԥҽыга ахьынҷҳа"
"src/klotski-window.vala:328","Ithaca","Итака"
"src/klotski-window.vala:351","Pelopones","Пелопонес"
"src/klotski-window.vala:363","Transeuropa","Европа"
"src/klotski-window.vala:375","Lodzianka","Лодзианка"
"src/klotski-window.vala:386","Polonaise","Полонез"
"src/klotski-window.vala:397","Baltic Sea","Абалтикатә мшын"
"src/klotski-window.vala:409","American Pie","Америкатә чашә"
"src/klotski-window.vala:425","Traffic Jam","Аиԥынгылара"
"src/klotski-window.vala:436","Sunshine","Амра акаԥхара"
"src/klotski-window.vala:554","Puzzle","Ахыԥҽыга"
"src/klotski-window.vala:894","Level completed.","Аҩаӡара хырқәшоуп."
"src/klotski-window.vala:1119","Lars Rydlinge (original author)","Lars Rydlinge (original author)"
"src/klotski-window.vala:1123","Robert Ancell (port to vala)","Robert Ancell (port to vala)"
"src/klotski-window.vala:1127","John Cheetham (port to vala)","John Cheetham (port to vala)"
"src/klotski-window.vala:1131","Andrew Sobala","Andrew Sobala"
"src/klotski-window.vala:1139","Sliding block puzzles","Ахыԥҽыга  аблокқәа реиҭагаразы"
"src/klotski-window.vala:1143","Copyright © 1999-2008 – Lars Rydlinge","Copyright © 1999-2008 – Lars Rydlinge"
"src/klotski-window.vala:1147","Copyright © %u-%u – Michael Catanzaro","Copyright © %u-%u – Michael Catanzaro"
"src/klotski-window.vala:1151","Copyright © %u-%u – Arnaud Bonatti","Copyright © %u-%u – Arnaud Bonatti"
"src/klotski-window.vala:1157","translator-credits","Нанба Наала <naala-nanba@rambler.ru>, 2022"
"","Restart the current puzzle","Еиҭаҿашәк шәызҭоу ахыԥҽыга"
"","org.gnome.Klotski","org.gnome.Klotski"
"","Moves: %d","Аныҟәарақәа:%d"
