"location","source","target"
"desktop-directories/AudioVideo.directory.desktop.in:3","Sound & Video","Аудио насгьы авидео"
"desktop-directories/AudioVideo.directory.desktop.in:4","Multimedia menu","Амультимедиа"
"desktop-directories/Development.directory.desktop.in:3","Programming","Апрограммаҩра"
"desktop-directories/Development.directory.desktop.in:4","Tools for software development","Амаругақәа апрограммақәа рырмазеиразы "
"desktop-directories/Education.directory.desktop.in:3","Education","Арҵаратә"
"desktop-directories/Game.directory.desktop.in:3","Games","Ахәмаррақәа"
"desktop-directories/Game.directory.desktop.in:4","Games and amusements","Ахәмаррақәеи агәырҿыхагақәеи"
"desktop-directories/Graphics.directory.desktop.in:3","Graphics","Аграфика"
"desktop-directories/Graphics.directory.desktop.in:4","Graphics applications","Аграфиказы аԥшьқәа"
"desktop-directories/Network.directory.desktop.in:3","Internet","Аинтернет"
"desktop-directories/Network.directory.desktop.in:4","Programs for Internet access such as web and email","Аинтернет аус адуларазы апрограммақәа"
"desktop-directories/Office.directory.desktop.in:3","Office","Аофис"
"desktop-directories/Office.directory.desktop.in:4","Office Applications","Аофис иатәу аԥшьқәа"
"desktop-directories/System-Tools.directory.desktop.in:3","System Tools","Асистематә"
"desktop-directories/System-Tools.directory.desktop.in:4","System configuration and monitoring","Асистема аиҽкаареи ацклаԥшреи рзы ахархәагақәа"
"desktop-directories/Utility-Accessibility.directory.desktop.in:3","Universal Access","Чыдалатәи алшарақәа"
"desktop-directories/Utility-Accessibility.directory.desktop.in:4","Universal Access Settings","Чыдалатәи алшарақәа рхышәарақәа"
"desktop-directories/Utility.directory.desktop.in:3","Accessories","Истандарту"
"desktop-directories/Utility.directory.desktop.in:4","Desktop accessories","Истандарту аԥшьқәа"
"desktop-directories/X-GNOME-Menu-Applications.directory.desktop.in:3 desktop-directories/X-GNOME-Menu-Applications.directory.desktop.in:4","Applications","Аԥшькәа"
"desktop-directories/X-GNOME-Other.directory.desktop.in:3","Other","Егьырҭ"
"desktop-directories/X-GNOME-Other.directory.desktop.in:4","Applications that did not fit in other categories","Изеиԥшхкызаалак иақәымшәо аԥшьқәа."
"desktop-directories/X-GNOME-Sundry.directory.desktop.in:3","Sundry","Еиуеиԥшым"
"desktop-directories/X-GNOME-Utilities.directory.desktop.in:3","Utilities","Утилитқәа"
"desktop-directories/X-GNOME-Utilities.directory.desktop.in:4","Small but useful GNOME tools","Хәарҭара злоу GNOME амаругақәа"
"desktop-directories/X-GNOME-WebApplications.directory.desktop.in:3","Web Applications","Веб-аԥшьқәа"
"desktop-directories/X-GNOME-WebApplications.directory.desktop.in:4","Applications and sites saved from Web","Аинтернет аҟынтә еиқәырхоу аԥшькәеи асаитқәеи "
