"location","source","target"
"data/org.gnome.Weather.appdata.xml.in.in:5 data/org.gnome.Weather.desktop.in.in:4 data/window.ui:73 src/app/application.js:43 src/app/window.js:169 src/service/main.js:49","Weather","Амш зеиԥшроу"
"data/org.gnome.Weather.appdata.xml.in.in:6 data/org.gnome.Weather.desktop.in.in:5","Show weather conditions and forecast","Шәахәаԥш амш зеиԥшроу, насгьы  уи аҽеиҭакшьа"
"data/org.gnome.Weather.appdata.xml.in.in:16","A small application that allows you to monitor the current weather conditions for your city, or anywhere in the world.","Идыум аҧшьы  амш зеиԥшроу агәаҭаразыШәықалақь, мамзар даҽа ҭыԥк аҟны."
"data/org.gnome.Weather.appdata.xml.in.in:20","It provides access to detailed forecasts, up to 7 days, with hourly details for the current and next day, using various internet services.","Насгьы иара ишәынаҭоит алшара амш зеиԥшрахо нҭкааны (7 мш рҟынӡа) аилкаараеиуеиԥшым аинтернет маҵзурақәа рҟны."
"data/org.gnome.Weather.appdata.xml.in.in:24","It also optionally integrates with the GNOME Shell, allowing you to see the current conditions of the most recently searched cities by just typing the name in the Activities Overview.","Хықәкыла аԥшьы GNOME Shell иадцалоуп, уи ишәынаҭоит алшараизаамҭанытәиу аҭагылазаашьа ааигәа шәызшьҭаз ақалақьқәа рҟны агәаҭаралаԥшхагаратә режимла ақалақь ахьӡ анашәырбалак."
"data/org.gnome.Weather.appdata.xml.in.in:199","The GNOME Project","Апроект GNOME."
"data/org.gnome.Weather.desktop.in.in:13","Weather;Forecast;","Амш зеиԥшроу;Азԥхьагәаҭара;"
"data/org.gnome.Weather.desktop.in.in:14","Allows weather information to be displayed for your location.","Шәахьыҟоу аҭыԥ аҟны амш зеиԥшроу гәашәҭарц азы алшара шәнаҭоит."
"data/org.gnome.Weather.gschema.xml:6","Configured cities to show weather for",""
"data/org.gnome.Weather.gschema.xml:7","The locations shown in the world view of gnome-weather. Each value is a GVariant returned by gweather_location_serialize().",""
"data/city.ui:24","Loading…","Аҭагалара…"
"data/day-entry.ui:20","Night","Ацх"
"data/day-entry.ui:33","Morning","Ашьыжь"
"data/day-entry.ui:46","Afternoon","Шьыбжьон"
"data/day-entry.ui:59","Evening","Ахәылбыҽха"
"data/places-popover.ui:15 data/places-popover.ui:76","Search for a city","Ақалақь аҟны аԥшаара"
"data/weather-widget.ui:42","Places","Аҭыԥқәа"
"data/weather-widget.ui:92","Hourly","Сааҭлатәи"
"data/weather-widget.ui:123","Daily","Есыҽнытәи"
"data/window.ui:6","Temperature Unit","_Атемпература ашәага ак"
"data/window.ui:8","_Celsius","_Цельси"
"data/window.ui:13","_Fahrenheit","_Фарентгеит"
"data/window.ui:21","_About Weather","_Амш зеиԥшрахо иазкны"
"data/window.ui:40","Refresh","Арҿыцра"
"data/window.ui:60","Select Location","Ааҭгыларҭа алхра"
"data/window.ui:100","Welcome to Weather!","Бзиала шәаабеит аԥшьы Амш зеиԥшрахо ахь!"
"data/window.ui:101","To get started, select a location.","Шәалгарц азы иалшәх аангыларҭа ҭыԥ."
"data/window.ui:107","Search for a city or country","Ақалақь, мамазара аҳәынҭқарра аҟны аԥшаара"
"src/app/city.js:203","Feels like %.0f°","Ныррала %.0f°"
"src/app/city.js:233","Updated just now.","Уажәыцәҟьа ирҿыцуп."
"src/app/city.js:238","Updated %d minute ago.
msgid_plural: Updated %d minutes ago.","msgstr[0]: Ирҿыцуп %d минуҭк аԥхьа.
msgstr[1]: Ирҿыцуп %d минуҭк раԥхьа."
"src/app/city.js:244","Updated %d hour ago.
msgid_plural: Updated %d hours ago.","msgstr[0]: Ирҿыцуп %d сааҭк аԥхьа.
msgstr[1]: Ирҿыцуп %d сааҭк раԥхьа."
"src/app/city.js:250","Updated %d day ago.
msgid_plural: Updated %d days ago.","msgstr[0]: Ирҿыцуп %d мшы аԥхьа.
msgstr[1]: Ирҿыцуп %d мшы раԥхьа."
"src/app/city.js:256","Updated %d week ago.
msgid_plural: Updated %d weeks ago.","msgstr[0]: Ирҿыцуп %d мчыбжьы аԥхьа.
msgstr[1]: Ирҿыцуп %d мчыбжьы раԥхьа."
"src/app/city.js:261","Updated %d month ago.
msgid_plural: Updated %d months ago.","msgstr[0]: Ирҿыцуп %d мзы аԥхьа.
msgstr[1]: Ирҿыцуп %d мзы раԥхьа."
"src/app/dailyForecast.js:36","Daily Forecast","Мышктәи амш зеиԥшрахо."
"src/app/dailyForecast.js:101 src/app/hourlyForecast.js:90","Forecast not Available","Азԥхьагәаҭара ахь шәзынаӡом."
"src/app/dailyForecast.js:219","%b %e","%b %e"
"src/app/hourlyForecast.js:41","Hourly Forecast","Сааҭк иалакны амш зеиԥшрахо"
"src/app/hourlyForecast.js:107","Now","Уажәы"
"src/app/hourlyForecast.js:114","%l∶%M %p","%l∶%M %p"
"src/app/window.js:168","translator-credits","Naala Nanba <naala-nanba@rambler.ru>,2022."
"src/app/window.js:170","A weather application","Апрограмма амш зеиԥшроу агәаҭаразы"
"src/app/world.js:39","World view","Аглобалтә режимла ахәаԥшра."
"src/misc/util.js:103","%s / %s","%s / %s"
"src/service/searchProvider.js:182","%s, %s","%s, %s"
"","City view","Ақалақьтәи режимла ахәаԥшра"
"","Automatic Location","Автоматла ааҭгыларҭа арбара "
"","Locating…","Ааҭгыларҭа ашьақәыргылара"
"","Viewed Recently","Ааигәа шәызхәаԥшхьоу"
"","Current conditions","Уажәтәи аҭагылазаашьа"
