"location","source","target"
"libgnome-desktop/gnome-desktop-thumbnail.c:1014","File %s does not have a preview icon attribute",""
"libgnome-desktop/gnome-desktop-thumbnail.c:1024","No loadable icon for %s",""
"libgnome-desktop/gnome-desktop-thumbnail.c:1153","Could not find thumbnailer for mime-type '%s'",""
"libgnome-desktop/gnome-desktop-thumbnail.c:1283","Failed to create folder '%s'",""
"libgnome-desktop/gnome-desktop-thumbnail.c:1296","The output folder '%s' is not writable",""
"libgnome-desktop/gnome-languages.c:724","Unspecified",""
"libgnome-desktop/gnome-languages.c:1385","Abegede",""
"libgnome-desktop/gnome-languages.c:1387","Cyrillic",""
"libgnome-desktop/gnome-languages.c:1391","Devanagari",""
"libgnome-desktop/gnome-languages.c:1394","IQTElif",""
"libgnome-desktop/gnome-languages.c:1397","Latin",""
"libgnome-desktop/gnome-languages.c:1400","Saho",""
"libgnome-desktop/gnome-languages.c:1404","Valencia",""
"libgnome-desktop/gnome-rr-config.c:754 libgnome-desktop/gnome-rr/gnome-rr-config.c:712","CRTC %d cannot drive output %s",""
"libgnome-desktop/gnome-rr-config.c:761 libgnome-desktop/gnome-rr/gnome-rr-config.c:719","output %s does not support mode %dx%d@%dHz",""
"libgnome-desktop/gnome-rr-config.c:772 libgnome-desktop/gnome-rr/gnome-rr-config.c:730","CRTC %d does not support rotation=%d",""
"libgnome-desktop/gnome-rr-config.c:785 libgnome-desktop/gnome-rr/gnome-rr-config.c:743","output %s does not have the same parameters as another cloned output:
existing mode = %d, new mode = %d
existing coordinates = (%d, %d), new coordinates = (%d, %d)
existing rotation = %d, new rotation = %d",""
"libgnome-desktop/gnome-rr-config.c:800 libgnome-desktop/gnome-rr/gnome-rr-config.c:758","cannot clone to output %s",""
"libgnome-desktop/gnome-rr-config.c:926 libgnome-desktop/gnome-rr/gnome-rr-config.c:883","Trying modes for CRTC %d
",""
"libgnome-desktop/gnome-rr-config.c:950 libgnome-desktop/gnome-rr/gnome-rr-config.c:907","CRTC %d: trying mode %dx%d@%dHz with output at %dx%d@%dHz (pass %d)
",""
"libgnome-desktop/gnome-rr-config.c:997 libgnome-desktop/gnome-rr/gnome-rr-config.c:954","could not assign CRTCs to outputs:
%s",""
"libgnome-desktop/gnome-rr-config.c:1001 libgnome-desktop/gnome-rr/gnome-rr-config.c:958","none of the selected modes were compatible with the possible modes:
%s",""
"libgnome-desktop/gnome-rr-config.c:1082 libgnome-desktop/gnome-rr/gnome-rr-config.c:1039","required virtual size does not fit available size: requested=(%d, %d), minimum=(%d, %d), maximum=(%d, %d)",""
"libgnome-desktop/gnome-wall-clock.c:258","∶",":"
"libgnome-desktop/gnome-wall-clock.c:335","%a %b %-e_%R:%S","%a %b %-e_%R:%S"
"libgnome-desktop/gnome-wall-clock.c:336","%a %b %-e_%R","%a %b %-e_%R"
"libgnome-desktop/gnome-wall-clock.c:341","%b %-e_%R:%S","%b %-e_%R:%S"
"libgnome-desktop/gnome-wall-clock.c:342","%b %-e_%R","%b %-e_%R"
"libgnome-desktop/gnome-wall-clock.c:346","%a %R:%S","%a %R:%S"
"libgnome-desktop/gnome-wall-clock.c:347","%a %R","%a %R"
"libgnome-desktop/gnome-wall-clock.c:351","%R:%S","%R:%S"
"libgnome-desktop/gnome-wall-clock.c:352","%R","%R"
"libgnome-desktop/gnome-wall-clock.c:360","%a %b %-e_%l:%M:%S %p","%a %b %-e_%l:%M:%S %p"
"libgnome-desktop/gnome-wall-clock.c:361","%a %b %-e_%l:%M %p","%a %b %-e_%l:%M %p"
"libgnome-desktop/gnome-wall-clock.c:366","%b %-e_%l:%M:%S %p","%b %-e_%l:%M:%S %p"
"libgnome-desktop/gnome-wall-clock.c:367","%b %-e_%l:%M %p","%b %-e_%l:%M %p"
"libgnome-desktop/gnome-wall-clock.c:371","%a %l:%M:%S %p","%a %l:%M:%S %p"
"libgnome-desktop/gnome-wall-clock.c:372","%a %l:%M %p","%a %l:%M %p"
"libgnome-desktop/gnome-wall-clock.c:376","%l:%M:%S %p","%l:%M:%S %p"
"libgnome-desktop/gnome-wall-clock.c:377","%l:%M %p","%l:%M %p"
