"location","source","target"
"data/app-menu.ui:7 src/application.vala:104","_New Game","_Ахәмарра ҿыц"
"data/app-menu.ui:11","_Scores","_Алҵшәақәа"
"data/app-menu.ui:17","_Preferences","_Ахышәарақәа"
"data/app-menu.ui:21","_Help","_Аилыркаа"
"data/app-menu.ui:25","_About Robots","_Ароботқәа ирызкны"
"data/org.gnome.Robots.appdata.xml.in:7","GNOME Robots","Аробоқәа GNOME"
"data/org.gnome.Robots.appdata.xml.in:8 data/org.gnome.Robots.desktop.in:4","Avoid the robots and make them crash into each other","Шәрыцәцала ароботқәа, иааихаларц азы"
"data/org.gnome.Robots.appdata.xml.in:11","It is the distant future: the year 2000. Evil robots are trying to kill you. Avoid the robots or face certain death.","Ари хара иҟалашоуп:2000 ашықәс.Злеишәа цәгьоу ароботқәа шәыршьырц иаҿуп.Шәыҽрықәшәмыршәан ароботқәа, мамзар шәҭахоит."
"data/org.gnome.Robots.appdata.xml.in:15","Fortunately, the robots are extremely stupid and will always move directly towards you. Trick them into colliding into each other, resulting in their destruction, or into the junk piles that result. You can defend yourself by moving the junk piles, or escape to safety with your handy teleportation device.","Инасыԥхаз уи ауп, ароботқәа даара игаӡуп, шәара шәахь рхы рханы иныҟәалоит.Ароботқәа дареи-дареи ,мамзар аҟьамсар еизгақәеи дареи ааишәырхала.Шәара ишәылшоит шәхы шәыхьчарц аҟьамсар еизгақәа рҭыԥқәа ԥсахуа,мамзар шәҽышәҵәахыр  ателепортҟаҵаразы апортативтә еиҿартәыра шәхы иархәаны."
"data/org.gnome.Robots.appdata.xml.in:22","Your supply of safe teleports is limited, and once you run out, teleportation could land you right next to a robot, who will kill you. Survive for as long as possible!","Ишәарҭадоу ателепортқәа рхыԥхьаӡара ԥкуп, урҭ анынҵәалак ашьҭахь , ателепорт шәианагар алшоит иаарласны шәҭазырхо ароботқәа рахь.Излауо ала акыраамҭа шәаанхароуп."
"data/org.gnome.Robots.appdata.xml.in:62","The GNOME Project","Апроект GNOME"
"data/org.gnome.Robots.desktop.in:3 src/application.vala:40 src/application.vala:151 src/window.vala:42","Robots","Ароботқәа"
"data/org.gnome.Robots.desktop.in:6","game;arcade;teleport;","ахәмарра;аркада;ателепорт"
"data/org.gnome.Robots.gschema.xml:5","Show toolbar",""
"data/org.gnome.Robots.gschema.xml:6","Show toolbar. A standard option for toolbars.",""
"data/org.gnome.Robots.gschema.xml:10","Robot image theme","_Ароботқәа ртема"
"data/org.gnome.Robots.gschema.xml:11","Robot image theme. The theme of the images to use for the robots.",""
"data/org.gnome.Robots.gschema.xml:15","Background color","_Ақәыԥшылара аԥштәы"
"data/org.gnome.Robots.gschema.xml:16","Background color. The hex specification of the background color.",""
"data/org.gnome.Robots.gschema.xml:20","Game type","Ахәмарра ахкы"
"data/org.gnome.Robots.gschema.xml:21","Game type. The name of the game variation to use.",""
"data/org.gnome.Robots.gschema.xml:25","Use safe moves","_Ишәарҭам аныҟәарақәа рхархәара"
"data/org.gnome.Robots.gschema.xml:26","Use safe moves. The safe moves option will help you to avoid being killed due to a mistake. If you try to make a move that would lead to your death when there is a safe move available you will not be allowed to proceed.",""
"data/org.gnome.Robots.gschema.xml:30","Use super safe moves","Иҷыдоу ишәарҭам аныҟәарақәа рхархәара"
"data/org.gnome.Robots.gschema.xml:31","Use super safe moves. The player is alerted when there is no safe move and the only option is to teleport out.",""
"data/org.gnome.Robots.gschema.xml:35","Enable game sounds","_ Абжьы аҿакра"
"data/org.gnome.Robots.gschema.xml:36","Enable game sounds. Play sounds for various events throughout the game.",""
"data/org.gnome.Robots.gschema.xml:40 src/controls.vala:91","Key to move NW",""
"data/org.gnome.Robots.gschema.xml:41","The key used to move north-west.",""
"data/org.gnome.Robots.gschema.xml:45 src/controls.vala:92","Key to move N",""
"data/org.gnome.Robots.gschema.xml:46","The key used to move north.",""
"data/org.gnome.Robots.gschema.xml:50 src/controls.vala:93","Key to move NE",""
"data/org.gnome.Robots.gschema.xml:51","The key used to move north-east.",""
"data/org.gnome.Robots.gschema.xml:56 src/controls.vala:94","Key to move W",""
"data/org.gnome.Robots.gschema.xml:57","The key used to move west.",""
"data/org.gnome.Robots.gschema.xml:61 src/controls.vala:95","Key to hold",""
"data/org.gnome.Robots.gschema.xml:62","The key used to hold still.",""
"data/org.gnome.Robots.gschema.xml:66 src/controls.vala:96","Key to move E",""
"data/org.gnome.Robots.gschema.xml:67","The key used to move east.",""
"data/org.gnome.Robots.gschema.xml:71 src/controls.vala:97","Key to move SW",""
"data/org.gnome.Robots.gschema.xml:72","The key used to move south-west.",""
"data/org.gnome.Robots.gschema.xml:76 src/controls.vala:98","Key to move S",""
"data/org.gnome.Robots.gschema.xml:77","The key used to move south.",""
"data/org.gnome.Robots.gschema.xml:81 src/controls.vala:99","Key to move SE",""
"data/org.gnome.Robots.gschema.xml:82","The key used to move south-east.",""
"data/org.gnome.Robots.gschema.xml:86","Width of the window in pixels",""
"data/org.gnome.Robots.gschema.xml:90","Height of the window in pixels",""
"data/org.gnome.Robots.gschema.xml:94","true if the window is maximized",""
"src/application.vala:63","The program Robots was unable to find any valid game configuration files. Please check that the program is installed correctly.","Апрограмма Ароботқәа иазымԥшааӡеит иахәҭаз асахьақәа зегьы.Игәашәҭа ахәмарра ашьақәыргылара аиашашьа."
"src/application.vala:101","Are you sure you want to discard the current game?","Шәызҭоу ахәмарра аԥышәхырц шышәҭаху агәраганы шәыҟоума?"
"src/application.vala:103","Keep _Playing","Ахәмарра_ ахь ахынҳәра"
"src/application.vala:157","Based on classic BSD Robots","Ишьаҭыркуп иклассику ароботқәа BSD рҟынтә"
"src/application.vala:161","translator-credits","Нанба Наала <naala-nanba@rambler.ru>, 2022"
"src/game-area.vala:375","Congratulations, You Have Defeated the Robots!! 
But Can You do it Again?","Ишәыдаҳныҳәалоит, шәара ароботқәа шәыриааит!!
Ишәылшару еиҭа уи аҟаҵара"
"src/game-area.vala:379","There are no teleport locations left!!","Ателепорт аҟацаразы уаҳа аҭыԥқәа ыҟаӡам!!"
"src/properties-dialog.vala:68","Preferences","Ахышәарақәа"
"src/properties-dialog.vala:84","Game Type","Ахәмарра ахкы"
"src/properties-dialog.vala:95","_Use safe moves","_Ишәарҭам аныҟәарақәа рхархәара"
"src/properties-dialog.vala:97","Prevent accidental moves that result in getting killed.","Ҭахарала инҵәо аныҟәарақәа зегьы реиԥырҟьара"
"src/properties-dialog.vala:100","U_se super safe moves","Иҷыдоу ишәарҭам аныҟәарақәа рхархәара"
"src/properties-dialog.vala:102","Prevents all moves that result in getting killed.","Ҭахарала инҵәо аныҟәарақәа зегьы реиԥырҟьара"
"src/properties-dialog.vala:114","_Enable sounds","_ Абжьы аҿакра"
"src/properties-dialog.vala:119","Play sounds for events like winning a level and dying.","Аҭахареи, аиааирақәеи раан абжьы аҿакра."
"src/properties-dialog.vala:122","Game","Ахәмарра"
"src/properties-dialog.vala:128","_Image theme:","_Ароботқәа ртема"
"src/properties-dialog.vala:138","_Background color:","_Ақәыԥшылара аԥштәы"
"src/properties-dialog.vala:148","Appearance","Адәахьтәи аҿанԥшылара"
"src/properties-dialog.vala:162","_Restore Defaults","_Ахышәарақәа ишыҟоу еиԥш реиҭашьақәыргылара"
"src/properties-dialog.vala:166","Keyboard","Арыдыркыра"
"src/scores.vala:29","Game Type:","Ахәмарра ахкы"
"src/scores.vala:54","Classic robots","Аклассикатә роботқәа"
"src/scores.vala:56","Classic robots with safe moves","Ишәарҭам аныҟәарақәа змоу аклассикатә роботқәа"
"src/scores.vala:58","Classic robots with super-safe moves","Аклассикатә роботқәа иҷыдоу ишәарҭам аныҟәарақәа змоу"
"src/scores.vala:60","Nightmare","Акаамеҭ"
"src/scores.vala:62","Nightmare with safe moves","Акаамеҭ ишәарҭам аныҟәарақәа рҟны"
"src/scores.vala:64","Nightmare with super-safe moves","Акаамеҭ иҷыдоу ишәарҭам аныҟәарақәа рҟны"
"src/scores.vala:66","Robots2","Ароботқәа2"
"src/scores.vala:68","Robots2 with safe moves","Ароботқәа2 ишәарҭам аныҟәарақәа змоу"
"src/scores.vala:70","Robots2 with super-safe moves","Ароботқәа2 иҷыдоу ишәарҭам аныҟәарақәа змоу"
"src/scores.vala:72","Robots2 easy","Имариоу Ароботқәа2"
"src/scores.vala:74","Robots2 easy with safe moves","Имариоу Ароботқәа2 ишәарҭам аныҟәарақәа змоу"
"src/scores.vala:76","Robots2 easy with super-safe moves","Имариоу Ароботқәа2 иҷыдоу ишәарҭам аныҟәарақәа змоу"
"src/scores.vala:78","Robots with safe teleport","Ароботқәа ишәарҭам ателепорт ҟазҵо"
"src/scores.vala:80","Robots with safe teleport with safe moves","Ароботқәа ишәарҭам ателепортҟаҵареи, ишәарҭам аныҟәарақәеи змоу. "
"src/scores.vala:82","Robots with safe teleport with super-safe moves","Ароботқәа ишәарҭам ателепортҟаҵареи,иҷыдоу ишәарҭам аныҟәарақәеи змоу."
"src/window.vala:113","Teleport _Randomly","Машәырлатәи_ ателепортҟаҵара"
"src/window.vala:138","_Wait for Robots","_ Ароботқәа рзыԥшра"
"src/window.vala:154","Level: %d	Score: %d","Аҩаӡара: %d	 Аԥхьаӡара: %d"
"src/window.vala:157","(Remaining: %d)","(Иаанхеит : %d)"
"src/window.vala:159","Teleport _Safely","_Ишәарҭам ателепортҟаҵара"
"","There are no safe locations to teleport to!!","Ателепорт аҟацаразы ишәарҭам аҭыԥқәа ыҟаӡам!!"
"","Unknown Command","Еилкаам адҵа"
"","No game data could be found.","Ахәмарра адыррақәа ԥшааӡам"
"","Some graphics files are missing or corrupt.","Ԥыҭк асахьақәа рфаилкәа ыҟаӡам,мамзар ааха рымоуп"
"","The program Robots was unable to load all the necessary graphics files. Please check that the program is installed correctly.","Апрограмма Ароботқәа иазҭамгалаӡеит иахәҭоу асахьақәа рфаилқәа зегьы.Игәашәҭа ахәмарра ашьақәыргылара аиашашьа."
"","Could not find “%s” pixmap file
","Изалымшахеит асахьа афаил аԥшаара “%s”
"
