"location","source","target"
"libs/net/grl-net-mock.c:86","No mock definition found","Арыԥҵә ахҳәаа ԥшааӡам"
"libs/net/grl-net-mock.c:98","Could not find mock content %s","Арыԥҵә %s аҵакы аԥшаара залымшахеит"
"libs/net/grl-net-mock.c:116","Could not access mock content: %s","Арыԥҵә аҵакы ахь анеира залыршахом: %s "
"libs/net/grl-net-wc.c:443","Cannot connect to the server","Асервер аҿакра залыршахом"
"libs/net/grl-net-wc.c:449","Cannot connect to the proxy server","Апрокси-сервер аҿакра залыршахом"
"libs/net/grl-net-wc.c:456","Invalid request URI or header: %s","Ииашам URI, мамзар адҵаалара ахы : %s"
"libs/net/grl-net-wc.c:463","Authentication required: %s","Иаҭахуп ахаҭара шьақәыргылара: %s"
"libs/net/grl-net-wc.c:468","The requested resource was not found: %s","Адҵаалара ззыҟаҵоу алшарақәа ԥшааӡам: %s"
"libs/net/grl-net-wc.c:475","The entry has been modified since it was downloaded: %s","Анҵамҭа ԥсахын ианҭагалаз нахыс : %s"
"libs/net/grl-net-wc.c:481 libs/net/grl-net-wc.c:593 libs/pls/grl-pls.c:493 src/grl-source.c:1821 src/grl-source.c:1921 src/grl-source.c:2068 src/grl-source.c:2325 src/grl-source.c:2446","Operation was cancelled","Аоперациа аԥыхоуп"
"libs/net/grl-net-wc.c:597 libs/net/grl-net-wc.c:641","Data not available","Адыррқәа рахь анеира залыршахом"
"libs/net/grl-net-wc.c:692","Invalid URL %s","Ииашам  URL %s"
"src/grilo.c:218","Semicolon-separated paths containing Grilo plugins","Амҩақәа, Grilo амодульқәа змоу, иеиҟәшоу акәаԥи аҿарҵәи рыла "
"src/grilo.c:220","Colon-separated paths containing Grilo plugins","Амҩақәа, Grilo амодульқәа змоу, ҩ-кәаԥк рыла иеиҟәшоу"
"src/grilo.c:223","Colon-separated list of Grilo plugins to use","Ахархәара зызу амодульқәа Grilo рыхьӡынҵа, ҩ-кәаԥк иеиҟәшагас измоу"
"src/grilo.c:228","Grilo Options","Grilo ахышәарақәа"
"src/grilo.c:229","Show Grilo Options","Grilo ахышәарақәа рырбара"
"src/grl-multiple.c:134","No searchable sources available","Аԥшааразы анеиразин змоу ахыҵхырҭақәа ыҟаӡам"
"src/grl-multiple.c:511","Could not resolve media for URI “%s”"," URI ""%s"" азы  аныҟәгага аилкаара залыршахом"
"src/grl-registry.c:499 src/grl-registry.c:1538","Plugin “%s” is already loaded"," Амодуль «%s» шьҭа иҭагалоуп"
"src/grl-registry.c:523","Failed to initialize plugin from %s","%s аҟынтә амодуль аҭагылазаашьа арбара залымшахеит"
"src/grl-registry.c:565","Metadata key “%s” already registered in different format","Аметадыррақәа рцыԥха «%s»  даҽа форматк аманы иҭагалоуп"
"src/grl-registry.c:578","Metadata key “%s” cannot be registered","Аметадыррақәа рцыԥха «%s» аҭагалара залыршахом"
"src/grl-registry.c:1144","Source with id “%s” was not found","Ахыҵхырҭа  аиԥшрагәаҭара «%s» змоу ԥшааӡам"
"src/grl-registry.c:1218","Failed to load plugin from %s","Амодуль %s аҟынтә аҭагалараан иҟалеит агха"
"src/grl-registry.c:1227","Invalid plugin file %s","амодуль «%s» афаил иашам "
"src/grl-registry.c:1238","“%s” is not a valid plugin file","«%s»  ииашоу афаил амодуль акәӡам"
"src/grl-registry.c:1257","Plugin “%s” already exists","Амодуль «%s» шьҭа иҟоуп"
"src/grl-registry.c:1420","Invalid path %s","Иақәнагам амҩа %s"
"src/grl-registry.c:1487","All configured plugin paths are invalid","Амодульқәа рконфигурациатәра амҩақәа зегьы иашаӡам"
"src/grl-registry.c:1527","Plugin “%s” not available"," Амодуль : «%s» ахь анеира залыршахом"
"src/grl-registry.c:1755","Plugin not found: “%s”","Амодуль ԥшааӡам :«%s»"
"src/grl-registry.c:2066","Plugin configuration does not contain “plugin-id” reference","Амодульқәа  рконфигурациатәра иамаӡам ахцәажәара  «plugin-id»"
"src/grl-source.c:2775","Some keys could not be written","Цыԥхақәак рынҵара залыршахом"
"src/grl-source.c:2848","None of the specified keys are writable","Иарбоу ацаԥхақәа рыбжьара иҟаӡам ианҵатәқәоу"
"src/grl-source.c:4191","Media has no “id”, cannot remove","Аныҟәгага иамаӡам «id», уи аныхра залыршахаӡом"
