"location","source","target"
"src/bookmarks/grl-bookmarks.c:60","Bookmarks","Агәылаҵақәа"
"src/bookmarks/grl-bookmarks.c:61","A source for organizing media bookmarks","Амеидиаконтент азы агәылаҵақәа еиқәзыршәо ахыҵхырҭа"
"src/bookmarks/grl-bookmarks.c:427","Failed to get bookmark metadata","Агәылаҵа аметадыррақәа аиура залымшахеит"
"src/bookmarks/grl-bookmarks.c:457 src/bookmarks/grl-bookmarks.c:474","Failed to find bookmarks: %s","Агәылаҵақәа рыԥшаара залымшахеит: %s"
"src/bookmarks/grl-bookmarks.c:626 src/podcasts/grl-podcasts.c:823 src/podcasts/grl-podcasts.c:855 src/podcasts/grl-podcasts.c:887","Failed to remove: %s","Аныхра залымшахеит: %s"
"src/bookmarks/grl-bookmarks.c:768 src/podcasts/grl-podcasts.c:928 src/podcasts/grl-podcasts.c:961 src/podcasts/grl-podcasts.c:1813","Failed to store: %s","Аиқәырхара залымшахеит : %s"
"src/bookmarks/grl-bookmarks.c:842 src/bookmarks/grl-bookmarks.c:877 src/bookmarks/grl-bookmarks.c:908 src/bookmarks/grl-bookmarks.c:966 src/metadata-store/grl-metadata-store.c:874 src/podcasts/grl-podcasts.c:1669 src/podcasts/grl-podcasts.c:1713 src/podcasts/grl-podcasts.c:1747 src/podcasts/grl-podcasts.c:1782","No database connection","Изалшахом адыррақәа рбаза аҽамадара."
"src/chromaprint/grl-chromaprint.c:41","A plugin to get metadata using gstreamer framework","Аплагин, аметадыррақәа роуразы фреимворк gstreamer ацхыраарала"
"src/dleyna/grl-dleyna-source.c:34","A source for browsing the DLNA server “%s”","Ахыцхырҭа DLNA сервер “%s” ахәаԥшразы  "
"src/dleyna/grl-dleyna-source.c:279","Upload failed, target source destroyed","Аҭгараан иҟалеит аиԥҟьара,ахықәкытә хыҵхырҭа хырбгалоуп"
"src/dleyna/grl-dleyna-source.c:382","Upload failed, “%s”, transferred %lu of %lu bytes","Аҭагалара залымшахаӡеит, “%s”, %lu аҟынтә %lu bytes"
"src/dleyna/grl-dleyna-source.c:933","Failed to retrieve item properties (BrowseObjects error %d: %s)","Иҟалеит аиԥҟьара аелемент алшарақәа аиура аан (Агха BrowseObjects  %d: %s)"
"src/dleyna/grl-dleyna-source.c:1572","Upload failed, URL missing on the media object to be transferred","Аҭгараан иҟалеит агха, иарбаӡам URL, еимадахо амедиаобиект азы "
"src/dmap/grl-daap.c:51","A source for browsing the DAAP server “%s”","Ахыцхырҭа асервер“%s” DAAP ахәаԥшразы"
"src/dmap/grl-daap-db.c:66 src/magnatune/grl-magnatune.c:122","Albums","Альбомқәа"
"src/dmap/grl-daap-db.c:68 src/magnatune/grl-magnatune.c:121","Artists","Анагӡаҩцәа"
"src/dmap/grl-daap-db.c:291 src/magnatune/grl-magnatune.c:866","Invalid container identifier %s","Ииашам  аконтеинер аиԥшрагәаҭага %s"
"src/dmap/grl-dpap.c:51","A source for browsing the DPAP server “%s”","Ахыцхырҭа асервер DPAP ахәаԥшразы “%s” "
"src/dmap/grl-dpap-db.c:40","Photos","Афотосахьақәа"
"src/filesystem/grl-filesystem.c:58","Filesystem","Афаилтә система"
"src/filesystem/grl-filesystem.c:59","A source for browsing the filesystem","Ахыцхырҭа афаилтә система алаԥшхагаразы"
"src/filesystem/grl-filesystem.c:1171","File %s does not exist","Афаил “%s” ыҟаӡам"
"src/filesystem/grl-filesystem.c:1249 src/youtube/grl-youtube.c:1505","Cannot get media from %s","Амедиаконтент “%s” аҟынтә аиура залымшахеит"
"src/flickr/grl-flickr.c:58","A source for browsing and searching Flickr photos","Ахыцхырҭа афотосахьақәа Flickr рыԥшаареи,рыхәаԥшреи азы. "
"src/flickr/grl-flickr.c:62","%s’s Flickr","Flickr ахархәаҩ “%s” итәы "
"src/flickr/grl-flickr.c:64","A source for browsing and searching %s’s flickr photos","Ахыцхырҭа афотосахьақәа “%s” flickr аҟны рыԥшаареи,рыхәаԥшреи азы"
"src/freebox/grl-freebox.c:48","Freebox TV","Freebox TV"
"src/freebox/grl-freebox.c:49","A source for browsing Freebox TV channels","Ахыцхырҭа Freebox TV ацышьҭақәа рыхәаԥшразы"
"src/freebox/grl-freebox.c:52","Freebox Radio","Арадио Freebox "
"src/freebox/grl-freebox.c:53","A source for browsing Freebox radio channels","Ахыцхырҭа Арадио Freebox ацышьҭақәа рыхәаԥшразы"
"src/gravatar/grl-gravatar.c:46","Avatar provider from Gravatar","Gravatar аҟынтә аватарқәа раагаҩ"
"src/gravatar/grl-gravatar.c:47","A plugin to get avatars for artist and author fields","Ацәаҳәақәа «Анагӡаҩ», насгьы «Аватар» рыла аватарқәа риуразы амодуль"
"src/local-metadata/grl-local-metadata.c:42","Local Metadata Provider","Итыԥырку аметадыррақәа раагаҩ"
"src/local-metadata/grl-local-metadata.c:43","A source providing locally available metadata","Ахыцхырҭа, иаазго иҭыԥырку анеирҭа змоу аметадыррақәа "
"src/local-metadata/grl-local-metadata.c:381 src/metadata-store/grl-metadata-store.c:784 src/raitv/grl-raitv.c:869 src/tracker3/grl-tracker-source-api.c:375 src/tracker3/grl-tracker-source-api.c:410 src/tracker/grl-tracker-source-api.c:530","Failed to resolve: %s","Азин аҭара залымшеит : %s"
"src/local-metadata/grl-local-metadata.c:673","Cannot resolve any of the given keys","Изалымшеит ацаԥхақәа азин рыҭара"
"src/local-metadata/grl-local-metadata.c:677","A GIO supported URL for images is required","Асахьақәа рӡы иаҭахуп URL ,GIO адгылара азызуо"
"src/magnatune/grl-magnatune.c:123","Genres","Ажанрқәа"
"src/magnatune/grl-magnatune.c:131","A source for browsing music","Ахыцхырҭа амузыка алаԥшхагаразы"
"src/magnatune/grl-magnatune.c:421","Failed to get database from magnatune: %s","Изалымшеит аиура адырракәа рбаза magnatune аҟынтә: %s  "
"src/magnatune/grl-magnatune.c:451","Failed to save database from magnatune: “%s”","Изалымшеит аиқәырхара адырракәа рбаза magnatune аҟынтә: %s"
"src/magnatune/grl-magnatune.c:722","Failed to get table from magnatune db: %s","Изалымшеит адырракәа рбаза magnatune аҟынтә аҭаӡҩыра аиура: %s"
"src/magnatune/grl-magnatune.c:738","Fail before returning media to user: %s","Иҟалеит агха амедиаконтент ахархәаҩ иахь архынҳәраан : %s  "
"src/metadata-store/grl-metadata-store.c:40","Metadata Store","Аметадыррақәа рҵәахырҭа"
"src/metadata-store/grl-metadata-store.c:41","A plugin for storing extra metadata information","Аметадыррақәа ирызкны ихарҭәаау аинформациа аиқәырхаразы амодуль"
"src/metadata-store/grl-metadata-store.c:598 src/metadata-store/grl-metadata-store.c:617 src/metadata-store/grl-metadata-store.c:829 src/tracker3/grl-tracker-source-api.c:508 src/tracker/grl-tracker-source-api.c:640","Failed to update metadata: %s","Изалымшахеит аметадыррақәа рырҿыцра: %s"
"src/metadata-store/grl-metadata-store.c:599","specified keys are not writable","Иарбоу ацаԥхақәа занҵахаӡом"
"src/metadata-store/grl-metadata-store.c:639","Failed to update metadata","Изалымшеит аметадыррақәа рырҿыцра"
"src/metadata-store/grl-metadata-store.c:785 src/metadata-store/grl-metadata-store.c:830","“source-id” not available","“source-id” ахь анеира залыршахом"
"src/metadata-store/grl-metadata-store.c:805","Failed to resolve","Азин аҭара залымшахеит"
"src/metadata-store/grl-metadata-store.c:942 src/metadata-store/grl-metadata-store.c:979 src/raitv/grl-raitv.c:423 src/shoutcast/grl-shoutcast.c:749","Failed to search: %s","Изалымшахеит аԥшаара: %s "
"src/opensubtitles/grl-opensubtitles.c:40","OpenSubtitles Provider","Адагалаҩ OpenSubtitles"
"src/opensubtitles/grl-opensubtitles.c:41","A source providing a list of subtitles for a video","Ахыцхырҭа иамоуп асубтитрқәа рыхьӡынҵа авидео азы "
"src/optical-media/grl-optical-media.c:44","Optical Media","Аоптикатә ныҟәгага"
"src/optical-media/grl-optical-media.c:45","A source for browsing optical media","Ахыцхырҭа, аоптикатә ныҟәгагақәа алаԥшрхагаразы"
"src/podcasts/grl-podcasts.c:148","A source for browsing podcasts","Ахыцхырҭа аподкастқәа алаԥшрхагаразы"
"src/podcasts/grl-podcasts.c:759 src/podcasts/grl-podcasts.c:779","Failed to get podcast streams: %s","Изалымшахеит аподкаст аишьҭаҵа аҵакы аилкаара : %s "
"src/podcasts/grl-podcasts.c:1245 src/podcasts/grl-podcasts.c:1254 src/podcasts/grl-podcasts.c:1264","Failed to parse content","Изалымшеит  аҵакы аилкаара  "
"src/podcasts/grl-podcasts.c:1275 src/podcasts/grl-podcasts.c:1304","Failed to parse podcast contents","Аподкаст аҵакы аилкаара залымшахеит"
"src/podcasts/grl-podcasts.c:1370 src/shoutcast/grl-shoutcast.c:417","Empty response","Иҭацәу аҭак"
"src/podcasts/grl-podcasts.c:1459","Failed to get podcast information","Аподкаст аинформациа аиура залымшахеит"
"src/podcasts/grl-podcasts.c:1499 src/podcasts/grl-podcasts.c:1519","Failed to get podcasts list: %s","Аподкастқәа рыхьӡынҵа аиура залымшахеит: %s"
"src/podcasts/grl-podcasts.c:1572 src/podcasts/grl-podcasts.c:1587","Failed to get podcast stream metadata","Изалымшахеит аподкаст аметадыррақәа реишьҭаҵа аиура"
"src/podcasts/grl-podcasts.c:1625","Failed to get podcast metadata","Изалымшахеит аподкаст аметадыррақәа аиура"
"src/podcasts/grl-podcasts.c:1809","Cannot create containers. Only feeds are accepted","Аконтеинерқәа рышьақәыргылара залымшахеит.Ззин ыҟоу ацахақәа заҵәык роуп"
"src/podcasts/grl-podcasts.c:1814","URL required","Иаҭахуп URL"
"src/raitv/grl-raitv.c:49 src/youtube/grl-youtube.c:73","Most Popular","Зегь реиҳа ипопулиару"
"src/raitv/grl-raitv.c:52","Recent","Аҵахәтәантәи"
"src/raitv/grl-raitv.c:93","A source for browsing and searching Rai.tv videos","Ахыцхырҭа авидео Rai.tv рыԥшаареи,рыхәаԥшреи азы"
"src/raitv/grl-raitv.c:164","All","Зегьы"
"src/raitv/grl-raitv.c:165","Black and White","Аиқәаҵәеи ашҟәаҟәеи"
"src/raitv/grl-raitv.c:166","Cinema","Акино"
"src/raitv/grl-raitv.c:167","Comedians","Акомедиақәа"
"src/raitv/grl-raitv.c:168","Chronicle","Ахроника"
"src/raitv/grl-raitv.c:169","Culture","Акультура"
"src/raitv/grl-raitv.c:170","Economy","Аекономика"
"src/raitv/grl-raitv.c:171","Fiction","Асахьаркыратә литература"
"src/raitv/grl-raitv.c:172","Junior","Аҿар"
"src/raitv/grl-raitv.c:173","Investigations","Аҭҵаарақәа"
"src/raitv/grl-raitv.c:174","Interviews","Аинтервиу"
"src/raitv/grl-raitv.c:175","Music","Амузыка"
"src/raitv/grl-raitv.c:176","News","Ажәабжьқәа"
"src/raitv/grl-raitv.c:177","Health","Агәабзиара"
"src/raitv/grl-raitv.c:178","Satire","Алаф"
"src/raitv/grl-raitv.c:180","Society","Ауаажәларра"
"src/raitv/grl-raitv.c:181","Show","Агәарҿыхарақәа"
"src/raitv/grl-raitv.c:182","Sport","Спорт"
"src/raitv/grl-raitv.c:183","History","Аҭоурых"
"src/raitv/grl-raitv.c:184","Politics","Аполитика"
"src/raitv/grl-raitv.c:185","Leisure","Аԥсшьараамҭа"
"src/raitv/grl-raitv.c:186","Travel","Аныҟәарақәа"
"src/raitv/grl-raitv.c:616","Failed to browse: %s","Изалымшеит алаԥшхагара : %s "
"src/shoutcast/grl-shoutcast.c:60","A source for browsing SHOUTcast radios","Арадио SHOUTcast алаԥшхагаразы ахыҵхырҭа"
"src/shoutcast/grl-shoutcast.c:409 src/shoutcast/grl-shoutcast.c:463","Failed to parse response","Изалымшахеит аҭак аилыргара"
"src/shoutcast/grl-shoutcast.c:455","Cannot find media %s","Изалымшахеит амедиаконтент аԥшаара %s "
"src/shoutcast/grl-shoutcast.c:551","Failed to connect: %s","Изалымшеит аҽаԥшьра: %s"
"src/shoutcast/grl-shoutcast.c:750","non-NULL search text is required","Аԥшааразы иаҭахуп NULL ахь иаҵанамко атекст "
"src/thetvdb/grl-thetvdb.c:93","A source for fetching metadata of television shows","Ахыцхырҭа, ателешоу аметадырракәа риуразы"
"src/tmdb/grl-tmdb.c:998","Remote data does not contain valid identifier","Ихароу адырракәа ирымаӡам ииашоу аиԥшрагәаҭага"
"src/tracker3/grl-tracker-source-api.c:243 src/tracker3/grl-tracker-source-api.c:319 src/tracker/grl-tracker-source-api.c:401 src/tracker/grl-tracker-source-api.c:484","Failed to query: %s","Изалымшахеит адҵаалара аҟаҵара : %s"
"src/tracker3/grl-tracker-source-api.c:455 src/tracker/grl-tracker-source-api.c:585","Failed to get media from uri: %s","Изалымшеит амедиаконтент uri аҟынтә аиура: %s"
"src/tracker3/grl-tracker-source-api.c:605 src/tracker/grl-tracker-source-api.c:816","Empty query","Иҭацәу адҵаалара"
"src/tracker3/grl-tracker-source-api.c:826 src/tracker3/grl-tracker-source-api.c:922 src/tracker/grl-tracker-source-api.c:1087","ID “%s” is not known in this source","ID “%s” еилкааӡам ари ахыҵхырҭа аҟны"
"src/tracker3/grl-tracker-source-priv.h:47","A plugin for searching multimedia content using Tracker3","Плагин амультмедиатә контент аԥшааразы Tracker3 ацхыраарала"
"src/tracker/grl-tracker-source-priv.h:44","A plugin for searching multimedia content using Tracker","Амодуль амультмедиа- контент аԥшааразы атрекер ацхыраарала"
"src/youtube/grl-youtube.c:55","Standard feeds","Истандарту ацышьҭақәа"
"src/youtube/grl-youtube.c:58","Categories","Акатегориақәа"
"src/youtube/grl-youtube.c:64","Top Rated","Иреиӷьӡу р-Топ"
"src/youtube/grl-youtube.c:67","Top Favorites","Иалкаау р-Топ"
"src/youtube/grl-youtube.c:70","Most Viewed","Зегь реиҳа алаԥшрхагарақәа змоу"
"src/youtube/grl-youtube.c:76","Most Recent","Аҵыхәтәантәи "
"src/youtube/grl-youtube.c:79","Most Discussed","Зегь реиҳа ахцәажәарақәа змоу"
"src/youtube/grl-youtube.c:82","Most Linked","Лассы иазхьаԥшуеит"
"src/youtube/grl-youtube.c:85","Most Responded","Зегь реиҳа ирацәаны аҭакқәа змоу "
"src/youtube/grl-youtube.c:88","Recently Featured","Ааигәа иарбоу "
"src/youtube/grl-youtube.c:91","Watch On Mobile","Амобилтә версиа ахәаԥшра"
"src/youtube/grl-youtube.c:110","A source for browsing and searching YouTube videos","Ахыцхырҭа, YouTube авидеоҟәа рыԥшаареи рыхәаԥшреи азы "
"src/youtube/grl-youtube.c:856","Failed to get feed","Ацышьҭа аиура залымшахеит"
"src/youtube/grl-youtube.c:1033 src/youtube/grl-youtube.c:1421","Invalid feed identifier %s","Ииашам ацышьҭа %s  аиԥшрагәаҭага"
"src/youtube/grl-youtube.c:1097 src/youtube/grl-youtube.c:1230 src/youtube/grl-youtube.c:1442","Invalid category identifier %s","Ииашам ацышьҭа %s аиԥшрагәаҭага акатегориа "
