"location","source","target"
"gspell/gspell-checker.c:419","Error when checking the spelling of word “%s”: %s","Иҟалеит агха, ажәа «%s» аиашаҩыра агәаҭараан: %s"
"gspell/gspell-checker-dialog.c:150 gspell/gspell-context-menu.c:217","(no suggested words)","( Ишәыдгалоу ажәақәа  ыҟаӡам)"
"gspell/gspell-checker-dialog.c:235","Error:","Агха:"
"gspell/gspell-checker-dialog.c:271","Completed spell checking","Агәаҭара хырқәшоуп"
"gspell/gspell-checker-dialog.c:275","No misspelled words","Агхақәа змоу ажәақәа ыҟаӡам"
"gspell/gspell-checker-dialog.c:502","(correct spelling)","(ииашаны анҵашьа)"
"gspell/gspell-checker-dialog.c:644","Suggestions","Адгалақәа"
"gspell/gspell-context-menu.c:152","_Language","_Абызшәа"
"gspell/gspell-context-menu.c:240","_More…","_Иҵегь..."
"gspell/gspell-context-menu.c:285","_Ignore All","_Зегьы рызхьамԥшра"
"gspell/gspell-context-menu.c:303","_Add","_Ацҵара"
"gspell/gspell-context-menu.c:340","_Spelling Suggestions…","Ишәыдгазар зылшахо..."
"gspell/gspell-language.c:89","Unknown (%s)","Еилкаам (%s)"
"gspell/gspell-language-chooser-button.c:84","No language selected","Абызшәа алхӡам"
"gspell/gspell-navigator-text-view.c:310","Spell checker error: no language set. It’s maybe because no dictionaries are installed.","Аҩышьаԥҟара агәаҭара агха: абызшәа алхӡам.Иҟалап уи зыхҟьазажәар ахьалхам ауп."
"gspell/resources/checker-dialog.ui:7","Check Spelling","Аиашаҩыра агәаҭара"
"gspell/resources/checker-dialog.ui:36","Misspelled word:","Агха змоу ажәа :"
"gspell/resources/checker-dialog.ui:49","word","Ажәа"
"gspell/resources/checker-dialog.ui:66","Change _to:","А_ԥсахра :"
"gspell/resources/checker-dialog.ui:91","Check _Word","_Ажәа агәаҭара"
"gspell/resources/checker-dialog.ui:120","_Suggestions:","_Ахкқәа:"
"gspell/resources/checker-dialog.ui:133","_Ignore","_Азхьамԥшра"
"gspell/resources/checker-dialog.ui:146","Ignore _All","_Зегьы рызхьамԥшра"
"gspell/resources/checker-dialog.ui:159","Cha_nge","_Аԥсахра"
"gspell/resources/checker-dialog.ui:174","Change A_ll","З_егьы рыԥсахра"
"gspell/resources/checker-dialog.ui:191","User dictionary:","Ахархәаратә жәар:"
"gspell/resources/checker-dialog.ui:203","Add w_ord","Ажәа ацҵара"
"gspell/resources/language-dialog.ui:7","Set Language","Абызшәа ашьақәыргылара"
"gspell/resources/language-dialog.ui:20","Select the spell checking _language.","Иалшәх _абызшәа аҩышьаԥҟара агәаҭаразы"
"gspell/resources/language-dialog.ui:61","_Cancel","_Аԥыхра"
"gspell/resources/language-dialog.ui:68","_Select","_Алхра"
