"location","source","target"
"abnf.lang:30 actionscript.lang:24 ada.lang:25 ansforth94.lang:24 asp.lang:23 automake.lang:23 bennugd.lang:22 bluespec.lang:21 boo.lang:23 cg.lang:23 chdr.lang:24 c.lang:24 cobol.lang:26 commonlisp.lang:24 cpphdr.lang:24 cpp.lang:25 csharp.lang:26 cuda.lang:22 dart.lang:22 d.lang:29 docker.lang:21 eiffel.lang:23 erlang.lang:23 forth.lang:23 fortran.lang:24 fsharp.lang:24 genie.lang:23 glsl.lang:30 go.lang:24 gradle.lang:21 groovy.lang:24 haskell.lang:24 haskell-literate.lang:23 haxe.lang:34 idl.lang:23 java.lang:24 j.lang:23 kotlin.lang:24 lean.lang:23 lex.lang:24 llvm.lang:22 logtalk.lang:23 makefile.lang:22 meson.lang:23 nemerle.lang:23 netrexx.lang:23 objc.lang:23 objj.lang:26 ocaml.lang:26 ooc.lang:23 opal.lang:23 opencl.lang:23 pascal.lang:24 pig.lang:26 powershell.lang:23 prolog.lang:23 rust.lang:35 scala.lang:24 scheme.lang:23 sml.lang:23 solidity.lang:28 sparql.lang:23 sql.lang:23 swift.lang:24 systemverilog.lang:21 thrift.lang:20 vala.lang:27 vbnet.lang:23 verilog.lang:23 vhdl.lang:23","Source","Алагамҭатә текст"
"asciidoc.lang:22 bibtex.lang:23 docbook.lang:23 dtd.lang:23 dtl.lang:25 erb-html.lang:20 erb-js.lang:20 erb.lang:20 gtk-doc.lang:24 haddock.lang:23 html.lang:25 jade.lang:24 jsdoc.lang:23 latex.lang:24 mallard.lang:22 markdown.lang:25 mediawiki.lang:22 mxml.lang:23 rst.lang:22 sweave.lang:24 t2t.lang:23 tera.lang:23 texinfo.lang:24 xml.lang:26 xslt.lang:23","Markup","Адырганҵа"
"awk.lang:23 dosbatch.lang:23 fish.lang:19 gdscript.lang:22 javascript-expressions.lang:27 javascript-functions-classes.lang:27 javascript.lang:27 javascript-literals.lang:27 javascript-modules.lang:27 javascript-statements.lang:27 javascript-values.lang:27 jsx.lang:23 lua.lang:23 m4.lang:23 perl.lang:25 php.lang:28 python3.lang:23 python.lang:27 ruby.lang:27 sh.lang:24 tcl.lang:23 typescript-js-expressions.lang:23 typescript-js-functions-classes.lang:23 typescript-js-literals.lang:23 typescript-js-modules.lang:23 typescript-js-statements.lang:23 typescript-jsx.lang:23 typescript.lang:23 typescript-type-expressions.lang:23 typescript-type-generics.lang:23 typescript-type-literals.lang:23","Script","Ақәныҟәа"
"cg.lang:23","CG Shader Language","CG ашеидарқәа рбызшәа"
"changelog.lang:24 cmake.lang:23 css.lang:26 csv.lang:23 desktop.lang:24 diff.lang:23 dot.lang:23 dpatch.lang:23 ftl.lang:23 gdb-log.lang:18 gtkrc.lang:24 ini.lang:22 json.lang:29 less.lang:23 libtool.lang:23 logcat.lang:23 nsis.lang:23 ocl.lang:32 pkgconfig.lang:23 po.lang:23 protobuf.lang:21 puppet.lang:23 rpmspec.lang:24 scss.lang:23 terraform.lang:23 toml.lang:23 yacc.lang:23 yaml.lang:21 yara.lang:26","Other","Даҽакы"
"chdr.lang:24","C/ObjC Header","C/ObjC ахы"
"cpphdr.lang:24","C++ Header","C++ ахы"
"dosbatch.lang:23","DOS Batch","Адҵатә фаил DOS"
"dtl.lang:25","Django Template","Ақәыԥшыла Django"
"fcl.lang:23 gap.lang:23 idl-exelis.lang:20 imagej.lang:23 julia.lang:23 matlab.lang:25 maxima.lang:24 modelica.lang:25 octave.lang:25 R.lang:25 scilab.lang:23 star.lang:28","Scientific","Аҭҵаарадырратә"
"gdb-log.lang:18","GDB Log","Ажурнал GDB"
"glsl.lang:30","OpenGL Shading Language","OpenGL ашеидырқәа рбызшәа"
"llvm.lang:22","LLVM IR","LLVM IR"
"po.lang:23","gettext translation","Аформат gettext ахь аиҭагара"
"rpmspec.lang:24","RPM spec","Аҟазшьаҷыдара RPM"
"tera.lang:23","Tera Template","Ахсаала Tera"
"Adwaita-dark.xml:20","Adwaita Dark","Adwaita Dark"
"Adwaita-dark.xml:22 Adwaita.xml:22","An style scheme for Adwaita","Adwaita азы ахсаала астиль"
"Adwaita.xml:20","Adwaita","Adwaita"
"classic-dark.xml:22","Classic Dark","Иклассикоу еиқәоу"
"classic-dark.xml:24","Classic dark color scheme","Иклассикоу еиқәоу аԥшшәахәытә хсаала"
"classic.xml:23","Classic","Иклассикоу"
"classic.xml:25","Classic color scheme","Иклассику аԥшшәахәытә хсаала"
"cobalt-light.xml:20","Cobalt Light","Cobalt Light"
"cobalt-light.xml:22 cobalt.xml:27","Blue based color scheme","Ииаҵәоу аԥшшәахәытә хсаала"
"cobalt.xml:25","Cobalt","Cobalt"
"kate-dark.xml:24","Dark color scheme used in the Kate text editor","Еиқәоу аԥшшәахәытә схема атексттә редактор Kate аҟынтә"
"kate.xml:25","Color scheme used in the Kate text editor","Аԥшшәахәытә схема атексттә редактор Kate аҟынтә"
"oblivion.xml:23","Oblivion","Oblivion"
"oblivion.xml:25","Dark color scheme using the Tango color palette","Аԥштәеилазаара Tango зхы иазырхәо еиқәоу аԥшшәахәытә хсаала"
"solarized-dark.xml:23","Solarized Dark","Solarized Dark"
"solarized-dark.xml:25","Color scheme using Solarized dark color palette","Аԥштәеилазаара Solarized зхы иазырхәо еиқәоу аԥшшәахәытә хсаала"
"solarized-light.xml:23","Solarized Light","Solarized Light"
"solarized-light.xml:25","Color scheme using Solarized light color palette","Аԥшшәахәытә хсаала, илашоу аԥштәеилазаара Solarized зхы иазырхәо"
"tango.xml:23","Tango","Tango"
"tango.xml:25","Color scheme using Tango color palette","Аԥшшәахәытә хсаала аԥштәеилазаара Tango зхы иазырхәо"
"gtksourceview/completion-providers/snippets/gtksourcecompletionsnippets.c:407","Snippets","Ахәҭақәа"
"gtksourceview/completion-providers/words/gtksourcecompletionwords.c:222","Document Words","Адокумент аҟны ажәақәа"
"gtksourceview/gtksourcebufferoutputstream.c:838","Invalid byte sequence in conversion input","Иақәнагам абаитқәа реишьҭагылашьа аиҭеиҭакра аишьҭаҵаҟны"
"gtksourceview/gtksourcebufferoutputstream.c:844","Error during conversion: %s","Иҟалеит агха аиҭеиҭакраан: %s"
"gtksourceview/gtksourcebufferoutputstream.c:925","Conversion from character set “%s” to “UTF-8” is not supported","Аиҭеиҭакра акодркра “%s” аҟынтә “UTF-8” ахь иаднакылаӡом"
"gtksourceview/gtksourcebufferoutputstream.c:931","Could not open converter from “%s” to “UTF-8”","Изалымшахеит  аиҭакга акодркра “%s” аҟынтә “UTF-8” ахь аартра"
"gtksourceview/gtksourcebufferoutputstream.c:991","Invalid object, not initialized","Иақәнагам зҭагылазаашьа арбам аобиект"
"gtksourceview/gtksourcebufferoutputstream.c:1183","Incomplete UTF-8 sequence in input","Ихырқәшам UTF-8 аишьҭагылара аҭалараан"
"gtksourceview/gtksourcecompletionlist.c:206 gtksourceview/gtksourcecompletionlist.c:210","%d of %u","%d аҟынтәи %u"
"gtksourceview/gtksourcecompletionlist.ui:59","_Details","_Аԥкаақәа..."
"gtksourceview/gtksourcecontextengine.c:3124","Cannot create a regex for all the transitions, the syntax highlighting process will be slower than usual.
The error was: %s","Изалымшахеит еиԥырҟьам аҿаԥшылара аԥҵара аиҭеиҭакрақәа зегьы рзы, асинтаксис арлашара нагӡахалоит  имырццаыкӡакәа.
Агха: %s"
"gtksourceview/gtksourcecontextengine.c:4458","Highlighting a single line took too much time, syntax highlighting will be disabled","Цәаҳәак аус адулара амцхә ирацәаны аамҭа агеит, асинтаксис арлашара аҿыххоит"
"gtksourceview/gtksourcecontextengine.c:5708","context “%s” cannot contain a \\%%{...@start} command","Аконтекст “%s” иамазар ҟалаӡом адҵа \\%%{...@start}"
"gtksourceview/gtksourcecontextengine.c:5871 gtksourceview/gtksourcecontextengine.c:5961","duplicated context id “%s”","Ҽазныктәи аконтекст “%s” аиԥшрагәаҭага"
"gtksourceview/gtksourcecontextengine.c:6075 gtksourceview/gtksourcecontextengine.c:6135","style override used with wildcard context reference in language “%s” in ref “%s”","астиль аиҭеиҭакра, ахархәара зауо аконтексттә зхьарԥш ацҵаны  аҵаргыларатә дырга ахь абызшәа “%s” аҟны азхьарԥш “%s” аҿы."
"gtksourceview/gtksourcecontextengine.c:6149","invalid context reference “%s”","Ииашам азхьарԥш  аконтекст “%s” ахь"
"gtksourceview/gtksourcecontextengine.c:6168 gtksourceview/gtksourcecontextengine.c:6178","unknown context “%s”","Еилкаам аконтекст “%s”"
"gtksourceview/gtksourcecontextengine.c:6279","Missing main language definition (id = “%s”).","Иҟаӡам ихадоу абызшәа аҳәаақәҵара  (id = ""%s"".)"
"gtksourceview/gtksourceencoding.c:136 gtksourceview/gtksourceencoding.c:179 gtksourceview/gtksourceencoding.c:181 gtksourceview/gtksourceencoding.c:183 gtksourceview/gtksourceencoding.c:185 gtksourceview/gtksourceencoding.c:187 gtksourceview/gtksourceencoding.c:189 gtksourceview/gtksourceencoding.c:191","Unicode","Иуникод"
"gtksourceview/gtksourceencoding.c:150 gtksourceview/gtksourceencoding.c:174 gtksourceview/gtksourceencoding.c:224 gtksourceview/gtksourceencoding.c:267","Western","Амраҭашәаратәи"
"gtksourceview/gtksourceencoding.c:152 gtksourceview/gtksourceencoding.c:226 gtksourceview/gtksourceencoding.c:263","Central European","Агәҭантәи-европатәи"
"gtksourceview/gtksourceencoding.c:154","South European","Алада-европатәи"
"gtksourceview/gtksourceencoding.c:156 gtksourceview/gtksourceencoding.c:170 gtksourceview/gtksourceencoding.c:277","Baltic","Балтикатә"
"gtksourceview/gtksourceencoding.c:158 gtksourceview/gtksourceencoding.c:228 gtksourceview/gtksourceencoding.c:241 gtksourceview/gtksourceencoding.c:245 gtksourceview/gtksourceencoding.c:247 gtksourceview/gtksourceencoding.c:265","Cyrillic","Акириллица"
"gtksourceview/gtksourceencoding.c:160 gtksourceview/gtksourceencoding.c:234 gtksourceview/gtksourceencoding.c:275","Arabic","Арабтә"
"gtksourceview/gtksourceencoding.c:162 gtksourceview/gtksourceencoding.c:269","Greek","Абырзентә"
"gtksourceview/gtksourceencoding.c:164","Hebrew Visual","Иврит, алаԥшылатәи"
"gtksourceview/gtksourceencoding.c:166 gtksourceview/gtksourceencoding.c:230 gtksourceview/gtksourceencoding.c:271","Turkish","Аҭырқәатә"
"gtksourceview/gtksourceencoding.c:168","Nordic","Скандинавиатә"
"gtksourceview/gtksourceencoding.c:172","Celtic","Акельттә"
"gtksourceview/gtksourceencoding.c:176","Romanian","Румыниатә"
"gtksourceview/gtksourceencoding.c:194","Armenian","Аермантә"
"gtksourceview/gtksourceencoding.c:196 gtksourceview/gtksourceencoding.c:198 gtksourceview/gtksourceencoding.c:212","Chinese Traditional","Акитаитә, ишаԥу еиԥш"
"gtksourceview/gtksourceencoding.c:200","Cyrillic/Russian","Акириллица/Урыстәылатәи"
"gtksourceview/gtksourceencoding.c:203 gtksourceview/gtksourceencoding.c:205 gtksourceview/gtksourceencoding.c:207 gtksourceview/gtksourceencoding.c:237 gtksourceview/gtksourceencoding.c:252","Japanese","Аиапониатә"
"gtksourceview/gtksourceencoding.c:210 gtksourceview/gtksourceencoding.c:239 gtksourceview/gtksourceencoding.c:243 gtksourceview/gtksourceencoding.c:258","Korean","Акореиатә"
"gtksourceview/gtksourceencoding.c:215 gtksourceview/gtksourceencoding.c:217 gtksourceview/gtksourceencoding.c:219","Chinese Simplified","Акитаитә, имарианы"
"gtksourceview/gtksourceencoding.c:221","Georgian","Ақырҭуатә"
"gtksourceview/gtksourceencoding.c:232 gtksourceview/gtksourceencoding.c:273","Hebrew","Аиврит"
"gtksourceview/gtksourceencoding.c:249","Cyrillic/Ukrainian","Акириллица/Украинатә"
"gtksourceview/gtksourceencoding.c:254 gtksourceview/gtksourceencoding.c:260 gtksourceview/gtksourceencoding.c:279","Vietnamese","Виетнамтәи"
"gtksourceview/gtksourceencoding.c:256","Thai","Таиландтәи"
"gtksourceview/gtksourceencoding.c:485","Unknown","Еилкаам"
"gtksourceview/gtksourceencoding.c:628","['UTF-8', 'CURRENT', 'ISO-8859-15', 'UTF-16']","['UTF-8', 'CURRENT', 'ISO-8859-15', 'UTF-16']"
"gtksourceview/gtksourcefileloader.c:502","There was a character encoding conversion error and it was needed to use a fallback character.","Иҟалеит агха асимволқәа ркодркра аиҭеиҭакраан, уи иахарҟьаны арезервтә симовол ахархәара аиуит "
"gtksourceview/gtksourcefileloader.c:617","File too big.","Афаил амцхә идууп"
"gtksourceview/gtksourcefileloader.c:772","Not a regular file.","Акы иаламҩашьо афаил"
"gtksourceview/gtksourcefilesaver.c:962","The file is externally modified.","Афаил ԥсахын даҽа программак ала"
"gtksourceview/gtksourcefilesaver.c:1402","The buffer contains invalid characters.","Абуфер иамоуп иақәнагам асимовлқәа"
"gtksourceview/gtksourcelanguage.c:52","Others","Егьырҭгьы"
"gtksourceview/gtksourcelanguage-parser-2.c:946","Unknown id “%s” in regex “%s”","Еилкаам аиԥшрагәаҭага “%s” еиԥырҟьам аарԥшраан “%s”"
"gtksourceview/gtksourcelanguage-parser-2.c:1176","in regex “%s”: backreferences are not supported","“%s” еиԥырҟьам аарԥшраан:шьҭахьҟатәи азхьарԥшқәа ацхыраара роуӡом"
"gtksourceview/gtksourceregex.c:128","using \\C is not supported in language definitions","\\C ахархәара абызшәа ашьақәыргылараан ацхыраара аиуӡом"
"gtksourceview/gtksourcestyleschemechooserbutton.c:178","Select a Style","Астиль алхра"
"gtksourceview/gtksourcestyleschemechooserbutton.c:182","_Cancel","_Аԥыхра"
"gtksourceview/gtksourcestyleschemechooserbutton.c:183","_Select","_Алхра"
"gtksourceview/gtksourceview.c:1806","All _Upper Case","_Хахьтәи аихшага ахь"
"gtksourceview/gtksourceview.c:1810","All _Lower Case","_Ҵаҟатәи аихшага ахь"
"gtksourceview/gtksourceview.c:1814","_Invert Case","_Аихшага аркшара"
"gtksourceview/gtksourceview.c:1818","_Title Case","_Ажәақәа зегьы набан дула рылагара"
"gtksourceview/gtksourceview.c:1822","C_hange Case","_Аихшага аԥсахра"
"gtksourceview/implregex.c:609","hexadecimal digit or “}” expected","Иазыԥшуп жәаф хыԥхьаӡара змоу аԥхьаӡац, мамзар “}”"
"gtksourceview/implregex.c:625","hexadecimal digit expected","Иазыԥшуп жәаф хыԥхьаӡара змоу аԥхьаӡац"
"gtksourceview/implregex.c:665","missing “<” in symbolic reference","Иазхаӡом “<” асимволтә зхьарԥш аҟны"
"gtksourceview/implregex.c:674","unfinished symbolic reference","Ихырқәшам асимолтә зхьарԥш"
"gtksourceview/implregex.c:681","zero-length symbolic reference","Асимвотә зхьарԥш зоура ноль ыҟоу"
"gtksourceview/implregex.c:692","digit expected","Аԥхьаӡац азҧшра"
"gtksourceview/implregex.c:710","illegal symbolic reference"," Иақәнагам асимволтә зхьарԥш"
"gtksourceview/implregex.c:773","stray final “\\”","Анҵәамҭа “\\”  даҽаџьара азырхара"
"gtksourceview/implregex.c:777","unknown escape sequence","Еилкаам икодрку аишьҭагылазаара"
"gtksourceview/implregex.c:787","Error while parsing replacement text “%s” at char %lu: %s","Аҧсахратә текст  аилыргара агха “%s”  асимвол %lu аҟны : %s"
"gtksourceview/vim/gtksourceviminsert.c:489","-- INSERT --","-- Аҭаргылара --"
"gtksourceview/vim/gtksourcevimreplace.c:125","-- REPLACE --","-- Аԥсахра --"
"gtksourceview/vim/gtksourcevimvisual.c:299","-- VISUAL --","-- Лаԥшылатәи --"
"gtksourceview/vim/gtksourcevimvisual.c:302","-- VISUAL LINE --","-- Лаԥшылатәи аанкылара --"
"gtksourceview/vim/gtksourcevimvisual.c:305","-- VISUAL BLOCK --","-- Лаԥшылатәи аанкылара --"
