"location","source","target"
"data/org.gnome.Hitori.desktop.in:3 data/hitori.ui:68 src/main.c:101","Hitori","Хитори"
"data/org.gnome.Hitori.desktop.in:4 data/org.gnome.Hitori.appdata.xml.in:12","Play the Hitori puzzle game","Ахәмарра-хыԥҽыга Хитори"
"data/org.gnome.Hitori.desktop.in:6","puzzle;game;logic;grid;","Ахыԥҽыга; ахәмарра; алогикатә; аҭаӡҩыра;"
"data/org.gnome.Hitori.appdata.xml.in:9","GNOME Hitori","GNOME Хитори"
"data/org.gnome.Hitori.appdata.xml.in:16","Hitori is a logic game similar to the popular game of Sudoku.","Хитори- алогикатә хәмарроуп, зегьы бзиа ирбо ахәмарра судоку еиԥшуп"
"data/org.gnome.Hitori.appdata.xml.in:17","You play the game against the clock, aiming to eliminate all the duplicate numbers in each row and column in the fastest time. Multiple sizes of game board are supported, and you can place markers on cells to help work out the solution. If you get stuck, the game can give you a hint.","Ахәмарра аамҭа ԥкуп. Ахәмарра хықәкыс иамоуп- иаарцҵакны хыԥхьаӡарала еиқәшәаз  ацәаҳәақәеи аиҵагылақәеи рықәгара. Ахәмарра иаднакылоит ахәмарратә ҭыԥ ашәагаақәа ԥыҭк.Шәара ишәылшоит иқәшәыргылалар ахыԥҽыга аҳасабразы ишәыцхраауа адыргақәа.Ишәзымдыруазар изаҟә шьаҿоу иҟаҵатәу, шәхы иашәархәар шәылшоит аҵаҳәара."
"data/org.gnome.Hitori.appdata.xml.in:41","The GNOME Project","Апроект GNOME"
"data/help-overlay.ui:16","Start a new game","Ахәмарра ҿыц алагара"
"data/help-overlay.ui:23","Tag a cell","Ахац адырга аҭара"
"data/help-overlay.ui:30","Undo your last move","Аҵыхәтәантәи аныҟәара аԥыхра "
"data/help-overlay.ui:37","Redo a move","Аныҟәара аиҭаҟаҵара"
"data/help-overlay.ui:44","Get a hint for your next move","Анаҩстәи аныҟәаразы абжьгара аиура"
"data/help-overlay.ui:51","Show Help","Аилыркаа арбара"
"data/help-overlay.ui:58","Show Keyboard Shortcuts","Арыдқәа реилаҵа рырбара"
"data/help-overlay.ui:65","Quit","Ахырқәшара"
"data/help-overlay.ui:72","Toggle Menu","Амениу аиҭагара"
"data/hitori.ui:9 src/main.c:354","_New Game","_Ахәмарра ҿыц"
"data/hitori.ui:12","Board _Size","_Аҭыԥ ашәагаа"
"data/hitori.ui:16","_5×5","_5×5"
"data/hitori.ui:21","_6×6","_6×6"
"data/hitori.ui:26","_7×7","_7×7"
"data/hitori.ui:31","_8×8","_8×8"
"data/hitori.ui:36","_9×9","_9×9"
"data/hitori.ui:41","_10×10","_10×10"
"data/hitori.ui:49","_Keyboard Shortcuts","_Арыдқәа реилаҵа"
"data/hitori.ui:54","_Help","_Аилыркаа"
"data/hitori.ui:58","_About Hitori","_Хитори иазкны"
"data/hitori.ui:84","Undo your last move","Аҵыхәтәантәи аныҟәара аԥыхра"
"data/hitori.ui:105","Redo a move","Аныҟәара аиҭаҟаҵара"
"data/hitori.ui:151","Get a hint for your next move","Анаҩстәи аныҟәаразы абжьгара аиура"
"data/org.gnome.hitori.gschema.xml:6","Board size","Аҭыԥ ашәагаа"
"data/org.gnome.hitori.gschema.xml:7","The size of the board, in cells.","Ахацқәа рыла аҭыԥ ашәагаа "
"data/org.gnome.hitori.gschema.xml:11","Window maximized state","Аԥенџьыр иамоуп иреиҳау ашәагаа"
"data/org.gnome.hitori.gschema.xml:12","Whether the window is maximized."," Иаҭахума аԥенџьыр иреиҳау ашәагаа амазар."
"data/org.gnome.hitori.gschema.xml:16","Window position","Аԥенџьыр аҭыԥ"
"data/org.gnome.hitori.gschema.xml:17","Window position (x and y).","Аԥенџьыр аҭыԥ (x ; y)"
"data/org.gnome.hitori.gschema.xml:21","Window size","Аԥенџьыр ашәагаа"
"data/org.gnome.hitori.gschema.xml:22","Window size (width and height).","Аԥенџьыр ашәагаа (аҭбаареи аҳаракыреи)"
"src/interface.c:201","1","1"
"src/interface.c:202","2","2"
"src/interface.c:203","3","3"
"src/interface.c:204","4","4"
"src/interface.c:205","5","5"
"src/interface.c:206","6","6"
"src/interface.c:207","7","7"
"src/interface.c:208","8","8"
"src/interface.c:209","9","9"
"src/interface.c:210","10","10"
"src/interface.c:211","11","11"
"src/interface.c:827","The help contents could not be displayed","Аилыркаа аҵакы аарԥшра залшахом"
"src/interface.c:851","Copyright © 2007–2010 Philip Withnall","Автор изин © 2007–2010 Филип Уизнэл "
"src/interface.c:852","A logic puzzle originally designed by Nikoli","Алогикатә хыԥҽыга, Николи иаԥиҵаз"
"src/interface.c:854","translator-credits",""
"src/interface.c:858","Hitori Website"," Веб-саит Хитори"
"src/main.c:254","Enable debug mode","Аиқәыршәара арежим аҿакра"
"src/main.c:256","Seed the board generation","Аҭыԥ агенерациҷ "
"src/main.c:270","- Play a game of Hitori","- Хитори ахәмарра"
"src/main.c:280","Command line options could not be parsed: %s
","Адҵатә цәаҳәа ахышәарақәа реилкаара залымшахеит : %s
"
"src/main.c:350","Do you want to stop the current game?","Шәызҭоу ахәмарра аанышәкылар шәҭахума?"
"src/main.c:353","Keep _Playing","_Ахәмарра ацҵара"
"src/rules.c:267","You’ve won in a time of %02u:%02u!","Шәара аиааира шәгеит %02u:%02u рыла!"
"src/rules.c:272","_Quit","_Ахырқәшара"
"src/rules.c:273","_Play Again","_Еиҭа ахәмарра"
