"location","source","target"
"json-glib/json-glib-format.c:58","Prettify output","Заԥхьараманшәалоу аформа аҭаны ацәыргара"
"json-glib/json-glib-format.c:59","Indentation spaces","Ахьаҵқәа"
"json-glib/json-glib-format.c:59","SPACES","АХЬАҴҚӘА"
"json-glib/json-glib-format.c:60","Output file","Аҭыҵратә фаил"
"json-glib/json-glib-format.c:60 json-glib/json-glib-validate.c:115","FILE","АФАИЛ"
"json-glib/json-glib-format.c:61","FILE…","АФАИЛ..."
"json-glib/json-glib-format.c:87 json-glib/json-glib-format.c:123 json-glib/json-glib-validate.c:63","%s: %s: error opening file: %s
","%s: %s: иазаамыртӡеит афаил : %s
"
"json-glib/json-glib-format.c:101 json-glib/json-glib-validate.c:75","%s: %s: error parsing file: %s
","%s: %s: иазеилмаргаӡеит афаил : %s
"
"json-glib/json-glib-format.c:143","%s: %s: error writing to stdout","%s: %s: истандарту аҭыҵырҭа ахь аҭагалара залымшеит"
"json-glib/json-glib-format.c:167 json-glib/json-glib-validate.c:87","%s: %s: error closing: %s
"," %s: %s: аркра залымшеит: %s
"
"json-glib/json-glib-format.c:203","Format JSON files.","Афаилқәа JSON аформатркра."
"json-glib/json-glib-format.c:204","json-glib-format formats JSON resources.","json-glib-format иформатркоит алшарақәа JSON."
"json-glib/json-glib-format.c:219 json-glib/json-glib-validate.c:136","Error parsing commandline options: %s
","Адҵатә цәаҳәа ахышәарақәа реилыргара залымшахеит : %s
"
"json-glib/json-glib-format.c:221 json-glib/json-glib-format.c:235 json-glib/json-glib-validate.c:138 json-glib/json-glib-validate.c:152","Try “%s --help” for more information.","Аинформациа харҭәааны ишәоурцазы шәхы иашәырхәа адҵа “%s --help”."
"json-glib/json-glib-format.c:233 json-glib/json-glib-validate.c:150","%s: missing files","%s: иҟаӡам афаилқәа"
"json-glib/json-glib-validate.c:118","Validate JSON files.","JSON афаилқәа риашашьа агәаҭара."
"json-glib/json-glib-validate.c:119","json-glib-validate validates JSON data at the given URI.","json-glib-validate игәанаҭоит JSON аиашашьа иазалху URI ала."
"json-glib/json-gobject.c:924","Expecting a JSON object, but the root node is of type “%s”","Аобиект JSON азыԥшра, амала аҳаргтә еиқәҳәаларҭа иамоуп хкыс “%s”"
"json-glib/json-gvariant.c:482","Unexpected type “%s” in JSON node","Шәызқәымгәыӷуа ахкы “%s” аиқәҳәаларҭа JSON аҟны"
"json-glib/json-gvariant.c:552","Missing elements in JSON array to conform to a tuple","Иҟаӡам  ахәҭақәа аижәлантәдырра JSON аҟны акортеж ашьашәаларазы"
"json-glib/json-gvariant.c:580","Missing closing symbol “)” in the GVariant tuple type","Иҟаӡам иазыркуа асимвол “)” акортеж ахкы GVariant аҟны"
"json-glib/json-gvariant.c:588","Unexpected extra elements in JSON array","Шәызқәымгәыӷуа изыцҵоу асимволқәа аижәлантәдырра JSON аҟны"
"json-glib/json-gvariant.c:889","Invalid string value converting to GVariant","Ииашам ацәаҳәатә ҵакы GVariant ахь аиҭакразы"
"json-glib/json-gvariant.c:944","A GVariant dictionary entry expects a JSON object with exactly one member","Ажәар GVariant ахәҭа алахәылазаҵә змоу JSON обиектҵас иҟазароуп"
"json-glib/json-gvariant.c:1222","GVariant class “%c” not supported","Акласс GVariant “%c” аднакылаӡом"
"json-glib/json-gvariant.c:1276","Invalid GVariant signature","Иақәнагам анапынҵамҭа GVariant"
"json-glib/json-gvariant.c:1327","JSON data is empty","Адыррақәа JSON ыҟаӡам"
"json-glib/json-parser.c:939","%s:%d:%d: Parse error: %s","%s:%d:%d: Аилыргара агха: %s"
"json-glib/json-parser.c:1023","JSON data must be UTF-8 encoded","Адыррақәа JSON иҟазароуп акодркра  UTF-8 аҟны"
"json-glib/json-path.c:389","Only one root node is allowed in a JSONPath expression","Аҳәахьа JSONPath аҟны  иҟазар ҟалоит аҳаргтә еиқәҳәаларҭазацәык"
"json-glib/json-path.c:398","Root node followed by invalid character “%c”","Аҳаргтә аиқәҳәаларҭа нҵәоит ииашам асимвол ала “%c”"
"json-glib/json-path.c:438","Missing member name or wildcard after . character","Иарбаӡам ахәҭа ахьӡ, мамзар ақәыԥшыла асимвол “.” ашьҭахь "
"json-glib/json-path.c:512","Malformed slice expression “%*s”","Ииашамкәа иаарԥшуп ахсара “%*s”"
"json-glib/json-path.c:556","Invalid set definition “%*s”","Аизга “%*s” ииашамкәа аилкаара"
"json-glib/json-path.c:609","Invalid slice definition “%*s”","Ахсара “%*s” ииашамкәа аилкаара"
"json-glib/json-path.c:637","Invalid array index definition “%*s”","Аиндекс аижәлантәдырра “%*s” ииашамкәа аилкаара"
"json-glib/json-path.c:656","Invalid first character “%c”","Ииашам раԥхьатәи асимвол “%c”"
"json-glib/json-reader.c:504","The current node is of type “%s”, but an array or an object was expected.","Шәызну аиқәҳәаларҭа иамоуп ахкы “%s”, амала иазыԥшуп аижәлантәдырра, мамзар аобиект."
"json-glib/json-reader.c:516","The index “%d” is greater than the size of the array at the current position.","Шәахьыҟоу аҭыԥ аҟны аиндекс “%d” аижәлантәдырра ашәагаа аасҭа еиҳауп."
"json-glib/json-reader.c:533","The index “%d” is greater than the size of the object at the current position.","Аиндекс “%d” еиҳауп, шәахьыҟоу аҭыԥ аҟны аобиект ашәагаа аасҭа."
"json-glib/json-reader.c:616 json-glib/json-reader.c:789 json-glib/json-reader.c:838 json-glib/json-reader.c:877 json-glib/json-reader.c:917 json-glib/json-reader.c:957 json-glib/json-reader.c:997 json-glib/json-reader.c:1044 json-glib/json-reader.c:1082 json-glib/json-reader.c:1110","No node available at the current position","Шәахьыҟоу аҭыԥ аҟны иҟаӡам аиқәҳәаларҭа"
"json-glib/json-reader.c:623","The current position holds a “%s” and not an array","Шәахьыҟоу аҭыԥ иалоу “%s” ауп, аижәлантәдырра акәымкәа"
"json-glib/json-reader.c:705","The current node is of type “%s”, but an object was expected.","Шәахьыҟоу аҭыԥ иамоуп ахкы “%s”, амала иазԥшуп аобиект."
"json-glib/json-reader.c:712","The member “%s” is not defined in the object at the current position.","Шәахьыҟоу аҭыԥ аҟны ахәҭа “%s” аобиект аҟны иарбаӡам."
"json-glib/json-reader.c:796 json-glib/json-reader.c:845","The current position holds a “%s” and not an object"," Шәахьыҟоу аҭыԥ аҟны иалоу “%s” ауп , аобиект акәымкәа"
"json-glib/json-reader.c:886 json-glib/json-reader.c:926 json-glib/json-reader.c:966 json-glib/json-reader.c:1006 json-glib/json-reader.c:1053","The current position holds a “%s” and not a value","Шәахьыҟоу аҭыԥ аҟны иалоу “%s” ауп,  аҵакы акәымкәа"
"json-glib/json-reader.c:1014","The current position does not hold a string type","Шәахьыҟоу аҭыԥ аҟны иалаӡам ацәаҳәатә ҵакы"
