"location","source","target"
"src/adw-entry-row.ui:93","Apply",""
"src/adw-inspector-page.c:76","No Preference","Еиӷьашьарада"
"src/adw-inspector-page.c:78","Prefer Dark","Еиҟәароу аиӷьашьара"
"src/adw-inspector-page.c:80","Prefer Light","Илашоу аиӷьашьара"
"src/adw-inspector-page.c:98","Adwaita","Adwaita"
"src/adw-inspector-page.ui:10","System Appearance","Асистема адәахьтәи аҿанԥшылара"
"src/adw-inspector-page.ui:11","Override settings for this application. They will be reset upon closing the inspector.","Еиҭашьақәшәыргыл архиарақәа ари аԥшьы азы.Урҭ алырыҩроит агәаҭараанаркхалак ашьҭахь"
"src/adw-inspector-page.ui:14","System Supports Color Schemes","Асистема аԥшшәытә схемақәа ирыдгылоит "
"src/adw-inspector-page.ui:26","Preferred Color Scheme","Еиӷьу аԥшшәытә схема"
"src/adw-inspector-page.ui:43","High Contrast","Иҳараку аконтрастра "
"src/adw-password-entry-row.c:71","Hide Text",""
"src/adw-password-entry-row.c:75","Show Text",""
"src/adw-password-entry-row.c:168","Caps Lock is on",""
"src/adw-password-entry-row.c:176","_Show Text",""
"src/adw-preferences-window.c:242","Untitled page","Ихьӡыдоу адаҟьа"
"src/adw-preferences-window.ui:8","Preferences","Ахышәарақәа"
"src/adw-preferences-window.ui:69","Search","Аԥшаара"
"src/adw-preferences-window.ui:139","No Results Found","Алҵшәақәа ыҟаӡам"
"src/adw-preferences-window.ui:140","Try a different search.","Шәхы иашәырхәа даҿа шьҭазааратә зыҳәамҭак. "
