"location","source","target"
"gdata/gdata-batch-operation.c:632","Batch operations are unsupported by this service.","Ари амаҵзура апакеттә аоперациақәа аднакылаӡом"
"gdata/gdata-commentable.c:172 gdata/gdata-commentable.c:258","This entry does not support comments.","Ари ахәҭа аҿыхәҿаа аднакылаӡом."
"gdata/gdata-commentable.c:338 gdata/gdata-commentable.c:420","Comments may not be added to this entry.","Ари ахәҭазы аҿыхәҿаа ацҵара залыршахом "
"gdata/gdata-commentable.c:494 gdata/gdata-commentable.c:563","This comment may not be deleted.","Ари аҿыхәҿаа шәзаныхӡом."
"gdata/gdata-download-stream.c:762","Invalid seek request","Аиасразы иақәнагам адҵаалара "
"gdata/gdata-oauth2-authorizer.c:950 gdata/gdata-oauth2-authorizer.c:961 gdata/gdata-oauth2-authorizer.c:980 gdata/gdata-oauth2-authorizer.c:996 gdata/gdata-oauth2-authorizer.c:1061 gdata/gdata-oauth2-authorizer.c:1073 gdata/gdata-oauth2-authorizer.c:1084 gdata/gdata-oauth2-authorizer.c:1099 gdata/gdata-oauth2-authorizer.c:1115","The server returned a malformed response.","Асервер хнырҳәит иреицаку аҭак."
"gdata/gdata-oauth2-authorizer.c:1110 gdata/services/calendar/gdata-calendar-service.c:340","Access was denied by the user or server.","Анеирҭа мап ацәкуп ахархәаҩ ила , мамзар асервер ала."
"gdata/gdata-parsable.c:350 gdata/gdata-parsable.c:361","Error parsing XML: %s","XML аилыргара агха : %s"
"gdata/gdata-parsable.c:363","Empty document.","Иҭацәу адокумент."
"gdata/gdata-parsable.c:481 gdata/gdata-parsable.c:519 gdata/services/documents/gdata-documents-access-rule.c:144 gdata/services/documents/gdata-documents-access-rule.c:154 gdata/services/documents/gdata-documents-document.c:287 gdata/services/documents/gdata-documents-entry.c:480 gdata/services/documents/gdata-documents-entry.c:491 gdata/services/documents/gdata-documents-entry.c:503 gdata/services/documents/gdata-documents-entry.c:543 gdata/services/documents/gdata-documents-entry.c:554 gdata/services/documents/gdata-documents-entry.c:565 gdata/services/documents/gdata-documents-entry.c:612 gdata/services/documents/gdata-documents-entry.c:623 gdata/services/documents/gdata-documents-entry.c:731 gdata/services/documents/gdata-documents-entry.c:766 gdata/services/documents/gdata-documents-entry.c:781 gdata/services/documents/gdata-documents-entry.c:796 gdata/services/documents/gdata-documents-entry.c:826 gdata/services/documents/gdata-documents-entry.c:842 gdata/services/documents/gdata-documents-entry.c:881 gdata/services/documents/gdata-documents-entry.c:898 gdata/services/documents/gdata-documents-entry.c:943 gdata/services/documents/gdata-documents-feed.c:82 gdata/services/documents/gdata-documents-feed.c:93 gdata/services/documents/gdata-documents-feed.c:130 gdata/services/documents/gdata-documents-feed.c:148","Error parsing JSON: %s"," JSON аилыргара агха : %s"
"gdata/gdata-parsable.c:520","Outermost JSON node is not an object.","Раԥхьатәи аиқәҳәаларҭа JSON иобиектӡам"
"gdata/gdata-parser.c:69","A %s element was missing required content.","Ахәҭа %s аҩныҵҟа ибжьажьуп иахәҭоу аҭаҵа."
"gdata/gdata-parser.c:85","The content of a %s element (‘%s’) was not in ISO 8601 format.","Ахәҭа %s («%s») аҭаҵа иашьашәалаӡом ISO 8601 аформат. "
"gdata/gdata-parser.c:105","The value of the %s property of a %s element (‘%s’) was unknown."," Еилкаам ахәҭа %s (‘%s’)  аҵакы   аҷыдаҟазшьа %s.  "
"gdata/gdata-parser.c:123","The content of a %s element (‘%s’) was unknown.","Ахәҭа %s аҭаҵа еилкааӡам (‘%s’). "
"gdata/gdata-parser.c:143","A required property of a %s element (%s) was not present.","Иарбаӡам  ахәҭа %s  иахәҭоу  аҷыдаҟазшьа(%s)."
"gdata/gdata-parser.c:166","Values were present for properties %s and %s of a %s element when only one of the two is allowed.","Иарбоуп ҩ-ҷыдаҟазшьак %s насгьы %s ахәҭа %s аҟны, аха зныкала арбара залшахоит акызаҵәык."
"gdata/gdata-parser.c:185","A required element (%s) was not present.","Иақәнагоу ахәҭа (%s) арбаӡам. "
"gdata/gdata-parser.c:200 gdata/gdata-parser.c:291","A singleton element (%s) was duplicated.","Изаҵәу ахәҭа (%s) аиҭаҟаҵара."
"gdata/gdata-parser.c:277","A ‘%s’ element was missing required content.","Ахәҭа ‘%s’ аҩныҵҟа ибжьажьуп иахәҭоу аҭаҵа."
"gdata/gdata-parser.c:307","The content of a ‘%s’ element (‘%s’) was not in ISO 8601 format.","Ахәҭа %s («%s») аҭаҵа иашьашәалаӡом ISO 8601 аформат"
"gdata/gdata-parser.c:318","Invalid JSON was received from the server: %s","Асервер аҟынтә ишәоуит ииашам аобиект JSON : %s"
"gdata/gdata-parser.c:1199","The content of a %s element (‘%s’) was not in hexadecimal RGB format.","Ахәҭа %s(‘%s’) аҭаҵа иашьашәалаӡом RGB аформат"
"gdata/gdata-service.c:330","Cannot connect to the service’s server.","Асервер амаҵзура аҽаԥшьра залымшахеит"
"gdata/gdata-service.c:335","Cannot connect to the proxy server.","Прокси-сервер аҽаԥшьра залымшахеит"
"gdata/gdata-service.c:341 gdata/services/calendar/gdata-calendar-service.c:325","Invalid request URI or header, or unsupported nonstandard parameter: %s","Ииашам аадҵалара ззыҟаҵоу URI мамзар ыхы, мамзар адкылара змам, истандартым ахышәарақәа: %s"
"gdata/gdata-service.c:347","Authentication required: %s","Иаҭахуп ахаҭареилкаара : %s"
"gdata/gdata-service.c:352 gdata/services/calendar/gdata-calendar-service.c:313 gdata/services/youtube/gdata-youtube-video.c:946","The requested resource was not found: %s","Шәзыдҵаалаз аресурс ԥшааӡам : %s"
"gdata/gdata-service.c:358","The entry has been modified since it was downloaded: %s","Анҵамҭа ԥсахын аҵыхәтәантәи аҭагалара ашьҭахь : %s"
"gdata/gdata-service.c:372","Error code %u when authenticating: %s","Иҟалеит агха %u ахаҭареилкаараан : %s"
"gdata/gdata-service.c:378","Error code %u when querying: %s","Иҟалеит агха %u адҵаалара аҟаҵараан : %s"
"gdata/gdata-service.c:384","Error code %u when inserting an entry: %s","Иҟалеит агха %u анҵамҭа ацҵараан: %s"
"gdata/gdata-service.c:390","Error code %u when updating an entry: %s","Иҟалеит агха %u анҵамҭа аныхраан:%s"
"gdata/gdata-service.c:396","Error code %u when deleting an entry: %s","Иҟалеит агха %u аҭагалараан: %s"
"gdata/gdata-service.c:402","Error code %u when downloading: %s","Иҟалеит агха %u аҭагалараан: %s"
"gdata/gdata-service.c:408","Error code %u when uploading: %s","Аҟалеит агха %u аҭагалараан : %s"
"gdata/gdata-service.c:414","Error code %u when running a batch operation: %s","Агәыԥтә аоперациа анагӡараан агха амаӡажәа %u шәзынашьҭын : %s"
"gdata/gdata-service.c:708","Invalid redirect URI: %s","Ииашам аиҭахырхарҭа: %s"
"gdata/gdata-service.c:1398 gdata/services/picasaweb/gdata-picasaweb-service.c:611 gdata/services/youtube/gdata-youtube-service.c:995","The entry has already been inserted.","Анҵамҭа шьҭа иҭагалоуп."
"gdata/gdata-upload-stream.c:792 gdata/gdata-upload-stream.c:874","Error received from server after uploading a resumable upload chunk.","Асервер аҟынтә иааит агха, ишьҭу ахәҭа зырҿыцша анышьҭха ашьҭахь. "
"gdata/gdata-upload-stream.c:940","Stream is already closed","Аишьҭаца шьҭа иаркуп"
"gdata/services/calendar/gdata-calendar-service.c:302 gdata/services/tasks/gdata-tasks-service.c:195 gdata/services/youtube/gdata-youtube-service.c:540","You have made too many API calls recently. Please wait a few minutes and try again.","Аамҭа кьаҿ иалагӡаны амцхә ирацәаны иҟаҵоуп API-адҵааларақәа, минуҭқәак шәааԥшны еиҭа шәҽазышәшәа"
"gdata/services/calendar/gdata-calendar-service.c:334 gdata/services/tasks/gdata-tasks-service.c:204 gdata/services/youtube/gdata-youtube-service.c:556","You must be authenticated to do this.","Абри аҟаҵаразы иаҭахуп ахаҭареилкаара ахысра."
"gdata/services/calendar/gdata-calendar-service.c:465 gdata/services/calendar/gdata-calendar-service.c:519","You must be authenticated to query all calendars.","Амзарқәа зегьы рахь анеира азин шәоурц азы иаҭахуп ахаҭареилкаара ахысра"
"gdata/services/calendar/gdata-calendar-service.c:563 gdata/services/calendar/gdata-calendar-service.c:617 gdata/services/calendar/gdata-calendar-service.c:677 gdata/services/calendar/gdata-calendar-service.c:739","You must be authenticated to query your own calendars.","Ахатә мзарқәа рахь анеиразы иаҭахуп ахаҭареилкаара ахысра."
"gdata/services/documents/gdata-documents-document.c:410","You must be authenticated to download documents.","Адокументқәа рҭагаларазы иаҭахуп ахаҭареилкаара ахысра."
"gdata/services/documents/gdata-documents-document.c:419","Unknown or unsupported document export format ‘%s’.","Еилкаам, мамзар адкылара змам адокументқәа аимпортҟаҵаразы рформат ‘%s’."
"gdata/services/documents/gdata-documents-entry.c:916","Invalid visibility: unrecognized value ‘%s’","Иақәнагам абарҭазаара: еиҩдыраам аҵакы ‘%s’"
"gdata/services/documents/gdata-documents-service.c:582 gdata/services/documents/gdata-documents-service.c:635","You must be authenticated to query documents.","Адокументқәа рахь анеиразы  иаҭахуп ахаҭареилкаара ахысра."
"gdata/services/documents/gdata-documents-service.c:681 gdata/services/documents/gdata-documents-service.c:732","You must be authenticated to query drives.","Адискқәа рыдҵааларазы иаҭахуп ахаҭареилкаара ахысра."
"gdata/services/documents/gdata-documents-service.c:793","You must be authenticated to upload documents.","Адокументқәа рҭагаларазы иаҭахуп ахаҭареилкаара ахысра."
"gdata/services/documents/gdata-documents-service.c:799","The document has already been uploaded.","Адокумент шьҭа иҭагалоуп."
"gdata/services/documents/gdata-documents-service.c:944","You must be authenticated to update documents.","Адокументқәа рырҿыцразы иаҭахуп ахаҭареилкаара ахысра."
"gdata/services/documents/gdata-documents-service.c:1111","The content type of the supplied document (‘%s’) could not be recognized.","Изалымшеит адокумент (‘%s’) аҵакы хкыс иамоу аилкаара."
"gdata/services/documents/gdata-documents-service.c:1151","You must be authenticated to copy documents.","Адокументқәа рыхкьыԥхьааразы иаҭахуп ахаҭареилкаара ахысра"
"gdata/services/documents/gdata-documents-service.c:1170 gdata/services/documents/gdata-documents-service.c:1535","Parent folder not found","Изхылҵыз реизакхьӡынҵа ԥшааӡам"
"gdata/services/documents/gdata-documents-service.c:1304","You must be authenticated to insert or move documents and folders.","Адокументқәа рҭаргылара, мамзар рҭыԥԥсахразы иаҭахуп ахаҭареилкаара ахысра"
"gdata/services/documents/gdata-documents-service.c:1508","You must be authenticated to move documents and folders.","Аҭаӡқәеи адокументқәеи реиҭагаразы иаҭахуп ахаҭареилкаара ахысра"
"gdata/services/picasaweb/gdata-picasaweb-service.c:243","You must specify a username or be authenticated to query a user.","Ахархәаҩ иахь анеиразы иаҭахуп ихьӡ ашәырбар, мамзар ахаҭареилкаара шәахысыр."
"gdata/services/picasaweb/gdata-picasaweb-service.c:371 gdata/services/picasaweb/gdata-picasaweb-service.c:431","Query parameter not allowed for albums.","Адҵаалара ахышәара иақәнагам альбомқәа рзы."
"gdata/services/picasaweb/gdata-picasaweb-service.c:378 gdata/services/picasaweb/gdata-picasaweb-service.c:443","You must specify a username or be authenticated to query all albums.","Альбомқәа зегьы рахь анеиразы иаҭахуп иашәырбар ахьӡ, мамзар ахаҭареилкаара шәахысырҵ. "
"gdata/services/picasaweb/gdata-picasaweb-service.c:462","The album did not have a feed link.","Альбом аҟны иҟаӡам ажәабжьқәа реизакырҭа."
"gdata/services/picasaweb/gdata-picasaweb-service.c:618","You must be authenticated to upload a file.","Афаил аҭагаларазы иаҭахуп ахаҭареилкаара ахысра."
"gdata/services/picasaweb/gdata-picasaweb-service.c:694","The album has already been inserted.","Альбом шьҭа иацҵоуп."
"gdata/services/picasaweb/gdata-picasaweb-service.c:701","You must be authenticated to insert an album.","Альбом ацҵаразы иаҭахуп ахаҭареилкаара ахысра."
"gdata/services/tasks/gdata-tasks-service.c:330 gdata/services/tasks/gdata-tasks-service.c:384","You must be authenticated to query all tasklists.","Адҵақәа зегьы рыхьӡынҵақәа рахь анеиразы ахаҭареилкаара иахыстәуп"
"gdata/services/tasks/gdata-tasks-service.c:431 gdata/services/tasks/gdata-tasks-service.c:491","You must be authenticated to query your own tasks.","Ахатә дҵақәа рахь анеиразы иаҭахуп ахаҭареилкаара ахысра"
"gdata/services/youtube/gdata-youtube-service.c:547","You have exceeded your entry quota. Please delete some entries and try again.","Инаӡоуп иреиҳаӡоу анҵамҭақәа рхыԥхьаӡара.Ԥыҭк анҵамҭақәа аныхны еиҭа шәҽазышәшәа."
"gdata/services/youtube/gdata-youtube-service.c:564","Your Google Account must be associated with a YouTube channel to do this. Visit %s to create one.","Уи аҟаҵаразы шәара шәҳасабырбатә нҵамҭа Google иадҳәалазароуп аканал YouTube.Иаашәырты %s уи аԥҵаразы. "
"gdata/services/youtube/gdata-youtube-service.c:1004","You must be authenticated to upload a video.","Авидео аҭагаларазы иаҭахуп ахаҭареилкаара ахысра"
