"location","source","target"
"lib/read.c:49","read %d byte
msgid_plural: read %d bytes","msgstr[0]: %d баит шәрыԥхьахьеит
msgstr[1]: %d баит шәрыԥхьахьеит"
"lib/read_data.c:49","read data size","егьырҭ адыррақәа ршәага"
"lib/read_data.c:66","read %lu byte of data
msgid_plural: read %lu bytes of data","msgstr[0]: %lu баитк адыррақәа ирыԥхьоуп
msgstr[1]: %lu баитк адыррақәа ирыԥхьоуп"
"lib/write.c:49","wrote %d byte
msgid_plural: wrote %d bytes","msgstr[0]: иҭаҩҩуп %d баитк
msgstr[1]: иҭаҩҩуп %d баитк"
"src/daemon/gnuserv.c:456","Enable debugging","Аиқәыршәара аҿакра"
"src/daemon/gnuserv.c:458","Enable verbose output","Иԥкаау алкаа аҿакра"
"src/daemon/gnuserv.c:460","Don’t fork into background","Ақәыԥшыларатә режим аиҿымгара"
"src/daemon/gnuserv.c:462","Invoked from inetd","inetd аҟынтә ицәыргоуп"
"src/daemon/gnuserv.c:498","Run “%s --help” to see a full list of available command line options.
","Инашәыгӡа адҵа «%s --help», ишәзыманшәалоу  адҵатә цәаҳәа алшарақәа резыкхьӡынҵа нарҭбааны ишәбарц азы.
"
"sysdeps/osf1/siglist.c:27 sysdeps/sun4/siglist.c:27","Hangup","Аԥжәара"
"sysdeps/osf1/siglist.c:28 sysdeps/sun4/siglist.c:28","Interrupt","Аҟәыхра"
"sysdeps/osf1/siglist.c:29 sysdeps/sun4/siglist.c:29","Quit","Аҭыҵра"
"sysdeps/osf1/siglist.c:30 sysdeps/sun4/siglist.c:30","Illegal instruction","Иақәнагам абжьгара"
"sysdeps/osf1/siglist.c:31 sysdeps/sun4/siglist.c:31","Trace trap","Амҩалгара акра"
"sysdeps/osf1/siglist.c:32 sysdeps/sun4/siglist.c:32","Abort","Аҟәыҵра"
"sysdeps/osf1/siglist.c:33 sysdeps/sun4/siglist.c:33","EMT error","EMT агха "
"sysdeps/osf1/siglist.c:34 sysdeps/sun4/siglist.c:34","Floating-point exception","Иӡсуа акәаԥ алцара"
"sysdeps/osf1/siglist.c:35 sysdeps/sun4/siglist.c:35","Kill","Ашьра"
"sysdeps/osf1/siglist.c:36 sysdeps/sun4/siglist.c:36","Bus error","Аҭелцаха агха"
"sysdeps/osf1/siglist.c:37 sysdeps/sun4/siglist.c:37","Segmentation violation","Агҿаԥҵәара аилагара"
"sysdeps/osf1/siglist.c:38 sysdeps/sun4/siglist.c:38","Bad argument to system call","Ииашам аҵаҵӷәы асистематә ааԥхьараҟны"
"sysdeps/osf1/siglist.c:39 sysdeps/sun4/siglist.c:39","Broken pipe","Ацышьҭа аилагара"
"sysdeps/osf1/siglist.c:40 sysdeps/sun4/siglist.c:40","Alarm clock","Аамҭарбага"
"sysdeps/osf1/siglist.c:41 sysdeps/sun4/siglist.c:41","Termination","Ахырқәшара"
"sysdeps/osf1/siglist.c:42 sysdeps/sun4/siglist.c:42","Urgent condition on socket","Азҿлымҳара зҭаху асокет азыҳәарақәа"
"sysdeps/osf1/siglist.c:43 sysdeps/sun4/siglist.c:43","Stop","Аанкылара"
"sysdeps/osf1/siglist.c:44 sysdeps/sun4/siglist.c:44","Keyboard stop","Арыдыкырақәа раанкылара"
"sysdeps/osf1/siglist.c:45 sysdeps/sun4/siglist.c:45","Continue","Ацҵара"
"sysdeps/osf1/siglist.c:46 sysdeps/sun4/siglist.c:46","Child status has changed","Ахылҵ иҭагылазаашьа ԥсахын"
"sysdeps/osf1/siglist.c:47 sysdeps/sun4/siglist.c:47","Background read from tty","Ақәыԥшыларала аԥхьара  tty аҟынтә"
"sysdeps/osf1/siglist.c:48 sysdeps/sun4/siglist.c:48","Background write to tty","Ақәыԥшыларатә нҵамҭа tty аҟны"
"sysdeps/osf1/siglist.c:49 sysdeps/sun4/siglist.c:49","I/O now possible","Уажәы иалшахоит аҭагалара/аҭгара"
"sysdeps/osf1/siglist.c:50 sysdeps/sun4/siglist.c:50","CPU limit exceeded","ЦПУ анаӡара иахысит"
"sysdeps/osf1/siglist.c:51 sysdeps/sun4/siglist.c:51","File size limit exceeded","Афаил амҿхак анаӡара иахысит"
"sysdeps/osf1/siglist.c:52 sysdeps/sun4/siglist.c:52","Virtual alarm clock","Ихыҭҳәаау аамҭарбага"
"sysdeps/osf1/siglist.c:53 sysdeps/sun4/siglist.c:53","Profiling alarm clock","Нада-аадала еиҟароу аамҭарбага"
"sysdeps/osf1/siglist.c:54 sysdeps/sun4/siglist.c:54","Window size change","Аԥенџьыр ашәага аԥсахра"
"sysdeps/osf1/siglist.c:55 sysdeps/sun4/siglist.c:55","Information request","Аинформациа азыҳәара"
"sysdeps/osf1/siglist.c:56 sysdeps/sun4/siglist.c:56","User defined signal 1","Ахархәаҩ 1 идырга "
"sysdeps/osf1/siglist.c:57 sysdeps/sun4/siglist.c:57","User defined signal 2","Ахархәаҩ 2 идырга "
