"location","source","target"
"libpeas/peas-engine.c:1112","Dependency “%s” was not found","«%s» ахьыԥшызаара ԥшааӡам"
"libpeas/peas-engine.c:1122","Dependency “%s” failed to load","«%s» ахьыԥшызаара аҭагалара залымшахеит"
"libpeas/peas-engine.c:1136","Plugin loader “%s” was not found","Амодуль аҭагалага “%s” ԥшааӡам"
"libpeas/peas-engine.c:1148","Failed to load","Аҭагалара залымшахеит"
"libpeas-gtk/peas-gtk-disable-plugins-dialog.c:95","Additional plugins must be disabled","Изыцҵоу амодульқәа аҿыхзароуп"
"libpeas-gtk/peas-gtk-disable-plugins-dialog.c:102","The following plugins depend on “%s” and will also be disabled:","Анеҩстәи амодульқәа «%s» ирхьыԥшуп уи амашала даргьы аҿыххоит:"
"libpeas-gtk/peas-gtk-disable-plugins-dialog.c:144","Plugins","Амодульқәа"
"libpeas-gtk/peas-gtk-disable-plugins-dialog.c:161","An additional plugin must be disabled","Изыцҵоу амодуль аҿыхзароуп"
"libpeas-gtk/peas-gtk-disable-plugins-dialog.c:168","The “%s” plugin depends on the “%s” plugin.
If you disable “%s”, “%s” will also be disabled.","Амодуль «%s» ахьԥшоит амодуль «%s».
«%s» аҿыхзар, «%s» гьы аҿыххоит"
"libpeas-gtk/peas-gtk-disable-plugins-dialog.c:182","_Cancel","_Аԥыхра"
"libpeas-gtk/peas-gtk-disable-plugins-dialog.c:184","Disable Plugins","Амодульқәа рҿыхра"
"libpeas-gtk/peas-gtk-plugin-manager.c:210","There was an error displaying the help.","Араҟа иҟаҵан агха аилыркаа аазырԥшуа."
"libpeas-gtk/peas-gtk-plugin-manager.c:256","_Close","_Аркра"
"libpeas-gtk/peas-gtk-plugin-manager.c:268","_Help","_Аилыркаа"
"libpeas-gtk/peas-gtk-plugin-manager.c:326","Pr_eferences","Ахышәарақәа"
"libpeas-gtk/peas-gtk-plugin-manager.c:331 libpeas-gtk/peas-gtk-plugin-manager.c:382","_About","_Аԥшьы иазкны"
"libpeas-gtk/peas-gtk-plugin-manager.c:390","_Preferences","Ахышәарақәа"
"libpeas-gtk/peas-gtk-plugin-manager-view.c:352","_Enabled","_Иаҿакуп"
"libpeas-gtk/peas-gtk-plugin-manager-view.c:363","E_nable All","Зегьы рҿакра"
"libpeas-gtk/peas-gtk-plugin-manager-view.c:367","_Disable All","_Зегьы рҿыхра"
"libpeas-gtk/peas-gtk-plugin-manager-view.c:576","Enabled","_Иаҿакуп"
"libpeas-gtk/peas-gtk-plugin-manager-view.c:597","Plugin","Амодуль"
"libpeas-gtk/peas-gtk-plugin-manager-view.c:684","The plugin “%s” could not be loaded","Амодуль «%s» зҭагалахаӡом"
"libpeas-gtk/peas-gtk-plugin-manager-view.c:690","An error occurred: %s","Иҟалеит агха: %s"
"peas-demo/peas-demo.c:43","Run from build directory","Аибыҭара аизакхьӡынҵа аҟынтә аус арура"
"peas-demo/peas-demo.c:94","_Quit","_Ахырқәшара"
"peas-demo/peas-demo.c:119","— libpeas demo application","- адемонстрациа аԥшьы libpeas"
"tests/libpeas-gtk/plugin-manager.c:80","About","Аԥшьы иазкны"
"tests/libpeas-gtk/plugin-manager.c:85","Preferences","Ахышәарақәа"
