"location","source","target"
"libsoup/cache/soup-cache-input-stream.c:70","Network stream unexpectedly closed","Аҳатә еишьҭаҵа иаалырҟьаны иаркхеит"
"libsoup/cache/soup-cache-input-stream.c:252","Failed to completely cache the resource","Инагӡаны аресурс кеш азура залымшахеит"
"libsoup/content-decoder/soup-converter-wrapper.c:197","Output buffer is too small","Аҭыгаратә буфер амцхә ихәыҷуп"
"libsoup/http1/soup-body-input-stream.c:155 libsoup/http1/soup-body-input-stream.c:187 libsoup/http1/soup-body-input-stream.c:220 libsoup/http1/soup-message-io-data.c:77","Connection terminated unexpectedly","Аимадара иаалырҟьаны иеԥырҟьахеит"
"libsoup/http1/soup-body-input-stream.c:471","Invalid seek request","Аԥшаара азҵаатәхәы иашаӡам"
"libsoup/http1/soup-body-input-stream.c:499","Cannot truncate SoupBodyInputStream","Изалымшахеит ахсара SoupBodyInputStream"
"libsoup/http1/soup-client-message-io-http1.c:312 libsoup/http1/soup-client-message-io-http1.c:756 libsoup/http2/soup-body-input-stream-http2.c:221 libsoup/server/soup-server-io.c:363 libsoup/server/soup-server-io.c:828","Operation would block","Аҟаҵара аанкылоуп"
"libsoup/http1/soup-client-message-io-http1.c:456","Could not parse HTTP response","HTTP-аҭак аилыргара залымшахеит"
"libsoup/http1/soup-client-message-io-http1.c:479","Unrecognized HTTP response encoding","HTTP- аҭак еиҩдыраам акодркра"
"libsoup/http1/soup-client-message-io-http1.c:715 libsoup/http1/soup-client-message-io-http1.c:741 libsoup/http2/soup-client-message-io-http2.c:1606 libsoup/http2/soup-client-message-io-http2.c:1630","Operation was cancelled","Аҟаҵара аԥыхуп"
"libsoup/http1/soup-message-io-data.c:105","Header too big","Амцхә идуу ахы"
"libsoup/server/soup-server.c:1203","Can’t create a TLS server without a TLS certificate","Изалшом  аԥҵара  TLS-сервер TLS-сертификат ада"
"libsoup/server/soup-server.c:1225","Could not listen on address %s, port %d: ","Изалшом аҭыӡҭыԥ %s аҟны азыӡырҩра алагара апорт — %d:"
"libsoup/server/soup-socket.c:121","Could not import existing socket: ","Иҟоу асокет аимпортҟаҵара залымшахеит:"
"libsoup/server/soup-socket.c:130","Can’t import unconnected socket","Изалшом аимпортҟаҵара иаҿакым асокет"
"libsoup/soup-session.c:1180","Location header is missing or empty in response headers","Location ахы ыҟаӡам мамзар иҭацәуп аҭакқәа рхаҟны"
"libsoup/soup-session.c:1194","Invalid URI “%s” in Location response header","Иақәнагам  URI «%s» Location аҭак ахаҟны"
"libsoup/soup-session.c:1214","Too many redirects","Аиҭахырхарҭақәа амцхә ирацәоуп"
"libsoup/soup-session.c:1219","Message was restarted too many times","Ацҳамҭа амцхә ирацәаны еиҭадәықәҵан"
"libsoup/soup-session.c:3310 libsoup/soup-session.c:3458","Message is already in session queue","Ацҳамҭа асеансқәа реишьҭагыла иқәгылоуп"
"libsoup/soup-session.c:3821","The server did not accept the WebSocket handshake.","Асервер иаднакылаӡом аимадара ашьақәырӷәӷәара WebSocket."
"libsoup/soup-tld.c:129","No public-suffix list available.","Аицзеиԥш асуффиксқәа рыхьӡынҵа ыҟаӡам"
"libsoup/soup-tld.c:139 libsoup/soup-tld.c:155","Invalid hostname","Акомпиутер ахьӡ иашаӡам"
"libsoup/soup-tld.c:146","Hostname is an IP address","Акомпиутер ахьӡ IP - ҭыӡҭыԥуп"
"libsoup/soup-tld.c:167","Hostname has no base domain","Акомпиутер ахьӡ иамаӡам адоментә хәҭа"
"libsoup/soup-tld.c:175","Not enough domains","Иазхом адоментә хьыӡқәа аҭыӡҭыԥ аҟны"
"libsoup/websocket/soup-websocket.c:390 libsoup/websocket/soup-websocket.c:434 libsoup/websocket/soup-websocket.c:450","Server requested unsupported extension","Асервер адкылара змам арҭбаара иазыҳәеит"
"libsoup/websocket/soup-websocket.c:413 libsoup/websocket/soup-websocket.c:605","Incorrect WebSocket “%s” header","Ииашам ахы WebSocket «%s»"
"libsoup/websocket/soup-websocket.c:414 libsoup/websocket/soup-websocket.c:869","Server returned incorrect “%s” key","Асервер ииашам «%s» ацаԥха WebSocket хнырҳәит"
"libsoup/websocket/soup-websocket.c:477","Duplicated parameter in “%s” WebSocket extension header","Ахышәара адубльҟаҵара «%s» аҟны арҭбаара ахы WebSocket"
"libsoup/websocket/soup-websocket.c:478","Server returned a duplicated parameter in “%s” WebSocket extension header","Асервер идубльтәу ахышәара хнырҳәит «%s» аҟны арҭбаара ахы  WebSocket"
"libsoup/websocket/soup-websocket.c:568 libsoup/websocket/soup-websocket.c:578","WebSocket handshake expected","Аимадара ашьақәырӷәӷәара азыԥшра WebSocket"
"libsoup/websocket/soup-websocket.c:586","Unsupported WebSocket version","Адкылара змам аверсиа WebSocket"
"libsoup/websocket/soup-websocket.c:595","Invalid WebSocket key","Ииашам ацаԥха WebSocket"
"libsoup/websocket/soup-websocket.c:614","Unsupported WebSocket subprotocol","Адкылара змам аиҵапротокол WebSocket"
"libsoup/websocket/soup-websocket.c:820","Server rejected WebSocket handshake","Асервер аимадара WebSocket ашьақәырӷәӷәара мап ацәнакит "
"libsoup/websocket/soup-websocket.c:828 libsoup/websocket/soup-websocket.c:837","Server ignored WebSocket handshake","Асервер иазхьамԥшӡеит аимадара ашьақәырӷәӷәара WebSocket"
"libsoup/websocket/soup-websocket.c:849","Server requested unsupported protocol","Асервер адкылара змам апротокол азыҳәара ҟанаҵеит"
