"location","source","target"
"libsecret/secret-item.c:1130","Received invalid secret from the secret storage","Ииашам имаӡоу ацыԥха аҵәахырҭа аҟынтә аиура"
"libsecret/secret-methods.c:1060","Default keyring","ацаԥхақәа реидҳәала ишыҟоу еиԥш"
"libsecret/secret-session.c:243 libsecret/secret-session.c:279","Couldn’t communicate with the secret storage","Имаӡоу ацаԥхақәа рҵәахырҭа аҽамадара залымшахеит"
"tool/secret-tool.c:42","the label for the new stored item","ҿыц еиқәырхоу аҵакы азы адырга"
"tool/secret-tool.c:44","the collection in which to place the stored item","Аизга, зыҩныҵҟа еиқәырхоу аҵакы зҭаӡо"
"tool/secret-tool.c:46 tool/secret-tool.c:53 tool/secret-tool.c:458","attribute value pairs of item to lookup","Аԥшааразы шәхы иашәырхәаша ҩ-еилкаарак рҵакы"
"tool/secret-tool.c:60","attribute value pairs which match items to clear"," ҩ-еилкаарак, зҵакы ианыххо ирышьашәалоу"
"tool/secret-tool.c:67","collection in which to lock","Аизга, зҟаны ишьақәырӷәӷәатәу"
"tool/secret-tool.c:454","return all results, instead of just first one","Актәи амацара аҟәымҟәа,алҵшәақәа зегьы раарԥшра"
"tool/secret-tool.c:456","unlock item results if necessary","Иаҭаххозар, алҵшәақәа рҵакқәа роужьра"
