"location","source","target"
"data/org.gnome.Quadrapassel.gschema.xml:5","Image to use for drawing blocks","Аблокқәа рзы асахьа"
"data/org.gnome.Quadrapassel.gschema.xml:6","Image to use for drawing blocks.","Аблокқәа рзы асахьа"
"data/org.gnome.Quadrapassel.gschema.xml:10","The theme used for rendering the blocks"," Аблокқәа ртема"
"data/org.gnome.Quadrapassel.gschema.xml:11","The name of the theme used for rendering the blocks and the background.","Аблокқәеи ақәыԥшылареи рҭыхразы ахархәара змоу атема"
"data/org.gnome.Quadrapassel.gschema.xml:16","Level to start with","Алагамҭатә аҩаӡара"
"data/org.gnome.Quadrapassel.gschema.xml:17","Level to start with.","Алагамҭатә аҩаӡара"
"data/org.gnome.Quadrapassel.gschema.xml:21","Whether to preview the next block","Анаҩстәи аблок арбара"
"data/org.gnome.Quadrapassel.gschema.xml:22","Whether to preview the next block.","Анаҩстәи аблок арбара"
"data/org.gnome.Quadrapassel.gschema.xml:26","Whether to show where the moving block will land","Иаарԥштәума аблок ахькаҳаз аҭыԥ"
"data/org.gnome.Quadrapassel.gschema.xml:27","Whether to show where the moving block will land.","Иаарԥштәума аблок ахькаҳаз аҭыԥ"
"data/org.gnome.Quadrapassel.gschema.xml:31","Whether to give blocks random colors","Зыԥштәеилаԥсоу аблокқәа шәхы иашәырхәа"
"data/org.gnome.Quadrapassel.gschema.xml:32","Whether to give blocks random colors.","Зыԥштәеилаԥсоу аблокқәа шәхы иашәырхәа"
"data/org.gnome.Quadrapassel.gschema.xml:36","Whether to rotate counter clock wise","Асааҭ ахыцқәа рхырхарҭахь аргьежьра"
"data/org.gnome.Quadrapassel.gschema.xml:37","Whether to rotate counter clock wise.","Асааҭ ахыцқәа рхырхарҭахь аргьежьра"
"data/org.gnome.Quadrapassel.gschema.xml:42","The number of rows to fill","Ихарҭәаатәу аишьҭагылақәа рхыԥхьаӡара"
"data/org.gnome.Quadrapassel.gschema.xml:43","The number of rows that are filled with random blocks at the start of the game.","Ахәмарра алагамҭазы машәырла ихаарҭәаау аишьҭагылақәа рхыԥхьаӡара"
"data/org.gnome.Quadrapassel.gschema.xml:48","The density of filled rows","Аблокқәа рыжәпара ихарҭәаау ацәаҳәақәа рҟны"
"data/org.gnome.Quadrapassel.gschema.xml:49","The density of blocks in rows filled at the start of the game. The value is between 0 (for no blocks) and 10 (for a completely filled row).","Ахәмарра алагамҭазы аблокқәа решьҭагылақәа рхыԥхьаӡара.Иамоуп аҵакқәа 0(аблокқәа ыҟаӡам) инаркны10(инагӡаны иҭәу ацәца) аҟынӡа"
"data/org.gnome.Quadrapassel.gschema.xml:53","Whether to play sounds","Иарҳәатәума абжьы"
"data/org.gnome.Quadrapassel.gschema.xml:54","Whether to play sounds.","Иарҳәатәума абжьы"
"data/org.gnome.Quadrapassel.gschema.xml:58","Whether to pick blocks that are hard to place","Иалхтәума аблокқәа зҭыԥыркра уадаҩу"
"data/org.gnome.Quadrapassel.gschema.xml:59","Whether to pick blocks that are hard to place.","Иалхтәума аблокқәа зҭыԥыркра уадаҩу"
"data/org.gnome.Quadrapassel.gschema.xml:63 src/quadrapassel.vala:371","Move left","Влево"
"data/org.gnome.Quadrapassel.gschema.xml:64","Key press to move left.","Арыд арымарахь аиагаразы"
"data/org.gnome.Quadrapassel.gschema.xml:68 src/quadrapassel.vala:374","Move right","Арыӷьарахь"
"data/org.gnome.Quadrapassel.gschema.xml:69","Key press to move right.","Арыд арыӷьарахь аиагаразы"
"data/org.gnome.Quadrapassel.gschema.xml:73 src/quadrapassel.vala:377","Move down","Ҵаҟа аиҭаҵра"
"data/org.gnome.Quadrapassel.gschema.xml:74","Key press to move down.","Арыд ҵаҟа аиҭаҵразы"
"data/org.gnome.Quadrapassel.gschema.xml:78 src/quadrapassel.vala:380","Drop","Акажьра"
"data/org.gnome.Quadrapassel.gschema.xml:79","Key press to drop.","Акажьразы арыд"
"data/org.gnome.Quadrapassel.gschema.xml:83 src/quadrapassel.vala:383","Rotate","Аарҳәра"
"data/org.gnome.Quadrapassel.gschema.xml:84","Key press to rotate."," Шәақәыӷәӷәа арыд ааҳәразы"
"data/org.gnome.Quadrapassel.gschema.xml:88 src/quadrapassel.vala:386","Pause"," Аанҿасра"
"data/org.gnome.Quadrapassel.gschema.xml:89","Key press to pause.","Аанҿасразы арыд"
"data/org.gnome.Quadrapassel.gschema.xml:93","Enter","Аҭагалара"
"data/org.gnome.Quadrapassel.gschema.xml:94","Key to start the game","Ахәмарра алагаразы арыд"
"data/org.gnome.Quadrapassel.gschema.xml:98","Width of the window in pixels","Аԥенџьыр аҭбаара пиксельла"
"data/org.gnome.Quadrapassel.gschema.xml:102","Height of the window in pixels","Аԥенџьыр аҳаракыра пиксельла"
"data/org.gnome.Quadrapassel.gschema.xml:106","true if the window is maximized","иҵабыргуп, аԥенџьыр имаксималу ашәагаа амазар"
"data/org.gnome.Quadrapassel.appdata.xml.in:7 data/org.gnome.Quadrapassel.desktop.in:3 src/quadrapassel.vala:99 src/quadrapassel.vala:110 src/quadrapassel.vala:868 src/quadrapassel.vala:913","Quadrapassel","Quadrapassel"
"data/org.gnome.Quadrapassel.appdata.xml.in:8 data/org.gnome.Quadrapassel.desktop.in:4","Fit falling blocks together","Икаҳаз аблокқәа еидкыланы реиқәҵара"
"data/org.gnome.Quadrapassel.appdata.xml.in:10","Quadrapassel is a derivative of a classic Russian falling-block game. Reposition and rotate the blocks as they fall, and attempt to fit them together. When you form a complete horizontal row of blocks, the row will disappear and you score points. The game is over when the blocks get stacked too high. As your score gets higher, you level up and the blocks fall faster.","Quadrapassel ари иклассику ахәмарга -атетрис ауп. Еиқәыршәатәуп аблокқәа иахьыԥыруа иргьежьуа, нас рҭыԥ ԥсахуа.Аблокқәа ирылхны ацәаҳәа анеиқәшәаршәалак ашьҭахь, уи ацәаҳәа ыӡоит, шәара ишәоуоит акәатала.Ахәмарра хырқәшахоит, аблокқәа ақәцә аҟынӡа ианнеилак ашьҭахь.Акәаталақәа рхыԥхьаӡара еиҳахацыԥхьаӡааблокқәа еиҳа иццакны акаҳара иалагоит."
"data/org.gnome.Quadrapassel.appdata.xml.in:17","If you’re looking for a challenge, Quadrapassel allows you to increase the initial speed of the blocks, or begin the game with partial blocks on some of the rows. Or, instead of allowing the blocks to fall randomly, it can select blocks that will be hard for you to place.","Ахәмарра еиҳа ишәарцәгьар шәҭахызар, Quadrapassel аҟны аблокқәа ркаҳара ацҵакышьа еиҳашәтәыр шәылшоитШәыхәмарыр шәылшоит аблокқәа ихарҭәааны ишеиқәҵамгьы.Мамзар аблокқәа имашәырны акаҳара азин рыҭара ацынхәрасQuadrapassel иалшоит иалнахыр аиқәҵаразы иманшәалам аблокқәа"
"data/org.gnome.Quadrapassel.appdata.xml.in:33","The GNOME Project","Апроект GNOME"
"data/org.gnome.Quadrapassel.desktop.in:12","tetris;","Атетрис"
"src/game-view.vala:335","Paused","Ааҭгылара"
"src/game-view.vala:337","Game Over","Ахәмарра хырқәшоуп"
"src/quadrapassel.vala:117","_New Game","_Ахәмарра ҿыц"
"src/quadrapassel.vala:118","_Scores","_Алҵшәақәа"
"src/quadrapassel.vala:121","_Preferences","_Ахышәарақәа"
"src/quadrapassel.vala:122","_Help","_Аилыркаа"
"src/quadrapassel.vala:123","_About Quadrapassel","Ахәмарра Quadrapassel иазкны"
"src/quadrapassel.vala:151 src/quadrapassel.vala:806","Start a new game","Ахәмарра ҿыц алагара"
"src/quadrapassel.vala:156","Next","Анаҩстәи"
"src/quadrapassel.vala:169 src/score-dialog.vala:51","Score","Аԥхьаӡара"
"src/quadrapassel.vala:180","Lines","Ацәаҳәақәа"
"src/quadrapassel.vala:191","Level","Аҩаӡара"
"src/quadrapassel.vala:276","Preferences","Ахышәарақәа"
"src/quadrapassel.vala:294","Game","Ахәмарра"
"src/quadrapassel.vala:298","_Number of pre-filled rows:","_Заа ихарҭәаау ацәаҳәақәа рхыԥхьаӡара"
"src/quadrapassel.vala:313","_Density of blocks in a pre-filled row:","_Ихарҭәаатәу ацәаҳәақәа рҟны аблокқәа рыжәпара"
"src/quadrapassel.vala:327","_Starting level:","_Алагамҭатә ҩаӡара"
"src/quadrapassel.vala:340","_Enable sounds","_Абжьқәа рҿакра"
"src/quadrapassel.vala:345","Choose difficult _blocks","иуадаҩу _аблокқәа ралхра"
"src/quadrapassel.vala:350","_Preview next block","Анаҩстәи _аблок арбара"
"src/quadrapassel.vala:356","_Rotate blocks counterclockwise","_Асааҭ ахыц ахырхарҭа иаҿагыланы ахагьежьра"
"src/quadrapassel.vala:361","Show _where the block will land","_Аблок ахьақәшәаз аҭыԥ арбара"
"src/quadrapassel.vala:405","Controls","Анаԥхгара"
"src/quadrapassel.vala:411","Theme","Атема"
"src/quadrapassel.vala:423","Plain","Имариоу"
"src/quadrapassel.vala:428","Tango Flat","Танго"
"src/quadrapassel.vala:433","Tango Shaded","Агагақәа танго рыцкәашара"
"src/quadrapassel.vala:438","Clean","Ицқьоу"
"src/quadrapassel.vala:502","Unable to change key, as this key already exists","Арыд аԥсахра залшом, избан акәзар уи ахархәара аиухьеит"
"src/quadrapassel.vala:787","Unpause the game","Ахәмарра аиҭалагара"
"src/quadrapassel.vala:792","Pause the game","Ахәмарра аамҭала аанкылара"
"src/quadrapassel.vala:870","A classic game where you rotate blocks to make complete rows, but don't pile your blocks too high or it's game over!","Иклассику ахәмарра, аблокқәа ыргьежьуа цәаҳәа-цәаҳәала ихарҭәааны иахьеиқәҵалатәу ,аблокқәа амцхә ирацәаны ацәаҳәақәа раанкылара азин рышәымҭан ,мамзар шәара шәаҵахоит!"
"src/quadrapassel.vala:875","translator-credits","Нанба Наала <naala-nanba@rambler.ru, 2022"
"src/score-dialog.vala:26","_Close","_Аркра"
"src/score-dialog.vala:27","New Game","Ахәмарра ҿыц"
"src/score-dialog.vala:30","_OK","_ОК"
"src/score-dialog.vala:48","Date","Аамҭарба"
