"location","source","target"
"data/org.gnome.NautilusPreviewer.appdata.xml.in:9","Sushi","Sushi"
"data/org.gnome.NautilusPreviewer.appdata.xml.in:10","Provide a facility for quickly viewing different kinds of files","Ишәнаҭоит алшара иаарццакны хкы рацәала афаилқәа рыхәаԥшра"
"data/org.gnome.NautilusPreviewer.appdata.xml.in:12","Sushi is a file previewer for the GNOME desktop environment. It is an independent component that integrates with GNOME Files (Nautilus).","Sushi- ишәнаҭоит алшара иаарццакны аусуратә ишәа шәахәаԥшырц.Уи ихьыԥшым хәҭаҵас афаил иалалоит."
"src/ui/fallbackRenderer.js:241","Type","Ахкы"
"src/ui/fallbackRenderer.js:251","%d item
msgid_plural: %d items","msgstr[0]: %d Хәҭак
msgstr[1]: %d Ахәҭақәа"
"src/ui/fallbackRenderer.js:256","Empty Folder","Иҭацәу ақьаадҭра "
"src/ui/fallbackRenderer.js:259","Size","Ашәага"
"src/ui/fallbackRenderer.js:264","Modified","Ианыԥсахыз арыцхә"
"src/ui/mainWindow.js:90","Unable to display %s","Арбара залшом %s"
"src/ui/mainWindow.js:342","Open With %s","Аԥшьы %s аҟны аартра"
"src/ui/mainWindow.js:348","Open","Аартра"
"src/viewers/audio.js:375","from","аҟынтә"
"src/viewers/audio.js:380","by","ила"
"src/viewers/evince.js:94","%d of %d","%d аҟынтә %d"
