"location","source","target"
"data/org.gnome.SwellFoop.appdata.xml.in:7 data/org.gnome.SwellFoop.desktop.in:3 data/ui/swell-foop.ui:141 data/ui/swell-foop.ui:147 src/swell-foop.vala:16","Swell Foop","Swell Foop"
"data/org.gnome.SwellFoop.appdata.xml.in:8 data/org.gnome.SwellFoop.desktop.in:4","Clear the screen by removing groups of colored and shaped tiles","Ишәрыцқьа аҭыԥ, иԥштәылоу акәымпылқәа аныхуа"
"data/org.gnome.SwellFoop.appdata.xml.in:10","Remove as many squares as possible from the board. Click on a group of squares of the same color to make them all disappear in one fell swoop, causing other squares to fall into place. It is not possible to remove a single square at a time. You get far more points for clearing a larger group of squares, and also for clearing the entire board.","Аӷәы аҟынтәи излауо ала ирацәаны аквадратқәа ықәыжәга.Ԥштәык змоу аквадратқәа ргәыԥ шәықәыӷәӷәалааӷәы аҟынтә иқәыжәгарц азы.Иакны иҟоу аквадратқәа шәзаныхӡом.Ианышәхо аквадратқәа ргәыԥқәа шаҟа ирацәоу аҟара ирацәахоит шәкәаталақәагьы Насгьы акәаталақәа хыԥхьаӡалахоит аӷәы зегьы арыцқьара азы."
"data/org.gnome.SwellFoop.appdata.xml.in:17","Swell Foop is always very quick to play, but you can make it somewhat longer by changing the board size.","Swell Foop-ари иласу хәмарроуп, аха шәара ишәылшоит уи еиҵышәхырц ,аӷәы ашәагаа ԥсахуа. "
"data/org.gnome.SwellFoop.appdata.xml.in:71","The GNOME Project","Апроект GNOME"
"data/org.gnome.SwellFoop.desktop.in:6","game;logic;board;same;matching;","ахәмарра; алогикатә; аишәатә; аиқәшәара;"
"data/org.gnome.SwellFoop.gschema.xml:11","The theme to use","Ахәмарраҟны ахархәара змоу атема"
"data/org.gnome.SwellFoop.gschema.xml:13","The title of the tile theme to use.","Ахәмарратә тема хархәагас иамоу афаил ахьӡ"
"data/org.gnome.SwellFoop.gschema.xml:18","Board size","Ахәмарратә ҭыԥ ашәагаа"
"data/org.gnome.SwellFoop.gschema.xml:20","The size of the game board.","Ахәмарра аӷәа ашәагаа"
"data/org.gnome.SwellFoop.gschema.xml:26","Board color count","Аӷәаҟны аԥштәқәа рхыԥхьаӡара"
"data/org.gnome.SwellFoop.gschema.xml:28","The number of colors of tiles to use in the game.","Ахәмарратә ӷәы аҟны ахархәара змоу еиуеиԥшым аԥштәқәа рхыԥхьаӡара."
"data/org.gnome.SwellFoop.gschema.xml:33","Is this the first run","Ари раԥхьатәи аҿакра акәзар"
"data/org.gnome.SwellFoop.gschema.xml:35","Setting to decide whether to show first-run hint dialog or not.","Ахышәара, раԥхьатәи аҿакра аиҽцәажәара арбара аҭаху-аҭахыму шьақәзыргыло."
"data/org.gnome.SwellFoop.gschema.xml:40","Zealous animation","_Иласу анимациа"
"data/org.gnome.SwellFoop.gschema.xml:42","Use more flashy, but slower, animations.","Иԥшӡоу анимациа ахархәара."
"data/org.gnome.SwellFoop.gschema.xml:47","Saved game","Еиқәырхоу ахәмарра"
"data/org.gnome.SwellFoop.gschema.xml:49","Has value “nothing” if there is no saved game. Else, contains a copy of the initial board, an index in the history, and the history of actions saved by an array of coords.","Аҵакы амоуп “nothing” еиқәырхоу ахәмарра ыҟамзар.Мамзар аханатәтәи аӷәы ахкьыԥхьаа, аиндекс ажурнал аҟны,насгьы аҟаҵарақәа ржурнал, аижәлантәдырра аҭыԥырбага аҟны еиқәырхоу."
"data/ui/first-run-stack.ui:43","Welcome to Swell Foop","Бзиала шәаабеит Swell Foop ахь"
"data/ui/first-run-stack.ui:64","Let’s _Play","_Ахәмарра"
"data/ui/help-overlay.ui:31","Play with keyboard","Арыдыркыра ала ахәмарра "
"data/ui/help-overlay.ui:36","Move keyboard highlight","Арыдыркыра ала иалкаау аиҭагара"
"data/ui/help-overlay.ui:44","Destroy selected block","Иалху аблокқәа рықәхра"
"data/ui/help-overlay.ui:54","History","Аҭоурых"
"data/ui/help-overlay.ui:59","Undo","Аԥыхра"
"data/ui/help-overlay.ui:67","Redo","Архынҳәра"
"data/ui/help-overlay.ui:75","Restart","Аиҭаҿакра"
"data/ui/help-overlay.ui:85","Main functions","Ихадоу афункциақәа"
"data/ui/help-overlay.ui:91","Start a new game","Ахәмарра ҿыц алагара"
"data/ui/help-overlay.ui:100","Generic","Азеиԥш"
"data/ui/help-overlay.ui:105","Open menu","Амениу аартра"
"data/ui/help-overlay.ui:113","Keyboard shortcuts","Арыдқәа реилаҵа"
"data/ui/help-overlay.ui:121","Help","Аилыркаа"
"data/ui/help-overlay.ui:129","About","Аԥшьы иазкны"
"data/ui/help-overlay.ui:137","Quit","Аҭыҵра "
"data/ui/swell-foop.ui:25 data/ui/swell-foop.ui:74 src/window.vala:303","_New Game","_Ахәмарра ҿыц"
"data/ui/swell-foop.ui:30","_Setup","_Архиарақәа"
"data/ui/swell-foop.ui:34","_Small (6 × 5)","_Ахәыҷы"
"data/ui/swell-foop.ui:40","Nor_mal (15 × 10)","_Абжьааԥнытәи"
"data/ui/swell-foop.ui:46","_Large (20 × 15)","_Аду"
"data/ui/swell-foop.ui:54","_Two colors","_ҩ-ԥштәык"
"data/ui/swell-foop.ui:60","T_hree colors","_х-ԥштәык"
"data/ui/swell-foop.ui:66","_Four colors","_ԥшь-ԥштәык"
"data/ui/swell-foop.ui:83","High _Scores","_Иреиӷьу алҵшәақәа"
"data/ui/swell-foop.ui:88","A_ppearance","_аԥшра"
"data/ui/swell-foop.ui:92","_Colors","_ Аԥштәқәа"
"data/ui/swell-foop.ui:98","_Shapes and Colors","_Аиҿартәышьақәеи аԥштәқәеи"
"data/ui/swell-foop.ui:104","_Boring Shapes",""
"data/ui/swell-foop.ui:112","_Zealous Animation","_Иласу анимациа"
"data/ui/swell-foop.ui:121","_Keyboard Shortcuts","_Арыдқәа реилаҵа"
"data/ui/swell-foop.ui:126","_Help","_Аилыркаа"
"data/ui/swell-foop.ui:131","_About Swell Foop","_Аԥшьы Swell Foop иазкны"
"data/ui/swell-foop.ui:160","Undo","Аԥыхра"
"data/ui/swell-foop.ui:177","Redo","Архынҳәра"
"src/game-view.vala:439","_Play Again","_Еиҭа ахәмарра"
"src/game-view.vala:631","%u point
msgid_plural: %u points","msgstr[0]: %u кәаталак
msgstr[1]: %u кәаталак"
"src/game-view.vala:634","Game Over!","Ахәмарра хырқәшоуп"
"src/swell-foop.vala:25","Print release version and exit","Акьыԥхьразы аверсиа аарԥшны аҭыҵра "
"src/swell-foop.vala:106 src/swell-foop.vala:114","Tim Horton","Tim Horton"
"src/swell-foop.vala:110","Sophia Yu","Sophia Yu"
"src/swell-foop.vala:123","I want to play that game!
You know, they all light-up and you click on them and they vanish!","Сара исҭахуп абри ахәмарра сыхәмарырц!
Урҭ зегьы лашоит нас иӡоит шәанрыцәхасуа."
"src/swell-foop.vala:127","Copyright © 2009 Tim Horton","Аԥҵаҩы изин © 2009 Тим Хортон «Tim Horton»"
"src/swell-foop.vala:131","translator-credits","Нанба Наала <naala-nanba@rambler.ru>"
"src/window.vala:52","Small","Ахәыҷы"
"src/window.vala:55","Normal","Инормоу"
"src/window.vala:58","Large","Аду"
"src/window.vala:146","Clear as many blocks as you can.
Fewer clicks means more points.","Шаҟа шәылшо аблокқәа анышәх. Шаҟа имаҷны шәақәыӷәӷәо аҟара ирацәаны акәаталақәа шәырҳауоит."
"src/window.vala:174","Score: %u","Аԥхьаӡара: %u "
"src/window.vala:297","Abandon this game to start a new one?","Ари ахәмарра кажьны аҿыц алагара"
"src/window.vala:300","_Cancel","_Аԥыхра"
"src/window.vala:389","%s, %d color
msgid_plural: %s, %d colors","msgstr[0]: %s, %d аԥштәы
msgstr[1]: %s, %d аԥштәқәа"
"src/window.vala:400","Type","Ахкы"
