"location","source","target"
"data/help-overlay.ui:16","Start a new game","Ахәмарра ҿыц алагара"
"data/help-overlay.ui:23","Roll the dice","Акамаҭелқәа рыршәра"
"data/help-overlay.ui:30","Toggle the first die","Раԥхьатәи акамаҭел алхра"
"data/help-overlay.ui:37","Toggle the second die","Аҩбатәи акамаҭел алхра"
"data/help-overlay.ui:44","Toggle the third die","Ахԥатәи акамаҭел алхра"
"data/help-overlay.ui:51","Toggle the fourth die","Аԥшьбатәи акамаҭел алхра"
"data/help-overlay.ui:58","Toggle the fifth die","Ахәбатәи акамаҭел алхра"
"data/help-overlay.ui:65","Undo move","Аныҟәара аԥыхра"
"data/help-overlay.ui:72","Show Help","Аилыркаа арбара"
"data/help-overlay.ui:79","Show Keyboard Shortcuts","Арыдқәа реилаҵа арбара"
"data/help-overlay.ui:86","Quit","Ахырқәшара"
"data/org.gnome.Tali.appdata.xml.in:7 data/org.gnome.Tali.desktop.in:3 src/gyahtzee.c:52","Tali","Тали"
"data/org.gnome.Tali.appdata.xml.in:8","Roll dice and score points","Акамаҭелқәа шәыршәла акәаталақәа еизыжәгала"
"data/org.gnome.Tali.appdata.xml.in:10","A variation on poker with dice and less money, this game is a family classic. Throw the dice three times in a row, holding back the ones you like, in order to make the best possible hand. You can also play a lesser-known variant with colored dice.","Апокер ахәмарра акамаҭелқәа рыла.Акамаҭелқәа шәыршәоит хынтә еишьҭаргыланы? аршәра аамышьҭахь иманшәалоу ааԥхьаӡацқәа хазы ишьҭаҵауа.Шәара ишәылшоит еиҳа имаҷны идыр,аԥштәы змоу ахкы шәыхәмарыр."
"data/org.gnome.Tali.appdata.xml.in:16","Play between one and five opponents at three difficulty levels.","Шәыхәмарла (акы инаркны хәба рҟынӡа)х-ҩаӡарак змоу ауадаҩраҟны."
"data/org.gnome.Tali.appdata.xml.in:270","The GNOME Project","Апроект  GNOME"
"data/org.gnome.Tali.desktop.in:4","Beat the odds in a poker-style dice game","Шәрылыхәмар апокер астиль змоу акамаҭелқәа"
"data/org.gnome.Tali.desktop.in:8","yahtzee;","иацзы;"
"data/org.gnome.Tali.gschema.xml:11","Delay between rolls","Аршәрақәа рабжьара ааҭгыларақәа"
"data/org.gnome.Tali.gschema.xml:12","Choose whether or not to insert a delay between the computer’s dice rolls so the player can follow what it is doing.","Иалышәха, хәмарҩы иҟалаз ибаразы акомпиутер акамаҭелқәа анаршәо  ааҭгылара  бжьаргылара аҭаху аҭахыму ."
"data/org.gnome.Tali.gschema.xml:16","Display the computer’s thoughts","Акомпиутер  азхәыцрақәа рырбара"
"data/org.gnome.Tali.gschema.xml:17","If set to true, a dump of the AI’s working will be done to standard output.","Иалхзар ,   иԥсабаратәым аинтеллект аусура алҵшәа  истандарту алкаа ахь иалгахоит."
"data/org.gnome.Tali.gschema.xml:20","[ 'Human', 'Alice', 'Bob', 'Carol', 'Dave', 'Eve' ]","['Ауаҩԥсы' ,  'Алиас', 'Инал', 'Саид', 'Наала', 'Милана' ]"
"data/org.gnome.Tali.gschema.xml:23","'Regular'","'Иаабац'"
"data/tali-menus.ui:7","_New Game","_Ахәмарра ҿыц"
"data/tali-menus.ui:11","_Scores","_Алҵшәақәа"
"data/tali-menus.ui:17","_Preferences","_Ахышәарақәа"
"data/tali-menus.ui:21","_Keyboard Shortcuts","_Арыдқәа реилаҵа"
"data/tali-menus.ui:25","_Help","_Аилыркаа"
"data/tali-menus.ui:29","_About Tali","_Аԥшьы иазкны"
"src/clist.c:156","Already used! Where do you want to put that?","Аҭыԥ куп! Ири абашьҭаҵатәу?"
"src/clist.c:412","Score: %d","Аихшьала:%d"
"src/clist.c:414","Field used","Ахархәара змоу адәы"
"src/gyahtzee.c:97","Delay computer moves","Акомпиутер аныҟәарақәа раанкылара"
"src/gyahtzee.c:99","Display computer thoughts","Акомпиутер  ахәыцрақәа рырбара"
"src/gyahtzee.c:101","Number of computer opponents","Аиндаҭлаҩцәа рхыԥхьаӡара"
"src/gyahtzee.c:101 src/gyahtzee.c:103 src/gyahtzee.c:107 src/gyahtzee.c:109","NUMBER","Ахыԥхьаӡара"
"src/gyahtzee.c:103","Number of human opponents","Аиндаҭлаҩцәа -ауаа рхыԥхьаӡара"
"src/gyahtzee.c:105","Game choice: Regular or Colors","Ахәмарра алхра: иаабац мамзар аԥштәы змоу"
"src/gyahtzee.c:105","STRING","Ацәаҳәа"
"src/gyahtzee.c:107","Number of computer-only games to play","Акомпиутерқәа рымацара рзы ахәмаррақәа рхыԥхьаӡара"
"src/gyahtzee.c:109","Number of trials for each roll for the computer","Акомпиутер иҟанаҵо аршәрақәа рзы аҽазышәарақәа рхыԥхьаӡара"
"src/gyahtzee.c:121 src/setup.c:354","Regular","Иаабац"
"src/gyahtzee.c:122 src/setup.c:355","Colors","Аԥштәы змоу"
"src/gyahtzee.c:162","Roll all!","Зегьы рыршәра!"
"src/gyahtzee.c:165 src/gyahtzee.c:827","Roll!","Аршәра!"
"src/gyahtzee.c:212","The game is a draw!","Ахәмарра еиҭахарала ихырқәшоуп !"
"src/gyahtzee.c:227","%s wins the game with %d point
msgid_plural: %s wins the game with %d points","msgstr[0]: %s ахәмарраҟны даиааит %d  кәаталак  ала
msgstr[1]: %s ахәмарраҟны даиааит %d  кәаталак  рыла"
"src/gyahtzee.c:231","Game over!","Ахәмарра хырқәшоуп!"
"src/gyahtzee.c:275","Computer playing for %s","Акомпиутер хәмароит %s изы"
"src/gyahtzee.c:277","%s! – You’re up.","%s! -шәаамҭа ааит."
"src/gyahtzee.c:470","Select dice to roll or choose a score slot.","Иалшәх акамаҭелқәа аршәразы мамзар иалшәха аԥхьаӡара аԥыркы. "
"src/gyahtzee.c:497","Roll","Аршәра"
"src/gyahtzee.c:555","You are only allowed three rolls. Choose a score slot.","Хынтә заҵәык ауп ишәыршәыр иҟало.Иалышәх аԥыркы."
"src/gyahtzee.c:612","GNOME version (1998):","GNOME аверсиа (1998)"
"src/gyahtzee.c:615","Console version (1992):","Атексттә версиа (1992)"
"src/gyahtzee.c:618","Colors game and multi-level AI (2006):","Аԥштәы змоу ахәмарра арежим  аҩаӡарарацәала еиҿартәоу ИИ(2006)"
"src/gyahtzee.c:635","A variation on poker with dice and less money.","Покер ахәмарра ахкқәа руак, акамаҭелқәеи аԥарақәеи рыла."
"src/gyahtzee.c:639","translator-credits","Нанба Наала <naala-nanba@rambler.ru>, 2022"
"src/gyahtzee.c:791","Undo your most recent move","Аҵыхәтәантәи ахәмарра аԥыхра"
"src/gyahtzee.c:879","Game Type:","_Ахәмарҩцәа рхыԥхьаӡара:"
"src/gyahtzee.c:1013 src/yahtzee.c:68","Human","Ауаҩы"
"src/setup.c:118","Preferences will be updated in the next game.","Ахышәарақәа ахархәара роуоит анаҩстәи ахәмарра аҟны."
"src/setup.c:260","Preferences","Ахышәарақәа"
"src/setup.c:280","Human Players","Ахәмарҩцәа -ауаа"
"src/setup.c:290","_Number of players:","_Ахәмарҩцәа рхыԥхьаӡара:"
"src/setup.c:304","Computer Opponents","Акомпиутертә еиндаҭлаҩцәа"
"src/setup.c:311","_Delay between rolls","_Аршәрақәа рыбжьара аанкылара"
"src/setup.c:321","N_umber of opponents:","Аиндаҭлаҩцәа _рхыԥхьаӡара."
"src/setup.c:335","_Difficulty:","_Иуадаҩра:"
"src/setup.c:338","Easy","Имариоу"
"src/setup.c:339","Medium","Абжьаратәи"
"src/setup.c:340","Hard","Иуадаҩу"
"src/setup.c:351","Game Type","Ахәмарра ахкы"
"src/setup.c:363","Player Names","Ахәмарҩцәа рыхьӡқәа"
"src/yahtzee.c:84 src/yahtzee.c:108 src/yahtzee.c:512","1s [total of 1s]","1 [акака реицҵа]"
"src/yahtzee.c:85 src/yahtzee.c:109 src/yahtzee.c:513","2s [total of 2s]","[ҩба реицҵа реицҵа]"
"src/yahtzee.c:86 src/yahtzee.c:110 src/yahtzee.c:514","3s [total of 3s]","3[хԥа реицҵа]"
"src/yahtzee.c:87 src/yahtzee.c:111 src/yahtzee.c:515","4s [total of 4s]","4[ԥшьба реицҵа]"
"src/yahtzee.c:88 src/yahtzee.c:112 src/yahtzee.c:516","5s [total of 5s]","5[хәба реицҵа]"
"src/yahtzee.c:89 src/yahtzee.c:113 src/yahtzee.c:517","6s [total of 6s]","6[фба реицҵа]"
"src/yahtzee.c:91 src/yahtzee.c:116 src/yahtzee.c:518","3 of a Kind [total]","3 еиԥшу [аицҵа]"
"src/yahtzee.c:92 src/yahtzee.c:519","4 of a Kind [total]","4 еиԥшу [аицҵа]"
"src/yahtzee.c:93 src/yahtzee.c:520","Full House [25]","Фулл хаус"
"src/yahtzee.c:94 src/yahtzee.c:521","Small Straight [30]","Идуум стрит"
"src/yahtzee.c:95 src/yahtzee.c:120 src/yahtzee.c:522","Large Straight [40]","Ихадоу стрит"
"src/yahtzee.c:96","5 of a Kind [50]","5 еиԥшу"
"src/yahtzee.c:97 src/yahtzee.c:123 src/yahtzee.c:524","Chance [total]","Амариа [аицҵа]"
"src/yahtzee.c:99 src/yahtzee.c:125","Lower Total","Аицҵа маҷ"
"src/yahtzee.c:100 src/yahtzee.c:126","Grand Total","Ихадоу аицҵа"
"src/yahtzee.c:102 src/yahtzee.c:128","Upper total","Хыхьтәи аицҵа"
"src/yahtzee.c:103 src/yahtzee.c:129","Bonus if >62","Абонус, >62 акәзар"
"src/yahtzee.c:115 src/yahtzee.c:525","2 pair Same Color [total]","2 еихацалак ԥштәык змоу[аицҵа]"
"src/yahtzee.c:117 src/yahtzee.c:526","Full House [15 + total]","Фулл -хаус [15+ аицҵа]"
"src/yahtzee.c:118 src/yahtzee.c:527","Full House Same Color [20 + total]","Фулл -хаус ԥштәык змоу [20+ аицҵа]"
"src/yahtzee.c:119 src/yahtzee.c:528","Flush (all same color) [35]","Флеш (зегьы ԥштәык рымоуп)[35]"
"src/yahtzee.c:121 src/yahtzee.c:529","4 of a Kind [25 + total]","4 еиԥшу  [25+ аицҵа]"
"src/yahtzee.c:122 src/yahtzee.c:530","5 of a Kind [50 + total]","5 еиԥшу [50+ аицҵа]"
"src/yahtzee.c:249","Choose a score slot.","Аԥыркы аԥхьаӡара алышәх."
"src/yahtzee.c:523","5 of a Kind [total]","5 еиԥшу Фулл [аицҵа]"
