"location","source","target"
"plparse/totem-disc.c:276 plparse/totem-disc.c:289 plparse/totem-disc.c:532","Failed to mount %s.","%s аҿакра залымшеит."
"plparse/totem-disc.c:418","No media in drive for device “%s”.","Иҟаӡам аныҟәгага, аиҽкаара “%s” аусруга аҟны."
"plparse/totem-disc.c:475","Please check that a disc is present in the drive.","Агәра шәга адиск аиҿкаара ишҭагылоу."
"plparse/totem-disc.c:946","Audio CD","Аудио CD"
"plparse/totem-disc.c:948","Video CD","Авидео CD"
"plparse/totem-disc.c:950","DVD","DVD"
"plparse/totem-disc.c:952","Digital Television","Аԥхьаӡацтә телехәаԥшра"
"plparse/totem-disc.c:954","Blu-ray","Blu-ray"
