"location","source","target"
"src/vte.cc:7689","WARNING","АГӘҼАНҴАРА"
"src/vte.cc:7691","GnuTLS not enabled; data will be written to disk unencrypted!","GnuTLS аҿакӡам; Адыррақәа шифрркрада ианызаауоит адиск аҟны!"
"src/spawn.cc:124","Failed to set pipe nonblocking: %s","Аанкылара зымуо аканал %s ашьақәыргылара залымшеит: "
"src/spawn.cc:169","poll error: %s","Азҵаараҭараан иҟалеит агха: %s"
"src/spawn.cc:176","Operation timed out","Азыԥшразы ишәзаԥҵәаз аамҭа нцәеит"
"src/spawn.cc:186","Operation was cancelled","Аоперациа аҟәыхуп"
"src/spawn.cc:204","Failed to read from child pipe (%s)","Иаҿыгоу аканал (%s) аҟынтә аиагара залымшахеит"
"src/spawn.cc:639","Failed to change to directory “%s”: %s","Аизакхьӡынҵа “%s” ахь аиасра залымшахеит: %s"
"src/spawn.cc:708","Failed to execute child process “%s”: ","Иаҿыгоу апроцесс “%s” аҟаҵара залымшахеит:"
