"location","source","target"
"yelp-xsl.xml.in:34","default:LTR","default:LTR"
"yelp-xsl.xml.in:47",", ",", "
"yelp-xsl.xml.in:60",", and ",", насгьы"
"yelp-xsl.xml.in:71"," and "," насгьы "
"yelp-xsl.xml.in:86","Q:","В"
"yelp-xsl.xml.in:99","A:","О"
"yelp-xsl.xml.in:109","About","Зегьы ирзеиҧшу адыррақәа"
"yelp-xsl.xml.in:114","Advanced","Аҧкаақәа"
"yelp-xsl.xml.in:119","Bibliography","Егьырҭ ақьаадқәа"
"yelp-xsl.xml.in:124","Bug","Аҧхасҭа"
"yelp-xsl.xml.in:132","Candidate","Акандидат"
"yelp-xsl.xml.in:137","Caution","Азҿлымҳара аашәырҧшы"
"yelp-xsl.xml.in:142","Close","Аркра"
"yelp-xsl.xml.in:147","Colophon","Аҵыхәтәантәи ажәақәа"
"yelp-xsl.xml.in:152","Contents","Аҵакы"
"yelp-xsl.xml.in:157","Creative Commons","Creative Commons"
"yelp-xsl.xml.in:162","Danger","Ишәарҭоу"
"yelp-xsl.xml.in:167","Dedication","Аҽазкра"
"yelp-xsl.xml.in:175","Draft","Аҟьашьы"
"yelp-xsl.xml.in:180","Edited By","Ириашоуп"
"yelp-xsl.xml.in:188","Final","Ихырқәшоуп"
"yelp-xsl.xml.in:193","Glossary","Атерминқәа ржәар"
"yelp-xsl.xml.in:198","Important","Ихадароу"
"yelp-xsl.xml.in:206","Incomplete","Ихырқәшам"
"yelp-xsl.xml.in:211","Index","Ахы"
"yelp-xsl.xml.in:216","Legal","Иахәҭоу адырра"
"yelp-xsl.xml.in:223","License","Алицензия"
"yelp-xsl.xml.in:228","Maintained By","Иацуп"
"yelp-xsl.xml.in:233","More Information","Инарҭбаау аинформациа"
"yelp-xsl.xml.in:238","Next","Ҧхьаҟа"
"yelp-xsl.xml.in:243","Note","Азгәаҭа"
"yelp-xsl.xml.in:248","On This Page","Ари адаҟьа аҟны"
"yelp-xsl.xml.in:256","Other Credits","Егьырҭ ахалархәаҩцәа"
"yelp-xsl.xml.in:264","Outdated","Иажәит"
"yelp-xsl.xml.in:269","Package","Арзақә"
"yelp-xsl.xml.in:274","Pause","Ааҭгылара"
"yelp-xsl.xml.in:279","Play","Аҿакра"
"yelp-xsl.xml.in:284","Previous","Шьҭахьҟа"
"yelp-xsl.xml.in:289","Published By","Икьыҧхьуп"
"yelp-xsl.xml.in:297","Ready for review","Арецензиа азура иазхиоуп"
"yelp-xsl.xml.in:302","See Also","Насгьы шәахәаҧш"
"yelp-xsl.xml.in:311","Scale images down","Асахьа амҿхакра архәҷра"
"yelp-xsl.xml.in:316","Sidebar","Аваратәи аҭыҧ"
"yelp-xsl.xml.in:323","Stub","Аингалара"
"yelp-xsl.xml.in:331","Synopsis","Ахҳәаа"
"yelp-xsl.xml.in:336","Tip","Аҵаҳәара"
"yelp-xsl.xml.in:341","Translated By","Еиҭагоуп"
"yelp-xsl.xml.in:349","View images at normal size","Асахьа абжьааҧнытәи ашәага"
"yelp-xsl.xml.in:354","Warning","Агәҽанҵара"
"yelp-xsl.xml.in:359","Written By","Иҩҩуп"
"yelp-xsl.xml.in:375","View the bibliography entry <biblioentry.label/>.","Абиблиография ахәҭа ахәаҧшра"
"yelp-xsl.xml.in:398","[<biblioentry.label/>]","[<biblioentry.label/>]"
"yelp-xsl.xml.in:415","[<citation.label/>]","[<citation.label/>]"
"yelp-xsl.xml.in:444","from <comment.name/> on <comment.date/>","<comment.name/> аҟынтә,<comment.date/> ахь "
"yelp-xsl.xml.in:472","from <comment.name/>","<comment.name/> аҟынтә"
"yelp-xsl.xml.in:485","© <copyright.years/> <copyright.name/>","© <copyright.years/> <copyright.name/>"
"yelp-xsl.xml.in:497","Send email to ‘<string/>’.","Аел. ҧошьҭа ‘<string/>’ ала ацҳамҭа ашьҭра"
"yelp-xsl.xml.in:509","Read the definition for ‘<glossterm/>’.","Шәаҧхьа аилкаара ‘<glossterm/>’"
"yelp-xsl.xml.in:530","See <glosssee/>.","Шәахәаҧш <glosssee/>."
"yelp-xsl.xml.in:552","See also <glosssee/>.","Насгьы шәахәаҧш <glosssee/>."
"yelp-xsl.xml.in:564","“<node/>”","“<node/>”"
"yelp-xsl.xml.in:576","‘<node/>’","‘<node/>’"
"yelp-xsl.xml.in:591","See <seeie/>.","Шәахәаҧш <seeie/>."
"yelp-xsl.xml.in:606","See also <seeie/>.","Насгьы шәахәаҧш <seeie/>."
